[     746ms] [LOG] [HMR] connected @ http://localhost:3000/_next/static/chunks/0brk_next_dist_0dm07mh._.js:776
[    1093ms] [LOG] [Fast Refresh] rebuilding @ http://localhost:3000/_next/static/chunks/0brk_next_dist_0dm07mh._.js:776
[    1215ms] [LOG] [Fast Refresh] done in 225ms @ http://localhost:3000/_next/static/chunks/0brk_next_dist_0dm07mh._.js:776
[    1703ms] [LOG] [Fast Refresh] rebuilding @ http://localhost:3000/_next/static/chunks/0brk_next_dist_0dm07mh._.js:776
[    1814ms] [LOG] [Fast Refresh] done in 219ms @ http://localhost:3000/_next/static/chunks/0brk_next_dist_0dm07mh._.js:776
[   64182ms] [LOG] [Fast Refresh] rebuilding @ http://localhost:3000/_next/static/chunks/0brk_next_dist_0dm07mh._.js:776
[   64239ms] [LOG] [Fast Refresh] done in 173ms @ http://localhost:3000/_next/static/chunks/0brk_next_dist_0dm07mh._.js:776
[   67482ms] [LOG] [Fast Refresh] rebuilding @ http://localhost:3000/_next/static/chunks/0brk_next_dist_0dm07mh._.js:776
[   67599ms] [LOG] [Fast Refresh] done in 226ms @ http://localhost:3000/_next/static/chunks/0brk_next_dist_0dm07mh._.js:776
[  115449ms] [LOG] [Fast Refresh] rebuilding @ http://localhost:3000/_next/static/chunks/0brk_next_dist_0dm07mh._.js:776
[  115862ms] [LOG] [Fast Refresh] done in 288ms @ http://localhost:3000/_next/static/chunks/0brk_next_dist_0dm07mh._.js:776
[  116127ms] [LOG] [Fast Refresh] done in 288ms @ http://localhost:3000/_next/static/chunks/0brk_next_dist_0dm07mh._.js:776
[  116276ms] [LOG] [Fast Refresh] done in 288ms @ http://localhost:3000/_next/static/chunks/0brk_next_dist_0dm07mh._.js:776
[  116341ms] [LOG] [Fast Refresh] done in 288ms @ http://localhost:3000/_next/static/chunks/0brk_next_dist_0dm07mh._.js:776
[  116426ms] [LOG] [Fast Refresh] done in 288ms @ http://localhost:3000/_next/static/chunks/0brk_next_dist_0dm07mh._.js:776
[  116543ms] [LOG] [Fast Refresh] done in 288ms @ http://localhost:3000/_next/static/chunks/0brk_next_dist_0dm07mh._.js:776
[  116652ms] [LOG] [Fast Refresh] done in 288ms @ http://localhost:3000/_next/static/chunks/0brk_next_dist_0dm07mh._.js:776
[  116777ms] [LOG] [Fast Refresh] done in 288ms @ http://localhost:3000/_next/static/chunks/0brk_next_dist_0dm07mh._.js:776
[  116926ms] [LOG] [Fast Refresh] done in 288ms @ http://localhost:3000/_next/static/chunks/0brk_next_dist_0dm07mh._.js:776
[  117000ms] [LOG] [Fast Refresh] done in 288ms @ http://localhost:3000/_next/static/chunks/0brk_next_dist_0dm07mh._.js:776
[  117056ms] [LOG] [Fast Refresh] done in 288ms @ http://localhost:3000/_next/static/chunks/0brk_next_dist_0dm07mh._.js:776
[  117138ms] [LOG] [Fast Refresh] done in 288ms @ http://localhost:3000/_next/static/chunks/0brk_next_dist_0dm07mh._.js:776
[  117198ms] [LOG] [Fast Refresh] done in 288ms @ http://localhost:3000/_next/static/chunks/0brk_next_dist_0dm07mh._.js:776
[  117254ms] [LOG] [Fast Refresh] done in 288ms @ http://localhost:3000/_next/static/chunks/0brk_next_dist_0dm07mh._.js:776
[  117315ms] [LOG] [Fast Refresh] done in 288ms @ http://localhost:3000/_next/static/chunks/0brk_next_dist_0dm07mh._.js:776
[  117378ms] [LOG] [Fast Refresh] done in 288ms @ http://localhost:3000/_next/static/chunks/0brk_next_dist_0dm07mh._.js:776
[  117437ms] [LOG] [Fast Refresh] done in 288ms @ http://localhost:3000/_next/static/chunks/0brk_next_dist_0dm07mh._.js:776
[  117498ms] [LOG] [Fast Refresh] done in 288ms @ http://localhost:3000/_next/static/chunks/0brk_next_dist_0dm07mh._.js:776
[  117554ms] [LOG] [Fast Refresh] done in 288ms @ http://localhost:3000/_next/static/chunks/0brk_next_dist_0dm07mh._.js:776
[  117614ms] [LOG] [Fast Refresh] done in 288ms @ http://localhost:3000/_next/static/chunks/0brk_next_dist_0dm07mh._.js:776
[  117674ms] [LOG] [Fast Refresh] done in 288ms @ http://localhost:3000/_next/static/chunks/0brk_next_dist_0dm07mh._.js:776
[  117726ms] [LOG] [Fast Refresh] done in 288ms @ http://localhost:3000/_next/static/chunks/0brk_next_dist_0dm07mh._.js:776
[  117787ms] [LOG] [Fast Refresh] done in 288ms @ http://localhost:3000/_next/static/chunks/0brk_next_dist_0dm07mh._.js:776
[  117844ms] [LOG] [Fast Refresh] done in 288ms @ http://localhost:3000/_next/static/chunks/0brk_next_dist_0dm07mh._.js:776
[  117922ms] [LOG] [Fast Refresh] done in 288ms @ http://localhost:3000/_next/static/chunks/0brk_next_dist_0dm07mh._.js:776
[  117998ms] [LOG] [Fast Refresh] done in 288ms @ http://localhost:3000/_next/static/chunks/0brk_next_dist_0dm07mh._.js:776
[  118077ms] [LOG] [Fast Refresh] done in 288ms @ http://localhost:3000/_next/static/chunks/0brk_next_dist_0dm07mh._.js:776
[  118156ms] [LOG] [Fast Refresh] done in 288ms @ http://localhost:3000/_next/static/chunks/0brk_next_dist_0dm07mh._.js:776
[  118219ms] [LOG] [Fast Refresh] done in 288ms @ http://localhost:3000/_next/static/chunks/0brk_next_dist_0dm07mh._.js:776
[  118281ms] [LOG] [Fast Refresh] done in 288ms @ http://localhost:3000/_next/static/chunks/0brk_next_dist_0dm07mh._.js:776
[  118359ms] [LOG] [Fast Refresh] done in 288ms @ http://localhost:3000/_next/static/chunks/0brk_next_dist_0dm07mh._.js:776
[  118467ms] [LOG] [Fast Refresh] done in 288ms @ http://localhost:3000/_next/static/chunks/0brk_next_dist_0dm07mh._.js:776
[  118541ms] [LOG] [Fast Refresh] done in 288ms @ http://localhost:3000/_next/static/chunks/0brk_next_dist_0dm07mh._.js:776
[  118603ms] [LOG] [Fast Refresh] done in 288ms @ http://localhost:3000/_next/static/chunks/0brk_next_dist_0dm07mh._.js:776
[  118666ms] [LOG] [Fast Refresh] done in 288ms @ http://localhost:3000/_next/static/chunks/0brk_next_dist_0dm07mh._.js:776
[  118724ms] [LOG] [Fast Refresh] done in 288ms @ http://localhost:3000/_next/static/chunks/0brk_next_dist_0dm07mh._.js:776
[  118785ms] [LOG] [Fast Refresh] done in 288ms @ http://localhost:3000/_next/static/chunks/0brk_next_dist_0dm07mh._.js:776
[  118835ms] [LOG] [Fast Refresh] done in 288ms @ http://localhost:3000/_next/static/chunks/0brk_next_dist_0dm07mh._.js:776
[  118900ms] [LOG] [Fast Refresh] done in 288ms @ http://localhost:3000/_next/static/chunks/0brk_next_dist_0dm07mh._.js:776
[  118962ms] [LOG] [Fast Refresh] done in 288ms @ http://localhost:3000/_next/static/chunks/0brk_next_dist_0dm07mh._.js:776
[  119026ms] [LOG] [Fast Refresh] done in 288ms @ http://localhost:3000/_next/static/chunks/0brk_next_dist_0dm07mh._.js:776
[  119082ms] [LOG] [Fast Refresh] done in 288ms @ http://localhost:3000/_next/static/chunks/0brk_next_dist_0dm07mh._.js:776
[  119145ms] [LOG] [Fast Refresh] done in 288ms @ http://localhost:3000/_next/static/chunks/0brk_next_dist_0dm07mh._.js:776
[  119194ms] [LOG] [Fast Refresh] done in 288ms @ http://localhost:3000/_next/static/chunks/0brk_next_dist_0dm07mh._.js:776
[  119254ms] [LOG] [Fast Refresh] done in 288ms @ http://localhost:3000/_next/static/chunks/0brk_next_dist_0dm07mh._.js:776
[  119304ms] [LOG] [Fast Refresh] done in 288ms @ http://localhost:3000/_next/static/chunks/0brk_next_dist_0dm07mh._.js:776
[  119367ms] [LOG] [Fast Refresh] done in 288ms @ http://localhost:3000/_next/static/chunks/0brk_next_dist_0dm07mh._.js:776
[  119434ms] [LOG] [Fast Refresh] done in 288ms @ http://localhost:3000/_next/static/chunks/0brk_next_dist_0dm07mh._.js:776
[  119496ms] [LOG] [Fast Refresh] done in 288ms @ http://localhost:3000/_next/static/chunks/0brk_next_dist_0dm07mh._.js:776
[  119557ms] [LOG] [Fast Refresh] done in 288ms @ http://localhost:3000/_next/static/chunks/0brk_next_dist_0dm07mh._.js:776
[  119618ms] [LOG] [Fast Refresh] done in 288ms @ http://localhost:3000/_next/static/chunks/0brk_next_dist_0dm07mh._.js:776
[  119680ms] [LOG] [Fast Refresh] done in 288ms @ http://localhost:3000/_next/static/chunks/0brk_next_dist_0dm07mh._.js:776
[  119743ms] [LOG] [Fast Refresh] done in 288ms @ http://localhost:3000/_next/static/chunks/0brk_next_dist_0dm07mh._.js:776
[  119809ms] [LOG] [Fast Refresh] done in 288ms @ http://localhost:3000/_next/static/chunks/0brk_next_dist_0dm07mh._.js:776
[  119915ms] [LOG] [Fast Refresh] done in 288ms @ http://localhost:3000/_next/static/chunks/0brk_next_dist_0dm07mh._.js:776
[  120178ms] [LOG] [Fast Refresh] done in 288ms @ http://localhost:3000/_next/static/chunks/0brk_next_dist_0dm07mh._.js:776
[  120275ms] [LOG] [Fast Refresh] done in 288ms @ http://localhost:3000/_next/static/chunks/0brk_next_dist_0dm07mh._.js:776
[  120355ms] [LOG] [Fast Refresh] done in 288ms @ http://localhost:3000/_next/static/chunks/0brk_next_dist_0dm07mh._.js:776
[  120843ms] [LOG] [Fast Refresh] done in 288ms @ http://localhost:3000/_next/static/chunks/0brk_next_dist_0dm07mh._.js:776
[  121368ms] [LOG] [Fast Refresh] done in 288ms @ http://localhost:3000/_next/static/chunks/0brk_next_dist_0dm07mh._.js:776
[  121714ms] [LOG] [Fast Refresh] done in 288ms @ http://localhost:3000/_next/static/chunks/0brk_next_dist_0dm07mh._.js:776
[  121832ms] [LOG] [Fast Refresh] done in 288ms @ http://localhost:3000/_next/static/chunks/0brk_next_dist_0dm07mh._.js:776
[  121949ms] [LOG] [Fast Refresh] done in 288ms @ http://localhost:3000/_next/static/chunks/0brk_next_dist_0dm07mh._.js:776
[  122188ms] [LOG] [Fast Refresh] done in 288ms @ http://localhost:3000/_next/static/chunks/0brk_next_dist_0dm07mh._.js:776
[  122292ms] [LOG] [Fast Refresh] done in 288ms @ http://localhost:3000/_next/static/chunks/0brk_next_dist_0dm07mh._.js:776
[  122423ms] [LOG] [Fast Refresh] done in 288ms @ http://localhost:3000/_next/static/chunks/0brk_next_dist_0dm07mh._.js:776
[  122504ms] [LOG] [Fast Refresh] done in 288ms @ http://localhost:3000/_next/static/chunks/0brk_next_dist_0dm07mh._.js:776
[  122658ms] [LOG] [Fast Refresh] done in 288ms @ http://localhost:3000/_next/static/chunks/0brk_next_dist_0dm07mh._.js:776
[  122771ms] [LOG] [Fast Refresh] done in 288ms @ http://localhost:3000/_next/static/chunks/0brk_next_dist_0dm07mh._.js:776
[  122870ms] [LOG] [Fast Refresh] done in 288ms @ http://localhost:3000/_next/static/chunks/0brk_next_dist_0dm07mh._.js:776
[  123051ms] [LOG] [Fast Refresh] done in 288ms @ http://localhost:3000/_next/static/chunks/0brk_next_dist_0dm07mh._.js:776
[  123282ms] [LOG] [Fast Refresh] done in 288ms @ http://localhost:3000/_next/static/chunks/0brk_next_dist_0dm07mh._.js:776
[  123485ms] [LOG] [Fast Refresh] done in 288ms @ http://localhost:3000/_next/static/chunks/0brk_next_dist_0dm07mh._.js:776
[  124017ms] [LOG] [Fast Refresh] done in 288ms @ http://localhost:3000/_next/static/chunks/0brk_next_dist_0dm07mh._.js:776
[  124229ms] [LOG] [Fast Refresh] done in 288ms @ http://localhost:3000/_next/static/chunks/0brk_next_dist_0dm07mh._.js:776
[  124782ms] [LOG] [Fast Refresh] done in 288ms @ http://localhost:3000/_next/static/chunks/0brk_next_dist_0dm07mh._.js:776
[  124905ms] [LOG] [Fast Refresh] done in 288ms @ http://localhost:3000/_next/static/chunks/0brk_next_dist_0dm07mh._.js:776
[  125155ms] [LOG] [Fast Refresh] done in 288ms @ http://localhost:3000/_next/static/chunks/0brk_next_dist_0dm07mh._.js:776
[  125264ms] [LOG] [Fast Refresh] done in 288ms @ http://localhost:3000/_next/static/chunks/0brk_next_dist_0dm07mh._.js:776
[  125338ms] [LOG] [Fast Refresh] done in 288ms @ http://localhost:3000/_next/static/chunks/0brk_next_dist_0dm07mh._.js:776
[  125417ms] [LOG] [Fast Refresh] done in 288ms @ http://localhost:3000/_next/static/chunks/0brk_next_dist_0dm07mh._.js:776
[  125480ms] [LOG] [Fast Refresh] done in 288ms @ http://localhost:3000/_next/static/chunks/0brk_next_dist_0dm07mh._.js:776
[  125537ms] [LOG] [Fast Refresh] done in 288ms @ http://localhost:3000/_next/static/chunks/0brk_next_dist_0dm07mh._.js:776
[  125594ms] [LOG] [Fast Refresh] done in 288ms @ http://localhost:3000/_next/static/chunks/0brk_next_dist_0dm07mh._.js:776
[  125650ms] [LOG] [Fast Refresh] done in 288ms @ http://localhost:3000/_next/static/chunks/0brk_next_dist_0dm07mh._.js:776
[  125701ms] [LOG] [Fast Refresh] done in 288ms @ http://localhost:3000/_next/static/chunks/0brk_next_dist_0dm07mh._.js:776
[  125759ms] [LOG] [Fast Refresh] done in 288ms @ http://localhost:3000/_next/static/chunks/0brk_next_dist_0dm07mh._.js:776
[  125819ms] [LOG] [Fast Refresh] done in 288ms @ http://localhost:3000/_next/static/chunks/0brk_next_dist_0dm07mh._.js:776
[  125881ms] [LOG] [Fast Refresh] done in 288ms @ http://localhost:3000/_next/static/chunks/0brk_next_dist_0dm07mh._.js:776
[  125937ms] [LOG] [Fast Refresh] done in 288ms @ http://localhost:3000/_next/static/chunks/0brk_next_dist_0dm07mh._.js:776
[  125998ms] [LOG] [Fast Refresh] done in 288ms @ http://localhost:3000/_next/static/chunks/0brk_next_dist_0dm07mh._.js:776
[  126058ms] [LOG] [Fast Refresh] done in 288ms @ http://localhost:3000/_next/static/chunks/0brk_next_dist_0dm07mh._.js:776
[  126120ms] [LOG] [Fast Refresh] done in 288ms @ http://localhost:3000/_next/static/chunks/0brk_next_dist_0dm07mh._.js:776
[  126181ms] [LOG] [Fast Refresh] done in 288ms @ http://localhost:3000/_next/static/chunks/0brk_next_dist_0dm07mh._.js:776
[  126244ms] [LOG] [Fast Refresh] done in 288ms @ http://localhost:3000/_next/static/chunks/0brk_next_dist_0dm07mh._.js:776
[  126305ms] [LOG] [Fast Refresh] done in 288ms @ http://localhost:3000/_next/static/chunks/0brk_next_dist_0dm07mh._.js:776
[  126369ms] [LOG] [Fast Refresh] done in 288ms @ http://localhost:3000/_next/static/chunks/0brk_next_dist_0dm07mh._.js:776
[  126433ms] [LOG] [Fast Refresh] done in 288ms @ http://localhost:3000/_next/static/chunks/0brk_next_dist_0dm07mh._.js:776
[  126495ms] [LOG] [Fast Refresh] done in 288ms @ http://localhost:3000/_next/static/chunks/0brk_next_dist_0dm07mh._.js:776
[  126558ms] [LOG] [Fast Refresh] done in 288ms @ http://localhost:3000/_next/static/chunks/0brk_next_dist_0dm07mh._.js:776
[  126620ms] [LOG] [Fast Refresh] done in 288ms @ http://localhost:3000/_next/static/chunks/0brk_next_dist_0dm07mh._.js:776
[  126684ms] [LOG] [Fast Refresh] done in 288ms @ http://localhost:3000/_next/static/chunks/0brk_next_dist_0dm07mh._.js:776
[  126741ms] [LOG] [Fast Refresh] done in 288ms @ http://localhost:3000/_next/static/chunks/0brk_next_dist_0dm07mh._.js:776
[  126801ms] [LOG] [Fast Refresh] done in 288ms @ http://localhost:3000/_next/static/chunks/0brk_next_dist_0dm07mh._.js:776
[  126852ms] [LOG] [Fast Refresh] done in 288ms @ http://localhost:3000/_next/static/chunks/0brk_next_dist_0dm07mh._.js:776
[  126915ms] [LOG] [Fast Refresh] done in 288ms @ http://localhost:3000/_next/static/chunks/0brk_next_dist_0dm07mh._.js:776
[  126985ms] [LOG] [Fast Refresh] done in 288ms @ http://localhost:3000/_next/static/chunks/0brk_next_dist_0dm07mh._.js:776
[  127082ms] [LOG] [Fast Refresh] done in 288ms @ http://localhost:3000/_next/static/chunks/0brk_next_dist_0dm07mh._.js:776
[  127155ms] [LOG] [Fast Refresh] done in 288ms @ http://localhost:3000/_next/static/chunks/0brk_next_dist_0dm07mh._.js:776
[  127231ms] [LOG] [Fast Refresh] done in 288ms @ http://localhost:3000/_next/static/chunks/0brk_next_dist_0dm07mh._.js:776
[  127294ms] [LOG] [Fast Refresh] done in 288ms @ http://localhost:3000/_next/static/chunks/0brk_next_dist_0dm07mh._.js:776
[  127371ms] [LOG] [Fast Refresh] done in 288ms @ http://localhost:3000/_next/static/chunks/0brk_next_dist_0dm07mh._.js:776
[  127447ms] [LOG] [Fast Refresh] done in 288ms @ http://localhost:3000/_next/static/chunks/0brk_next_dist_0dm07mh._.js:776
[  127552ms] [LOG] [Fast Refresh] done in 288ms @ http://localhost:3000/_next/static/chunks/0brk_next_dist_0dm07mh._.js:776
[  127613ms] [LOG] [Fast Refresh] done in 288ms @ http://localhost:3000/_next/static/chunks/0brk_next_dist_0dm07mh._.js:776
[  127683ms] [LOG] [Fast Refresh] done in 288ms @ http://localhost:3000/_next/static/chunks/0brk_next_dist_0dm07mh._.js:776
[  127744ms] [LOG] [Fast Refresh] done in 288ms @ http://localhost:3000/_next/static/chunks/0brk_next_dist_0dm07mh._.js:776
[  127805ms] [LOG] [Fast Refresh] done in 288ms @ http://localhost:3000/_next/static/chunks/0brk_next_dist_0dm07mh._.js:776
[  127868ms] [LOG] [Fast Refresh] done in 288ms @ http://localhost:3000/_next/static/chunks/0brk_next_dist_0dm07mh._.js:776
[  127944ms] [LOG] [Fast Refresh] done in 288ms @ http://localhost:3000/_next/static/chunks/0brk_next_dist_0dm07mh._.js:776
[  128006ms] [LOG] [Fast Refresh] done in 288ms @ http://localhost:3000/_next/static/chunks/0brk_next_dist_0dm07mh._.js:776
[  128083ms] [LOG] [Fast Refresh] done in 288ms @ http://localhost:3000/_next/static/chunks/0brk_next_dist_0dm07mh._.js:776
[  128144ms] [LOG] [Fast Refresh] done in 288ms @ http://localhost:3000/_next/static/chunks/0brk_next_dist_0dm07mh._.js:776
[  128192ms] [LOG] [Fast Refresh] done in 288ms @ http://localhost:3000/_next/static/chunks/0brk_next_dist_0dm07mh._.js:776
[  128279ms] [LOG] [Fast Refresh] done in 288ms @ http://localhost:3000/_next/static/chunks/0brk_next_dist_0dm07mh._.js:776
[  128352ms] [LOG] [Fast Refresh] done in 288ms @ http://localhost:3000/_next/static/chunks/0brk_next_dist_0dm07mh._.js:776
[  128426ms] [LOG] [Fast Refresh] done in 288ms @ http://localhost:3000/_next/static/chunks/0brk_next_dist_0dm07mh._.js:776
[  128501ms] [LOG] [Fast Refresh] done in 288ms @ http://localhost:3000/_next/static/chunks/0brk_next_dist_0dm07mh._.js:776
[  128600ms] [LOG] [Fast Refresh] done in 288ms @ http://localhost:3000/_next/static/chunks/0brk_next_dist_0dm07mh._.js:776
[  128820ms] [LOG] [Fast Refresh] done in 288ms @ http://localhost:3000/_next/static/chunks/0brk_next_dist_0dm07mh._.js:776
[  129357ms] [LOG] [Fast Refresh] done in 288ms @ http://localhost:3000/_next/static/chunks/0brk_next_dist_0dm07mh._.js:776
[  129791ms] [LOG] [Fast Refresh] done in 288ms @ http://localhost:3000/_next/static/chunks/0brk_next_dist_0dm07mh._.js:776
[  130076ms] [LOG] [Fast Refresh] done in 288ms @ http://localhost:3000/_next/static/chunks/0brk_next_dist_0dm07mh._.js:776
[  130273ms] [LOG] [Fast Refresh] done in 288ms @ http://localhost:3000/_next/static/chunks/0brk_next_dist_0dm07mh._.js:776
[  130362ms] [LOG] [Fast Refresh] done in 288ms @ http://localhost:3000/_next/static/chunks/0brk_next_dist_0dm07mh._.js:776
[  130394ms] [LOG] [Fast Refresh] done in 288ms @ http://localhost:3000/_next/static/chunks/0brk_next_dist_0dm07mh._.js:776
[  130467ms] [LOG] [Fast Refresh] done in 288ms @ http://localhost:3000/_next/static/chunks/0brk_next_dist_0dm07mh._.js:776
[  130568ms] [LOG] [Fast Refresh] done in 288ms @ http://localhost:3000/_next/static/chunks/0brk_next_dist_0dm07mh._.js:776
[  130651ms] [LOG] [Fast Refresh] done in 288ms @ http://localhost:3000/_next/static/chunks/0brk_next_dist_0dm07mh._.js:776
[  130768ms] [LOG] [Fast Refresh] done in 288ms @ http://localhost:3000/_next/static/chunks/0brk_next_dist_0dm07mh._.js:776
[  130857ms] [LOG] [Fast Refresh] done in 288ms @ http://localhost:3000/_next/static/chunks/0brk_next_dist_0dm07mh._.js:776
[  130932ms] [LOG] [Fast Refresh] done in 288ms @ http://localhost:3000/_next/static/chunks/0brk_next_dist_0dm07mh._.js:776
[  131035ms] [LOG] [Fast Refresh] done in 288ms @ http://localhost:3000/_next/static/chunks/0brk_next_dist_0dm07mh._.js:776
[  131147ms] [LOG] [Fast Refresh] done in 288ms @ http://localhost:3000/_next/static/chunks/0brk_next_dist_0dm07mh._.js:776
[  131266ms] [LOG] [Fast Refresh] done in 288ms @ http://localhost:3000/_next/static/chunks/0brk_next_dist_0dm07mh._.js:776
[  131340ms] [LOG] [Fast Refresh] done in 288ms @ http://localhost:3000/_next/static/chunks/0brk_next_dist_0dm07mh._.js:776
[  131426ms] [LOG] [Fast Refresh] done in 288ms @ http://localhost:3000/_next/static/chunks/0brk_next_dist_0dm07mh._.js:776
[  131528ms] [LOG] [Fast Refresh] done in 288ms @ http://localhost:3000/_next/static/chunks/0brk_next_dist_0dm07mh._.js:776
[  131637ms] [LOG] [Fast Refresh] done in 288ms @ http://localhost:3000/_next/static/chunks/0brk_next_dist_0dm07mh._.js:776
[  131713ms] [LOG] [Fast Refresh] done in 288ms @ http://localhost:3000/_next/static/chunks/0brk_next_dist_0dm07mh._.js:776
[  131824ms] [LOG] [Fast Refresh] done in 288ms @ http://localhost:3000/_next/static/chunks/0brk_next_dist_0dm07mh._.js:776
[  131912ms] [LOG] [Fast Refresh] done in 288ms @ http://localhost:3000/_next/static/chunks/0brk_next_dist_0dm07mh._.js:776
[  132048ms] [LOG] [Fast Refresh] done in 288ms @ http://localhost:3000/_next/static/chunks/0brk_next_dist_0dm07mh._.js:776
[  132090ms] [LOG] [Fast Refresh] done in 288ms @ http://localhost:3000/_next/static/chunks/0brk_next_dist_0dm07mh._.js:776
[  132207ms] [LOG] [Fast Refresh] done in 288ms @ http://localhost:3000/_next/static/chunks/0brk_next_dist_0dm07mh._.js:776
[  132360ms] [LOG] [Fast Refresh] done in 288ms @ http://localhost:3000/_next/static/chunks/0brk_next_dist_0dm07mh._.js:776
[  132431ms] [LOG] [Fast Refresh] done in 288ms @ http://localhost:3000/_next/static/chunks/0brk_next_dist_0dm07mh._.js:776
[  132524ms] [LOG] [Fast Refresh] done in 288ms @ http://localhost:3000/_next/static/chunks/0brk_next_dist_0dm07mh._.js:776
[  132607ms] [LOG] [Fast Refresh] done in 288ms @ http://localhost:3000/_next/static/chunks/0brk_next_dist_0dm07mh._.js:776
[  132698ms] [LOG] [Fast Refresh] done in 288ms @ http://localhost:3000/_next/static/chunks/0brk_next_dist_0dm07mh._.js:776
[  132808ms] [LOG] [Fast Refresh] done in 288ms @ http://localhost:3000/_next/static/chunks/0brk_next_dist_0dm07mh._.js:776
[  132925ms] [LOG] [Fast Refresh] done in 288ms @ http://localhost:3000/_next/static/chunks/0brk_next_dist_0dm07mh._.js:776
[  133264ms] [LOG] [Fast Refresh] done in 288ms @ http://localhost:3000/_next/static/chunks/0brk_next_dist_0dm07mh._.js:776
[  133459ms] [LOG] [Fast Refresh] done in 288ms @ http://localhost:3000/_next/static/chunks/0brk_next_dist_0dm07mh._.js:776
[  133556ms] [LOG] [Fast Refresh] done in 288ms @ http://localhost:3000/_next/static/chunks/0brk_next_dist_0dm07mh._.js:776
[  133693ms] [LOG] [Fast Refresh] done in 288ms @ http://localhost:3000/_next/static/chunks/0brk_next_dist_0dm07mh._.js:776
[  133846ms] [LOG] [Fast Refresh] done in 288ms @ http://localhost:3000/_next/static/chunks/0brk_next_dist_0dm07mh._.js:776
[  133955ms] [LOG] [Fast Refresh] done in 288ms @ http://localhost:3000/_next/static/chunks/0brk_next_dist_0dm07mh._.js:776
[  134019ms] [LOG] [Fast Refresh] done in 288ms @ http://localhost:3000/_next/static/chunks/0brk_next_dist_0dm07mh._.js:776
[  134118ms] [LOG] [Fast Refresh] done in 288ms @ http://localhost:3000/_next/static/chunks/0brk_next_dist_0dm07mh._.js:776
[  134201ms] [LOG] [Fast Refresh] done in 288ms @ http://localhost:3000/_next/static/chunks/0brk_next_dist_0dm07mh._.js:776
[  134301ms] [LOG] [Fast Refresh] done in 288ms @ http://localhost:3000/_next/static/chunks/0brk_next_dist_0dm07mh._.js:776
[  134566ms] [LOG] [Fast Refresh] done in 288ms @ http://localhost:3000/_next/static/chunks/0brk_next_dist_0dm07mh._.js:776
[  134632ms] [LOG] [Fast Refresh] done in 288ms @ http://localhost:3000/_next/static/chunks/0brk_next_dist_0dm07mh._.js:776
[  134824ms] [LOG] [Fast Refresh] done in 288ms @ http://localhost:3000/_next/static/chunks/0brk_next_dist_0dm07mh._.js:776
[  135009ms] [LOG] [Fast Refresh] done in 288ms @ http://localhost:3000/_next/static/chunks/0brk_next_dist_0dm07mh._.js:776
[  135135ms] [LOG] [Fast Refresh] done in 288ms @ http://localhost:3000/_next/static/chunks/0brk_next_dist_0dm07mh._.js:776
[  135339ms] [LOG] [Fast Refresh] done in 288ms @ http://localhost:3000/_next/static/chunks/0brk_next_dist_0dm07mh._.js:776
[  135512ms] [LOG] [Fast Refresh] done in 288ms @ http://localhost:3000/_next/static/chunks/0brk_next_dist_0dm07mh._.js:776
[  135685ms] [LOG] [Fast Refresh] done in 288ms @ http://localhost:3000/_next/static/chunks/0brk_next_dist_0dm07mh._.js:776
[  135714ms] [LOG] [Fast Refresh] done in 288ms @ http://localhost:3000/_next/static/chunks/0brk_next_dist_0dm07mh._.js:776
[  135800ms] [LOG] [Fast Refresh] done in 288ms @ http://localhost:3000/_next/static/chunks/0brk_next_dist_0dm07mh._.js:776
[  135852ms] [LOG] [Fast Refresh] done in 288ms @ http://localhost:3000/_next/static/chunks/0brk_next_dist_0dm07mh._.js:776
[  136044ms] [LOG] [Fast Refresh] done in 288ms @ http://localhost:3000/_next/static/chunks/0brk_next_dist_0dm07mh._.js:776
[  136300ms] [LOG] [Fast Refresh] done in 288ms @ http://localhost:3000/_next/static/chunks/0brk_next_dist_0dm07mh._.js:776
[  136485ms] [LOG] [Fast Refresh] done in 288ms @ http://localhost:3000/_next/static/chunks/0brk_next_dist_0dm07mh._.js:776
[  136572ms] [LOG] [Fast Refresh] done in 288ms @ http://localhost:3000/_next/static/chunks/0brk_next_dist_0dm07mh._.js:776
[  136682ms] [LOG] [Fast Refresh] done in 288ms @ http://localhost:3000/_next/static/chunks/0brk_next_dist_0dm07mh._.js:776
[  136738ms] [LOG] [Fast Refresh] done in 288ms @ http://localhost:3000/_next/static/chunks/0brk_next_dist_0dm07mh._.js:776
[  136814ms] [LOG] [Fast Refresh] done in 288ms @ http://localhost:3000/_next/static/chunks/0brk_next_dist_0dm07mh._.js:776
[  136914ms] [LOG] [Fast Refresh] done in 288ms @ http://localhost:3000/_next/static/chunks/0brk_next_dist_0dm07mh._.js:776
[  136996ms] [LOG] [Fast Refresh] done in 288ms @ http://localhost:3000/_next/static/chunks/0brk_next_dist_0dm07mh._.js:776
[  137081ms] [LOG] [Fast Refresh] done in 288ms @ http://localhost:3000/_next/static/chunks/0brk_next_dist_0dm07mh._.js:776
[  137140ms] [LOG] [Fast Refresh] done in 288ms @ http://localhost:3000/_next/static/chunks/0brk_next_dist_0dm07mh._.js:776
[  137217ms] [LOG] [Fast Refresh] done in 288ms @ http://localhost:3000/_next/static/chunks/0brk_next_dist_0dm07mh._.js:776
[  137296ms] [LOG] [Fast Refresh] done in 288ms @ http://localhost:3000/_next/static/chunks/0brk_next_dist_0dm07mh._.js:776
[  137586ms] [LOG] [Fast Refresh] done in 288ms @ http://localhost:3000/_next/static/chunks/0brk_next_dist_0dm07mh._.js:776
[  137764ms] [LOG] [Fast Refresh] done in 288ms @ http://localhost:3000/_next/static/chunks/0brk_next_dist_0dm07mh._.js:776
[  137876ms] [LOG] [Fast Refresh] done in 288ms @ http://localhost:3000/_next/static/chunks/0brk_next_dist_0dm07mh._.js:776
[  138040ms] [LOG] [Fast Refresh] done in 288ms @ http://localhost:3000/_next/static/chunks/0brk_next_dist_0dm07mh._.js:776
[  138257ms] [LOG] [Fast Refresh] done in 288ms @ http://localhost:3000/_next/static/chunks/0brk_next_dist_0dm07mh._.js:776
[  138562ms] [LOG] [Fast Refresh] done in 288ms @ http://localhost:3000/_next/static/chunks/0brk_next_dist_0dm07mh._.js:776
[  138652ms] [LOG] [Fast Refresh] done in 288ms @ http://localhost:3000/_next/static/chunks/0brk_next_dist_0dm07mh._.js:776
[  138743ms] [LOG] [Fast Refresh] done in 288ms @ http://localhost:3000/_next/static/chunks/0brk_next_dist_0dm07mh._.js:776
[  138822ms] [LOG] [Fast Refresh] done in 288ms @ http://localhost:3000/_next/static/chunks/0brk_next_dist_0dm07mh._.js:776
[  138970ms] [LOG] [Fast Refresh] done in 288ms @ http://localhost:3000/_next/static/chunks/0brk_next_dist_0dm07mh._.js:776
[  139085ms] [LOG] [Fast Refresh] done in 288ms @ http://localhost:3000/_next/static/chunks/0brk_next_dist_0dm07mh._.js:776
[  139206ms] [LOG] [Fast Refresh] done in 288ms @ http://localhost:3000/_next/static/chunks/0brk_next_dist_0dm07mh._.js:776
[  139395ms] [LOG] [Fast Refresh] done in 288ms @ http://localhost:3000/_next/static/chunks/0brk_next_dist_0dm07mh._.js:776
[  139700ms] [LOG] [Fast Refresh] done in 288ms @ http://localhost:3000/_next/static/chunks/0brk_next_dist_0dm07mh._.js:776
[  139829ms] [LOG] [Fast Refresh] done in 288ms @ http://localhost:3000/_next/static/chunks/0brk_next_dist_0dm07mh._.js:776
[  139918ms] [LOG] [Fast Refresh] done in 288ms @ http://localhost:3000/_next/static/chunks/0brk_next_dist_0dm07mh._.js:776
[  140003ms] [LOG] [Fast Refresh] done in 288ms @ http://localhost:3000/_next/static/chunks/0brk_next_dist_0dm07mh._.js:776
[  140081ms] [LOG] [Fast Refresh] done in 288ms @ http://localhost:3000/_next/static/chunks/0brk_next_dist_0dm07mh._.js:776
[  140205ms] [LOG] [Fast Refresh] done in 288ms @ http://localhost:3000/_next/static/chunks/0brk_next_dist_0dm07mh._.js:776
[  140457ms] [LOG] [Fast Refresh] done in 288ms @ http://localhost:3000/_next/static/chunks/0brk_next_dist_0dm07mh._.js:776
[  140718ms] [LOG] [Fast Refresh] done in 288ms @ http://localhost:3000/_next/static/chunks/0brk_next_dist_0dm07mh._.js:776
[  141026ms] [LOG] [Fast Refresh] done in 288ms @ http://localhost:3000/_next/static/chunks/0brk_next_dist_0dm07mh._.js:776
[  141280ms] [LOG] [Fast Refresh] done in 288ms @ http://localhost:3000/_next/static/chunks/0brk_next_dist_0dm07mh._.js:776
[  141441ms] [LOG] [Fast Refresh] done in 288ms @ http://localhost:3000/_next/static/chunks/0brk_next_dist_0dm07mh._.js:776
[  141618ms] [LOG] [Fast Refresh] done in 288ms @ http://localhost:3000/_next/static/chunks/0brk_next_dist_0dm07mh._.js:776
[  141707ms] [LOG] [Fast Refresh] done in 288ms @ http://localhost:3000/_next/static/chunks/0brk_next_dist_0dm07mh._.js:776
[  141782ms] [LOG] [Fast Refresh] done in 288ms @ http://localhost:3000/_next/static/chunks/0brk_next_dist_0dm07mh._.js:776
[  141869ms] [LOG] [Fast Refresh] done in 288ms @ http://localhost:3000/_next/static/chunks/0brk_next_dist_0dm07mh._.js:776
[  141932ms] [LOG] [Fast Refresh] done in 288ms @ http://localhost:3000/_next/static/chunks/0brk_next_dist_0dm07mh._.js:776
[  142061ms] [LOG] [Fast Refresh] done in 288ms @ http://localhost:3000/_next/static/chunks/0brk_next_dist_0dm07mh._.js:776
[  142217ms] [LOG] [Fast Refresh] done in 288ms @ http://localhost:3000/_next/static/chunks/0brk_next_dist_0dm07mh._.js:776
[  142331ms] [LOG] [Fast Refresh] done in 288ms @ http://localhost:3000/_next/static/chunks/0brk_next_dist_0dm07mh._.js:776
[  142640ms] [LOG] [Fast Refresh] done in 288ms @ http://localhost:3000/_next/static/chunks/0brk_next_dist_0dm07mh._.js:776
[  142743ms] [LOG] [Fast Refresh] done in 288ms @ http://localhost:3000/_next/static/chunks/0brk_next_dist_0dm07mh._.js:776
[  142849ms] [LOG] [Fast Refresh] done in 288ms @ http://localhost:3000/_next/static/chunks/0brk_next_dist_0dm07mh._.js:776
[  142938ms] [LOG] [Fast Refresh] done in 288ms @ http://localhost:3000/_next/static/chunks/0brk_next_dist_0dm07mh._.js:776
[  143025ms] [LOG] [Fast Refresh] done in 288ms @ http://localhost:3000/_next/static/chunks/0brk_next_dist_0dm07mh._.js:776
[  143100ms] [LOG] [Fast Refresh] done in 288ms @ http://localhost:3000/_next/static/chunks/0brk_next_dist_0dm07mh._.js:776
[  143202ms] [LOG] [Fast Refresh] done in 288ms @ http://localhost:3000/_next/static/chunks/0brk_next_dist_0dm07mh._.js:776
[  143390ms] [LOG] [Fast Refresh] done in 288ms @ http://localhost:3000/_next/static/chunks/0brk_next_dist_0dm07mh._.js:776
[  143503ms] [LOG] [Fast Refresh] done in 288ms @ http://localhost:3000/_next/static/chunks/0brk_next_dist_0dm07mh._.js:776
[  143662ms] [LOG] [Fast Refresh] done in 288ms @ http://localhost:3000/_next/static/chunks/0brk_next_dist_0dm07mh._.js:776
[  143773ms] [LOG] [Fast Refresh] done in 288ms @ http://localhost:3000/_next/static/chunks/0brk_next_dist_0dm07mh._.js:776
[  143884ms] [LOG] [Fast Refresh] done in 288ms @ http://localhost:3000/_next/static/chunks/0brk_next_dist_0dm07mh._.js:776
[  143983ms] [LOG] [Fast Refresh] done in 288ms @ http://localhost:3000/_next/static/chunks/0brk_next_dist_0dm07mh._.js:776
[  144118ms] [LOG] [Fast Refresh] done in 288ms @ http://localhost:3000/_next/static/chunks/0brk_next_dist_0dm07mh._.js:776
[  144306ms] [LOG] [Fast Refresh] done in 288ms @ http://localhost:3000/_next/static/chunks/0brk_next_dist_0dm07mh._.js:776
[  144375ms] [LOG] [Fast Refresh] done in 288ms @ http://localhost:3000/_next/static/chunks/0brk_next_dist_0dm07mh._.js:776
[  144487ms] [LOG] [Fast Refresh] done in 288ms @ http://localhost:3000/_next/static/chunks/0brk_next_dist_0dm07mh._.js:776
[  144695ms] [LOG] [Fast Refresh] done in 288ms @ http://localhost:3000/_next/static/chunks/0brk_next_dist_0dm07mh._.js:776
[  144822ms] [LOG] [Fast Refresh] done in 288ms @ http://localhost:3000/_next/static/chunks/0brk_next_dist_0dm07mh._.js:776
[  145015ms] [LOG] [Fast Refresh] done in 288ms @ http://localhost:3000/_next/static/chunks/0brk_next_dist_0dm07mh._.js:776
[  145292ms] [LOG] [Fast Refresh] done in 288ms @ http://localhost:3000/_next/static/chunks/0brk_next_dist_0dm07mh._.js:776
[  145401ms] [LOG] [Fast Refresh] done in 288ms @ http://localhost:3000/_next/static/chunks/0brk_next_dist_0dm07mh._.js:776
[  145528ms] [LOG] [Fast Refresh] done in 288ms @ http://localhost:3000/_next/static/chunks/0brk_next_dist_0dm07mh._.js:776
[  145632ms] [LOG] [Fast Refresh] done in 288ms @ http://localhost:3000/_next/static/chunks/0brk_next_dist_0dm07mh._.js:776
[  145733ms] [LOG] [Fast Refresh] done in 288ms @ http://localhost:3000/_next/static/chunks/0brk_next_dist_0dm07mh._.js:776
[  145917ms] [LOG] [Fast Refresh] done in 288ms @ http://localhost:3000/_next/static/chunks/0brk_next_dist_0dm07mh._.js:776
[  146000ms] [LOG] [Fast Refresh] done in 288ms @ http://localhost:3000/_next/static/chunks/0brk_next_dist_0dm07mh._.js:776
[  146085ms] [LOG] [Fast Refresh] done in 288ms @ http://localhost:3000/_next/static/chunks/0brk_next_dist_0dm07mh._.js:776
[  146178ms] [LOG] [Fast Refresh] done in 288ms @ http://localhost:3000/_next/static/chunks/0brk_next_dist_0dm07mh._.js:776
[  146287ms] [LOG] [Fast Refresh] done in 288ms @ http://localhost:3000/_next/static/chunks/0brk_next_dist_0dm07mh._.js:776
[  146488ms] [LOG] [Fast Refresh] done in 288ms @ http://localhost:3000/_next/static/chunks/0brk_next_dist_0dm07mh._.js:776
[  146877ms] [LOG] [Fast Refresh] done in 288ms @ http://localhost:3000/_next/static/chunks/0brk_next_dist_0dm07mh._.js:776
[  147077ms] [LOG] [Fast Refresh] done in 288ms @ http://localhost:3000/_next/static/chunks/0brk_next_dist_0dm07mh._.js:776
[  147140ms] [LOG] [Fast Refresh] done in 288ms @ http://localhost:3000/_next/static/chunks/0brk_next_dist_0dm07mh._.js:776
[  147232ms] [LOG] [Fast Refresh] done in 288ms @ http://localhost:3000/_next/static/chunks/0brk_next_dist_0dm07mh._.js:776
[  147306ms] [LOG] [Fast Refresh] done in 288ms @ http://localhost:3000/_next/static/chunks/0brk_next_dist_0dm07mh._.js:776
[  147368ms] [LOG] [Fast Refresh] done in 288ms @ http://localhost:3000/_next/static/chunks/0brk_next_dist_0dm07mh._.js:776
[  147464ms] [LOG] [Fast Refresh] done in 288ms @ http://localhost:3000/_next/static/chunks/0brk_next_dist_0dm07mh._.js:776
[  147548ms] [LOG] [Fast Refresh] done in 288ms @ http://localhost:3000/_next/static/chunks/0brk_next_dist_0dm07mh._.js:776
[  147643ms] [LOG] [Fast Refresh] done in 288ms @ http://localhost:3000/_next/static/chunks/0brk_next_dist_0dm07mh._.js:776
[  147732ms] [LOG] [Fast Refresh] done in 288ms @ http://localhost:3000/_next/static/chunks/0brk_next_dist_0dm07mh._.js:776
[  147817ms] [LOG] [Fast Refresh] done in 288ms @ http://localhost:3000/_next/static/chunks/0brk_next_dist_0dm07mh._.js:776
[  148131ms] [LOG] [Fast Refresh] done in 288ms @ http://localhost:3000/_next/static/chunks/0brk_next_dist_0dm07mh._.js:776
[  148256ms] [LOG] [Fast Refresh] done in 288ms @ http://localhost:3000/_next/static/chunks/0brk_next_dist_0dm07mh._.js:776
[  148372ms] [LOG] [Fast Refresh] done in 288ms @ http://localhost:3000/_next/static/chunks/0brk_next_dist_0dm07mh._.js:776
[  148532ms] [LOG] [Fast Refresh] done in 288ms @ http://localhost:3000/_next/static/chunks/0brk_next_dist_0dm07mh._.js:776
[  148581ms] [LOG] [Fast Refresh] done in 288ms @ http://localhost:3000/_next/static/chunks/0brk_next_dist_0dm07mh._.js:776
[  148642ms] [LOG] [Fast Refresh] done in 288ms @ http://localhost:3000/_next/static/chunks/0brk_next_dist_0dm07mh._.js:776
[  148689ms] [LOG] [Fast Refresh] done in 288ms @ http://localhost:3000/_next/static/chunks/0brk_next_dist_0dm07mh._.js:776
[  148779ms] [LOG] [Fast Refresh] done in 288ms @ http://localhost:3000/_next/static/chunks/0brk_next_dist_0dm07mh._.js:776
[  148817ms] [LOG] [Fast Refresh] done in 288ms @ http://localhost:3000/_next/static/chunks/0brk_next_dist_0dm07mh._.js:776
[  148988ms] [LOG] [Fast Refresh] done in 288ms @ http://localhost:3000/_next/static/chunks/0brk_next_dist_0dm07mh._.js:776
[  149055ms] [LOG] [Fast Refresh] done in 288ms @ http://localhost:3000/_next/static/chunks/0brk_next_dist_0dm07mh._.js:776
[  149138ms] [LOG] [Fast Refresh] done in 288ms @ http://localhost:3000/_next/static/chunks/0brk_next_dist_0dm07mh._.js:776
[  149259ms] [LOG] [Fast Refresh] done in 288ms @ http://localhost:3000/_next/static/chunks/0brk_next_dist_0dm07mh._.js:776
[  149757ms] [LOG] [Fast Refresh] done in 288ms @ http://localhost:3000/_next/static/chunks/0brk_next_dist_0dm07mh._.js:776
[  149910ms] [LOG] [Fast Refresh] done in 288ms @ http://localhost:3000/_next/static/chunks/0brk_next_dist_0dm07mh._.js:776
[  150077ms] [LOG] [Fast Refresh] done in 288ms @ http://localhost:3000/_next/static/chunks/0brk_next_dist_0dm07mh._.js:776
[  150241ms] [LOG] [Fast Refresh] done in 288ms @ http://localhost:3000/_next/static/chunks/0brk_next_dist_0dm07mh._.js:776
[  150365ms] [LOG] [Fast Refresh] done in 288ms @ http://localhost:3000/_next/static/chunks/0brk_next_dist_0dm07mh._.js:776
[  150415ms] [LOG] [Fast Refresh] done in 288ms @ http://localhost:3000/_next/static/chunks/0brk_next_dist_0dm07mh._.js:776
[  150484ms] [LOG] [Fast Refresh] done in 288ms @ http://localhost:3000/_next/static/chunks/0brk_next_dist_0dm07mh._.js:776
[  150538ms] [LOG] [Fast Refresh] done in 288ms @ http://localhost:3000/_next/static/chunks/0brk_next_dist_0dm07mh._.js:776
[  150622ms] [LOG] [Fast Refresh] done in 288ms @ http://localhost:3000/_next/static/chunks/0brk_next_dist_0dm07mh._.js:776
[  150705ms] [LOG] [Fast Refresh] done in 288ms @ http://localhost:3000/_next/static/chunks/0brk_next_dist_0dm07mh._.js:776
[  150782ms] [LOG] [Fast Refresh] done in 288ms @ http://localhost:3000/_next/static/chunks/0brk_next_dist_0dm07mh._.js:776
[  150885ms] [LOG] [Fast Refresh] done in 288ms @ http://localhost:3000/_next/static/chunks/0brk_next_dist_0dm07mh._.js:776
[  150968ms] [LOG] [Fast Refresh] done in 288ms @ http://localhost:3000/_next/static/chunks/0brk_next_dist_0dm07mh._.js:776
[  151079ms] [LOG] [Fast Refresh] done in 288ms @ http://localhost:3000/_next/static/chunks/0brk_next_dist_0dm07mh._.js:776
[  151216ms] [LOG] [Fast Refresh] done in 288ms @ http://localhost:3000/_next/static/chunks/0brk_next_dist_0dm07mh._.js:776
[  151353ms] [LOG] [Fast Refresh] done in 288ms @ http://localhost:3000/_next/static/chunks/0brk_next_dist_0dm07mh._.js:776
[  151444ms] [LOG] [Fast Refresh] done in 288ms @ http://localhost:3000/_next/static/chunks/0brk_next_dist_0dm07mh._.js:776
[  151526ms] [LOG] [Fast Refresh] done in 288ms @ http://localhost:3000/_next/static/chunks/0brk_next_dist_0dm07mh._.js:776
[  151608ms] [LOG] [Fast Refresh] done in 288ms @ http://localhost:3000/_next/static/chunks/0brk_next_dist_0dm07mh._.js:776
[  151692ms] [LOG] [Fast Refresh] done in 288ms @ http://localhost:3000/_next/static/chunks/0brk_next_dist_0dm07mh._.js:776
[  151769ms] [LOG] [Fast Refresh] done in 288ms @ http://localhost:3000/_next/static/chunks/0brk_next_dist_0dm07mh._.js:776
[  151896ms] [LOG] [Fast Refresh] done in 288ms @ http://localhost:3000/_next/static/chunks/0brk_next_dist_0dm07mh._.js:776
[  151961ms] [LOG] [Fast Refresh] done in 288ms @ http://localhost:3000/_next/static/chunks/0brk_next_dist_0dm07mh._.js:776
[  152052ms] [LOG] [Fast Refresh] done in 288ms @ http://localhost:3000/_next/static/chunks/0brk_next_dist_0dm07mh._.js:776
[  152114ms] [LOG] [Fast Refresh] done in 288ms @ http://localhost:3000/_next/static/chunks/0brk_next_dist_0dm07mh._.js:776
[  152229ms] [LOG] [Fast Refresh] done in 288ms @ http://localhost:3000/_next/static/chunks/0brk_next_dist_0dm07mh._.js:776
[  152298ms] [LOG] [Fast Refresh] done in 288ms @ http://localhost:3000/_next/static/chunks/0brk_next_dist_0dm07mh._.js:776
[  152356ms] [LOG] [Fast Refresh] done in 288ms @ http://localhost:3000/_next/static/chunks/0brk_next_dist_0dm07mh._.js:776
[  152426ms] [LOG] [Fast Refresh] done in 288ms @ http://localhost:3000/_next/static/chunks/0brk_next_dist_0dm07mh._.js:776
[  152511ms] [LOG] [Fast Refresh] done in 288ms @ http://localhost:3000/_next/static/chunks/0brk_next_dist_0dm07mh._.js:776
[  152586ms] [LOG] [Fast Refresh] done in 288ms @ http://localhost:3000/_next/static/chunks/0brk_next_dist_0dm07mh._.js:776
[  152690ms] [LOG] [Fast Refresh] done in 288ms @ http://localhost:3000/_next/static/chunks/0brk_next_dist_0dm07mh._.js:776
[  152773ms] [LOG] [Fast Refresh] done in 288ms @ http://localhost:3000/_next/static/chunks/0brk_next_dist_0dm07mh._.js:776
[  152912ms] [LOG] [Fast Refresh] done in 288ms @ http://localhost:3000/_next/static/chunks/0brk_next_dist_0dm07mh._.js:776
[  153080ms] [LOG] [Fast Refresh] done in 288ms @ http://localhost:3000/_next/static/chunks/0brk_next_dist_0dm07mh._.js:776
[  153255ms] [LOG] [Fast Refresh] done in 288ms @ http://localhost:3000/_next/static/chunks/0brk_next_dist_0dm07mh._.js:776
[  153317ms] [LOG] [Fast Refresh] done in 288ms @ http://localhost:3000/_next/static/chunks/0brk_next_dist_0dm07mh._.js:776
[  153402ms] [LOG] [Fast Refresh] done in 288ms @ http://localhost:3000/_next/static/chunks/0brk_next_dist_0dm07mh._.js:776
[  153479ms] [LOG] [Fast Refresh] done in 288ms @ http://localhost:3000/_next/static/chunks/0brk_next_dist_0dm07mh._.js:776
[  153541ms] [LOG] [Fast Refresh] done in 288ms @ http://localhost:3000/_next/static/chunks/0brk_next_dist_0dm07mh._.js:776
[  153625ms] [LOG] [Fast Refresh] done in 288ms @ http://localhost:3000/_next/static/chunks/0brk_next_dist_0dm07mh._.js:776
[  153714ms] [LOG] [Fast Refresh] done in 288ms @ http://localhost:3000/_next/static/chunks/0brk_next_dist_0dm07mh._.js:776
[  153803ms] [LOG] [Fast Refresh] done in 288ms @ http://localhost:3000/_next/static/chunks/0brk_next_dist_0dm07mh._.js:776
[  153930ms] [LOG] [Fast Refresh] done in 288ms @ http://localhost:3000/_next/static/chunks/0brk_next_dist_0dm07mh._.js:776
[  154089ms] [LOG] [Fast Refresh] done in 288ms @ http://localhost:3000/_next/static/chunks/0brk_next_dist_0dm07mh._.js:776
[  154232ms] [LOG] [Fast Refresh] done in 288ms @ http://localhost:3000/_next/static/chunks/0brk_next_dist_0dm07mh._.js:776
[  154296ms] [LOG] [Fast Refresh] done in 288ms @ http://localhost:3000/_next/static/chunks/0brk_next_dist_0dm07mh._.js:776
[  154405ms] [LOG] [Fast Refresh] done in 288ms @ http://localhost:3000/_next/static/chunks/0brk_next_dist_0dm07mh._.js:776
[  154506ms] [LOG] [Fast Refresh] done in 288ms @ http://localhost:3000/_next/static/chunks/0brk_next_dist_0dm07mh._.js:776
[  154612ms] [LOG] [Fast Refresh] done in 288ms @ http://localhost:3000/_next/static/chunks/0brk_next_dist_0dm07mh._.js:776
[  154674ms] [LOG] [Fast Refresh] done in 288ms @ http://localhost:3000/_next/static/chunks/0brk_next_dist_0dm07mh._.js:776
[  154737ms] [LOG] [Fast Refresh] done in 288ms @ http://localhost:3000/_next/static/chunks/0brk_next_dist_0dm07mh._.js:776
[  154807ms] [LOG] [Fast Refresh] done in 288ms @ http://localhost:3000/_next/static/chunks/0brk_next_dist_0dm07mh._.js:776
[  154886ms] [LOG] [Fast Refresh] done in 288ms @ http://localhost:3000/_next/static/chunks/0brk_next_dist_0dm07mh._.js:776
[  154966ms] [LOG] [Fast Refresh] done in 288ms @ http://localhost:3000/_next/static/chunks/0brk_next_dist_0dm07mh._.js:776
[  155057ms] [LOG] [Fast Refresh] done in 288ms @ http://localhost:3000/_next/static/chunks/0brk_next_dist_0dm07mh._.js:776
[  155121ms] [LOG] [Fast Refresh] done in 288ms @ http://localhost:3000/_next/static/chunks/0brk_next_dist_0dm07mh._.js:776
[  155168ms] [LOG] [Fast Refresh] done in 288ms @ http://localhost:3000/_next/static/chunks/0brk_next_dist_0dm07mh._.js:776
[  155257ms] [LOG] [Fast Refresh] done in 288ms @ http://localhost:3000/_next/static/chunks/0brk_next_dist_0dm07mh._.js:776
[  155331ms] [LOG] [Fast Refresh] done in 288ms @ http://localhost:3000/_next/static/chunks/0brk_next_dist_0dm07mh._.js:776
[  155380ms] [LOG] [Fast Refresh] done in 288ms @ http://localhost:3000/_next/static/chunks/0brk_next_dist_0dm07mh._.js:776
[  155483ms] [LOG] [Fast Refresh] done in 288ms @ http://localhost:3000/_next/static/chunks/0brk_next_dist_0dm07mh._.js:776
[  155598ms] [LOG] [Fast Refresh] done in 288ms @ http://localhost:3000/_next/static/chunks/0brk_next_dist_0dm07mh._.js:776
[  155674ms] [LOG] [Fast Refresh] done in 288ms @ http://localhost:3000/_next/static/chunks/0brk_next_dist_0dm07mh._.js:776
[  155738ms] [LOG] [Fast Refresh] done in 288ms @ http://localhost:3000/_next/static/chunks/0brk_next_dist_0dm07mh._.js:776
[  155797ms] [LOG] [Fast Refresh] done in 288ms @ http://localhost:3000/_next/static/chunks/0brk_next_dist_0dm07mh._.js:776
[  155845ms] [LOG] [Fast Refresh] done in 288ms @ http://localhost:3000/_next/static/chunks/0brk_next_dist_0dm07mh._.js:776
[  155906ms] [LOG] [Fast Refresh] done in 288ms @ http://localhost:3000/_next/static/chunks/0brk_next_dist_0dm07mh._.js:776
[  155969ms] [LOG] [Fast Refresh] done in 288ms @ http://localhost:3000/_next/static/chunks/0brk_next_dist_0dm07mh._.js:776
[  156047ms] [LOG] [Fast Refresh] done in 288ms @ http://localhost:3000/_next/static/chunks/0brk_next_dist_0dm07mh._.js:776
[  156105ms] [LOG] [Fast Refresh] done in 288ms @ http://localhost:3000/_next/static/chunks/0brk_next_dist_0dm07mh._.js:776
[  156168ms] [LOG] [Fast Refresh] done in 288ms @ http://localhost:3000/_next/static/chunks/0brk_next_dist_0dm07mh._.js:776
[  156231ms] [LOG] [Fast Refresh] done in 288ms @ http://localhost:3000/_next/static/chunks/0brk_next_dist_0dm07mh._.js:776
[  156293ms] [LOG] [Fast Refresh] done in 288ms @ http://localhost:3000/_next/static/chunks/0brk_next_dist_0dm07mh._.js:776
[  156356ms] [LOG] [Fast Refresh] done in 288ms @ http://localhost:3000/_next/static/chunks/0brk_next_dist_0dm07mh._.js:776
[  156405ms] [LOG] [Fast Refresh] done in 288ms @ http://localhost:3000/_next/static/chunks/0brk_next_dist_0dm07mh._.js:776
[  156462ms] [LOG] [Fast Refresh] done in 288ms @ http://localhost:3000/_next/static/chunks/0brk_next_dist_0dm07mh._.js:776
[  156522ms] [LOG] [Fast Refresh] done in 288ms @ http://localhost:3000/_next/static/chunks/0brk_next_dist_0dm07mh._.js:776
[  156583ms] [LOG] [Fast Refresh] done in 288ms @ http://localhost:3000/_next/static/chunks/0brk_next_dist_0dm07mh._.js:776
[  156637ms] [LOG] [Fast Refresh] done in 288ms @ http://localhost:3000/_next/static/chunks/0brk_next_dist_0dm07mh._.js:776
[  156703ms] [LOG] [Fast Refresh] done in 288ms @ http://localhost:3000/_next/static/chunks/0brk_next_dist_0dm07mh._.js:776
[  156766ms] [LOG] [Fast Refresh] done in 288ms @ http://localhost:3000/_next/static/chunks/0brk_next_dist_0dm07mh._.js:776
[  156813ms] [LOG] [Fast Refresh] done in 288ms @ http://localhost:3000/_next/static/chunks/0brk_next_dist_0dm07mh._.js:776
[  156877ms] [LOG] [Fast Refresh] done in 288ms @ http://localhost:3000/_next/static/chunks/0brk_next_dist_0dm07mh._.js:776
[  156939ms] [LOG] [Fast Refresh] done in 288ms @ http://localhost:3000/_next/static/chunks/0brk_next_dist_0dm07mh._.js:776
[  157002ms] [LOG] [Fast Refresh] done in 288ms @ http://localhost:3000/_next/static/chunks/0brk_next_dist_0dm07mh._.js:776
[  157079ms] [LOG] [Fast Refresh] done in 288ms @ http://localhost:3000/_next/static/chunks/0brk_next_dist_0dm07mh._.js:776
[  157138ms] [LOG] [Fast Refresh] done in 288ms @ http://localhost:3000/_next/static/chunks/0brk_next_dist_0dm07mh._.js:776
[  157200ms] [LOG] [Fast Refresh] done in 288ms @ http://localhost:3000/_next/static/chunks/0brk_next_dist_0dm07mh._.js:776
[  157296ms] [LOG] [Fast Refresh] done in 288ms @ http://localhost:3000/_next/static/chunks/0brk_next_dist_0dm07mh._.js:776
[  157376ms] [LOG] [Fast Refresh] done in 288ms @ http://localhost:3000/_next/static/chunks/0brk_next_dist_0dm07mh._.js:776
[  157437ms] [LOG] [Fast Refresh] done in 288ms @ http://localhost:3000/_next/static/chunks/0brk_next_dist_0dm07mh._.js:776
[  157499ms] [LOG] [Fast Refresh] done in 288ms @ http://localhost:3000/_next/static/chunks/0brk_next_dist_0dm07mh._.js:776
[  157553ms] [LOG] [Fast Refresh] done in 288ms @ http://localhost:3000/_next/static/chunks/0brk_next_dist_0dm07mh._.js:776
[  157603ms] [LOG] [Fast Refresh] done in 288ms @ http://localhost:3000/_next/static/chunks/0brk_next_dist_0dm07mh._.js:776
[  157666ms] [LOG] [Fast Refresh] done in 288ms @ http://localhost:3000/_next/static/chunks/0brk_next_dist_0dm07mh._.js:776
[  157728ms] [LOG] [Fast Refresh] done in 288ms @ http://localhost:3000/_next/static/chunks/0brk_next_dist_0dm07mh._.js:776
[  157791ms] [LOG] [Fast Refresh] done in 288ms @ http://localhost:3000/_next/static/chunks/0brk_next_dist_0dm07mh._.js:776
[  157852ms] [LOG] [Fast Refresh] done in 288ms @ http://localhost:3000/_next/static/chunks/0brk_next_dist_0dm07mh._.js:776
[  157902ms] [LOG] [Fast Refresh] done in 288ms @ http://localhost:3000/_next/static/chunks/0brk_next_dist_0dm07mh._.js:776
[  157965ms] [LOG] [Fast Refresh] done in 288ms @ http://localhost:3000/_next/static/chunks/0brk_next_dist_0dm07mh._.js:776
[  158007ms] [LOG] [Fast Refresh] done in 288ms @ http://localhost:3000/_next/static/chunks/0brk_next_dist_0dm07mh._.js:776
[  158053ms] [LOG] [Fast Refresh] done in 288ms @ http://localhost:3000/_next/static/chunks/0brk_next_dist_0dm07mh._.js:776
[  158110ms] [LOG] [Fast Refresh] done in 288ms @ http://localhost:3000/_next/static/chunks/0brk_next_dist_0dm07mh._.js:776
[  158174ms] [LOG] [Fast Refresh] done in 288ms @ http://localhost:3000/_next/static/chunks/0brk_next_dist_0dm07mh._.js:776
[  158233ms] [LOG] [Fast Refresh] done in 288ms @ http://localhost:3000/_next/static/chunks/0brk_next_dist_0dm07mh._.js:776
[  158282ms] [LOG] [Fast Refresh] done in 288ms @ http://localhost:3000/_next/static/chunks/0brk_next_dist_0dm07mh._.js:776
[  158344ms] [LOG] [Fast Refresh] done in 288ms @ http://localhost:3000/_next/static/chunks/0brk_next_dist_0dm07mh._.js:776
[  158406ms] [LOG] [Fast Refresh] done in 288ms @ http://localhost:3000/_next/static/chunks/0brk_next_dist_0dm07mh._.js:776
[  158470ms] [LOG] [Fast Refresh] done in 288ms @ http://localhost:3000/_next/static/chunks/0brk_next_dist_0dm07mh._.js:776
[  158525ms] [LOG] [Fast Refresh] done in 288ms @ http://localhost:3000/_next/static/chunks/0brk_next_dist_0dm07mh._.js:776
[  158583ms] [LOG] [Fast Refresh] done in 288ms @ http://localhost:3000/_next/static/chunks/0brk_next_dist_0dm07mh._.js:776
[  158630ms] [LOG] [Fast Refresh] done in 288ms @ http://localhost:3000/_next/static/chunks/0brk_next_dist_0dm07mh._.js:776
[  158691ms] [LOG] [Fast Refresh] done in 288ms @ http://localhost:3000/_next/static/chunks/0brk_next_dist_0dm07mh._.js:776
[  158752ms] [LOG] [Fast Refresh] done in 288ms @ http://localhost:3000/_next/static/chunks/0brk_next_dist_0dm07mh._.js:776
[  158814ms] [LOG] [Fast Refresh] done in 288ms @ http://localhost:3000/_next/static/chunks/0brk_next_dist_0dm07mh._.js:776
[  158866ms] [LOG] [Fast Refresh] done in 288ms @ http://localhost:3000/_next/static/chunks/0brk_next_dist_0dm07mh._.js:776
[  158923ms] [LOG] [Fast Refresh] done in 288ms @ http://localhost:3000/_next/static/chunks/0brk_next_dist_0dm07mh._.js:776
[  159016ms] [LOG] [Fast Refresh] done in 288ms @ http://localhost:3000/_next/static/chunks/0brk_next_dist_0dm07mh._.js:776
[  159100ms] [LOG] [Fast Refresh] done in 288ms @ http://localhost:3000/_next/static/chunks/0brk_next_dist_0dm07mh._.js:776
[  159480ms] [LOG] [Fast Refresh] done in 288ms @ http://localhost:3000/_next/static/chunks/0brk_next_dist_0dm07mh._.js:776
[  160341ms] [LOG] [Fast Refresh] done in 288ms @ http://localhost:3000/_next/static/chunks/0brk_next_dist_0dm07mh._.js:776
[  160505ms] [LOG] [Fast Refresh] done in 288ms @ http://localhost:3000/_next/static/chunks/0brk_next_dist_0dm07mh._.js:776
[  160586ms] [LOG] [Fast Refresh] done in 288ms @ http://localhost:3000/_next/static/chunks/0brk_next_dist_0dm07mh._.js:776
[  160653ms] [LOG] [Fast Refresh] done in 288ms @ http://localhost:3000/_next/static/chunks/0brk_next_dist_0dm07mh._.js:776
[  160720ms] [LOG] [Fast Refresh] done in 288ms @ http://localhost:3000/_next/static/chunks/0brk_next_dist_0dm07mh._.js:776
[  160782ms] [LOG] [Fast Refresh] done in 288ms @ http://localhost:3000/_next/static/chunks/0brk_next_dist_0dm07mh._.js:776
[  160843ms] [LOG] [Fast Refresh] done in 288ms @ http://localhost:3000/_next/static/chunks/0brk_next_dist_0dm07mh._.js:776
[  160907ms] [LOG] [Fast Refresh] done in 288ms @ http://localhost:3000/_next/static/chunks/0brk_next_dist_0dm07mh._.js:776
[  160968ms] [LOG] [Fast Refresh] done in 288ms @ http://localhost:3000/_next/static/chunks/0brk_next_dist_0dm07mh._.js:776
[  161049ms] [LOG] [Fast Refresh] done in 288ms @ http://localhost:3000/_next/static/chunks/0brk_next_dist_0dm07mh._.js:776
[  161122ms] [LOG] [Fast Refresh] done in 288ms @ http://localhost:3000/_next/static/chunks/0brk_next_dist_0dm07mh._.js:776
[  161187ms] [LOG] [Fast Refresh] done in 288ms @ http://localhost:3000/_next/static/chunks/0brk_next_dist_0dm07mh._.js:776
[  161284ms] [LOG] [Fast Refresh] done in 288ms @ http://localhost:3000/_next/static/chunks/0brk_next_dist_0dm07mh._.js:776
[  161359ms] [LOG] [Fast Refresh] done in 288ms @ http://localhost:3000/_next/static/chunks/0brk_next_dist_0dm07mh._.js:776
[  161447ms] [LOG] [Fast Refresh] done in 288ms @ http://localhost:3000/_next/static/chunks/0brk_next_dist_0dm07mh._.js:776
[  161512ms] [LOG] [Fast Refresh] done in 288ms @ http://localhost:3000/_next/static/chunks/0brk_next_dist_0dm07mh._.js:776
[  161585ms] [LOG] [Fast Refresh] done in 288ms @ http://localhost:3000/_next/static/chunks/0brk_next_dist_0dm07mh._.js:776
[  161632ms] [LOG] [Fast Refresh] done in 288ms @ http://localhost:3000/_next/static/chunks/0brk_next_dist_0dm07mh._.js:776
[  161692ms] [LOG] [Fast Refresh] done in 288ms @ http://localhost:3000/_next/static/chunks/0brk_next_dist_0dm07mh._.js:776
[  161817ms] [LOG] [Fast Refresh] done in 288ms @ http://localhost:3000/_next/static/chunks/0brk_next_dist_0dm07mh._.js:776
[  161888ms] [LOG] [Fast Refresh] done in 288ms @ http://localhost:3000/_next/static/chunks/0brk_next_dist_0dm07mh._.js:776
[  161953ms] [LOG] [Fast Refresh] done in 288ms @ http://localhost:3000/_next/static/chunks/0brk_next_dist_0dm07mh._.js:776
[  162034ms] [LOG] [Fast Refresh] done in 288ms @ http://localhost:3000/_next/static/chunks/0brk_next_dist_0dm07mh._.js:776
[  162097ms] [LOG] [Fast Refresh] done in 288ms @ http://localhost:3000/_next/static/chunks/0brk_next_dist_0dm07mh._.js:776
[  162176ms] [LOG] [Fast Refresh] done in 288ms @ http://localhost:3000/_next/static/chunks/0brk_next_dist_0dm07mh._.js:776
[  162230ms] [LOG] [Fast Refresh] done in 288ms @ http://localhost:3000/_next/static/chunks/0brk_next_dist_0dm07mh._.js:776
[  162292ms] [LOG] [Fast Refresh] done in 288ms @ http://localhost:3000/_next/static/chunks/0brk_next_dist_0dm07mh._.js:776
[  162350ms] [LOG] [Fast Refresh] done in 288ms @ http://localhost:3000/_next/static/chunks/0brk_next_dist_0dm07mh._.js:776
[  162605ms] [LOG] [Fast Refresh] done in 288ms @ http://localhost:3000/_next/static/chunks/0brk_next_dist_0dm07mh._.js:776
[  164005ms] [LOG] [Fast Refresh] done in 288ms @ http://localhost:3000/_next/static/chunks/0brk_next_dist_0dm07mh._.js:776
[  164065ms] [LOG] [Fast Refresh] done in 288ms @ http://localhost:3000/_next/static/chunks/0brk_next_dist_0dm07mh._.js:776
[  164129ms] [LOG] [Fast Refresh] done in 288ms @ http://localhost:3000/_next/static/chunks/0brk_next_dist_0dm07mh._.js:776
[  164199ms] [LOG] [Fast Refresh] done in 288ms @ http://localhost:3000/_next/static/chunks/0brk_next_dist_0dm07mh._.js:776
[  164306ms] [LOG] [Fast Refresh] done in 288ms @ http://localhost:3000/_next/static/chunks/0brk_next_dist_0dm07mh._.js:776
[  164369ms] [LOG] [Fast Refresh] done in 288ms @ http://localhost:3000/_next/static/chunks/0brk_next_dist_0dm07mh._.js:776
[  164443ms] [LOG] [Fast Refresh] done in 288ms @ http://localhost:3000/_next/static/chunks/0brk_next_dist_0dm07mh._.js:776
[  164518ms] [LOG] [Fast Refresh] done in 288ms @ http://localhost:3000/_next/static/chunks/0brk_next_dist_0dm07mh._.js:776
[  164581ms] [LOG] [Fast Refresh] done in 288ms @ http://localhost:3000/_next/static/chunks/0brk_next_dist_0dm07mh._.js:776
[  164642ms] [LOG] [Fast Refresh] done in 288ms @ http://localhost:3000/_next/static/chunks/0brk_next_dist_0dm07mh._.js:776
[  164706ms] [LOG] [Fast Refresh] done in 288ms @ http://localhost:3000/_next/static/chunks/0brk_next_dist_0dm07mh._.js:776
[  164759ms] [LOG] [Fast Refresh] done in 288ms @ http://localhost:3000/_next/static/chunks/0brk_next_dist_0dm07mh._.js:776
[  164822ms] [LOG] [Fast Refresh] done in 288ms @ http://localhost:3000/_next/static/chunks/0brk_next_dist_0dm07mh._.js:776
[  164869ms] [LOG] [Fast Refresh] done in 288ms @ http://localhost:3000/_next/static/chunks/0brk_next_dist_0dm07mh._.js:776
[  164931ms] [LOG] [Fast Refresh] done in 288ms @ http://localhost:3000/_next/static/chunks/0brk_next_dist_0dm07mh._.js:776
[  164983ms] [LOG] [Fast Refresh] done in 288ms @ http://localhost:3000/_next/static/chunks/0brk_next_dist_0dm07mh._.js:776
[  165032ms] [LOG] [Fast Refresh] done in 288ms @ http://localhost:3000/_next/static/chunks/0brk_next_dist_0dm07mh._.js:776
[  165093ms] [LOG] [Fast Refresh] done in 288ms @ http://localhost:3000/_next/static/chunks/0brk_next_dist_0dm07mh._.js:776
[  165154ms] [LOG] [Fast Refresh] done in 288ms @ http://localhost:3000/_next/static/chunks/0brk_next_dist_0dm07mh._.js:776
[  165207ms] [LOG] [Fast Refresh] done in 288ms @ http://localhost:3000/_next/static/chunks/0brk_next_dist_0dm07mh._.js:776
[  165350ms] [LOG] [Fast Refresh] done in 288ms @ http://localhost:3000/_next/static/chunks/0brk_next_dist_0dm07mh._.js:776
[  166630ms] [LOG] [Fast Refresh] done in 288ms @ http://localhost:3000/_next/static/chunks/0brk_next_dist_0dm07mh._.js:776
[  166751ms] [LOG] [Fast Refresh] done in 288ms @ http://localhost:3000/_next/static/chunks/0brk_next_dist_0dm07mh._.js:776
[  166801ms] [LOG] [Fast Refresh] done in 288ms @ http://localhost:3000/_next/static/chunks/0brk_next_dist_0dm07mh._.js:776
[  166853ms] [LOG] [Fast Refresh] done in 288ms @ http://localhost:3000/_next/static/chunks/0brk_next_dist_0dm07mh._.js:776
[  166917ms] [LOG] [Fast Refresh] done in 288ms @ http://localhost:3000/_next/static/chunks/0brk_next_dist_0dm07mh._.js:776
[  166979ms] [LOG] [Fast Refresh] done in 288ms @ http://localhost:3000/_next/static/chunks/0brk_next_dist_0dm07mh._.js:776
[  167037ms] [LOG] [Fast Refresh] done in 288ms @ http://localhost:3000/_next/static/chunks/0brk_next_dist_0dm07mh._.js:776
[  167100ms] [LOG] [Fast Refresh] done in 288ms @ http://localhost:3000/_next/static/chunks/0brk_next_dist_0dm07mh._.js:776
[  167148ms] [LOG] [Fast Refresh] done in 288ms @ http://localhost:3000/_next/static/chunks/0brk_next_dist_0dm07mh._.js:776
[  167201ms] [LOG] [Fast Refresh] done in 288ms @ http://localhost:3000/_next/static/chunks/0brk_next_dist_0dm07mh._.js:776
[  167263ms] [LOG] [Fast Refresh] done in 288ms @ http://localhost:3000/_next/static/chunks/0brk_next_dist_0dm07mh._.js:776
[  167325ms] [LOG] [Fast Refresh] done in 288ms @ http://localhost:3000/_next/static/chunks/0brk_next_dist_0dm07mh._.js:776
[  167373ms] [LOG] [Fast Refresh] done in 288ms @ http://localhost:3000/_next/static/chunks/0brk_next_dist_0dm07mh._.js:776
[  167423ms] [LOG] [Fast Refresh] done in 288ms @ http://localhost:3000/_next/static/chunks/0brk_next_dist_0dm07mh._.js:776
[  167485ms] [LOG] [Fast Refresh] done in 288ms @ http://localhost:3000/_next/static/chunks/0brk_next_dist_0dm07mh._.js:776
[  167537ms] [LOG] [Fast Refresh] done in 288ms @ http://localhost:3000/_next/static/chunks/0brk_next_dist_0dm07mh._.js:776
[  167593ms] [LOG] [Fast Refresh] done in 288ms @ http://localhost:3000/_next/static/chunks/0brk_next_dist_0dm07mh._.js:776
[  167653ms] [LOG] [Fast Refresh] done in 288ms @ http://localhost:3000/_next/static/chunks/0brk_next_dist_0dm07mh._.js:776
[  167702ms] [LOG] [Fast Refresh] done in 288ms @ http://localhost:3000/_next/static/chunks/0brk_next_dist_0dm07mh._.js:776
[  167751ms] [LOG] [Fast Refresh] done in 288ms @ http://localhost:3000/_next/static/chunks/0brk_next_dist_0dm07mh._.js:776
[  167799ms] [LOG] [Fast Refresh] done in 288ms @ http://localhost:3000/_next/static/chunks/0brk_next_dist_0dm07mh._.js:776
[  167870ms] [LOG] [Fast Refresh] done in 288ms @ http://localhost:3000/_next/static/chunks/0brk_next_dist_0dm07mh._.js:776
[  167932ms] [LOG] [Fast Refresh] done in 288ms @ http://localhost:3000/_next/static/chunks/0brk_next_dist_0dm07mh._.js:776
[  167994ms] [LOG] [Fast Refresh] done in 288ms @ http://localhost:3000/_next/static/chunks/0brk_next_dist_0dm07mh._.js:776
[  168055ms] [LOG] [Fast Refresh] done in 288ms @ http://localhost:3000/_next/static/chunks/0brk_next_dist_0dm07mh._.js:776
[  168118ms] [LOG] [Fast Refresh] done in 288ms @ http://localhost:3000/_next/static/chunks/0brk_next_dist_0dm07mh._.js:776
[  168174ms] [LOG] [Fast Refresh] done in 288ms @ http://localhost:3000/_next/static/chunks/0brk_next_dist_0dm07mh._.js:776
[  168231ms] [LOG] [Fast Refresh] done in 288ms @ http://localhost:3000/_next/static/chunks/0brk_next_dist_0dm07mh._.js:776
[  168292ms] [LOG] [Fast Refresh] done in 288ms @ http://localhost:3000/_next/static/chunks/0brk_next_dist_0dm07mh._.js:776
[  168354ms] [LOG] [Fast Refresh] done in 288ms @ http://localhost:3000/_next/static/chunks/0brk_next_dist_0dm07mh._.js:776
[  168411ms] [LOG] [Fast Refresh] done in 288ms @ http://localhost:3000/_next/static/chunks/0brk_next_dist_0dm07mh._.js:776
[  168474ms] [LOG] [Fast Refresh] done in 288ms @ http://localhost:3000/_next/static/chunks/0brk_next_dist_0dm07mh._.js:776
[  168522ms] [LOG] [Fast Refresh] done in 288ms @ http://localhost:3000/_next/static/chunks/0brk_next_dist_0dm07mh._.js:776
[  168573ms] [LOG] [Fast Refresh] done in 288ms @ http://localhost:3000/_next/static/chunks/0brk_next_dist_0dm07mh._.js:776
[  168622ms] [LOG] [Fast Refresh] done in 288ms @ http://localhost:3000/_next/static/chunks/0brk_next_dist_0dm07mh._.js:776
[  168684ms] [LOG] [Fast Refresh] done in 288ms @ http://localhost:3000/_next/static/chunks/0brk_next_dist_0dm07mh._.js:776
[  168737ms] [LOG] [Fast Refresh] done in 288ms @ http://localhost:3000/_next/static/chunks/0brk_next_dist_0dm07mh._.js:776
[  168801ms] [LOG] [Fast Refresh] done in 288ms @ http://localhost:3000/_next/static/chunks/0brk_next_dist_0dm07mh._.js:776
[  168863ms] [LOG] [Fast Refresh] done in 288ms @ http://localhost:3000/_next/static/chunks/0brk_next_dist_0dm07mh._.js:776
[  168911ms] [LOG] [Fast Refresh] done in 288ms @ http://localhost:3000/_next/static/chunks/0brk_next_dist_0dm07mh._.js:776
[  168973ms] [LOG] [Fast Refresh] done in 288ms @ http://localhost:3000/_next/static/chunks/0brk_next_dist_0dm07mh._.js:776
[  169022ms] [LOG] [Fast Refresh] done in 288ms @ http://localhost:3000/_next/static/chunks/0brk_next_dist_0dm07mh._.js:776
[  169085ms] [LOG] [Fast Refresh] done in 288ms @ http://localhost:3000/_next/static/chunks/0brk_next_dist_0dm07mh._.js:776
[  169137ms] [LOG] [Fast Refresh] done in 288ms @ http://localhost:3000/_next/static/chunks/0brk_next_dist_0dm07mh._.js:776
[  169203ms] [LOG] [Fast Refresh] done in 288ms @ http://localhost:3000/_next/static/chunks/0brk_next_dist_0dm07mh._.js:776
[  169268ms] [LOG] [Fast Refresh] done in 288ms @ http://localhost:3000/_next/static/chunks/0brk_next_dist_0dm07mh._.js:776
[  169330ms] [LOG] [Fast Refresh] done in 288ms @ http://localhost:3000/_next/static/chunks/0brk_next_dist_0dm07mh._.js:776
[  169378ms] [LOG] [Fast Refresh] done in 288ms @ http://localhost:3000/_next/static/chunks/0brk_next_dist_0dm07mh._.js:776
[  169437ms] [LOG] [Fast Refresh] done in 288ms @ http://localhost:3000/_next/static/chunks/0brk_next_dist_0dm07mh._.js:776
[  169519ms] [LOG] [Fast Refresh] done in 288ms @ http://localhost:3000/_next/static/chunks/0brk_next_dist_0dm07mh._.js:776
[  169572ms] [LOG] [Fast Refresh] done in 288ms @ http://localhost:3000/_next/static/chunks/0brk_next_dist_0dm07mh._.js:776
[  169620ms] [LOG] [Fast Refresh] done in 288ms @ http://localhost:3000/_next/static/chunks/0brk_next_dist_0dm07mh._.js:776
[  169672ms] [LOG] [Fast Refresh] done in 288ms @ http://localhost:3000/_next/static/chunks/0brk_next_dist_0dm07mh._.js:776
[  169738ms] [LOG] [Fast Refresh] done in 288ms @ http://localhost:3000/_next/static/chunks/0brk_next_dist_0dm07mh._.js:776
[  169845ms] [LOG] [Fast Refresh] done in 288ms @ http://localhost:3000/_next/static/chunks/0brk_next_dist_0dm07mh._.js:776
[  169923ms] [LOG] [Fast Refresh] done in 288ms @ http://localhost:3000/_next/static/chunks/0brk_next_dist_0dm07mh._.js:776
[  169985ms] [LOG] [Fast Refresh] done in 288ms @ http://localhost:3000/_next/static/chunks/0brk_next_dist_0dm07mh._.js:776
[  170061ms] [LOG] [Fast Refresh] done in 288ms @ http://localhost:3000/_next/static/chunks/0brk_next_dist_0dm07mh._.js:776
[  170121ms] [LOG] [Fast Refresh] done in 288ms @ http://localhost:3000/_next/static/chunks/0brk_next_dist_0dm07mh._.js:776
[  170169ms] [LOG] [Fast Refresh] done in 288ms @ http://localhost:3000/_next/static/chunks/0brk_next_dist_0dm07mh._.js:776
[  170222ms] [LOG] [Fast Refresh] done in 288ms @ http://localhost:3000/_next/static/chunks/0brk_next_dist_0dm07mh._.js:776
[  170283ms] [LOG] [Fast Refresh] done in 288ms @ http://localhost:3000/_next/static/chunks/0brk_next_dist_0dm07mh._.js:776
[  170338ms] [LOG] [Fast Refresh] done in 288ms @ http://localhost:3000/_next/static/chunks/0brk_next_dist_0dm07mh._.js:776
[  170386ms] [LOG] [Fast Refresh] done in 288ms @ http://localhost:3000/_next/static/chunks/0brk_next_dist_0dm07mh._.js:776
[  170447ms] [LOG] [Fast Refresh] done in 288ms @ http://localhost:3000/_next/static/chunks/0brk_next_dist_0dm07mh._.js:776
[  170510ms] [LOG] [Fast Refresh] done in 288ms @ http://localhost:3000/_next/static/chunks/0brk_next_dist_0dm07mh._.js:776
[  170572ms] [LOG] [Fast Refresh] done in 288ms @ http://localhost:3000/_next/static/chunks/0brk_next_dist_0dm07mh._.js:776
[  170631ms] [LOG] [Fast Refresh] done in 288ms @ http://localhost:3000/_next/static/chunks/0brk_next_dist_0dm07mh._.js:776
[  170695ms] [LOG] [Fast Refresh] done in 288ms @ http://localhost:3000/_next/static/chunks/0brk_next_dist_0dm07mh._.js:776
[  170768ms] [LOG] [Fast Refresh] done in 288ms @ http://localhost:3000/_next/static/chunks/0brk_next_dist_0dm07mh._.js:776
[  170840ms] [LOG] [Fast Refresh] done in 288ms @ http://localhost:3000/_next/static/chunks/0brk_next_dist_0dm07mh._.js:776
[  170913ms] [LOG] [Fast Refresh] done in 288ms @ http://localhost:3000/_next/static/chunks/0brk_next_dist_0dm07mh._.js:776
[  170974ms] [LOG] [Fast Refresh] done in 288ms @ http://localhost:3000/_next/static/chunks/0brk_next_dist_0dm07mh._.js:776
[  171036ms] [LOG] [Fast Refresh] done in 288ms @ http://localhost:3000/_next/static/chunks/0brk_next_dist_0dm07mh._.js:776
[  171101ms] [LOG] [Fast Refresh] done in 288ms @ http://localhost:3000/_next/static/chunks/0brk_next_dist_0dm07mh._.js:776
[  171165ms] [LOG] [Fast Refresh] done in 288ms @ http://localhost:3000/_next/static/chunks/0brk_next_dist_0dm07mh._.js:776
[  171228ms] [LOG] [Fast Refresh] done in 288ms @ http://localhost:3000/_next/static/chunks/0brk_next_dist_0dm07mh._.js:776
[  171290ms] [LOG] [Fast Refresh] done in 288ms @ http://localhost:3000/_next/static/chunks/0brk_next_dist_0dm07mh._.js:776
[  171355ms] [LOG] [Fast Refresh] done in 288ms @ http://localhost:3000/_next/static/chunks/0brk_next_dist_0dm07mh._.js:776
[  171407ms] [LOG] [Fast Refresh] done in 288ms @ http://localhost:3000/_next/static/chunks/0brk_next_dist_0dm07mh._.js:776
[  171469ms] [LOG] [Fast Refresh] done in 288ms @ http://localhost:3000/_next/static/chunks/0brk_next_dist_0dm07mh._.js:776
[  171519ms] [LOG] [Fast Refresh] done in 288ms @ http://localhost:3000/_next/static/chunks/0brk_next_dist_0dm07mh._.js:776
[  171579ms] [LOG] [Fast Refresh] done in 288ms @ http://localhost:3000/_next/static/chunks/0brk_next_dist_0dm07mh._.js:776
[  171632ms] [LOG] [Fast Refresh] done in 288ms @ http://localhost:3000/_next/static/chunks/0brk_next_dist_0dm07mh._.js:776
[  171702ms] [LOG] [Fast Refresh] done in 288ms @ http://localhost:3000/_next/static/chunks/0brk_next_dist_0dm07mh._.js:776
[  171753ms] [LOG] [Fast Refresh] done in 288ms @ http://localhost:3000/_next/static/chunks/0brk_next_dist_0dm07mh._.js:776
[  171803ms] [LOG] [Fast Refresh] done in 288ms @ http://localhost:3000/_next/static/chunks/0brk_next_dist_0dm07mh._.js:776
[  171868ms] [LOG] [Fast Refresh] done in 288ms @ http://localhost:3000/_next/static/chunks/0brk_next_dist_0dm07mh._.js:776
[  171923ms] [LOG] [Fast Refresh] done in 288ms @ http://localhost:3000/_next/static/chunks/0brk_next_dist_0dm07mh._.js:776
[  171984ms] [LOG] [Fast Refresh] done in 288ms @ http://localhost:3000/_next/static/chunks/0brk_next_dist_0dm07mh._.js:776
[  172047ms] [LOG] [Fast Refresh] done in 288ms @ http://localhost:3000/_next/static/chunks/0brk_next_dist_0dm07mh._.js:776
[  172106ms] [LOG] [Fast Refresh] done in 288ms @ http://localhost:3000/_next/static/chunks/0brk_next_dist_0dm07mh._.js:776
[  172168ms] [LOG] [Fast Refresh] done in 288ms @ http://localhost:3000/_next/static/chunks/0brk_next_dist_0dm07mh._.js:776
[  172223ms] [LOG] [Fast Refresh] done in 288ms @ http://localhost:3000/_next/static/chunks/0brk_next_dist_0dm07mh._.js:776
[  172285ms] [LOG] [Fast Refresh] done in 288ms @ http://localhost:3000/_next/static/chunks/0brk_next_dist_0dm07mh._.js:776
[  172339ms] [LOG] [Fast Refresh] done in 288ms @ http://localhost:3000/_next/static/chunks/0brk_next_dist_0dm07mh._.js:776
[  172390ms] [LOG] [Fast Refresh] done in 288ms @ http://localhost:3000/_next/static/chunks/0brk_next_dist_0dm07mh._.js:776
[  172453ms] [LOG] [Fast Refresh] done in 288ms @ http://localhost:3000/_next/static/chunks/0brk_next_dist_0dm07mh._.js:776
[  172502ms] [LOG] [Fast Refresh] done in 288ms @ http://localhost:3000/_next/static/chunks/0brk_next_dist_0dm07mh._.js:776
[  172563ms] [LOG] [Fast Refresh] done in 288ms @ http://localhost:3000/_next/static/chunks/0brk_next_dist_0dm07mh._.js:776
[  172614ms] [LOG] [Fast Refresh] done in 288ms @ http://localhost:3000/_next/static/chunks/0brk_next_dist_0dm07mh._.js:776
[  172680ms] [LOG] [Fast Refresh] done in 288ms @ http://localhost:3000/_next/static/chunks/0brk_next_dist_0dm07mh._.js:776
[  172730ms] [LOG] [Fast Refresh] done in 288ms @ http://localhost:3000/_next/static/chunks/0brk_next_dist_0dm07mh._.js:776
[  172793ms] [LOG] [Fast Refresh] done in 288ms @ http://localhost:3000/_next/static/chunks/0brk_next_dist_0dm07mh._.js:776
[  172841ms] [LOG] [Fast Refresh] done in 288ms @ http://localhost:3000/_next/static/chunks/0brk_next_dist_0dm07mh._.js:776
[  172903ms] [LOG] [Fast Refresh] done in 288ms @ http://localhost:3000/_next/static/chunks/0brk_next_dist_0dm07mh._.js:776
[  172970ms] [LOG] [Fast Refresh] done in 288ms @ http://localhost:3000/_next/static/chunks/0brk_next_dist_0dm07mh._.js:776
[  173024ms] [LOG] [Fast Refresh] done in 288ms @ http://localhost:3000/_next/static/chunks/0brk_next_dist_0dm07mh._.js:776
[  173085ms] [LOG] [Fast Refresh] done in 288ms @ http://localhost:3000/_next/static/chunks/0brk_next_dist_0dm07mh._.js:776
[  173136ms] [LOG] [Fast Refresh] done in 288ms @ http://localhost:3000/_next/static/chunks/0brk_next_dist_0dm07mh._.js:776
[  173203ms] [LOG] [Fast Refresh] done in 288ms @ http://localhost:3000/_next/static/chunks/0brk_next_dist_0dm07mh._.js:776
[  173269ms] [LOG] [Fast Refresh] done in 288ms @ http://localhost:3000/_next/static/chunks/0brk_next_dist_0dm07mh._.js:776
[  173322ms] [LOG] [Fast Refresh] done in 288ms @ http://localhost:3000/_next/static/chunks/0brk_next_dist_0dm07mh._.js:776
[  173371ms] [LOG] [Fast Refresh] done in 288ms @ http://localhost:3000/_next/static/chunks/0brk_next_dist_0dm07mh._.js:776
[  173420ms] [LOG] [Fast Refresh] done in 288ms @ http://localhost:3000/_next/static/chunks/0brk_next_dist_0dm07mh._.js:776
[  173481ms] [LOG] [Fast Refresh] done in 288ms @ http://localhost:3000/_next/static/chunks/0brk_next_dist_0dm07mh._.js:776
[  173529ms] [LOG] [Fast Refresh] done in 288ms @ http://localhost:3000/_next/static/chunks/0brk_next_dist_0dm07mh._.js:776
[  173593ms] [LOG] [Fast Refresh] done in 288ms @ http://localhost:3000/_next/static/chunks/0brk_next_dist_0dm07mh._.js:776
[  173640ms] [LOG] [Fast Refresh] done in 288ms @ http://localhost:3000/_next/static/chunks/0brk_next_dist_0dm07mh._.js:776
[  173703ms] [LOG] [Fast Refresh] done in 288ms @ http://localhost:3000/_next/static/chunks/0brk_next_dist_0dm07mh._.js:776
[  173762ms] [LOG] [Fast Refresh] done in 288ms @ http://localhost:3000/_next/static/chunks/0brk_next_dist_0dm07mh._.js:776
[  173814ms] [LOG] [Fast Refresh] done in 288ms @ http://localhost:3000/_next/static/chunks/0brk_next_dist_0dm07mh._.js:776
[  173879ms] [LOG] [Fast Refresh] done in 288ms @ http://localhost:3000/_next/static/chunks/0brk_next_dist_0dm07mh._.js:776
[  173943ms] [LOG] [Fast Refresh] done in 288ms @ http://localhost:3000/_next/static/chunks/0brk_next_dist_0dm07mh._.js:776
[  174006ms] [LOG] [Fast Refresh] done in 288ms @ http://localhost:3000/_next/static/chunks/0brk_next_dist_0dm07mh._.js:776
[  174067ms] [LOG] [Fast Refresh] done in 288ms @ http://localhost:3000/_next/static/chunks/0brk_next_dist_0dm07mh._.js:776
[  174115ms] [LOG] [Fast Refresh] done in 288ms @ http://localhost:3000/_next/static/chunks/0brk_next_dist_0dm07mh._.js:776
[  174180ms] [LOG] [Fast Refresh] done in 288ms @ http://localhost:3000/_next/static/chunks/0brk_next_dist_0dm07mh._.js:776
[  174245ms] [LOG] [Fast Refresh] done in 288ms @ http://localhost:3000/_next/static/chunks/0brk_next_dist_0dm07mh._.js:776
[  174303ms] [LOG] [Fast Refresh] done in 288ms @ http://localhost:3000/_next/static/chunks/0brk_next_dist_0dm07mh._.js:776
[  174351ms] [LOG] [Fast Refresh] done in 288ms @ http://localhost:3000/_next/static/chunks/0brk_next_dist_0dm07mh._.js:776
[  174405ms] [LOG] [Fast Refresh] done in 288ms @ http://localhost:3000/_next/static/chunks/0brk_next_dist_0dm07mh._.js:776
[  174455ms] [LOG] [Fast Refresh] done in 288ms @ http://localhost:3000/_next/static/chunks/0brk_next_dist_0dm07mh._.js:776
[  174503ms] [LOG] [Fast Refresh] done in 288ms @ http://localhost:3000/_next/static/chunks/0brk_next_dist_0dm07mh._.js:776
[  174566ms] [LOG] [Fast Refresh] done in 288ms @ http://localhost:3000/_next/static/chunks/0brk_next_dist_0dm07mh._.js:776
[  174618ms] [LOG] [Fast Refresh] done in 288ms @ http://localhost:3000/_next/static/chunks/0brk_next_dist_0dm07mh._.js:776
[  174681ms] [LOG] [Fast Refresh] done in 288ms @ http://localhost:3000/_next/static/chunks/0brk_next_dist_0dm07mh._.js:776
[  174747ms] [LOG] [Fast Refresh] done in 288ms @ http://localhost:3000/_next/static/chunks/0brk_next_dist_0dm07mh._.js:776
[  174800ms] [LOG] [Fast Refresh] done in 288ms @ http://localhost:3000/_next/static/chunks/0brk_next_dist_0dm07mh._.js:776
[  174857ms] [LOG] [Fast Refresh] done in 288ms @ http://localhost:3000/_next/static/chunks/0brk_next_dist_0dm07mh._.js:776
[  174908ms] [LOG] [Fast Refresh] done in 288ms @ http://localhost:3000/_next/static/chunks/0brk_next_dist_0dm07mh._.js:776
[  174971ms] [LOG] [Fast Refresh] done in 288ms @ http://localhost:3000/_next/static/chunks/0brk_next_dist_0dm07mh._.js:776
[  175020ms] [LOG] [Fast Refresh] done in 288ms @ http://localhost:3000/_next/static/chunks/0brk_next_dist_0dm07mh._.js:776
[  175082ms] [LOG] [Fast Refresh] done in 288ms @ http://localhost:3000/_next/static/chunks/0brk_next_dist_0dm07mh._.js:776
[  175131ms] [LOG] [Fast Refresh] done in 288ms @ http://localhost:3000/_next/static/chunks/0brk_next_dist_0dm07mh._.js:776
[  175182ms] [LOG] [Fast Refresh] done in 288ms @ http://localhost:3000/_next/static/chunks/0brk_next_dist_0dm07mh._.js:776
[  175236ms] [LOG] [Fast Refresh] done in 288ms @ http://localhost:3000/_next/static/chunks/0brk_next_dist_0dm07mh._.js:776
[  175298ms] [LOG] [Fast Refresh] done in 288ms @ http://localhost:3000/_next/static/chunks/0brk_next_dist_0dm07mh._.js:776
[  175360ms] [LOG] [Fast Refresh] done in 288ms @ http://localhost:3000/_next/static/chunks/0brk_next_dist_0dm07mh._.js:776
[  175411ms] [LOG] [Fast Refresh] done in 288ms @ http://localhost:3000/_next/static/chunks/0brk_next_dist_0dm07mh._.js:776
[  175474ms] [LOG] [Fast Refresh] done in 288ms @ http://localhost:3000/_next/static/chunks/0brk_next_dist_0dm07mh._.js:776
[  175536ms] [LOG] [Fast Refresh] done in 288ms @ http://localhost:3000/_next/static/chunks/0brk_next_dist_0dm07mh._.js:776
[  175597ms] [LOG] [Fast Refresh] done in 288ms @ http://localhost:3000/_next/static/chunks/0brk_next_dist_0dm07mh._.js:776
[  175660ms] [LOG] [Fast Refresh] done in 288ms @ http://localhost:3000/_next/static/chunks/0brk_next_dist_0dm07mh._.js:776
[  175723ms] [LOG] [Fast Refresh] done in 288ms @ http://localhost:3000/_next/static/chunks/0brk_next_dist_0dm07mh._.js:776
[  175787ms] [LOG] [Fast Refresh] done in 288ms @ http://localhost:3000/_next/static/chunks/0brk_next_dist_0dm07mh._.js:776
[  175853ms] [LOG] [Fast Refresh] done in 288ms @ http://localhost:3000/_next/static/chunks/0brk_next_dist_0dm07mh._.js:776
[  175906ms] [LOG] [Fast Refresh] done in 288ms @ http://localhost:3000/_next/static/chunks/0brk_next_dist_0dm07mh._.js:776
[  175970ms] [LOG] [Fast Refresh] done in 288ms @ http://localhost:3000/_next/static/chunks/0brk_next_dist_0dm07mh._.js:776
[  176032ms] [LOG] [Fast Refresh] done in 288ms @ http://localhost:3000/_next/static/chunks/0brk_next_dist_0dm07mh._.js:776
[  176093ms] [LOG] [Fast Refresh] done in 288ms @ http://localhost:3000/_next/static/chunks/0brk_next_dist_0dm07mh._.js:776
[  176155ms] [LOG] [Fast Refresh] done in 288ms @ http://localhost:3000/_next/static/chunks/0brk_next_dist_0dm07mh._.js:776
[  176217ms] [LOG] [Fast Refresh] done in 288ms @ http://localhost:3000/_next/static/chunks/0brk_next_dist_0dm07mh._.js:776
[  176280ms] [LOG] [Fast Refresh] done in 288ms @ http://localhost:3000/_next/static/chunks/0brk_next_dist_0dm07mh._.js:776
[  176343ms] [LOG] [Fast Refresh] done in 288ms @ http://localhost:3000/_next/static/chunks/0brk_next_dist_0dm07mh._.js:776
[  176403ms] [LOG] [Fast Refresh] done in 288ms @ http://localhost:3000/_next/static/chunks/0brk_next_dist_0dm07mh._.js:776
[  176450ms] [LOG] [Fast Refresh] done in 288ms @ http://localhost:3000/_next/static/chunks/0brk_next_dist_0dm07mh._.js:776
[  176528ms] [LOG] [Fast Refresh] done in 288ms @ http://localhost:3000/_next/static/chunks/0brk_next_dist_0dm07mh._.js:776
[  176589ms] [LOG] [Fast Refresh] done in 288ms @ http://localhost:3000/_next/static/chunks/0brk_next_dist_0dm07mh._.js:776
[  176651ms] [LOG] [Fast Refresh] done in 288ms @ http://localhost:3000/_next/static/chunks/0brk_next_dist_0dm07mh._.js:776
[  176714ms] [LOG] [Fast Refresh] done in 288ms @ http://localhost:3000/_next/static/chunks/0brk_next_dist_0dm07mh._.js:776
[  176776ms] [LOG] [Fast Refresh] done in 288ms @ http://localhost:3000/_next/static/chunks/0brk_next_dist_0dm07mh._.js:776
[  176838ms] [LOG] [Fast Refresh] done in 288ms @ http://localhost:3000/_next/static/chunks/0brk_next_dist_0dm07mh._.js:776
[  176898ms] [LOG] [Fast Refresh] done in 288ms @ http://localhost:3000/_next/static/chunks/0brk_next_dist_0dm07mh._.js:776
[  176961ms] [LOG] [Fast Refresh] done in 288ms @ http://localhost:3000/_next/static/chunks/0brk_next_dist_0dm07mh._.js:776
[  177023ms] [LOG] [Fast Refresh] done in 288ms @ http://localhost:3000/_next/static/chunks/0brk_next_dist_0dm07mh._.js:776
[  177085ms] [LOG] [Fast Refresh] done in 288ms @ http://localhost:3000/_next/static/chunks/0brk_next_dist_0dm07mh._.js:776
[  177147ms] [LOG] [Fast Refresh] done in 288ms @ http://localhost:3000/_next/static/chunks/0brk_next_dist_0dm07mh._.js:776
[  177208ms] [LOG] [Fast Refresh] done in 288ms @ http://localhost:3000/_next/static/chunks/0brk_next_dist_0dm07mh._.js:776
[  177283ms] [LOG] [Fast Refresh] done in 288ms @ http://localhost:3000/_next/static/chunks/0brk_next_dist_0dm07mh._.js:776
[  177353ms] [LOG] [Fast Refresh] done in 288ms @ http://localhost:3000/_next/static/chunks/0brk_next_dist_0dm07mh._.js:776
[  177415ms] [LOG] [Fast Refresh] done in 288ms @ http://localhost:3000/_next/static/chunks/0brk_next_dist_0dm07mh._.js:776
[  177474ms] [LOG] [Fast Refresh] done in 288ms @ http://localhost:3000/_next/static/chunks/0brk_next_dist_0dm07mh._.js:776
[  177525ms] [LOG] [Fast Refresh] done in 288ms @ http://localhost:3000/_next/static/chunks/0brk_next_dist_0dm07mh._.js:776
[  177573ms] [LOG] [Fast Refresh] done in 288ms @ http://localhost:3000/_next/static/chunks/0brk_next_dist_0dm07mh._.js:776
[  177635ms] [LOG] [Fast Refresh] done in 288ms @ http://localhost:3000/_next/static/chunks/0brk_next_dist_0dm07mh._.js:776
[  177704ms] [LOG] [Fast Refresh] done in 288ms @ http://localhost:3000/_next/static/chunks/0brk_next_dist_0dm07mh._.js:776
[  177767ms] [LOG] [Fast Refresh] done in 288ms @ http://localhost:3000/_next/static/chunks/0brk_next_dist_0dm07mh._.js:776
[  177822ms] [LOG] [Fast Refresh] done in 288ms @ http://localhost:3000/_next/static/chunks/0brk_next_dist_0dm07mh._.js:776
[  177884ms] [LOG] [Fast Refresh] done in 288ms @ http://localhost:3000/_next/static/chunks/0brk_next_dist_0dm07mh._.js:776
[  177946ms] [LOG] [Fast Refresh] done in 288ms @ http://localhost:3000/_next/static/chunks/0brk_next_dist_0dm07mh._.js:776
[  177993ms] [LOG] [Fast Refresh] done in 288ms @ http://localhost:3000/_next/static/chunks/0brk_next_dist_0dm07mh._.js:776
[  178049ms] [LOG] [Fast Refresh] done in 288ms @ http://localhost:3000/_next/static/chunks/0brk_next_dist_0dm07mh._.js:776
[  178098ms] [LOG] [Fast Refresh] done in 288ms @ http://localhost:3000/_next/static/chunks/0brk_next_dist_0dm07mh._.js:776
[  178155ms] [LOG] [Fast Refresh] done in 288ms @ http://localhost:3000/_next/static/chunks/0brk_next_dist_0dm07mh._.js:776
[  178221ms] [LOG] [Fast Refresh] done in 288ms @ http://localhost:3000/_next/static/chunks/0brk_next_dist_0dm07mh._.js:776
[  178283ms] [LOG] [Fast Refresh] done in 288ms @ http://localhost:3000/_next/static/chunks/0brk_next_dist_0dm07mh._.js:776
[  178338ms] [LOG] [Fast Refresh] done in 288ms @ http://localhost:3000/_next/static/chunks/0brk_next_dist_0dm07mh._.js:776
[  178397ms] [LOG] [Fast Refresh] done in 288ms @ http://localhost:3000/_next/static/chunks/0brk_next_dist_0dm07mh._.js:776
[  178466ms] [LOG] [Fast Refresh] done in 288ms @ http://localhost:3000/_next/static/chunks/0brk_next_dist_0dm07mh._.js:776
[  178523ms] [LOG] [Fast Refresh] done in 288ms @ http://localhost:3000/_next/static/chunks/0brk_next_dist_0dm07mh._.js:776
[  178585ms] [LOG] [Fast Refresh] done in 288ms @ http://localhost:3000/_next/static/chunks/0brk_next_dist_0dm07mh._.js:776
[  178666ms] [LOG] [Fast Refresh] done in 288ms @ http://localhost:3000/_next/static/chunks/0brk_next_dist_0dm07mh._.js:776
[  178747ms] [LOG] [Fast Refresh] done in 288ms @ http://localhost:3000/_next/static/chunks/0brk_next_dist_0dm07mh._.js:776
[  178818ms] [LOG] [Fast Refresh] done in 288ms @ http://localhost:3000/_next/static/chunks/0brk_next_dist_0dm07mh._.js:776
[  178895ms] [LOG] [Fast Refresh] done in 288ms @ http://localhost:3000/_next/static/chunks/0brk_next_dist_0dm07mh._.js:776
[  178956ms] [LOG] [Fast Refresh] done in 288ms @ http://localhost:3000/_next/static/chunks/0brk_next_dist_0dm07mh._.js:776
[  179010ms] [LOG] [Fast Refresh] done in 288ms @ http://localhost:3000/_next/static/chunks/0brk_next_dist_0dm07mh._.js:776
[  179070ms] [LOG] [Fast Refresh] done in 288ms @ http://localhost:3000/_next/static/chunks/0brk_next_dist_0dm07mh._.js:776
[  179131ms] [LOG] [Fast Refresh] done in 288ms @ http://localhost:3000/_next/static/chunks/0brk_next_dist_0dm07mh._.js:776
[  179193ms] [LOG] [Fast Refresh] done in 288ms @ http://localhost:3000/_next/static/chunks/0brk_next_dist_0dm07mh._.js:776
[  179242ms] [LOG] [Fast Refresh] done in 288ms @ http://localhost:3000/_next/static/chunks/0brk_next_dist_0dm07mh._.js:776
[  179293ms] [LOG] [Fast Refresh] done in 288ms @ http://localhost:3000/_next/static/chunks/0brk_next_dist_0dm07mh._.js:776
[  179355ms] [LOG] [Fast Refresh] done in 288ms @ http://localhost:3000/_next/static/chunks/0brk_next_dist_0dm07mh._.js:776
[  179424ms] [LOG] [Fast Refresh] done in 288ms @ http://localhost:3000/_next/static/chunks/0brk_next_dist_0dm07mh._.js:776
[  179490ms] [LOG] [Fast Refresh] done in 288ms @ http://localhost:3000/_next/static/chunks/0brk_next_dist_0dm07mh._.js:776
[  179557ms] [LOG] [Fast Refresh] done in 288ms @ http://localhost:3000/_next/static/chunks/0brk_next_dist_0dm07mh._.js:776
[  179619ms] [LOG] [Fast Refresh] done in 288ms @ http://localhost:3000/_next/static/chunks/0brk_next_dist_0dm07mh._.js:776
[  179681ms] [LOG] [Fast Refresh] done in 288ms @ http://localhost:3000/_next/static/chunks/0brk_next_dist_0dm07mh._.js:776
[  179742ms] [LOG] [Fast Refresh] done in 288ms @ http://localhost:3000/_next/static/chunks/0brk_next_dist_0dm07mh._.js:776
[  179794ms] [LOG] [Fast Refresh] done in 288ms @ http://localhost:3000/_next/static/chunks/0brk_next_dist_0dm07mh._.js:776
[  179858ms] [LOG] [Fast Refresh] done in 288ms @ http://localhost:3000/_next/static/chunks/0brk_next_dist_0dm07mh._.js:776
[  179941ms] [LOG] [Fast Refresh] done in 288ms @ http://localhost:3000/_next/static/chunks/0brk_next_dist_0dm07mh._.js:776
[  180019ms] [LOG] [Fast Refresh] done in 288ms @ http://localhost:3000/_next/static/chunks/0brk_next_dist_0dm07mh._.js:776
[  180076ms] [LOG] [Fast Refresh] done in 288ms @ http://localhost:3000/_next/static/chunks/0brk_next_dist_0dm07mh._.js:776
[  180170ms] [LOG] [Fast Refresh] done in 288ms @ http://localhost:3000/_next/static/chunks/0brk_next_dist_0dm07mh._.js:776
[  180234ms] [LOG] [Fast Refresh] done in 288ms @ http://localhost:3000/_next/static/chunks/0brk_next_dist_0dm07mh._.js:776
[  180304ms] [LOG] [Fast Refresh] done in 288ms @ http://localhost:3000/_next/static/chunks/0brk_next_dist_0dm07mh._.js:776
[  180366ms] [LOG] [Fast Refresh] done in 288ms @ http://localhost:3000/_next/static/chunks/0brk_next_dist_0dm07mh._.js:776
[  180416ms] [LOG] [Fast Refresh] done in 288ms @ http://localhost:3000/_next/static/chunks/0brk_next_dist_0dm07mh._.js:776
[  180490ms] [LOG] [Fast Refresh] done in 288ms @ http://localhost:3000/_next/static/chunks/0brk_next_dist_0dm07mh._.js:776
[  180552ms] [LOG] [Fast Refresh] done in 288ms @ http://localhost:3000/_next/static/chunks/0brk_next_dist_0dm07mh._.js:776
[  180615ms] [LOG] [Fast Refresh] done in 288ms @ http://localhost:3000/_next/static/chunks/0brk_next_dist_0dm07mh._.js:776
[  180676ms] [LOG] [Fast Refresh] done in 288ms @ http://localhost:3000/_next/static/chunks/0brk_next_dist_0dm07mh._.js:776
[  180739ms] [LOG] [Fast Refresh] done in 288ms @ http://localhost:3000/_next/static/chunks/0brk_next_dist_0dm07mh._.js:776
[  180800ms] [LOG] [Fast Refresh] done in 288ms @ http://localhost:3000/_next/static/chunks/0brk_next_dist_0dm07mh._.js:776
[  180885ms] [LOG] [Fast Refresh] done in 288ms @ http://localhost:3000/_next/static/chunks/0brk_next_dist_0dm07mh._.js:776
[  180940ms] [LOG] [Fast Refresh] done in 288ms @ http://localhost:3000/_next/static/chunks/0brk_next_dist_0dm07mh._.js:776
[  181002ms] [LOG] [Fast Refresh] done in 288ms @ http://localhost:3000/_next/static/chunks/0brk_next_dist_0dm07mh._.js:776
[  181124ms] [LOG] [Fast Refresh] done in 288ms @ http://localhost:3000/_next/static/chunks/0brk_next_dist_0dm07mh._.js:776
[  181185ms] [LOG] [Fast Refresh] done in 288ms @ http://localhost:3000/_next/static/chunks/0brk_next_dist_0dm07mh._.js:776
[  181230ms] [LOG] [Fast Refresh] done in 288ms @ http://localhost:3000/_next/static/chunks/0brk_next_dist_0dm07mh._.js:776
[  181334ms] [LOG] [Fast Refresh] done in 288ms @ http://localhost:3000/_next/static/chunks/0brk_next_dist_0dm07mh._.js:776
[  181619ms] [LOG] [Fast Refresh] done in 288ms @ http://localhost:3000/_next/static/chunks/0brk_next_dist_0dm07mh._.js:776
[  181813ms] [LOG] [Fast Refresh] done in 288ms @ http://localhost:3000/_next/static/chunks/0brk_next_dist_0dm07mh._.js:776
[  181898ms] [LOG] [Fast Refresh] done in 288ms @ http://localhost:3000/_next/static/chunks/0brk_next_dist_0dm07mh._.js:776
[  182221ms] [LOG] [Fast Refresh] done in 288ms @ http://localhost:3000/_next/static/chunks/0brk_next_dist_0dm07mh._.js:776
[  182282ms] [LOG] [Fast Refresh] done in 288ms @ http://localhost:3000/_next/static/chunks/0brk_next_dist_0dm07mh._.js:776
[  182343ms] [LOG] [Fast Refresh] done in 288ms @ http://localhost:3000/_next/static/chunks/0brk_next_dist_0dm07mh._.js:776
[  182396ms] [LOG] [Fast Refresh] done in 288ms @ http://localhost:3000/_next/static/chunks/0brk_next_dist_0dm07mh._.js:776
[  182452ms] [LOG] [Fast Refresh] done in 288ms @ http://localhost:3000/_next/static/chunks/0brk_next_dist_0dm07mh._.js:776
[  182513ms] [LOG] [Fast Refresh] done in 288ms @ http://localhost:3000/_next/static/chunks/0brk_next_dist_0dm07mh._.js:776
[  182569ms] [LOG] [Fast Refresh] done in 288ms @ http://localhost:3000/_next/static/chunks/0brk_next_dist_0dm07mh._.js:776
[  182630ms] [LOG] [Fast Refresh] done in 288ms @ http://localhost:3000/_next/static/chunks/0brk_next_dist_0dm07mh._.js:776
[  182693ms] [LOG] [Fast Refresh] done in 288ms @ http://localhost:3000/_next/static/chunks/0brk_next_dist_0dm07mh._.js:776
[  182740ms] [LOG] [Fast Refresh] done in 288ms @ http://localhost:3000/_next/static/chunks/0brk_next_dist_0dm07mh._.js:776
[  182808ms] [LOG] [Fast Refresh] done in 288ms @ http://localhost:3000/_next/static/chunks/0brk_next_dist_0dm07mh._.js:776
[  182871ms] [LOG] [Fast Refresh] done in 288ms @ http://localhost:3000/_next/static/chunks/0brk_next_dist_0dm07mh._.js:776
[  182917ms] [LOG] [Fast Refresh] done in 288ms @ http://localhost:3000/_next/static/chunks/0brk_next_dist_0dm07mh._.js:776
[  182978ms] [LOG] [Fast Refresh] done in 288ms @ http://localhost:3000/_next/static/chunks/0brk_next_dist_0dm07mh._.js:776
[  183038ms] [LOG] [Fast Refresh] done in 288ms @ http://localhost:3000/_next/static/chunks/0brk_next_dist_0dm07mh._.js:776
[  183104ms] [LOG] [Fast Refresh] done in 288ms @ http://localhost:3000/_next/static/chunks/0brk_next_dist_0dm07mh._.js:776
[  183168ms] [LOG] [Fast Refresh] done in 288ms @ http://localhost:3000/_next/static/chunks/0brk_next_dist_0dm07mh._.js:776
[  183228ms] [LOG] [Fast Refresh] done in 288ms @ http://localhost:3000/_next/static/chunks/0brk_next_dist_0dm07mh._.js:776
[  183289ms] [LOG] [Fast Refresh] done in 288ms @ http://localhost:3000/_next/static/chunks/0brk_next_dist_0dm07mh._.js:776
[  183350ms] [LOG] [Fast Refresh] done in 288ms @ http://localhost:3000/_next/static/chunks/0brk_next_dist_0dm07mh._.js:776
[  183413ms] [LOG] [Fast Refresh] done in 288ms @ http://localhost:3000/_next/static/chunks/0brk_next_dist_0dm07mh._.js:776
[  183469ms] [LOG] [Fast Refresh] done in 288ms @ http://localhost:3000/_next/static/chunks/0brk_next_dist_0dm07mh._.js:776
[  183527ms] [LOG] [Fast Refresh] done in 288ms @ http://localhost:3000/_next/static/chunks/0brk_next_dist_0dm07mh._.js:776
[  183589ms] [LOG] [Fast Refresh] done in 288ms @ http://localhost:3000/_next/static/chunks/0brk_next_dist_0dm07mh._.js:776
[  183650ms] [LOG] [Fast Refresh] done in 288ms @ http://localhost:3000/_next/static/chunks/0brk_next_dist_0dm07mh._.js:776
[  183703ms] [LOG] [Fast Refresh] done in 288ms @ http://localhost:3000/_next/static/chunks/0brk_next_dist_0dm07mh._.js:776
[  183753ms] [LOG] [Fast Refresh] done in 288ms @ http://localhost:3000/_next/static/chunks/0brk_next_dist_0dm07mh._.js:776
[  183799ms] [LOG] [Fast Refresh] done in 288ms @ http://localhost:3000/_next/static/chunks/0brk_next_dist_0dm07mh._.js:776
[  183861ms] [LOG] [Fast Refresh] done in 288ms @ http://localhost:3000/_next/static/chunks/0brk_next_dist_0dm07mh._.js:776
[  183924ms] [LOG] [Fast Refresh] done in 288ms @ http://localhost:3000/_next/static/chunks/0brk_next_dist_0dm07mh._.js:776
[  183974ms] [LOG] [Fast Refresh] done in 288ms @ http://localhost:3000/_next/static/chunks/0brk_next_dist_0dm07mh._.js:776
[  184036ms] [LOG] [Fast Refresh] done in 288ms @ http://localhost:3000/_next/static/chunks/0brk_next_dist_0dm07mh._.js:776
[  184098ms] [LOG] [Fast Refresh] done in 288ms @ http://localhost:3000/_next/static/chunks/0brk_next_dist_0dm07mh._.js:776
[  184161ms] [LOG] [Fast Refresh] done in 288ms @ http://localhost:3000/_next/static/chunks/0brk_next_dist_0dm07mh._.js:776
[  184223ms] [LOG] [Fast Refresh] done in 288ms @ http://localhost:3000/_next/static/chunks/0brk_next_dist_0dm07mh._.js:776
[  184282ms] [LOG] [Fast Refresh] done in 288ms @ http://localhost:3000/_next/static/chunks/0brk_next_dist_0dm07mh._.js:776
[  184340ms] [LOG] [Fast Refresh] done in 288ms @ http://localhost:3000/_next/static/chunks/0brk_next_dist_0dm07mh._.js:776
[  184409ms] [LOG] [Fast Refresh] done in 288ms @ http://localhost:3000/_next/static/chunks/0brk_next_dist_0dm07mh._.js:776
[  184472ms] [LOG] [Fast Refresh] done in 288ms @ http://localhost:3000/_next/static/chunks/0brk_next_dist_0dm07mh._.js:776
[  184523ms] [LOG] [Fast Refresh] done in 288ms @ http://localhost:3000/_next/static/chunks/0brk_next_dist_0dm07mh._.js:776
[  184577ms] [LOG] [Fast Refresh] done in 288ms @ http://localhost:3000/_next/static/chunks/0brk_next_dist_0dm07mh._.js:776
[  184641ms] [LOG] [Fast Refresh] done in 288ms @ http://localhost:3000/_next/static/chunks/0brk_next_dist_0dm07mh._.js:776
[  184698ms] [LOG] [Fast Refresh] done in 288ms @ http://localhost:3000/_next/static/chunks/0brk_next_dist_0dm07mh._.js:776
[  184754ms] [LOG] [Fast Refresh] done in 288ms @ http://localhost:3000/_next/static/chunks/0brk_next_dist_0dm07mh._.js:776
[  184806ms] [LOG] [Fast Refresh] done in 288ms @ http://localhost:3000/_next/static/chunks/0brk_next_dist_0dm07mh._.js:776
[  184856ms] [LOG] [Fast Refresh] done in 288ms @ http://localhost:3000/_next/static/chunks/0brk_next_dist_0dm07mh._.js:776
[  184918ms] [LOG] [Fast Refresh] done in 288ms @ http://localhost:3000/_next/static/chunks/0brk_next_dist_0dm07mh._.js:776
[  184972ms] [LOG] [Fast Refresh] done in 288ms @ http://localhost:3000/_next/static/chunks/0brk_next_dist_0dm07mh._.js:776
[  185036ms] [LOG] [Fast Refresh] done in 288ms @ http://localhost:3000/_next/static/chunks/0brk_next_dist_0dm07mh._.js:776
[  185089ms] [LOG] [Fast Refresh] done in 288ms @ http://localhost:3000/_next/static/chunks/0brk_next_dist_0dm07mh._.js:776
[  185139ms] [LOG] [Fast Refresh] done in 288ms @ http://localhost:3000/_next/static/chunks/0brk_next_dist_0dm07mh._.js:776
[  185188ms] [LOG] [Fast Refresh] done in 288ms @ http://localhost:3000/_next/static/chunks/0brk_next_dist_0dm07mh._.js:776
[  185240ms] [LOG] [Fast Refresh] done in 288ms @ http://localhost:3000/_next/static/chunks/0brk_next_dist_0dm07mh._.js:776
[  185301ms] [LOG] [Fast Refresh] done in 288ms @ http://localhost:3000/_next/static/chunks/0brk_next_dist_0dm07mh._.js:776
[  185357ms] [LOG] [Fast Refresh] done in 288ms @ http://localhost:3000/_next/static/chunks/0brk_next_dist_0dm07mh._.js:776
[  185457ms] [LOG] [Fast Refresh] done in 288ms @ http://localhost:3000/_next/static/chunks/0brk_next_dist_0dm07mh._.js:776
[  185574ms] [LOG] [Fast Refresh] done in 288ms @ http://localhost:3000/_next/static/chunks/0brk_next_dist_0dm07mh._.js:776
[  185653ms] [LOG] [Fast Refresh] done in 288ms @ http://localhost:3000/_next/static/chunks/0brk_next_dist_0dm07mh._.js:776
[  185711ms] [LOG] [Fast Refresh] done in 288ms @ http://localhost:3000/_next/static/chunks/0brk_next_dist_0dm07mh._.js:776
[  185774ms] [LOG] [Fast Refresh] done in 288ms @ http://localhost:3000/_next/static/chunks/0brk_next_dist_0dm07mh._.js:776
[  185828ms] [LOG] [Fast Refresh] done in 288ms @ http://localhost:3000/_next/static/chunks/0brk_next_dist_0dm07mh._.js:776
[  185888ms] [LOG] [Fast Refresh] done in 288ms @ http://localhost:3000/_next/static/chunks/0brk_next_dist_0dm07mh._.js:776
[  185958ms] [LOG] [Fast Refresh] done in 288ms @ http://localhost:3000/_next/static/chunks/0brk_next_dist_0dm07mh._.js:776
[  186019ms] [LOG] [Fast Refresh] done in 288ms @ http://localhost:3000/_next/static/chunks/0brk_next_dist_0dm07mh._.js:776
[  186083ms] [LOG] [Fast Refresh] done in 288ms @ http://localhost:3000/_next/static/chunks/0brk_next_dist_0dm07mh._.js:776
[  186137ms] [LOG] [Fast Refresh] done in 288ms @ http://localhost:3000/_next/static/chunks/0brk_next_dist_0dm07mh._.js:776
[  186201ms] [LOG] [Fast Refresh] done in 288ms @ http://localhost:3000/_next/static/chunks/0brk_next_dist_0dm07mh._.js:776
[  186253ms] [LOG] [Fast Refresh] done in 288ms @ http://localhost:3000/_next/static/chunks/0brk_next_dist_0dm07mh._.js:776
[  186305ms] [LOG] [Fast Refresh] done in 288ms @ http://localhost:3000/_next/static/chunks/0brk_next_dist_0dm07mh._.js:776
[  186368ms] [LOG] [Fast Refresh] done in 288ms @ http://localhost:3000/_next/static/chunks/0brk_next_dist_0dm07mh._.js:776
[  186413ms] [LOG] [Fast Refresh] done in 288ms @ http://localhost:3000/_next/static/chunks/0brk_next_dist_0dm07mh._.js:776
[  186474ms] [LOG] [Fast Refresh] done in 288ms @ http://localhost:3000/_next/static/chunks/0brk_next_dist_0dm07mh._.js:776
[  186523ms] [LOG] [Fast Refresh] done in 288ms @ http://localhost:3000/_next/static/chunks/0brk_next_dist_0dm07mh._.js:776
[  186572ms] [LOG] [Fast Refresh] done in 288ms @ http://localhost:3000/_next/static/chunks/0brk_next_dist_0dm07mh._.js:776
[  186625ms] [LOG] [Fast Refresh] done in 288ms @ http://localhost:3000/_next/static/chunks/0brk_next_dist_0dm07mh._.js:776
[  186678ms] [LOG] [Fast Refresh] done in 288ms @ http://localhost:3000/_next/static/chunks/0brk_next_dist_0dm07mh._.js:776
[  186726ms] [LOG] [Fast Refresh] done in 288ms @ http://localhost:3000/_next/static/chunks/0brk_next_dist_0dm07mh._.js:776
[  186786ms] [LOG] [Fast Refresh] done in 288ms @ http://localhost:3000/_next/static/chunks/0brk_next_dist_0dm07mh._.js:776
[  186853ms] [LOG] [Fast Refresh] done in 288ms @ http://localhost:3000/_next/static/chunks/0brk_next_dist_0dm07mh._.js:776
[  186909ms] [LOG] [Fast Refresh] done in 288ms @ http://localhost:3000/_next/static/chunks/0brk_next_dist_0dm07mh._.js:776
[  186966ms] [LOG] [Fast Refresh] done in 288ms @ http://localhost:3000/_next/static/chunks/0brk_next_dist_0dm07mh._.js:776
[  187027ms] [LOG] [Fast Refresh] done in 288ms @ http://localhost:3000/_next/static/chunks/0brk_next_dist_0dm07mh._.js:776
[  187092ms] [LOG] [Fast Refresh] done in 288ms @ http://localhost:3000/_next/static/chunks/0brk_next_dist_0dm07mh._.js:776
[  187144ms] [LOG] [Fast Refresh] done in 288ms @ http://localhost:3000/_next/static/chunks/0brk_next_dist_0dm07mh._.js:776
[  187204ms] [LOG] [Fast Refresh] done in 288ms @ http://localhost:3000/_next/static/chunks/0brk_next_dist_0dm07mh._.js:776
[  187257ms] [LOG] [Fast Refresh] done in 288ms @ http://localhost:3000/_next/static/chunks/0brk_next_dist_0dm07mh._.js:776
[  187307ms] [LOG] [Fast Refresh] done in 288ms @ http://localhost:3000/_next/static/chunks/0brk_next_dist_0dm07mh._.js:776
[  187366ms] [LOG] [Fast Refresh] done in 288ms @ http://localhost:3000/_next/static/chunks/0brk_next_dist_0dm07mh._.js:776
[  187423ms] [LOG] [Fast Refresh] done in 288ms @ http://localhost:3000/_next/static/chunks/0brk_next_dist_0dm07mh._.js:776
[  187473ms] [LOG] [Fast Refresh] done in 288ms @ http://localhost:3000/_next/static/chunks/0brk_next_dist_0dm07mh._.js:776
[  187523ms] [LOG] [Fast Refresh] done in 288ms @ http://localhost:3000/_next/static/chunks/0brk_next_dist_0dm07mh._.js:776
[  187574ms] [LOG] [Fast Refresh] done in 288ms @ http://localhost:3000/_next/static/chunks/0brk_next_dist_0dm07mh._.js:776
[  187623ms] [LOG] [Fast Refresh] done in 288ms @ http://localhost:3000/_next/static/chunks/0brk_next_dist_0dm07mh._.js:776
[  187675ms] [LOG] [Fast Refresh] done in 288ms @ http://localhost:3000/_next/static/chunks/0brk_next_dist_0dm07mh._.js:776
[  187741ms] [LOG] [Fast Refresh] done in 288ms @ http://localhost:3000/_next/static/chunks/0brk_next_dist_0dm07mh._.js:776
[  187804ms] [LOG] [Fast Refresh] done in 288ms @ http://localhost:3000/_next/static/chunks/0brk_next_dist_0dm07mh._.js:776
[  187858ms] [LOG] [Fast Refresh] done in 288ms @ http://localhost:3000/_next/static/chunks/0brk_next_dist_0dm07mh._.js:776
[  187911ms] [LOG] [Fast Refresh] done in 288ms @ http://localhost:3000/_next/static/chunks/0brk_next_dist_0dm07mh._.js:776
[  187958ms] [LOG] [Fast Refresh] done in 288ms @ http://localhost:3000/_next/static/chunks/0brk_next_dist_0dm07mh._.js:776
[  188013ms] [LOG] [Fast Refresh] done in 288ms @ http://localhost:3000/_next/static/chunks/0brk_next_dist_0dm07mh._.js:776
[  188075ms] [LOG] [Fast Refresh] done in 288ms @ http://localhost:3000/_next/static/chunks/0brk_next_dist_0dm07mh._.js:776
[  188130ms] [LOG] [Fast Refresh] done in 288ms @ http://localhost:3000/_next/static/chunks/0brk_next_dist_0dm07mh._.js:776
[  188187ms] [LOG] [Fast Refresh] done in 288ms @ http://localhost:3000/_next/static/chunks/0brk_next_dist_0dm07mh._.js:776
[  188253ms] [LOG] [Fast Refresh] done in 288ms @ http://localhost:3000/_next/static/chunks/0brk_next_dist_0dm07mh._.js:776
[  188307ms] [LOG] [Fast Refresh] done in 288ms @ http://localhost:3000/_next/static/chunks/0brk_next_dist_0dm07mh._.js:776
[  188368ms] [LOG] [Fast Refresh] done in 288ms @ http://localhost:3000/_next/static/chunks/0brk_next_dist_0dm07mh._.js:776
[  188430ms] [LOG] [Fast Refresh] done in 288ms @ http://localhost:3000/_next/static/chunks/0brk_next_dist_0dm07mh._.js:776
[  188493ms] [LOG] [Fast Refresh] done in 288ms @ http://localhost:3000/_next/static/chunks/0brk_next_dist_0dm07mh._.js:776
[  188541ms] [LOG] [Fast Refresh] done in 288ms @ http://localhost:3000/_next/static/chunks/0brk_next_dist_0dm07mh._.js:776
[  188589ms] [LOG] [Fast Refresh] done in 288ms @ http://localhost:3000/_next/static/chunks/0brk_next_dist_0dm07mh._.js:776
[  188640ms] [LOG] [Fast Refresh] done in 288ms @ http://localhost:3000/_next/static/chunks/0brk_next_dist_0dm07mh._.js:776
[  188683ms] [LOG] [Fast Refresh] done in 288ms @ http://localhost:3000/_next/static/chunks/0brk_next_dist_0dm07mh._.js:776
[  188753ms] [LOG] [Fast Refresh] done in 288ms @ http://localhost:3000/_next/static/chunks/0brk_next_dist_0dm07mh._.js:776
[  188806ms] [LOG] [Fast Refresh] done in 288ms @ http://localhost:3000/_next/static/chunks/0brk_next_dist_0dm07mh._.js:776
[  188848ms] [LOG] [Fast Refresh] done in 288ms @ http://localhost:3000/_next/static/chunks/0brk_next_dist_0dm07mh._.js:776
[  188894ms] [LOG] [Fast Refresh] done in 288ms @ http://localhost:3000/_next/static/chunks/0brk_next_dist_0dm07mh._.js:776
[  188940ms] [LOG] [Fast Refresh] done in 288ms @ http://localhost:3000/_next/static/chunks/0brk_next_dist_0dm07mh._.js:776
[  188992ms] [LOG] [Fast Refresh] done in 288ms @ http://localhost:3000/_next/static/chunks/0brk_next_dist_0dm07mh._.js:776
[  189042ms] [LOG] [Fast Refresh] done in 288ms @ http://localhost:3000/_next/static/chunks/0brk_next_dist_0dm07mh._.js:776
[  189105ms] [LOG] [Fast Refresh] done in 288ms @ http://localhost:3000/_next/static/chunks/0brk_next_dist_0dm07mh._.js:776
[  189179ms] [LOG] [Fast Refresh] done in 288ms @ http://localhost:3000/_next/static/chunks/0brk_next_dist_0dm07mh._.js:776
[  189236ms] [LOG] [Fast Refresh] done in 288ms @ http://localhost:3000/_next/static/chunks/0brk_next_dist_0dm07mh._.js:776
[  189313ms] [LOG] [Fast Refresh] done in 288ms @ http://localhost:3000/_next/static/chunks/0brk_next_dist_0dm07mh._.js:776
[  189393ms] [LOG] [Fast Refresh] done in 288ms @ http://localhost:3000/_next/static/chunks/0brk_next_dist_0dm07mh._.js:776
[  189443ms] [LOG] [Fast Refresh] done in 288ms @ http://localhost:3000/_next/static/chunks/0brk_next_dist_0dm07mh._.js:776
[  189510ms] [LOG] [Fast Refresh] done in 288ms @ http://localhost:3000/_next/static/chunks/0brk_next_dist_0dm07mh._.js:776
[  189577ms] [LOG] [Fast Refresh] done in 288ms @ http://localhost:3000/_next/static/chunks/0brk_next_dist_0dm07mh._.js:776
[  189638ms] [LOG] [Fast Refresh] done in 288ms @ http://localhost:3000/_next/static/chunks/0brk_next_dist_0dm07mh._.js:776
[  189696ms] [LOG] [Fast Refresh] done in 288ms @ http://localhost:3000/_next/static/chunks/0brk_next_dist_0dm07mh._.js:776
[  189763ms] [LOG] [Fast Refresh] done in 288ms @ http://localhost:3000/_next/static/chunks/0brk_next_dist_0dm07mh._.js:776
[  189821ms] [LOG] [Fast Refresh] done in 288ms @ http://localhost:3000/_next/static/chunks/0brk_next_dist_0dm07mh._.js:776
[  189869ms] [LOG] [Fast Refresh] done in 288ms @ http://localhost:3000/_next/static/chunks/0brk_next_dist_0dm07mh._.js:776
[  189922ms] [LOG] [Fast Refresh] done in 288ms @ http://localhost:3000/_next/static/chunks/0brk_next_dist_0dm07mh._.js:776
[  189974ms] [LOG] [Fast Refresh] done in 288ms @ http://localhost:3000/_next/static/chunks/0brk_next_dist_0dm07mh._.js:776
[  190039ms] [LOG] [Fast Refresh] done in 288ms @ http://localhost:3000/_next/static/chunks/0brk_next_dist_0dm07mh._.js:776
[  190091ms] [LOG] [Fast Refresh] done in 288ms @ http://localhost:3000/_next/static/chunks/0brk_next_dist_0dm07mh._.js:776
[  190153ms] [LOG] [Fast Refresh] done in 288ms @ http://localhost:3000/_next/static/chunks/0brk_next_dist_0dm07mh._.js:776
[  190206ms] [LOG] [Fast Refresh] done in 288ms @ http://localhost:3000/_next/static/chunks/0brk_next_dist_0dm07mh._.js:776
[  190257ms] [LOG] [Fast Refresh] done in 288ms @ http://localhost:3000/_next/static/chunks/0brk_next_dist_0dm07mh._.js:776
[  190320ms] [LOG] [Fast Refresh] done in 288ms @ http://localhost:3000/_next/static/chunks/0brk_next_dist_0dm07mh._.js:776
[  190372ms] [LOG] [Fast Refresh] done in 288ms @ http://localhost:3000/_next/static/chunks/0brk_next_dist_0dm07mh._.js:776
[  190436ms] [LOG] [Fast Refresh] done in 288ms @ http://localhost:3000/_next/static/chunks/0brk_next_dist_0dm07mh._.js:776
[  190489ms] [LOG] [Fast Refresh] done in 288ms @ http://localhost:3000/_next/static/chunks/0brk_next_dist_0dm07mh._.js:776
[  190540ms] [LOG] [Fast Refresh] done in 288ms @ http://localhost:3000/_next/static/chunks/0brk_next_dist_0dm07mh._.js:776
[  190592ms] [LOG] [Fast Refresh] done in 288ms @ http://localhost:3000/_next/static/chunks/0brk_next_dist_0dm07mh._.js:776
[  190655ms] [LOG] [Fast Refresh] done in 288ms @ http://localhost:3000/_next/static/chunks/0brk_next_dist_0dm07mh._.js:776
[  190709ms] [LOG] [Fast Refresh] done in 288ms @ http://localhost:3000/_next/static/chunks/0brk_next_dist_0dm07mh._.js:776
[  190760ms] [LOG] [Fast Refresh] done in 288ms @ http://localhost:3000/_next/static/chunks/0brk_next_dist_0dm07mh._.js:776
[  190820ms] [LOG] [Fast Refresh] done in 288ms @ http://localhost:3000/_next/static/chunks/0brk_next_dist_0dm07mh._.js:776
[  190876ms] [LOG] [Fast Refresh] done in 288ms @ http://localhost:3000/_next/static/chunks/0brk_next_dist_0dm07mh._.js:776
[  190923ms] [LOG] [Fast Refresh] done in 288ms @ http://localhost:3000/_next/static/chunks/0brk_next_dist_0dm07mh._.js:776
[  190983ms] [LOG] [Fast Refresh] done in 288ms @ http://localhost:3000/_next/static/chunks/0brk_next_dist_0dm07mh._.js:776
[  191042ms] [LOG] [Fast Refresh] done in 288ms @ http://localhost:3000/_next/static/chunks/0brk_next_dist_0dm07mh._.js:776
[  191110ms] [LOG] [Fast Refresh] done in 288ms @ http://localhost:3000/_next/static/chunks/0brk_next_dist_0dm07mh._.js:776
[  191178ms] [LOG] [Fast Refresh] done in 288ms @ http://localhost:3000/_next/static/chunks/0brk_next_dist_0dm07mh._.js:776
[  191243ms] [LOG] [Fast Refresh] done in 288ms @ http://localhost:3000/_next/static/chunks/0brk_next_dist_0dm07mh._.js:776
[  191286ms] [LOG] [Fast Refresh] done in 288ms @ http://localhost:3000/_next/static/chunks/0brk_next_dist_0dm07mh._.js:776
[  191341ms] [LOG] [Fast Refresh] done in 288ms @ http://localhost:3000/_next/static/chunks/0brk_next_dist_0dm07mh._.js:776
[  191392ms] [LOG] [Fast Refresh] done in 288ms @ http://localhost:3000/_next/static/chunks/0brk_next_dist_0dm07mh._.js:776
[  191441ms] [LOG] [Fast Refresh] done in 288ms @ http://localhost:3000/_next/static/chunks/0brk_next_dist_0dm07mh._.js:776
[  191506ms] [LOG] [Fast Refresh] done in 288ms @ http://localhost:3000/_next/static/chunks/0brk_next_dist_0dm07mh._.js:776
[  191559ms] [LOG] [Fast Refresh] done in 288ms @ http://localhost:3000/_next/static/chunks/0brk_next_dist_0dm07mh._.js:776
[  191617ms] [LOG] [Fast Refresh] done in 288ms @ http://localhost:3000/_next/static/chunks/0brk_next_dist_0dm07mh._.js:776
[  191659ms] [LOG] [Fast Refresh] done in 288ms @ http://localhost:3000/_next/static/chunks/0brk_next_dist_0dm07mh._.js:776
[  191708ms] [LOG] [Fast Refresh] done in 288ms @ http://localhost:3000/_next/static/chunks/0brk_next_dist_0dm07mh._.js:776
[  191758ms] [LOG] [Fast Refresh] done in 288ms @ http://localhost:3000/_next/static/chunks/0brk_next_dist_0dm07mh._.js:776
[  191808ms] [LOG] [Fast Refresh] done in 288ms @ http://localhost:3000/_next/static/chunks/0brk_next_dist_0dm07mh._.js:776
[  191858ms] [LOG] [Fast Refresh] done in 288ms @ http://localhost:3000/_next/static/chunks/0brk_next_dist_0dm07mh._.js:776
[  191921ms] [LOG] [Fast Refresh] done in 288ms @ http://localhost:3000/_next/static/chunks/0brk_next_dist_0dm07mh._.js:776
[  192575ms] [LOG] [Fast Refresh] done in 288ms @ http://localhost:3000/_next/static/chunks/0brk_next_dist_0dm07mh._.js:776
[  193279ms] [LOG] [Fast Refresh] done in 288ms @ http://localhost:3000/_next/static/chunks/0brk_next_dist_0dm07mh._.js:776
[  193720ms] [LOG] [Fast Refresh] done in 288ms @ http://localhost:3000/_next/static/chunks/0brk_next_dist_0dm07mh._.js:776
[  193788ms] [LOG] [Fast Refresh] done in 288ms @ http://localhost:3000/_next/static/chunks/0brk_next_dist_0dm07mh._.js:776
[  193903ms] [LOG] [Fast Refresh] done in 288ms @ http://localhost:3000/_next/static/chunks/0brk_next_dist_0dm07mh._.js:776
[  193993ms] [LOG] [Fast Refresh] done in 288ms @ http://localhost:3000/_next/static/chunks/0brk_next_dist_0dm07mh._.js:776
[  194078ms] [LOG] [Fast Refresh] done in 288ms @ http://localhost:3000/_next/static/chunks/0brk_next_dist_0dm07mh._.js:776
[  194196ms] [LOG] [Fast Refresh] done in 288ms @ http://localhost:3000/_next/static/chunks/0brk_next_dist_0dm07mh._.js:776
[  194967ms] [LOG] [Fast Refresh] done in 288ms @ http://localhost:3000/_next/static/chunks/0brk_next_dist_0dm07mh._.js:776
[  196250ms] [LOG] [Fast Refresh] done in 288ms @ http://localhost:3000/_next/static/chunks/0brk_next_dist_0dm07mh._.js:776
[  196573ms] [LOG] [Fast Refresh] done in 288ms @ http://localhost:3000/_next/static/chunks/0brk_next_dist_0dm07mh._.js:776
[  196838ms] [LOG] [Fast Refresh] done in 288ms @ http://localhost:3000/_next/static/chunks/0brk_next_dist_0dm07mh._.js:776
[  197011ms] [LOG] [Fast Refresh] done in 288ms @ http://localhost:3000/_next/static/chunks/0brk_next_dist_0dm07mh._.js:776
[  197110ms] [LOG] [Fast Refresh] done in 288ms @ http://localhost:3000/_next/static/chunks/0brk_next_dist_0dm07mh._.js:776
[  197587ms] [LOG] [Fast Refresh] done in 288ms @ http://localhost:3000/_next/static/chunks/0brk_next_dist_0dm07mh._.js:776
[  197671ms] [LOG] [Fast Refresh] done in 288ms @ http://localhost:3000/_next/static/chunks/0brk_next_dist_0dm07mh._.js:776
[  197742ms] [LOG] [Fast Refresh] done in 288ms @ http://localhost:3000/_next/static/chunks/0brk_next_dist_0dm07mh._.js:776
[  198017ms] [LOG] [Fast Refresh] done in 288ms @ http://localhost:3000/_next/static/chunks/0brk_next_dist_0dm07mh._.js:776
[  198223ms] [LOG] [Fast Refresh] done in 288ms @ http://localhost:3000/_next/static/chunks/0brk_next_dist_0dm07mh._.js:776
[  198295ms] [LOG] [Fast Refresh] done in 288ms @ http://localhost:3000/_next/static/chunks/0brk_next_dist_0dm07mh._.js:776
[  198462ms] [LOG] [Fast Refresh] done in 288ms @ http://localhost:3000/_next/static/chunks/0brk_next_dist_0dm07mh._.js:776
[  198540ms] [LOG] [Fast Refresh] done in 288ms @ http://localhost:3000/_next/static/chunks/0brk_next_dist_0dm07mh._.js:776
[  198591ms] [LOG] [Fast Refresh] done in 288ms @ http://localhost:3000/_next/static/chunks/0brk_next_dist_0dm07mh._.js:776
[  198716ms] [LOG] [Fast Refresh] done in 288ms @ http://localhost:3000/_next/static/chunks/0brk_next_dist_0dm07mh._.js:776
[  198798ms] [LOG] [Fast Refresh] done in 288ms @ http://localhost:3000/_next/static/chunks/0brk_next_dist_0dm07mh._.js:776
[  198883ms] [LOG] [Fast Refresh] done in 288ms @ http://localhost:3000/_next/static/chunks/0brk_next_dist_0dm07mh._.js:776
[  198949ms] [LOG] [Fast Refresh] done in 288ms @ http://localhost:3000/_next/static/chunks/0brk_next_dist_0dm07mh._.js:776
[  199054ms] [LOG] [Fast Refresh] done in 288ms @ http://localhost:3000/_next/static/chunks/0brk_next_dist_0dm07mh._.js:776
[  199107ms] [LOG] [Fast Refresh] done in 288ms @ http://localhost:3000/_next/static/chunks/0brk_next_dist_0dm07mh._.js:776
[  199160ms] [LOG] [Fast Refresh] done in 288ms @ http://localhost:3000/_next/static/chunks/0brk_next_dist_0dm07mh._.js:776
[  199226ms] [LOG] [Fast Refresh] done in 288ms @ http://localhost:3000/_next/static/chunks/0brk_next_dist_0dm07mh._.js:776
[  199307ms] [LOG] [Fast Refresh] done in 288ms @ http://localhost:3000/_next/static/chunks/0brk_next_dist_0dm07mh._.js:776
[  199359ms] [LOG] [Fast Refresh] done in 288ms @ http://localhost:3000/_next/static/chunks/0brk_next_dist_0dm07mh._.js:776
[  199411ms] [LOG] [Fast Refresh] done in 288ms @ http://localhost:3000/_next/static/chunks/0brk_next_dist_0dm07mh._.js:776
[  199457ms] [LOG] [Fast Refresh] done in 288ms @ http://localhost:3000/_next/static/chunks/0brk_next_dist_0dm07mh._.js:776
[  199501ms] [LOG] [Fast Refresh] done in 288ms @ http://localhost:3000/_next/static/chunks/0brk_next_dist_0dm07mh._.js:776
[  199579ms] [LOG] [Fast Refresh] done in 288ms @ http://localhost:3000/_next/static/chunks/0brk_next_dist_0dm07mh._.js:776
[  199640ms] [LOG] [Fast Refresh] done in 288ms @ http://localhost:3000/_next/static/chunks/0brk_next_dist_0dm07mh._.js:776
[  199700ms] [LOG] [Fast Refresh] done in 288ms @ http://localhost:3000/_next/static/chunks/0brk_next_dist_0dm07mh._.js:776
[  199761ms] [LOG] [Fast Refresh] done in 288ms @ http://localhost:3000/_next/static/chunks/0brk_next_dist_0dm07mh._.js:776
[  199818ms] [LOG] [Fast Refresh] done in 288ms @ http://localhost:3000/_next/static/chunks/0brk_next_dist_0dm07mh._.js:776
[  199879ms] [LOG] [Fast Refresh] done in 288ms @ http://localhost:3000/_next/static/chunks/0brk_next_dist_0dm07mh._.js:776
[  199930ms] [LOG] [Fast Refresh] done in 288ms @ http://localhost:3000/_next/static/chunks/0brk_next_dist_0dm07mh._.js:776
[  199982ms] [LOG] [Fast Refresh] done in 288ms @ http://localhost:3000/_next/static/chunks/0brk_next_dist_0dm07mh._.js:776
[  200038ms] [LOG] [Fast Refresh] done in 288ms @ http://localhost:3000/_next/static/chunks/0brk_next_dist_0dm07mh._.js:776
[  200117ms] [LOG] [Fast Refresh] done in 288ms @ http://localhost:3000/_next/static/chunks/0brk_next_dist_0dm07mh._.js:776
[  200166ms] [LOG] [Fast Refresh] done in 288ms @ http://localhost:3000/_next/static/chunks/0brk_next_dist_0dm07mh._.js:776
[  200222ms] [LOG] [Fast Refresh] done in 288ms @ http://localhost:3000/_next/static/chunks/0brk_next_dist_0dm07mh._.js:776
[  200337ms] [LOG] [Fast Refresh] done in 288ms @ http://localhost:3000/_next/static/chunks/0brk_next_dist_0dm07mh._.js:776
[  200400ms] [LOG] [Fast Refresh] done in 288ms @ http://localhost:3000/_next/static/chunks/0brk_next_dist_0dm07mh._.js:776
[  200458ms] [LOG] [Fast Refresh] done in 288ms @ http://localhost:3000/_next/static/chunks/0brk_next_dist_0dm07mh._.js:776
[  200522ms] [LOG] [Fast Refresh] done in 288ms @ http://localhost:3000/_next/static/chunks/0brk_next_dist_0dm07mh._.js:776
[  200584ms] [LOG] [Fast Refresh] done in 288ms @ http://localhost:3000/_next/static/chunks/0brk_next_dist_0dm07mh._.js:776
[  200639ms] [LOG] [Fast Refresh] done in 288ms @ http://localhost:3000/_next/static/chunks/0brk_next_dist_0dm07mh._.js:776
[  200689ms] [LOG] [Fast Refresh] done in 288ms @ http://localhost:3000/_next/static/chunks/0brk_next_dist_0dm07mh._.js:776
[  200739ms] [LOG] [Fast Refresh] done in 288ms @ http://localhost:3000/_next/static/chunks/0brk_next_dist_0dm07mh._.js:776
[  200804ms] [LOG] [Fast Refresh] done in 288ms @ http://localhost:3000/_next/static/chunks/0brk_next_dist_0dm07mh._.js:776
[  200856ms] [LOG] [Fast Refresh] done in 288ms @ http://localhost:3000/_next/static/chunks/0brk_next_dist_0dm07mh._.js:776
[  200905ms] [LOG] [Fast Refresh] done in 288ms @ http://localhost:3000/_next/static/chunks/0brk_next_dist_0dm07mh._.js:776
[  200956ms] [LOG] [Fast Refresh] done in 288ms @ http://localhost:3000/_next/static/chunks/0brk_next_dist_0dm07mh._.js:776
[  201008ms] [LOG] [Fast Refresh] done in 288ms @ http://localhost:3000/_next/static/chunks/0brk_next_dist_0dm07mh._.js:776
[  201070ms] [LOG] [Fast Refresh] done in 288ms @ http://localhost:3000/_next/static/chunks/0brk_next_dist_0dm07mh._.js:776
[  201123ms] [LOG] [Fast Refresh] done in 288ms @ http://localhost:3000/_next/static/chunks/0brk_next_dist_0dm07mh._.js:776
[  201178ms] [LOG] [Fast Refresh] done in 288ms @ http://localhost:3000/_next/static/chunks/0brk_next_dist_0dm07mh._.js:776
[  201241ms] [LOG] [Fast Refresh] done in 288ms @ http://localhost:3000/_next/static/chunks/0brk_next_dist_0dm07mh._.js:776
[  201292ms] [LOG] [Fast Refresh] done in 288ms @ http://localhost:3000/_next/static/chunks/0brk_next_dist_0dm07mh._.js:776
[  201341ms] [LOG] [Fast Refresh] done in 288ms @ http://localhost:3000/_next/static/chunks/0brk_next_dist_0dm07mh._.js:776
[  201390ms] [LOG] [Fast Refresh] done in 288ms @ http://localhost:3000/_next/static/chunks/0brk_next_dist_0dm07mh._.js:776
[  201441ms] [LOG] [Fast Refresh] done in 288ms @ http://localhost:3000/_next/static/chunks/0brk_next_dist_0dm07mh._.js:776
[  201505ms] [LOG] [Fast Refresh] done in 288ms @ http://localhost:3000/_next/static/chunks/0brk_next_dist_0dm07mh._.js:776
[  201557ms] [LOG] [Fast Refresh] done in 288ms @ http://localhost:3000/_next/static/chunks/0brk_next_dist_0dm07mh._.js:776
[  201619ms] [LOG] [Fast Refresh] done in 288ms @ http://localhost:3000/_next/static/chunks/0brk_next_dist_0dm07mh._.js:776
[  201688ms] [LOG] [Fast Refresh] done in 288ms @ http://localhost:3000/_next/static/chunks/0brk_next_dist_0dm07mh._.js:776
[  201742ms] [LOG] [Fast Refresh] done in 288ms @ http://localhost:3000/_next/static/chunks/0brk_next_dist_0dm07mh._.js:776
[  201803ms] [LOG] [Fast Refresh] done in 288ms @ http://localhost:3000/_next/static/chunks/0brk_next_dist_0dm07mh._.js:776
[  201873ms] [LOG] [Fast Refresh] done in 288ms @ http://localhost:3000/_next/static/chunks/0brk_next_dist_0dm07mh._.js:776
[  201934ms] [LOG] [Fast Refresh] done in 288ms @ http://localhost:3000/_next/static/chunks/0brk_next_dist_0dm07mh._.js:776
[  202009ms] [LOG] [Fast Refresh] done in 288ms @ http://localhost:3000/_next/static/chunks/0brk_next_dist_0dm07mh._.js:776
[  202106ms] [LOG] [Fast Refresh] done in 288ms @ http://localhost:3000/_next/static/chunks/0brk_next_dist_0dm07mh._.js:776
[  202170ms] [LOG] [Fast Refresh] done in 288ms @ http://localhost:3000/_next/static/chunks/0brk_next_dist_0dm07mh._.js:776
[  202225ms] [LOG] [Fast Refresh] done in 288ms @ http://localhost:3000/_next/static/chunks/0brk_next_dist_0dm07mh._.js:776
[  202292ms] [LOG] [Fast Refresh] done in 288ms @ http://localhost:3000/_next/static/chunks/0brk_next_dist_0dm07mh._.js:776
[  202351ms] [LOG] [Fast Refresh] done in 288ms @ http://localhost:3000/_next/static/chunks/0brk_next_dist_0dm07mh._.js:776
[  202412ms] [LOG] [Fast Refresh] done in 288ms @ http://localhost:3000/_next/static/chunks/0brk_next_dist_0dm07mh._.js:776
[  202473ms] [LOG] [Fast Refresh] done in 288ms @ http://localhost:3000/_next/static/chunks/0brk_next_dist_0dm07mh._.js:776
[  202525ms] [LOG] [Fast Refresh] done in 288ms @ http://localhost:3000/_next/static/chunks/0brk_next_dist_0dm07mh._.js:776
[  202606ms] [LOG] [Fast Refresh] done in 288ms @ http://localhost:3000/_next/static/chunks/0brk_next_dist_0dm07mh._.js:776
[  202698ms] [LOG] [Fast Refresh] done in 288ms @ http://localhost:3000/_next/static/chunks/0brk_next_dist_0dm07mh._.js:776
[  202825ms] [LOG] [Fast Refresh] done in 288ms @ http://localhost:3000/_next/static/chunks/0brk_next_dist_0dm07mh._.js:776
[  202879ms] [LOG] [Fast Refresh] done in 288ms @ http://localhost:3000/_next/static/chunks/0brk_next_dist_0dm07mh._.js:776
[  202925ms] [LOG] [Fast Refresh] done in 288ms @ http://localhost:3000/_next/static/chunks/0brk_next_dist_0dm07mh._.js:776
[  203010ms] [LOG] [Fast Refresh] done in 288ms @ http://localhost:3000/_next/static/chunks/0brk_next_dist_0dm07mh._.js:776
[  203143ms] [LOG] [Fast Refresh] done in 288ms @ http://localhost:3000/_next/static/chunks/0brk_next_dist_0dm07mh._.js:776
[  203199ms] [LOG] [Fast Refresh] done in 288ms @ http://localhost:3000/_next/static/chunks/0brk_next_dist_0dm07mh._.js:776
[  203260ms] [LOG] [Fast Refresh] done in 288ms @ http://localhost:3000/_next/static/chunks/0brk_next_dist_0dm07mh._.js:776
[  203329ms] [LOG] [Fast Refresh] done in 288ms @ http://localhost:3000/_next/static/chunks/0brk_next_dist_0dm07mh._.js:776
[  203379ms] [LOG] [Fast Refresh] done in 288ms @ http://localhost:3000/_next/static/chunks/0brk_next_dist_0dm07mh._.js:776
[  203430ms] [LOG] [Fast Refresh] done in 288ms @ http://localhost:3000/_next/static/chunks/0brk_next_dist_0dm07mh._.js:776
[  203515ms] [LOG] [Fast Refresh] done in 288ms @ http://localhost:3000/_next/static/chunks/0brk_next_dist_0dm07mh._.js:776
[  203585ms] [LOG] [Fast Refresh] done in 288ms @ http://localhost:3000/_next/static/chunks/0brk_next_dist_0dm07mh._.js:776
[  203641ms] [LOG] [Fast Refresh] done in 288ms @ http://localhost:3000/_next/static/chunks/0brk_next_dist_0dm07mh._.js:776
[  203690ms] [LOG] [Fast Refresh] done in 288ms @ http://localhost:3000/_next/static/chunks/0brk_next_dist_0dm07mh._.js:776
[  203745ms] [LOG] [Fast Refresh] done in 288ms @ http://localhost:3000/_next/static/chunks/0brk_next_dist_0dm07mh._.js:776
[  203806ms] [LOG] [Fast Refresh] done in 288ms @ http://localhost:3000/_next/static/chunks/0brk_next_dist_0dm07mh._.js:776
[  203857ms] [LOG] [Fast Refresh] done in 288ms @ http://localhost:3000/_next/static/chunks/0brk_next_dist_0dm07mh._.js:776
[  203906ms] [LOG] [Fast Refresh] done in 288ms @ http://localhost:3000/_next/static/chunks/0brk_next_dist_0dm07mh._.js:776
[  203959ms] [LOG] [Fast Refresh] done in 288ms @ http://localhost:3000/_next/static/chunks/0brk_next_dist_0dm07mh._.js:776
[  204006ms] [LOG] [Fast Refresh] done in 288ms @ http://localhost:3000/_next/static/chunks/0brk_next_dist_0dm07mh._.js:776
[  204074ms] [LOG] [Fast Refresh] done in 288ms @ http://localhost:3000/_next/static/chunks/0brk_next_dist_0dm07mh._.js:776
[  204141ms] [LOG] [Fast Refresh] done in 288ms @ http://localhost:3000/_next/static/chunks/0brk_next_dist_0dm07mh._.js:776
[  204486ms] [LOG] [Fast Refresh] done in 288ms @ http://localhost:3000/_next/static/chunks/0brk_next_dist_0dm07mh._.js:776
[  204721ms] [LOG] [Fast Refresh] done in 288ms @ http://localhost:3000/_next/static/chunks/0brk_next_dist_0dm07mh._.js:776
[  204891ms] [LOG] [Fast Refresh] done in 288ms @ http://localhost:3000/_next/static/chunks/0brk_next_dist_0dm07mh._.js:776
[  205055ms] [LOG] [Fast Refresh] done in 288ms @ http://localhost:3000/_next/static/chunks/0brk_next_dist_0dm07mh._.js:776
[  205114ms] [LOG] [Fast Refresh] done in 288ms @ http://localhost:3000/_next/static/chunks/0brk_next_dist_0dm07mh._.js:776
[  205175ms] [LOG] [Fast Refresh] done in 288ms @ http://localhost:3000/_next/static/chunks/0brk_next_dist_0dm07mh._.js:776
[  205238ms] [LOG] [Fast Refresh] done in 288ms @ http://localhost:3000/_next/static/chunks/0brk_next_dist_0dm07mh._.js:776
[  205290ms] [LOG] [Fast Refresh] done in 288ms @ http://localhost:3000/_next/static/chunks/0brk_next_dist_0dm07mh._.js:776
[  205355ms] [LOG] [Fast Refresh] done in 288ms @ http://localhost:3000/_next/static/chunks/0brk_next_dist_0dm07mh._.js:776
[  205417ms] [LOG] [Fast Refresh] done in 288ms @ http://localhost:3000/_next/static/chunks/0brk_next_dist_0dm07mh._.js:776
[  205495ms] [LOG] [Fast Refresh] done in 288ms @ http://localhost:3000/_next/static/chunks/0brk_next_dist_0dm07mh._.js:776
[  205566ms] [LOG] [Fast Refresh] done in 288ms @ http://localhost:3000/_next/static/chunks/0brk_next_dist_0dm07mh._.js:776
[  205613ms] [LOG] [Fast Refresh] done in 288ms @ http://localhost:3000/_next/static/chunks/0brk_next_dist_0dm07mh._.js:776
[  205689ms] [LOG] [Fast Refresh] done in 288ms @ http://localhost:3000/_next/static/chunks/0brk_next_dist_0dm07mh._.js:776
[  205760ms] [LOG] [Fast Refresh] done in 288ms @ http://localhost:3000/_next/static/chunks/0brk_next_dist_0dm07mh._.js:776
[  205841ms] [LOG] [Fast Refresh] done in 288ms @ http://localhost:3000/_next/static/chunks/0brk_next_dist_0dm07mh._.js:776
[  205900ms] [LOG] [Fast Refresh] done in 288ms @ http://localhost:3000/_next/static/chunks/0brk_next_dist_0dm07mh._.js:776
[  205958ms] [LOG] [Fast Refresh] done in 288ms @ http://localhost:3000/_next/static/chunks/0brk_next_dist_0dm07mh._.js:776
[  206022ms] [LOG] [Fast Refresh] done in 288ms @ http://localhost:3000/_next/static/chunks/0brk_next_dist_0dm07mh._.js:776
[  206078ms] [LOG] [Fast Refresh] done in 288ms @ http://localhost:3000/_next/static/chunks/0brk_next_dist_0dm07mh._.js:776
[  206139ms] [LOG] [Fast Refresh] done in 288ms @ http://localhost:3000/_next/static/chunks/0brk_next_dist_0dm07mh._.js:776
[  206204ms] [LOG] [Fast Refresh] done in 288ms @ http://localhost:3000/_next/static/chunks/0brk_next_dist_0dm07mh._.js:776
[  206258ms] [LOG] [Fast Refresh] done in 288ms @ http://localhost:3000/_next/static/chunks/0brk_next_dist_0dm07mh._.js:776
[  206308ms] [LOG] [Fast Refresh] done in 288ms @ http://localhost:3000/_next/static/chunks/0brk_next_dist_0dm07mh._.js:776
[  206373ms] [LOG] [Fast Refresh] done in 288ms @ http://localhost:3000/_next/static/chunks/0brk_next_dist_0dm07mh._.js:776
[  206423ms] [LOG] [Fast Refresh] done in 288ms @ http://localhost:3000/_next/static/chunks/0brk_next_dist_0dm07mh._.js:776
[  206504ms] [LOG] [Fast Refresh] done in 288ms @ http://localhost:3000/_next/static/chunks/0brk_next_dist_0dm07mh._.js:776
[  206557ms] [LOG] [Fast Refresh] done in 288ms @ http://localhost:3000/_next/static/chunks/0brk_next_dist_0dm07mh._.js:776
[  206607ms] [LOG] [Fast Refresh] done in 288ms @ http://localhost:3000/_next/static/chunks/0brk_next_dist_0dm07mh._.js:776
[  206668ms] [LOG] [Fast Refresh] done in 288ms @ http://localhost:3000/_next/static/chunks/0brk_next_dist_0dm07mh._.js:776
[  206746ms] [LOG] [Fast Refresh] done in 288ms @ http://localhost:3000/_next/static/chunks/0brk_next_dist_0dm07mh._.js:776
[  206826ms] [LOG] [Fast Refresh] done in 288ms @ http://localhost:3000/_next/static/chunks/0brk_next_dist_0dm07mh._.js:776
[  206890ms] [LOG] [Fast Refresh] done in 288ms @ http://localhost:3000/_next/static/chunks/0brk_next_dist_0dm07mh._.js:776
[  206941ms] [LOG] [Fast Refresh] done in 288ms @ http://localhost:3000/_next/static/chunks/0brk_next_dist_0dm07mh._.js:776
[  207003ms] [LOG] [Fast Refresh] done in 288ms @ http://localhost:3000/_next/static/chunks/0brk_next_dist_0dm07mh._.js:776
[  207077ms] [LOG] [Fast Refresh] done in 288ms @ http://localhost:3000/_next/static/chunks/0brk_next_dist_0dm07mh._.js:776
[  207157ms] [LOG] [Fast Refresh] done in 288ms @ http://localhost:3000/_next/static/chunks/0brk_next_dist_0dm07mh._.js:776
[  207242ms] [LOG] [Fast Refresh] done in 288ms @ http://localhost:3000/_next/static/chunks/0brk_next_dist_0dm07mh._.js:776
[  207311ms] [LOG] [Fast Refresh] done in 288ms @ http://localhost:3000/_next/static/chunks/0brk_next_dist_0dm07mh._.js:776
[  207363ms] [LOG] [Fast Refresh] done in 288ms @ http://localhost:3000/_next/static/chunks/0brk_next_dist_0dm07mh._.js:776
[  207439ms] [LOG] [Fast Refresh] done in 288ms @ http://localhost:3000/_next/static/chunks/0brk_next_dist_0dm07mh._.js:776
[  207642ms] [LOG] [Fast Refresh] done in 288ms @ http://localhost:3000/_next/static/chunks/0brk_next_dist_0dm07mh._.js:776
[  207717ms] [LOG] [Fast Refresh] done in 288ms @ http://localhost:3000/_next/static/chunks/0brk_next_dist_0dm07mh._.js:776
[  207797ms] [LOG] [Fast Refresh] done in 288ms @ http://localhost:3000/_next/static/chunks/0brk_next_dist_0dm07mh._.js:776
[  207870ms] [LOG] [Fast Refresh] done in 288ms @ http://localhost:3000/_next/static/chunks/0brk_next_dist_0dm07mh._.js:776
[  207941ms] [LOG] [Fast Refresh] done in 288ms @ http://localhost:3000/_next/static/chunks/0brk_next_dist_0dm07mh._.js:776
[  208010ms] [LOG] [Fast Refresh] done in 288ms @ http://localhost:3000/_next/static/chunks/0brk_next_dist_0dm07mh._.js:776
[  208087ms] [LOG] [Fast Refresh] done in 288ms @ http://localhost:3000/_next/static/chunks/0brk_next_dist_0dm07mh._.js:776
[  208148ms] [LOG] [Fast Refresh] done in 288ms @ http://localhost:3000/_next/static/chunks/0brk_next_dist_0dm07mh._.js:776
[  208213ms] [LOG] [Fast Refresh] done in 288ms @ http://localhost:3000/_next/static/chunks/0brk_next_dist_0dm07mh._.js:776
[  208285ms] [LOG] [Fast Refresh] done in 288ms @ http://localhost:3000/_next/static/chunks/0brk_next_dist_0dm07mh._.js:776
[  208337ms] [LOG] [Fast Refresh] done in 288ms @ http://localhost:3000/_next/static/chunks/0brk_next_dist_0dm07mh._.js:776
[  208412ms] [LOG] [Fast Refresh] done in 288ms @ http://localhost:3000/_next/static/chunks/0brk_next_dist_0dm07mh._.js:776
[  208476ms] [LOG] [Fast Refresh] done in 288ms @ http://localhost:3000/_next/static/chunks/0brk_next_dist_0dm07mh._.js:776
[  208575ms] [LOG] [Fast Refresh] done in 288ms @ http://localhost:3000/_next/static/chunks/0brk_next_dist_0dm07mh._.js:776
[  208645ms] [LOG] [Fast Refresh] done in 288ms @ http://localhost:3000/_next/static/chunks/0brk_next_dist_0dm07mh._.js:776
[  208715ms] [LOG] [Fast Refresh] done in 288ms @ http://localhost:3000/_next/static/chunks/0brk_next_dist_0dm07mh._.js:776
[  208793ms] [LOG] [Fast Refresh] done in 288ms @ http://localhost:3000/_next/static/chunks/0brk_next_dist_0dm07mh._.js:776
[  208861ms] [LOG] [Fast Refresh] done in 288ms @ http://localhost:3000/_next/static/chunks/0brk_next_dist_0dm07mh._.js:776
[  208923ms] [LOG] [Fast Refresh] done in 288ms @ http://localhost:3000/_next/static/chunks/0brk_next_dist_0dm07mh._.js:776
[  208973ms] [LOG] [Fast Refresh] done in 288ms @ http://localhost:3000/_next/static/chunks/0brk_next_dist_0dm07mh._.js:776
[  209042ms] [LOG] [Fast Refresh] done in 288ms @ http://localhost:3000/_next/static/chunks/0brk_next_dist_0dm07mh._.js:776
[  209104ms] [LOG] [Fast Refresh] done in 288ms @ http://localhost:3000/_next/static/chunks/0brk_next_dist_0dm07mh._.js:776
[  209175ms] [LOG] [Fast Refresh] done in 288ms @ http://localhost:3000/_next/static/chunks/0brk_next_dist_0dm07mh._.js:776
[  209246ms] [LOG] [Fast Refresh] done in 288ms @ http://localhost:3000/_next/static/chunks/0brk_next_dist_0dm07mh._.js:776
[  209305ms] [LOG] [Fast Refresh] done in 288ms @ http://localhost:3000/_next/static/chunks/0brk_next_dist_0dm07mh._.js:776
[  209357ms] [LOG] [Fast Refresh] done in 288ms @ http://localhost:3000/_next/static/chunks/0brk_next_dist_0dm07mh._.js:776
[  209460ms] [LOG] [Fast Refresh] done in 288ms @ http://localhost:3000/_next/static/chunks/0brk_next_dist_0dm07mh._.js:776
[  209582ms] [LOG] [Fast Refresh] done in 288ms @ http://localhost:3000/_next/static/chunks/0brk_next_dist_0dm07mh._.js:776
[  209722ms] [LOG] [Fast Refresh] done in 288ms @ http://localhost:3000/_next/static/chunks/0brk_next_dist_0dm07mh._.js:776
[  209887ms] [LOG] [Fast Refresh] done in 288ms @ http://localhost:3000/_next/static/chunks/0brk_next_dist_0dm07mh._.js:776
[  211007ms] [LOG] [Fast Refresh] done in 288ms @ http://localhost:3000/_next/static/chunks/0brk_next_dist_0dm07mh._.js:776
[  211210ms] [LOG] [Fast Refresh] done in 288ms @ http://localhost:3000/_next/static/chunks/0brk_next_dist_0dm07mh._.js:776
[  211310ms] [LOG] [Fast Refresh] done in 288ms @ http://localhost:3000/_next/static/chunks/0brk_next_dist_0dm07mh._.js:776
[  211428ms] [LOG] [Fast Refresh] done in 288ms @ http://localhost:3000/_next/static/chunks/0brk_next_dist_0dm07mh._.js:776
[  211574ms] [LOG] [Fast Refresh] done in 288ms @ http://localhost:3000/_next/static/chunks/0brk_next_dist_0dm07mh._.js:776
[  211788ms] [LOG] [Fast Refresh] done in 288ms @ http://localhost:3000/_next/static/chunks/0brk_next_dist_0dm07mh._.js:776
[  211911ms] [LOG] [Fast Refresh] done in 288ms @ http://localhost:3000/_next/static/chunks/0brk_next_dist_0dm07mh._.js:776
[  212015ms] [LOG] [Fast Refresh] done in 288ms @ http://localhost:3000/_next/static/chunks/0brk_next_dist_0dm07mh._.js:776
[  212092ms] [LOG] [Fast Refresh] done in 288ms @ http://localhost:3000/_next/static/chunks/0brk_next_dist_0dm07mh._.js:776
[  212158ms] [LOG] [Fast Refresh] done in 288ms @ http://localhost:3000/_next/static/chunks/0brk_next_dist_0dm07mh._.js:776
[  212224ms] [LOG] [Fast Refresh] done in 288ms @ http://localhost:3000/_next/static/chunks/0brk_next_dist_0dm07mh._.js:776
[  212276ms] [LOG] [Fast Refresh] done in 288ms @ http://localhost:3000/_next/static/chunks/0brk_next_dist_0dm07mh._.js:776
[  212320ms] [LOG] [Fast Refresh] done in 288ms @ http://localhost:3000/_next/static/chunks/0brk_next_dist_0dm07mh._.js:776
[  212381ms] [LOG] [Fast Refresh] done in 288ms @ http://localhost:3000/_next/static/chunks/0brk_next_dist_0dm07mh._.js:776
[  212461ms] [LOG] [Fast Refresh] done in 288ms @ http://localhost:3000/_next/static/chunks/0brk_next_dist_0dm07mh._.js:776
[  212531ms] [LOG] [Fast Refresh] done in 288ms @ http://localhost:3000/_next/static/chunks/0brk_next_dist_0dm07mh._.js:776
[  212594ms] [LOG] [Fast Refresh] done in 288ms @ http://localhost:3000/_next/static/chunks/0brk_next_dist_0dm07mh._.js:776
[  212657ms] [LOG] [Fast Refresh] done in 288ms @ http://localhost:3000/_next/static/chunks/0brk_next_dist_0dm07mh._.js:776
[  212718ms] [LOG] [Fast Refresh] done in 288ms @ http://localhost:3000/_next/static/chunks/0brk_next_dist_0dm07mh._.js:776
[  212775ms] [LOG] [Fast Refresh] done in 288ms @ http://localhost:3000/_next/static/chunks/0brk_next_dist_0dm07mh._.js:776
[  212827ms] [LOG] [Fast Refresh] done in 288ms @ http://localhost:3000/_next/static/chunks/0brk_next_dist_0dm07mh._.js:776
[  212886ms] [LOG] [Fast Refresh] done in 288ms @ http://localhost:3000/_next/static/chunks/0brk_next_dist_0dm07mh._.js:776
[  213110ms] [LOG] [Fast Refresh] done in 288ms @ http://localhost:3000/_next/static/chunks/0brk_next_dist_0dm07mh._.js:776
[  214167ms] [LOG] [Fast Refresh] done in 288ms @ http://localhost:3000/_next/static/chunks/0brk_next_dist_0dm07mh._.js:776
[  214322ms] [LOG] [Fast Refresh] done in 288ms @ http://localhost:3000/_next/static/chunks/0brk_next_dist_0dm07mh._.js:776
[  214385ms] [LOG] [Fast Refresh] done in 288ms @ http://localhost:3000/_next/static/chunks/0brk_next_dist_0dm07mh._.js:776
[  214439ms] [LOG] [Fast Refresh] done in 288ms @ http://localhost:3000/_next/static/chunks/0brk_next_dist_0dm07mh._.js:776
[  214501ms] [LOG] [Fast Refresh] done in 288ms @ http://localhost:3000/_next/static/chunks/0brk_next_dist_0dm07mh._.js:776
[  214556ms] [LOG] [Fast Refresh] done in 288ms @ http://localhost:3000/_next/static/chunks/0brk_next_dist_0dm07mh._.js:776
[  214626ms] [LOG] [Fast Refresh] done in 288ms @ http://localhost:3000/_next/static/chunks/0brk_next_dist_0dm07mh._.js:776
[  214694ms] [LOG] [Fast Refresh] done in 288ms @ http://localhost:3000/_next/static/chunks/0brk_next_dist_0dm07mh._.js:776
[  214767ms] [LOG] [Fast Refresh] done in 288ms @ http://localhost:3000/_next/static/chunks/0brk_next_dist_0dm07mh._.js:776
[  214830ms] [LOG] [Fast Refresh] done in 288ms @ http://localhost:3000/_next/static/chunks/0brk_next_dist_0dm07mh._.js:776
[  214897ms] [LOG] [Fast Refresh] done in 288ms @ http://localhost:3000/_next/static/chunks/0brk_next_dist_0dm07mh._.js:776
[  214954ms] [LOG] [Fast Refresh] done in 288ms @ http://localhost:3000/_next/static/chunks/0brk_next_dist_0dm07mh._.js:776
[  215011ms] [LOG] [Fast Refresh] done in 288ms @ http://localhost:3000/_next/static/chunks/0brk_next_dist_0dm07mh._.js:776
[  215085ms] [LOG] [Fast Refresh] done in 288ms @ http://localhost:3000/_next/static/chunks/0brk_next_dist_0dm07mh._.js:776
[  215138ms] [LOG] [Fast Refresh] done in 288ms @ http://localhost:3000/_next/static/chunks/0brk_next_dist_0dm07mh._.js:776
[  215200ms] [LOG] [Fast Refresh] done in 288ms @ http://localhost:3000/_next/static/chunks/0brk_next_dist_0dm07mh._.js:776
[  215253ms] [LOG] [Fast Refresh] done in 288ms @ http://localhost:3000/_next/static/chunks/0brk_next_dist_0dm07mh._.js:776
[  215320ms] [LOG] [Fast Refresh] done in 288ms @ http://localhost:3000/_next/static/chunks/0brk_next_dist_0dm07mh._.js:776
[  215381ms] [LOG] [Fast Refresh] done in 288ms @ http://localhost:3000/_next/static/chunks/0brk_next_dist_0dm07mh._.js:776
[  215444ms] [LOG] [Fast Refresh] done in 288ms @ http://localhost:3000/_next/static/chunks/0brk_next_dist_0dm07mh._.js:776
[  215504ms] [LOG] [Fast Refresh] done in 288ms @ http://localhost:3000/_next/static/chunks/0brk_next_dist_0dm07mh._.js:776
[  215568ms] [LOG] [Fast Refresh] done in 288ms @ http://localhost:3000/_next/static/chunks/0brk_next_dist_0dm07mh._.js:776
[  215626ms] [LOG] [Fast Refresh] done in 288ms @ http://localhost:3000/_next/static/chunks/0brk_next_dist_0dm07mh._.js:776
[  215758ms] [LOG] [Fast Refresh] done in 288ms @ http://localhost:3000/_next/static/chunks/0brk_next_dist_0dm07mh._.js:776
[  216334ms] [LOG] [Fast Refresh] done in 288ms @ http://localhost:3000/_next/static/chunks/0brk_next_dist_0dm07mh._.js:776
[  216801ms] [LOG] [Fast Refresh] done in 288ms @ http://localhost:3000/_next/static/chunks/0brk_next_dist_0dm07mh._.js:776
[  216910ms] [LOG] [Fast Refresh] done in 288ms @ http://localhost:3000/_next/static/chunks/0brk_next_dist_0dm07mh._.js:776
[  217009ms] [LOG] [Fast Refresh] done in 288ms @ http://localhost:3000/_next/static/chunks/0brk_next_dist_0dm07mh._.js:776
[  217079ms] [LOG] [Fast Refresh] done in 288ms @ http://localhost:3000/_next/static/chunks/0brk_next_dist_0dm07mh._.js:776
[  217157ms] [LOG] [Fast Refresh] done in 288ms @ http://localhost:3000/_next/static/chunks/0brk_next_dist_0dm07mh._.js:776
[  217219ms] [LOG] [Fast Refresh] done in 288ms @ http://localhost:3000/_next/static/chunks/0brk_next_dist_0dm07mh._.js:776
[  217281ms] [LOG] [Fast Refresh] done in 288ms @ http://localhost:3000/_next/static/chunks/0brk_next_dist_0dm07mh._.js:776
[  217343ms] [LOG] [Fast Refresh] done in 288ms @ http://localhost:3000/_next/static/chunks/0brk_next_dist_0dm07mh._.js:776
[  217394ms] [LOG] [Fast Refresh] done in 288ms @ http://localhost:3000/_next/static/chunks/0brk_next_dist_0dm07mh._.js:776
[  217455ms] [LOG] [Fast Refresh] done in 288ms @ http://localhost:3000/_next/static/chunks/0brk_next_dist_0dm07mh._.js:776
[  217510ms] [LOG] [Fast Refresh] done in 288ms @ http://localhost:3000/_next/static/chunks/0brk_next_dist_0dm07mh._.js:776
[  217571ms] [LOG] [Fast Refresh] done in 288ms @ http://localhost:3000/_next/static/chunks/0brk_next_dist_0dm07mh._.js:776
[  217638ms] [LOG] [Fast Refresh] done in 288ms @ http://localhost:3000/_next/static/chunks/0brk_next_dist_0dm07mh._.js:776
[  217709ms] [LOG] [Fast Refresh] done in 288ms @ http://localhost:3000/_next/static/chunks/0brk_next_dist_0dm07mh._.js:776
[  217771ms] [LOG] [Fast Refresh] done in 288ms @ http://localhost:3000/_next/static/chunks/0brk_next_dist_0dm07mh._.js:776
[  217822ms] [LOG] [Fast Refresh] done in 288ms @ http://localhost:3000/_next/static/chunks/0brk_next_dist_0dm07mh._.js:776
[  217881ms] [LOG] [Fast Refresh] done in 288ms @ http://localhost:3000/_next/static/chunks/0brk_next_dist_0dm07mh._.js:776
[  217943ms] [LOG] [Fast Refresh] done in 288ms @ http://localhost:3000/_next/static/chunks/0brk_next_dist_0dm07mh._.js:776
[  218000ms] [LOG] [Fast Refresh] done in 288ms @ http://localhost:3000/_next/static/chunks/0brk_next_dist_0dm07mh._.js:776
[  218055ms] [LOG] [Fast Refresh] done in 288ms @ http://localhost:3000/_next/static/chunks/0brk_next_dist_0dm07mh._.js:776
[  218107ms] [LOG] [Fast Refresh] done in 288ms @ http://localhost:3000/_next/static/chunks/0brk_next_dist_0dm07mh._.js:776
[  218167ms] [LOG] [Fast Refresh] done in 288ms @ http://localhost:3000/_next/static/chunks/0brk_next_dist_0dm07mh._.js:776
[  218225ms] [LOG] [Fast Refresh] done in 288ms @ http://localhost:3000/_next/static/chunks/0brk_next_dist_0dm07mh._.js:776
[  218287ms] [LOG] [Fast Refresh] done in 288ms @ http://localhost:3000/_next/static/chunks/0brk_next_dist_0dm07mh._.js:776
[  218354ms] [LOG] [Fast Refresh] done in 288ms @ http://localhost:3000/_next/static/chunks/0brk_next_dist_0dm07mh._.js:776
[  218419ms] [LOG] [Fast Refresh] done in 288ms @ http://localhost:3000/_next/static/chunks/0brk_next_dist_0dm07mh._.js:776
[  218492ms] [LOG] [Fast Refresh] done in 288ms @ http://localhost:3000/_next/static/chunks/0brk_next_dist_0dm07mh._.js:776
[  219785ms] [LOG] [Fast Refresh] done in 288ms @ http://localhost:3000/_next/static/chunks/0brk_next_dist_0dm07mh._.js:776
[  219833ms] [LOG] [Fast Refresh] done in 288ms @ http://localhost:3000/_next/static/chunks/0brk_next_dist_0dm07mh._.js:776
[  219893ms] [LOG] [Fast Refresh] done in 288ms @ http://localhost:3000/_next/static/chunks/0brk_next_dist_0dm07mh._.js:776
[  219960ms] [LOG] [Fast Refresh] done in 288ms @ http://localhost:3000/_next/static/chunks/0brk_next_dist_0dm07mh._.js:776
[  220019ms] [LOG] [Fast Refresh] done in 288ms @ http://localhost:3000/_next/static/chunks/0brk_next_dist_0dm07mh._.js:776
[  220082ms] [LOG] [Fast Refresh] done in 288ms @ http://localhost:3000/_next/static/chunks/0brk_next_dist_0dm07mh._.js:776
[  220139ms] [LOG] [Fast Refresh] done in 288ms @ http://localhost:3000/_next/static/chunks/0brk_next_dist_0dm07mh._.js:776
[  220194ms] [LOG] [Fast Refresh] done in 288ms @ http://localhost:3000/_next/static/chunks/0brk_next_dist_0dm07mh._.js:776
[  220254ms] [LOG] [Fast Refresh] done in 288ms @ http://localhost:3000/_next/static/chunks/0brk_next_dist_0dm07mh._.js:776
[  220306ms] [LOG] [Fast Refresh] done in 288ms @ http://localhost:3000/_next/static/chunks/0brk_next_dist_0dm07mh._.js:776
[  220355ms] [LOG] [Fast Refresh] done in 288ms @ http://localhost:3000/_next/static/chunks/0brk_next_dist_0dm07mh._.js:776
[  220410ms] [LOG] [Fast Refresh] done in 288ms @ http://localhost:3000/_next/static/chunks/0brk_next_dist_0dm07mh._.js:776
[  220478ms] [LOG] [Fast Refresh] done in 288ms @ http://localhost:3000/_next/static/chunks/0brk_next_dist_0dm07mh._.js:776
[  220682ms] [LOG] [Fast Refresh] done in 288ms @ http://localhost:3000/_next/static/chunks/0brk_next_dist_0dm07mh._.js:776
[  220739ms] [LOG] [Fast Refresh] done in 288ms @ http://localhost:3000/_next/static/chunks/0brk_next_dist_0dm07mh._.js:776
[  220791ms] [LOG] [Fast Refresh] done in 288ms @ http://localhost:3000/_next/static/chunks/0brk_next_dist_0dm07mh._.js:776
[  220854ms] [LOG] [Fast Refresh] done in 288ms @ http://localhost:3000/_next/static/chunks/0brk_next_dist_0dm07mh._.js:776
[  220916ms] [LOG] [Fast Refresh] done in 288ms @ http://localhost:3000/_next/static/chunks/0brk_next_dist_0dm07mh._.js:776
[  220985ms] [LOG] [Fast Refresh] done in 288ms @ http://localhost:3000/_next/static/chunks/0brk_next_dist_0dm07mh._.js:776
[  221039ms] [LOG] [Fast Refresh] done in 288ms @ http://localhost:3000/_next/static/chunks/0brk_next_dist_0dm07mh._.js:776
[  221102ms] [LOG] [Fast Refresh] done in 288ms @ http://localhost:3000/_next/static/chunks/0brk_next_dist_0dm07mh._.js:776
[  221158ms] [LOG] [Fast Refresh] done in 288ms @ http://localhost:3000/_next/static/chunks/0brk_next_dist_0dm07mh._.js:776
[  221224ms] [LOG] [Fast Refresh] done in 288ms @ http://localhost:3000/_next/static/chunks/0brk_next_dist_0dm07mh._.js:776
[  221285ms] [LOG] [Fast Refresh] done in 288ms @ http://localhost:3000/_next/static/chunks/0brk_next_dist_0dm07mh._.js:776
[  221335ms] [LOG] [Fast Refresh] done in 288ms @ http://localhost:3000/_next/static/chunks/0brk_next_dist_0dm07mh._.js:776
[  221403ms] [LOG] [Fast Refresh] done in 288ms @ http://localhost:3000/_next/static/chunks/0brk_next_dist_0dm07mh._.js:776
[  221476ms] [LOG] [Fast Refresh] done in 288ms @ http://localhost:3000/_next/static/chunks/0brk_next_dist_0dm07mh._.js:776
[  221547ms] [LOG] [Fast Refresh] done in 288ms @ http://localhost:3000/_next/static/chunks/0brk_next_dist_0dm07mh._.js:776
[  221623ms] [LOG] [Fast Refresh] done in 288ms @ http://localhost:3000/_next/static/chunks/0brk_next_dist_0dm07mh._.js:776
[  222305ms] [LOG] [Fast Refresh] done in 288ms @ http://localhost:3000/_next/static/chunks/0brk_next_dist_0dm07mh._.js:776
[  222671ms] [LOG] [Fast Refresh] done in 288ms @ http://localhost:3000/_next/static/chunks/0brk_next_dist_0dm07mh._.js:776
[  222779ms] [LOG] [Fast Refresh] done in 288ms @ http://localhost:3000/_next/static/chunks/0brk_next_dist_0dm07mh._.js:776
[  222837ms] [LOG] [Fast Refresh] done in 288ms @ http://localhost:3000/_next/static/chunks/0brk_next_dist_0dm07mh._.js:776
[  222887ms] [LOG] [Fast Refresh] done in 288ms @ http://localhost:3000/_next/static/chunks/0brk_next_dist_0dm07mh._.js:776
[  222952ms] [LOG] [Fast Refresh] done in 288ms @ http://localhost:3000/_next/static/chunks/0brk_next_dist_0dm07mh._.js:776
[  223030ms] [LOG] [Fast Refresh] done in 288ms @ http://localhost:3000/_next/static/chunks/0brk_next_dist_0dm07mh._.js:776
[  223076ms] [LOG] [Fast Refresh] done in 288ms @ http://localhost:3000/_next/static/chunks/0brk_next_dist_0dm07mh._.js:776
[  223122ms] [LOG] [Fast Refresh] done in 288ms @ http://localhost:3000/_next/static/chunks/0brk_next_dist_0dm07mh._.js:776
[  223183ms] [LOG] [Fast Refresh] done in 288ms @ http://localhost:3000/_next/static/chunks/0brk_next_dist_0dm07mh._.js:776
[  223238ms] [LOG] [Fast Refresh] done in 288ms @ http://localhost:3000/_next/static/chunks/0brk_next_dist_0dm07mh._.js:776
[  223302ms] [LOG] [Fast Refresh] done in 288ms @ http://localhost:3000/_next/static/chunks/0brk_next_dist_0dm07mh._.js:776
[  223369ms] [LOG] [Fast Refresh] done in 288ms @ http://localhost:3000/_next/static/chunks/0brk_next_dist_0dm07mh._.js:776
[  223425ms] [LOG] [Fast Refresh] done in 288ms @ http://localhost:3000/_next/static/chunks/0brk_next_dist_0dm07mh._.js:776
[  223485ms] [LOG] [Fast Refresh] done in 288ms @ http://localhost:3000/_next/static/chunks/0brk_next_dist_0dm07mh._.js:776
[  223541ms] [LOG] [Fast Refresh] done in 288ms @ http://localhost:3000/_next/static/chunks/0brk_next_dist_0dm07mh._.js:776
[  223591ms] [LOG] [Fast Refresh] done in 288ms @ http://localhost:3000/_next/static/chunks/0brk_next_dist_0dm07mh._.js:776
[  223647ms] [LOG] [Fast Refresh] done in 288ms @ http://localhost:3000/_next/static/chunks/0brk_next_dist_0dm07mh._.js:776
[  223711ms] [LOG] [Fast Refresh] done in 288ms @ http://localhost:3000/_next/static/chunks/0brk_next_dist_0dm07mh._.js:776
[  223784ms] [LOG] [Fast Refresh] done in 288ms @ http://localhost:3000/_next/static/chunks/0brk_next_dist_0dm07mh._.js:776
[  223853ms] [LOG] [Fast Refresh] done in 288ms @ http://localhost:3000/_next/static/chunks/0brk_next_dist_0dm07mh._.js:776
[  223934ms] [LOG] [Fast Refresh] done in 288ms @ http://localhost:3000/_next/static/chunks/0brk_next_dist_0dm07mh._.js:776
[  223995ms] [LOG] [Fast Refresh] done in 288ms @ http://localhost:3000/_next/static/chunks/0brk_next_dist_0dm07mh._.js:776
[  224059ms] [LOG] [Fast Refresh] done in 288ms @ http://localhost:3000/_next/static/chunks/0brk_next_dist_0dm07mh._.js:776
[  224128ms] [LOG] [Fast Refresh] done in 288ms @ http://localhost:3000/_next/static/chunks/0brk_next_dist_0dm07mh._.js:776
[  224214ms] [LOG] [Fast Refresh] done in 288ms @ http://localhost:3000/_next/static/chunks/0brk_next_dist_0dm07mh._.js:776
[  224274ms] [LOG] [Fast Refresh] done in 288ms @ http://localhost:3000/_next/static/chunks/0brk_next_dist_0dm07mh._.js:776
[  224325ms] [LOG] [Fast Refresh] done in 288ms @ http://localhost:3000/_next/static/chunks/0brk_next_dist_0dm07mh._.js:776
[  225536ms] [LOG] [Fast Refresh] done in 288ms @ http://localhost:3000/_next/static/chunks/0brk_next_dist_0dm07mh._.js:776
[  225608ms] [LOG] [Fast Refresh] done in 288ms @ http://localhost:3000/_next/static/chunks/0brk_next_dist_0dm07mh._.js:776
[  225752ms] [LOG] [Fast Refresh] done in 288ms @ http://localhost:3000/_next/static/chunks/0brk_next_dist_0dm07mh._.js:776
[  225969ms] [LOG] [Fast Refresh] done in 288ms @ http://localhost:3000/_next/static/chunks/0brk_next_dist_0dm07mh._.js:776
[  226029ms] [LOG] [Fast Refresh] done in 288ms @ http://localhost:3000/_next/static/chunks/0brk_next_dist_0dm07mh._.js:776
[  226091ms] [LOG] [Fast Refresh] done in 288ms @ http://localhost:3000/_next/static/chunks/0brk_next_dist_0dm07mh._.js:776
[  226149ms] [LOG] [Fast Refresh] done in 288ms @ http://localhost:3000/_next/static/chunks/0brk_next_dist_0dm07mh._.js:776
[  226211ms] [LOG] [Fast Refresh] done in 288ms @ http://localhost:3000/_next/static/chunks/0brk_next_dist_0dm07mh._.js:776
[  226274ms] [LOG] [Fast Refresh] done in 288ms @ http://localhost:3000/_next/static/chunks/0brk_next_dist_0dm07mh._.js:776
[  226335ms] [LOG] [Fast Refresh] done in 288ms @ http://localhost:3000/_next/static/chunks/0brk_next_dist_0dm07mh._.js:776
[  226388ms] [LOG] [Fast Refresh] done in 288ms @ http://localhost:3000/_next/static/chunks/0brk_next_dist_0dm07mh._.js:776
[  226450ms] [LOG] [Fast Refresh] done in 288ms @ http://localhost:3000/_next/static/chunks/0brk_next_dist_0dm07mh._.js:776
[  226512ms] [LOG] [Fast Refresh] done in 288ms @ http://localhost:3000/_next/static/chunks/0brk_next_dist_0dm07mh._.js:776
[  226568ms] [LOG] [Fast Refresh] done in 288ms @ http://localhost:3000/_next/static/chunks/0brk_next_dist_0dm07mh._.js:776
[  226645ms] [LOG] [Fast Refresh] done in 288ms @ http://localhost:3000/_next/static/chunks/0brk_next_dist_0dm07mh._.js:776
[  226688ms] [LOG] [Fast Refresh] done in 288ms @ http://localhost:3000/_next/static/chunks/0brk_next_dist_0dm07mh._.js:776
[  226751ms] [LOG] [Fast Refresh] done in 288ms @ http://localhost:3000/_next/static/chunks/0brk_next_dist_0dm07mh._.js:776
[  226796ms] [LOG] [Fast Refresh] done in 288ms @ http://localhost:3000/_next/static/chunks/0brk_next_dist_0dm07mh._.js:776
[  226843ms] [LOG] [Fast Refresh] done in 288ms @ http://localhost:3000/_next/static/chunks/0brk_next_dist_0dm07mh._.js:776
[  226906ms] [LOG] [Fast Refresh] done in 288ms @ http://localhost:3000/_next/static/chunks/0brk_next_dist_0dm07mh._.js:776
[  226973ms] [LOG] [Fast Refresh] done in 288ms @ http://localhost:3000/_next/static/chunks/0brk_next_dist_0dm07mh._.js:776
[  227036ms] [LOG] [Fast Refresh] done in 288ms @ http://localhost:3000/_next/static/chunks/0brk_next_dist_0dm07mh._.js:776
[  227098ms] [LOG] [Fast Refresh] done in 288ms @ http://localhost:3000/_next/static/chunks/0brk_next_dist_0dm07mh._.js:776
[  227147ms] [LOG] [Fast Refresh] done in 288ms @ http://localhost:3000/_next/static/chunks/0brk_next_dist_0dm07mh._.js:776
[  227212ms] [LOG] [Fast Refresh] done in 288ms @ http://localhost:3000/_next/static/chunks/0brk_next_dist_0dm07mh._.js:776
[  227274ms] [LOG] [Fast Refresh] done in 288ms @ http://localhost:3000/_next/static/chunks/0brk_next_dist_0dm07mh._.js:776
[  227334ms] [LOG] [Fast Refresh] done in 288ms @ http://localhost:3000/_next/static/chunks/0brk_next_dist_0dm07mh._.js:776
[  227397ms] [LOG] [Fast Refresh] done in 288ms @ http://localhost:3000/_next/static/chunks/0brk_next_dist_0dm07mh._.js:776
[  227476ms] [LOG] [Fast Refresh] done in 288ms @ http://localhost:3000/_next/static/chunks/0brk_next_dist_0dm07mh._.js:776
[  227536ms] [LOG] [Fast Refresh] done in 288ms @ http://localhost:3000/_next/static/chunks/0brk_next_dist_0dm07mh._.js:776
[  227598ms] [LOG] [Fast Refresh] done in 288ms @ http://localhost:3000/_next/static/chunks/0brk_next_dist_0dm07mh._.js:776
[  227675ms] [LOG] [Fast Refresh] done in 288ms @ http://localhost:3000/_next/static/chunks/0brk_next_dist_0dm07mh._.js:776
[  227745ms] [LOG] [Fast Refresh] done in 288ms @ http://localhost:3000/_next/static/chunks/0brk_next_dist_0dm07mh._.js:776
[  227821ms] [LOG] [Fast Refresh] done in 288ms @ http://localhost:3000/_next/static/chunks/0brk_next_dist_0dm07mh._.js:776
[  227877ms] [LOG] [Fast Refresh] done in 288ms @ http://localhost:3000/_next/static/chunks/0brk_next_dist_0dm07mh._.js:776
[  227976ms] [LOG] [Fast Refresh] done in 288ms @ http://localhost:3000/_next/static/chunks/0brk_next_dist_0dm07mh._.js:776
[  228051ms] [LOG] [Fast Refresh] done in 288ms @ http://localhost:3000/_next/static/chunks/0brk_next_dist_0dm07mh._.js:776
[  228112ms] [LOG] [Fast Refresh] done in 288ms @ http://localhost:3000/_next/static/chunks/0brk_next_dist_0dm07mh._.js:776
[  228179ms] [LOG] [Fast Refresh] done in 288ms @ http://localhost:3000/_next/static/chunks/0brk_next_dist_0dm07mh._.js:776
[  228254ms] [LOG] [Fast Refresh] done in 288ms @ http://localhost:3000/_next/static/chunks/0brk_next_dist_0dm07mh._.js:776
[  228316ms] [LOG] [Fast Refresh] done in 288ms @ http://localhost:3000/_next/static/chunks/0brk_next_dist_0dm07mh._.js:776
[  228371ms] [LOG] [Fast Refresh] done in 288ms @ http://localhost:3000/_next/static/chunks/0brk_next_dist_0dm07mh._.js:776
[  228424ms] [LOG] [Fast Refresh] done in 288ms @ http://localhost:3000/_next/static/chunks/0brk_next_dist_0dm07mh._.js:776
[  228485ms] [LOG] [Fast Refresh] done in 288ms @ http://localhost:3000/_next/static/chunks/0brk_next_dist_0dm07mh._.js:776
[  228542ms] [LOG] [Fast Refresh] done in 288ms @ http://localhost:3000/_next/static/chunks/0brk_next_dist_0dm07mh._.js:776
[  228604ms] [LOG] [Fast Refresh] done in 288ms @ http://localhost:3000/_next/static/chunks/0brk_next_dist_0dm07mh._.js:776
[  228661ms] [LOG] [Fast Refresh] done in 288ms @ http://localhost:3000/_next/static/chunks/0brk_next_dist_0dm07mh._.js:776
[  228753ms] [LOG] [Fast Refresh] done in 288ms @ http://localhost:3000/_next/static/chunks/0brk_next_dist_0dm07mh._.js:776
[  228915ms] [LOG] [Fast Refresh] done in 288ms @ http://localhost:3000/_next/static/chunks/0brk_next_dist_0dm07mh._.js:776
[  229064ms] [LOG] [Fast Refresh] done in 288ms @ http://localhost:3000/_next/static/chunks/0brk_next_dist_0dm07mh._.js:776
[  229125ms] [LOG] [Fast Refresh] done in 288ms @ http://localhost:3000/_next/static/chunks/0brk_next_dist_0dm07mh._.js:776
[  229186ms] [LOG] [Fast Refresh] done in 288ms @ http://localhost:3000/_next/static/chunks/0brk_next_dist_0dm07mh._.js:776
[  229261ms] [LOG] [Fast Refresh] done in 288ms @ http://localhost:3000/_next/static/chunks/0brk_next_dist_0dm07mh._.js:776
[  229324ms] [LOG] [Fast Refresh] done in 288ms @ http://localhost:3000/_next/static/chunks/0brk_next_dist_0dm07mh._.js:776
[  229378ms] [LOG] [Fast Refresh] done in 288ms @ http://localhost:3000/_next/static/chunks/0brk_next_dist_0dm07mh._.js:776
[  229470ms] [LOG] [Fast Refresh] done in 288ms @ http://localhost:3000/_next/static/chunks/0brk_next_dist_0dm07mh._.js:776
[  229565ms] [LOG] [Fast Refresh] done in 288ms @ http://localhost:3000/_next/static/chunks/0brk_next_dist_0dm07mh._.js:776
[  229662ms] [LOG] [Fast Refresh] done in 288ms @ http://localhost:3000/_next/static/chunks/0brk_next_dist_0dm07mh._.js:776
[  229800ms] [LOG] [Fast Refresh] done in 288ms @ http://localhost:3000/_next/static/chunks/0brk_next_dist_0dm07mh._.js:776
[  229855ms] [LOG] [Fast Refresh] done in 288ms @ http://localhost:3000/_next/static/chunks/0brk_next_dist_0dm07mh._.js:776
[  229917ms] [LOG] [Fast Refresh] done in 288ms @ http://localhost:3000/_next/static/chunks/0brk_next_dist_0dm07mh._.js:776
[  229975ms] [LOG] [Fast Refresh] done in 288ms @ http://localhost:3000/_next/static/chunks/0brk_next_dist_0dm07mh._.js:776
[  230037ms] [LOG] [Fast Refresh] done in 288ms @ http://localhost:3000/_next/static/chunks/0brk_next_dist_0dm07mh._.js:776
[  230100ms] [LOG] [Fast Refresh] done in 288ms @ http://localhost:3000/_next/static/chunks/0brk_next_dist_0dm07mh._.js:776
[  230165ms] [LOG] [Fast Refresh] done in 288ms @ http://localhost:3000/_next/static/chunks/0brk_next_dist_0dm07mh._.js:776
[  230225ms] [LOG] [Fast Refresh] done in 288ms @ http://localhost:3000/_next/static/chunks/0brk_next_dist_0dm07mh._.js:776
[  230322ms] [LOG] [Fast Refresh] done in 288ms @ http://localhost:3000/_next/static/chunks/0brk_next_dist_0dm07mh._.js:776
[  230514ms] [LOG] [Fast Refresh] done in 288ms @ http://localhost:3000/_next/static/chunks/0brk_next_dist_0dm07mh._.js:776
[  230665ms] [LOG] [Fast Refresh] done in 288ms @ http://localhost:3000/_next/static/chunks/0brk_next_dist_0dm07mh._.js:776
[  230756ms] [LOG] [Fast Refresh] done in 288ms @ http://localhost:3000/_next/static/chunks/0brk_next_dist_0dm07mh._.js:776
[  230831ms] [LOG] [Fast Refresh] done in 288ms @ http://localhost:3000/_next/static/chunks/0brk_next_dist_0dm07mh._.js:776
[  230893ms] [LOG] [Fast Refresh] done in 288ms @ http://localhost:3000/_next/static/chunks/0brk_next_dist_0dm07mh._.js:776
[  230961ms] [LOG] [Fast Refresh] done in 288ms @ http://localhost:3000/_next/static/chunks/0brk_next_dist_0dm07mh._.js:776
[  231046ms] [LOG] [Fast Refresh] done in 288ms @ http://localhost:3000/_next/static/chunks/0brk_next_dist_0dm07mh._.js:776
[  231113ms] [LOG] [Fast Refresh] done in 288ms @ http://localhost:3000/_next/static/chunks/0brk_next_dist_0dm07mh._.js:776
[  231196ms] [LOG] [Fast Refresh] done in 288ms @ http://localhost:3000/_next/static/chunks/0brk_next_dist_0dm07mh._.js:776
[  231261ms] [LOG] [Fast Refresh] done in 288ms @ http://localhost:3000/_next/static/chunks/0brk_next_dist_0dm07mh._.js:776
[  231322ms] [LOG] [Fast Refresh] done in 288ms @ http://localhost:3000/_next/static/chunks/0brk_next_dist_0dm07mh._.js:776
[  231372ms] [LOG] [Fast Refresh] done in 288ms @ http://localhost:3000/_next/static/chunks/0brk_next_dist_0dm07mh._.js:776
[  231426ms] [LOG] [Fast Refresh] done in 288ms @ http://localhost:3000/_next/static/chunks/0brk_next_dist_0dm07mh._.js:776
[  231488ms] [LOG] [Fast Refresh] done in 288ms @ http://localhost:3000/_next/static/chunks/0brk_next_dist_0dm07mh._.js:776
[  231549ms] [LOG] [Fast Refresh] done in 288ms @ http://localhost:3000/_next/static/chunks/0brk_next_dist_0dm07mh._.js:776
[  231611ms] [LOG] [Fast Refresh] done in 288ms @ http://localhost:3000/_next/static/chunks/0brk_next_dist_0dm07mh._.js:776
[  231674ms] [LOG] [Fast Refresh] done in 288ms @ http://localhost:3000/_next/static/chunks/0brk_next_dist_0dm07mh._.js:776
[  231721ms] [LOG] [Fast Refresh] done in 288ms @ http://localhost:3000/_next/static/chunks/0brk_next_dist_0dm07mh._.js:776
[  231778ms] [LOG] [Fast Refresh] done in 288ms @ http://localhost:3000/_next/static/chunks/0brk_next_dist_0dm07mh._.js:776
[  231854ms] [LOG] [Fast Refresh] done in 288ms @ http://localhost:3000/_next/static/chunks/0brk_next_dist_0dm07mh._.js:776
[  231911ms] [LOG] [Fast Refresh] done in 288ms @ http://localhost:3000/_next/static/chunks/0brk_next_dist_0dm07mh._.js:776
[  231975ms] [LOG] [Fast Refresh] done in 288ms @ http://localhost:3000/_next/static/chunks/0brk_next_dist_0dm07mh._.js:776
[  232037ms] [LOG] [Fast Refresh] done in 288ms @ http://localhost:3000/_next/static/chunks/0brk_next_dist_0dm07mh._.js:776
[  232100ms] [LOG] [Fast Refresh] done in 288ms @ http://localhost:3000/_next/static/chunks/0brk_next_dist_0dm07mh._.js:776
[  232150ms] [LOG] [Fast Refresh] done in 288ms @ http://localhost:3000/_next/static/chunks/0brk_next_dist_0dm07mh._.js:776
[  232204ms] [LOG] [Fast Refresh] done in 288ms @ http://localhost:3000/_next/static/chunks/0brk_next_dist_0dm07mh._.js:776
[  232266ms] [LOG] [Fast Refresh] done in 288ms @ http://localhost:3000/_next/static/chunks/0brk_next_dist_0dm07mh._.js:776
[  232324ms] [LOG] [Fast Refresh] done in 288ms @ http://localhost:3000/_next/static/chunks/0brk_next_dist_0dm07mh._.js:776
[  232386ms] [LOG] [Fast Refresh] done in 288ms @ http://localhost:3000/_next/static/chunks/0brk_next_dist_0dm07mh._.js:776
[  232450ms] [LOG] [Fast Refresh] done in 288ms @ http://localhost:3000/_next/static/chunks/0brk_next_dist_0dm07mh._.js:776
[  232512ms] [LOG] [Fast Refresh] done in 288ms @ http://localhost:3000/_next/static/chunks/0brk_next_dist_0dm07mh._.js:776
[  232575ms] [LOG] [Fast Refresh] done in 288ms @ http://localhost:3000/_next/static/chunks/0brk_next_dist_0dm07mh._.js:776
[  232637ms] [LOG] [Fast Refresh] done in 288ms @ http://localhost:3000/_next/static/chunks/0brk_next_dist_0dm07mh._.js:776
[  232702ms] [LOG] [Fast Refresh] done in 288ms @ http://localhost:3000/_next/static/chunks/0brk_next_dist_0dm07mh._.js:776
[  232763ms] [LOG] [Fast Refresh] done in 288ms @ http://localhost:3000/_next/static/chunks/0brk_next_dist_0dm07mh._.js:776
[  232813ms] [LOG] [Fast Refresh] done in 288ms @ http://localhost:3000/_next/static/chunks/0brk_next_dist_0dm07mh._.js:776
[  232860ms] [LOG] [Fast Refresh] done in 288ms @ http://localhost:3000/_next/static/chunks/0brk_next_dist_0dm07mh._.js:776
[  232924ms] [LOG] [Fast Refresh] done in 288ms @ http://localhost:3000/_next/static/chunks/0brk_next_dist_0dm07mh._.js:776
[  232985ms] [LOG] [Fast Refresh] done in 288ms @ http://localhost:3000/_next/static/chunks/0brk_next_dist_0dm07mh._.js:776
[  233080ms] [LOG] [Fast Refresh] done in 288ms @ http://localhost:3000/_next/static/chunks/0brk_next_dist_0dm07mh._.js:776
[  233697ms] [LOG] [Fast Refresh] done in 288ms @ http://localhost:3000/_next/static/chunks/0brk_next_dist_0dm07mh._.js:776
[  233821ms] [LOG] [Fast Refresh] done in 288ms @ http://localhost:3000/_next/static/chunks/0brk_next_dist_0dm07mh._.js:776
[  233968ms] [LOG] [Fast Refresh] done in 288ms @ http://localhost:3000/_next/static/chunks/0brk_next_dist_0dm07mh._.js:776
[  234177ms] [LOG] [Fast Refresh] done in 288ms @ http://localhost:3000/_next/static/chunks/0brk_next_dist_0dm07mh._.js:776
[  234243ms] [LOG] [Fast Refresh] done in 288ms @ http://localhost:3000/_next/static/chunks/0brk_next_dist_0dm07mh._.js:776
[  234304ms] [LOG] [Fast Refresh] done in 288ms @ http://localhost:3000/_next/static/chunks/0brk_next_dist_0dm07mh._.js:776
[  234365ms] [LOG] [Fast Refresh] done in 288ms @ http://localhost:3000/_next/static/chunks/0brk_next_dist_0dm07mh._.js:776
[  234427ms] [LOG] [Fast Refresh] done in 288ms @ http://localhost:3000/_next/static/chunks/0brk_next_dist_0dm07mh._.js:776
[  234489ms] [LOG] [Fast Refresh] done in 288ms @ http://localhost:3000/_next/static/chunks/0brk_next_dist_0dm07mh._.js:776
[  234550ms] [LOG] [Fast Refresh] done in 288ms @ http://localhost:3000/_next/static/chunks/0brk_next_dist_0dm07mh._.js:776
[  234613ms] [LOG] [Fast Refresh] done in 288ms @ http://localhost:3000/_next/static/chunks/0brk_next_dist_0dm07mh._.js:776
[  234675ms] [LOG] [Fast Refresh] done in 288ms @ http://localhost:3000/_next/static/chunks/0brk_next_dist_0dm07mh._.js:776
[  234737ms] [LOG] [Fast Refresh] done in 288ms @ http://localhost:3000/_next/static/chunks/0brk_next_dist_0dm07mh._.js:776
[  234800ms] [LOG] [Fast Refresh] done in 288ms @ http://localhost:3000/_next/static/chunks/0brk_next_dist_0dm07mh._.js:776
[  234861ms] [LOG] [Fast Refresh] done in 288ms @ http://localhost:3000/_next/static/chunks/0brk_next_dist_0dm07mh._.js:776
[  234922ms] [LOG] [Fast Refresh] done in 288ms @ http://localhost:3000/_next/static/chunks/0brk_next_dist_0dm07mh._.js:776
[  234984ms] [LOG] [Fast Refresh] done in 288ms @ http://localhost:3000/_next/static/chunks/0brk_next_dist_0dm07mh._.js:776
[  235039ms] [LOG] [Fast Refresh] done in 288ms @ http://localhost:3000/_next/static/chunks/0brk_next_dist_0dm07mh._.js:776
[  235100ms] [LOG] [Fast Refresh] done in 288ms @ http://localhost:3000/_next/static/chunks/0brk_next_dist_0dm07mh._.js:776
[  235164ms] [LOG] [Fast Refresh] done in 288ms @ http://localhost:3000/_next/static/chunks/0brk_next_dist_0dm07mh._.js:776
[  235222ms] [LOG] [Fast Refresh] done in 288ms @ http://localhost:3000/_next/static/chunks/0brk_next_dist_0dm07mh._.js:776
[  235284ms] [LOG] [Fast Refresh] done in 288ms @ http://localhost:3000/_next/static/chunks/0brk_next_dist_0dm07mh._.js:776
[  235347ms] [LOG] [Fast Refresh] done in 288ms @ http://localhost:3000/_next/static/chunks/0brk_next_dist_0dm07mh._.js:776
[  235395ms] [LOG] [Fast Refresh] done in 288ms @ http://localhost:3000/_next/static/chunks/0brk_next_dist_0dm07mh._.js:776
[  235457ms] [LOG] [Fast Refresh] done in 288ms @ http://localhost:3000/_next/static/chunks/0brk_next_dist_0dm07mh._.js:776
[  235507ms] [LOG] [Fast Refresh] done in 288ms @ http://localhost:3000/_next/static/chunks/0brk_next_dist_0dm07mh._.js:776
[  235554ms] [LOG] [Fast Refresh] done in 288ms @ http://localhost:3000/_next/static/chunks/0brk_next_dist_0dm07mh._.js:776
[  235616ms] [LOG] [Fast Refresh] done in 288ms @ http://localhost:3000/_next/static/chunks/0brk_next_dist_0dm07mh._.js:776
[  235677ms] [LOG] [Fast Refresh] done in 288ms @ http://localhost:3000/_next/static/chunks/0brk_next_dist_0dm07mh._.js:776
[  235739ms] [LOG] [Fast Refresh] done in 288ms @ http://localhost:3000/_next/static/chunks/0brk_next_dist_0dm07mh._.js:776
[  235800ms] [LOG] [Fast Refresh] done in 288ms @ http://localhost:3000/_next/static/chunks/0brk_next_dist_0dm07mh._.js:776
[  235862ms] [LOG] [Fast Refresh] done in 288ms @ http://localhost:3000/_next/static/chunks/0brk_next_dist_0dm07mh._.js:776
[  235911ms] [LOG] [Fast Refresh] done in 288ms @ http://localhost:3000/_next/static/chunks/0brk_next_dist_0dm07mh._.js:776
[  235973ms] [LOG] [Fast Refresh] done in 288ms @ http://localhost:3000/_next/static/chunks/0brk_next_dist_0dm07mh._.js:776
[  236026ms] [LOG] [Fast Refresh] done in 288ms @ http://localhost:3000/_next/static/chunks/0brk_next_dist_0dm07mh._.js:776
[  236085ms] [LOG] [Fast Refresh] done in 288ms @ http://localhost:3000/_next/static/chunks/0brk_next_dist_0dm07mh._.js:776
[  236138ms] [LOG] [Fast Refresh] done in 288ms @ http://localhost:3000/_next/static/chunks/0brk_next_dist_0dm07mh._.js:776
[  236215ms] [LOG] [Fast Refresh] done in 288ms @ http://localhost:3000/_next/static/chunks/0brk_next_dist_0dm07mh._.js:776
[  236263ms] [LOG] [Fast Refresh] done in 288ms @ http://localhost:3000/_next/static/chunks/0brk_next_dist_0dm07mh._.js:776
[  236323ms] [LOG] [Fast Refresh] done in 288ms @ http://localhost:3000/_next/static/chunks/0brk_next_dist_0dm07mh._.js:776
[  236385ms] [LOG] [Fast Refresh] done in 288ms @ http://localhost:3000/_next/static/chunks/0brk_next_dist_0dm07mh._.js:776
[  236444ms] [LOG] [Fast Refresh] done in 288ms @ http://localhost:3000/_next/static/chunks/0brk_next_dist_0dm07mh._.js:776
[  236504ms] [LOG] [Fast Refresh] done in 288ms @ http://localhost:3000/_next/static/chunks/0brk_next_dist_0dm07mh._.js:776
[  236552ms] [LOG] [Fast Refresh] done in 288ms @ http://localhost:3000/_next/static/chunks/0brk_next_dist_0dm07mh._.js:776
[  236614ms] [LOG] [Fast Refresh] done in 288ms @ http://localhost:3000/_next/static/chunks/0brk_next_dist_0dm07mh._.js:776
[  236677ms] [LOG] [Fast Refresh] done in 288ms @ http://localhost:3000/_next/static/chunks/0brk_next_dist_0dm07mh._.js:776
[  236738ms] [LOG] [Fast Refresh] done in 288ms @ http://localhost:3000/_next/static/chunks/0brk_next_dist_0dm07mh._.js:776
[  236800ms] [LOG] [Fast Refresh] done in 288ms @ http://localhost:3000/_next/static/chunks/0brk_next_dist_0dm07mh._.js:776
[  236851ms] [LOG] [Fast Refresh] done in 288ms @ http://localhost:3000/_next/static/chunks/0brk_next_dist_0dm07mh._.js:776
[  236909ms] [LOG] [Fast Refresh] done in 288ms @ http://localhost:3000/_next/static/chunks/0brk_next_dist_0dm07mh._.js:776
[  236961ms] [LOG] [Fast Refresh] done in 288ms @ http://localhost:3000/_next/static/chunks/0brk_next_dist_0dm07mh._.js:776
[  237022ms] [LOG] [Fast Refresh] done in 288ms @ http://localhost:3000/_next/static/chunks/0brk_next_dist_0dm07mh._.js:776
[  237084ms] [LOG] [Fast Refresh] done in 288ms @ http://localhost:3000/_next/static/chunks/0brk_next_dist_0dm07mh._.js:776
[  237147ms] [LOG] [Fast Refresh] done in 288ms @ http://localhost:3000/_next/static/chunks/0brk_next_dist_0dm07mh._.js:776
[  237209ms] [LOG] [Fast Refresh] done in 288ms @ http://localhost:3000/_next/static/chunks/0brk_next_dist_0dm07mh._.js:776
[  237271ms] [LOG] [Fast Refresh] done in 288ms @ http://localhost:3000/_next/static/chunks/0brk_next_dist_0dm07mh._.js:776
[  237332ms] [LOG] [Fast Refresh] done in 288ms @ http://localhost:3000/_next/static/chunks/0brk_next_dist_0dm07mh._.js:776
[  237394ms] [LOG] [Fast Refresh] done in 288ms @ http://localhost:3000/_next/static/chunks/0brk_next_dist_0dm07mh._.js:776
[  237457ms] [LOG] [Fast Refresh] done in 288ms @ http://localhost:3000/_next/static/chunks/0brk_next_dist_0dm07mh._.js:776
[  237516ms] [LOG] [Fast Refresh] done in 288ms @ http://localhost:3000/_next/static/chunks/0brk_next_dist_0dm07mh._.js:776
[  237570ms] [LOG] [Fast Refresh] done in 288ms @ http://localhost:3000/_next/static/chunks/0brk_next_dist_0dm07mh._.js:776
[  237619ms] [LOG] [Fast Refresh] done in 288ms @ http://localhost:3000/_next/static/chunks/0brk_next_dist_0dm07mh._.js:776
[  237680ms] [LOG] [Fast Refresh] done in 288ms @ http://localhost:3000/_next/static/chunks/0brk_next_dist_0dm07mh._.js:776
[  237740ms] [LOG] [Fast Refresh] done in 288ms @ http://localhost:3000/_next/static/chunks/0brk_next_dist_0dm07mh._.js:776
[  237790ms] [LOG] [Fast Refresh] done in 288ms @ http://localhost:3000/_next/static/chunks/0brk_next_dist_0dm07mh._.js:776
[  237852ms] [LOG] [Fast Refresh] done in 288ms @ http://localhost:3000/_next/static/chunks/0brk_next_dist_0dm07mh._.js:776
[  237914ms] [LOG] [Fast Refresh] done in 288ms @ http://localhost:3000/_next/static/chunks/0brk_next_dist_0dm07mh._.js:776
[  237975ms] [LOG] [Fast Refresh] done in 288ms @ http://localhost:3000/_next/static/chunks/0brk_next_dist_0dm07mh._.js:776
[  238036ms] [LOG] [Fast Refresh] done in 288ms @ http://localhost:3000/_next/static/chunks/0brk_next_dist_0dm07mh._.js:776
[  238098ms] [LOG] [Fast Refresh] done in 288ms @ http://localhost:3000/_next/static/chunks/0brk_next_dist_0dm07mh._.js:776
[  238160ms] [LOG] [Fast Refresh] done in 288ms @ http://localhost:3000/_next/static/chunks/0brk_next_dist_0dm07mh._.js:776
[  238213ms] [LOG] [Fast Refresh] done in 288ms @ http://localhost:3000/_next/static/chunks/0brk_next_dist_0dm07mh._.js:776
[  238274ms] [LOG] [Fast Refresh] done in 288ms @ http://localhost:3000/_next/static/chunks/0brk_next_dist_0dm07mh._.js:776
[  238337ms] [LOG] [Fast Refresh] done in 288ms @ http://localhost:3000/_next/static/chunks/0brk_next_dist_0dm07mh._.js:776
[  238398ms] [LOG] [Fast Refresh] done in 288ms @ http://localhost:3000/_next/static/chunks/0brk_next_dist_0dm07mh._.js:776
[  238454ms] [LOG] [Fast Refresh] done in 288ms @ http://localhost:3000/_next/static/chunks/0brk_next_dist_0dm07mh._.js:776
[  238515ms] [LOG] [Fast Refresh] done in 288ms @ http://localhost:3000/_next/static/chunks/0brk_next_dist_0dm07mh._.js:776
[  238591ms] [LOG] [Fast Refresh] done in 288ms @ http://localhost:3000/_next/static/chunks/0brk_next_dist_0dm07mh._.js:776
[  238652ms] [LOG] [Fast Refresh] done in 288ms @ http://localhost:3000/_next/static/chunks/0brk_next_dist_0dm07mh._.js:776
[  238713ms] [LOG] [Fast Refresh] done in 288ms @ http://localhost:3000/_next/static/chunks/0brk_next_dist_0dm07mh._.js:776
[  238772ms] [LOG] [Fast Refresh] done in 288ms @ http://localhost:3000/_next/static/chunks/0brk_next_dist_0dm07mh._.js:776
[  238826ms] [LOG] [Fast Refresh] done in 288ms @ http://localhost:3000/_next/static/chunks/0brk_next_dist_0dm07mh._.js:776
[  238885ms] [LOG] [Fast Refresh] done in 288ms @ http://localhost:3000/_next/static/chunks/0brk_next_dist_0dm07mh._.js:776
[  238944ms] [LOG] [Fast Refresh] done in 288ms @ http://localhost:3000/_next/static/chunks/0brk_next_dist_0dm07mh._.js:776
[  239013ms] [LOG] [Fast Refresh] done in 288ms @ http://localhost:3000/_next/static/chunks/0brk_next_dist_0dm07mh._.js:776
[  239073ms] [LOG] [Fast Refresh] done in 288ms @ http://localhost:3000/_next/static/chunks/0brk_next_dist_0dm07mh._.js:776
[  239132ms] [LOG] [Fast Refresh] done in 288ms @ http://localhost:3000/_next/static/chunks/0brk_next_dist_0dm07mh._.js:776
[  239196ms] [LOG] [Fast Refresh] done in 288ms @ http://localhost:3000/_next/static/chunks/0brk_next_dist_0dm07mh._.js:776
[  239257ms] [LOG] [Fast Refresh] done in 288ms @ http://localhost:3000/_next/static/chunks/0brk_next_dist_0dm07mh._.js:776
[  239320ms] [LOG] [Fast Refresh] done in 288ms @ http://localhost:3000/_next/static/chunks/0brk_next_dist_0dm07mh._.js:776
[  239370ms] [LOG] [Fast Refresh] done in 288ms @ http://localhost:3000/_next/static/chunks/0brk_next_dist_0dm07mh._.js:776
[  239432ms] [LOG] [Fast Refresh] done in 288ms @ http://localhost:3000/_next/static/chunks/0brk_next_dist_0dm07mh._.js:776
[  239491ms] [LOG] [Fast Refresh] done in 288ms @ http://localhost:3000/_next/static/chunks/0brk_next_dist_0dm07mh._.js:776
[  239554ms] [LOG] [Fast Refresh] done in 288ms @ http://localhost:3000/_next/static/chunks/0brk_next_dist_0dm07mh._.js:776
[  239617ms] [LOG] [Fast Refresh] done in 288ms @ http://localhost:3000/_next/static/chunks/0brk_next_dist_0dm07mh._.js:776
[  239678ms] [LOG] [Fast Refresh] done in 288ms @ http://localhost:3000/_next/static/chunks/0brk_next_dist_0dm07mh._.js:776
[  239739ms] [LOG] [Fast Refresh] done in 288ms @ http://localhost:3000/_next/static/chunks/0brk_next_dist_0dm07mh._.js:776
[  239788ms] [LOG] [Fast Refresh] done in 288ms @ http://localhost:3000/_next/static/chunks/0brk_next_dist_0dm07mh._.js:776
[  239850ms] [LOG] [Fast Refresh] done in 288ms @ http://localhost:3000/_next/static/chunks/0brk_next_dist_0dm07mh._.js:776
[  239912ms] [LOG] [Fast Refresh] done in 288ms @ http://localhost:3000/_next/static/chunks/0brk_next_dist_0dm07mh._.js:776
[  239975ms] [LOG] [Fast Refresh] done in 288ms @ http://localhost:3000/_next/static/chunks/0brk_next_dist_0dm07mh._.js:776
[  240039ms] [LOG] [Fast Refresh] done in 288ms @ http://localhost:3000/_next/static/chunks/0brk_next_dist_0dm07mh._.js:776
[  240101ms] [LOG] [Fast Refresh] done in 288ms @ http://localhost:3000/_next/static/chunks/0brk_next_dist_0dm07mh._.js:776
[  240162ms] [LOG] [Fast Refresh] done in 288ms @ http://localhost:3000/_next/static/chunks/0brk_next_dist_0dm07mh._.js:776
[  240249ms] [LOG] [Fast Refresh] done in 288ms @ http://localhost:3000/_next/static/chunks/0brk_next_dist_0dm07mh._.js:776
[  240403ms] [LOG] [Fast Refresh] done in 288ms @ http://localhost:3000/_next/static/chunks/0brk_next_dist_0dm07mh._.js:776
[  240472ms] [LOG] [Fast Refresh] done in 288ms @ http://localhost:3000/_next/static/chunks/0brk_next_dist_0dm07mh._.js:776
[  240535ms] [LOG] [Fast Refresh] done in 288ms @ http://localhost:3000/_next/static/chunks/0brk_next_dist_0dm07mh._.js:776
[  240597ms] [LOG] [Fast Refresh] done in 288ms @ http://localhost:3000/_next/static/chunks/0brk_next_dist_0dm07mh._.js:776
[  240659ms] [LOG] [Fast Refresh] done in 288ms @ http://localhost:3000/_next/static/chunks/0brk_next_dist_0dm07mh._.js:776
[  240707ms] [LOG] [Fast Refresh] done in 288ms @ http://localhost:3000/_next/static/chunks/0brk_next_dist_0dm07mh._.js:776
[  240769ms] [LOG] [Fast Refresh] done in 288ms @ http://localhost:3000/_next/static/chunks/0brk_next_dist_0dm07mh._.js:776
[  240824ms] [LOG] [Fast Refresh] done in 288ms @ http://localhost:3000/_next/static/chunks/0brk_next_dist_0dm07mh._.js:776
[  240885ms] [LOG] [Fast Refresh] done in 288ms @ http://localhost:3000/_next/static/chunks/0brk_next_dist_0dm07mh._.js:776
[  240946ms] [LOG] [Fast Refresh] done in 288ms @ http://localhost:3000/_next/static/chunks/0brk_next_dist_0dm07mh._.js:776
[  241005ms] [LOG] [Fast Refresh] done in 288ms @ http://localhost:3000/_next/static/chunks/0brk_next_dist_0dm07mh._.js:776
[  241057ms] [LOG] [Fast Refresh] done in 288ms @ http://localhost:3000/_next/static/chunks/0brk_next_dist_0dm07mh._.js:776
[  241120ms] [LOG] [Fast Refresh] done in 288ms @ http://localhost:3000/_next/static/chunks/0brk_next_dist_0dm07mh._.js:776
[  241173ms] [LOG] [Fast Refresh] done in 288ms @ http://localhost:3000/_next/static/chunks/0brk_next_dist_0dm07mh._.js:776
[  241235ms] [LOG] [Fast Refresh] done in 288ms @ http://localhost:3000/_next/static/chunks/0brk_next_dist_0dm07mh._.js:776
[  241298ms] [LOG] [Fast Refresh] done in 288ms @ http://localhost:3000/_next/static/chunks/0brk_next_dist_0dm07mh._.js:776
[  241363ms] [LOG] [Fast Refresh] done in 288ms @ http://localhost:3000/_next/static/chunks/0brk_next_dist_0dm07mh._.js:776
[  241435ms] [LOG] [Fast Refresh] done in 288ms @ http://localhost:3000/_next/static/chunks/0brk_next_dist_0dm07mh._.js:776
[  241519ms] [LOG] [Fast Refresh] done in 288ms @ http://localhost:3000/_next/static/chunks/0brk_next_dist_0dm07mh._.js:776
[  241581ms] [LOG] [Fast Refresh] done in 288ms @ http://localhost:3000/_next/static/chunks/0brk_next_dist_0dm07mh._.js:776
[  241635ms] [LOG] [Fast Refresh] done in 288ms @ http://localhost:3000/_next/static/chunks/0brk_next_dist_0dm07mh._.js:776
[  241713ms] [LOG] [Fast Refresh] done in 288ms @ http://localhost:3000/_next/static/chunks/0brk_next_dist_0dm07mh._.js:776
[  241775ms] [LOG] [Fast Refresh] done in 288ms @ http://localhost:3000/_next/static/chunks/0brk_next_dist_0dm07mh._.js:776
[  241838ms] [LOG] [Fast Refresh] done in 288ms @ http://localhost:3000/_next/static/chunks/0brk_next_dist_0dm07mh._.js:776
[  241890ms] [LOG] [Fast Refresh] done in 288ms @ http://localhost:3000/_next/static/chunks/0brk_next_dist_0dm07mh._.js:776
[  241953ms] [LOG] [Fast Refresh] done in 288ms @ http://localhost:3000/_next/static/chunks/0brk_next_dist_0dm07mh._.js:776
[  242010ms] [LOG] [Fast Refresh] done in 288ms @ http://localhost:3000/_next/static/chunks/0brk_next_dist_0dm07mh._.js:776
[  242072ms] [LOG] [Fast Refresh] done in 288ms @ http://localhost:3000/_next/static/chunks/0brk_next_dist_0dm07mh._.js:776
[  242123ms] [LOG] [Fast Refresh] done in 288ms @ http://localhost:3000/_next/static/chunks/0brk_next_dist_0dm07mh._.js:776
[  242178ms] [LOG] [Fast Refresh] done in 288ms @ http://localhost:3000/_next/static/chunks/0brk_next_dist_0dm07mh._.js:776
[  242224ms] [LOG] [Fast Refresh] done in 288ms @ http://localhost:3000/_next/static/chunks/0brk_next_dist_0dm07mh._.js:776
[  242285ms] [LOG] [Fast Refresh] done in 288ms @ http://localhost:3000/_next/static/chunks/0brk_next_dist_0dm07mh._.js:776
[  242346ms] [LOG] [Fast Refresh] done in 288ms @ http://localhost:3000/_next/static/chunks/0brk_next_dist_0dm07mh._.js:776
[  242406ms] [LOG] [Fast Refresh] done in 288ms @ http://localhost:3000/_next/static/chunks/0brk_next_dist_0dm07mh._.js:776
[  242470ms] [LOG] [Fast Refresh] done in 288ms @ http://localhost:3000/_next/static/chunks/0brk_next_dist_0dm07mh._.js:776
[  242548ms] [LOG] [Fast Refresh] done in 288ms @ http://localhost:3000/_next/static/chunks/0brk_next_dist_0dm07mh._.js:776
[  242621ms] [LOG] [Fast Refresh] done in 288ms @ http://localhost:3000/_next/static/chunks/0brk_next_dist_0dm07mh._.js:776
[  242668ms] [LOG] [Fast Refresh] done in 288ms @ http://localhost:3000/_next/static/chunks/0brk_next_dist_0dm07mh._.js:776
[  242799ms] [LOG] [Fast Refresh] done in 288ms @ http://localhost:3000/_next/static/chunks/0brk_next_dist_0dm07mh._.js:776
[  242915ms] [LOG] [Fast Refresh] done in 288ms @ http://localhost:3000/_next/static/chunks/0brk_next_dist_0dm07mh._.js:776
[  243210ms] [LOG] [Fast Refresh] done in 288ms @ http://localhost:3000/_next/static/chunks/0brk_next_dist_0dm07mh._.js:776
[  243334ms] [LOG] [Fast Refresh] done in 288ms @ http://localhost:3000/_next/static/chunks/0brk_next_dist_0dm07mh._.js:776
[  243439ms] [LOG] [Fast Refresh] done in 288ms @ http://localhost:3000/_next/static/chunks/0brk_next_dist_0dm07mh._.js:776
[  243712ms] [LOG] [Fast Refresh] done in 288ms @ http://localhost:3000/_next/static/chunks/0brk_next_dist_0dm07mh._.js:776
[  243798ms] [LOG] [Fast Refresh] done in 288ms @ http://localhost:3000/_next/static/chunks/0brk_next_dist_0dm07mh._.js:776
[  243951ms] [LOG] [Fast Refresh] done in 288ms @ http://localhost:3000/_next/static/chunks/0brk_next_dist_0dm07mh._.js:776
[  244051ms] [LOG] [Fast Refresh] done in 288ms @ http://localhost:3000/_next/static/chunks/0brk_next_dist_0dm07mh._.js:776
[  244129ms] [LOG] [Fast Refresh] done in 288ms @ http://localhost:3000/_next/static/chunks/0brk_next_dist_0dm07mh._.js:776
[  244242ms] [LOG] [Fast Refresh] done in 288ms @ http://localhost:3000/_next/static/chunks/0brk_next_dist_0dm07mh._.js:776
[  244336ms] [LOG] [Fast Refresh] done in 288ms @ http://localhost:3000/_next/static/chunks/0brk_next_dist_0dm07mh._.js:776
[  244431ms] [LOG] [Fast Refresh] done in 288ms @ http://localhost:3000/_next/static/chunks/0brk_next_dist_0dm07mh._.js:776
[  244562ms] [LOG] [Fast Refresh] done in 288ms @ http://localhost:3000/_next/static/chunks/0brk_next_dist_0dm07mh._.js:776
[  244635ms] [LOG] [Fast Refresh] done in 288ms @ http://localhost:3000/_next/static/chunks/0brk_next_dist_0dm07mh._.js:776
[  244714ms] [LOG] [Fast Refresh] done in 288ms @ http://localhost:3000/_next/static/chunks/0brk_next_dist_0dm07mh._.js:776
[  244777ms] [LOG] [Fast Refresh] done in 288ms @ http://localhost:3000/_next/static/chunks/0brk_next_dist_0dm07mh._.js:776
[  244838ms] [LOG] [Fast Refresh] done in 288ms @ http://localhost:3000/_next/static/chunks/0brk_next_dist_0dm07mh._.js:776
[  244921ms] [LOG] [Fast Refresh] done in 288ms @ http://localhost:3000/_next/static/chunks/0brk_next_dist_0dm07mh._.js:776
[  245026ms] [LOG] [Fast Refresh] done in 288ms @ http://localhost:3000/_next/static/chunks/0brk_next_dist_0dm07mh._.js:776
[  245122ms] [LOG] [Fast Refresh] done in 288ms @ http://localhost:3000/_next/static/chunks/0brk_next_dist_0dm07mh._.js:776
[  245259ms] [LOG] [Fast Refresh] done in 288ms @ http://localhost:3000/_next/static/chunks/0brk_next_dist_0dm07mh._.js:776
[  245323ms] [LOG] [Fast Refresh] done in 288ms @ http://localhost:3000/_next/static/chunks/0brk_next_dist_0dm07mh._.js:776
[  245521ms] [LOG] [Fast Refresh] done in 288ms @ http://localhost:3000/_next/static/chunks/0brk_next_dist_0dm07mh._.js:776
[  245624ms] [LOG] [Fast Refresh] done in 288ms @ http://localhost:3000/_next/static/chunks/0brk_next_dist_0dm07mh._.js:776
[  245737ms] [LOG] [Fast Refresh] done in 288ms @ http://localhost:3000/_next/static/chunks/0brk_next_dist_0dm07mh._.js:776
[  245797ms] [LOG] [Fast Refresh] done in 288ms @ http://localhost:3000/_next/static/chunks/0brk_next_dist_0dm07mh._.js:776
[  245866ms] [LOG] [Fast Refresh] done in 288ms @ http://localhost:3000/_next/static/chunks/0brk_next_dist_0dm07mh._.js:776
[  245940ms] [LOG] [Fast Refresh] done in 288ms @ http://localhost:3000/_next/static/chunks/0brk_next_dist_0dm07mh._.js:776
[  245989ms] [LOG] [Fast Refresh] done in 288ms @ http://localhost:3000/_next/static/chunks/0brk_next_dist_0dm07mh._.js:776
[  246056ms] [LOG] [Fast Refresh] done in 288ms @ http://localhost:3000/_next/static/chunks/0brk_next_dist_0dm07mh._.js:776
[  246123ms] [LOG] [Fast Refresh] done in 288ms @ http://localhost:3000/_next/static/chunks/0brk_next_dist_0dm07mh._.js:776
[  246193ms] [LOG] [Fast Refresh] done in 288ms @ http://localhost:3000/_next/static/chunks/0brk_next_dist_0dm07mh._.js:776
[  246280ms] [LOG] [Fast Refresh] done in 288ms @ http://localhost:3000/_next/static/chunks/0brk_next_dist_0dm07mh._.js:776
[  246373ms] [LOG] [Fast Refresh] done in 288ms @ http://localhost:3000/_next/static/chunks/0brk_next_dist_0dm07mh._.js:776
[  246439ms] [LOG] [Fast Refresh] done in 288ms @ http://localhost:3000/_next/static/chunks/0brk_next_dist_0dm07mh._.js:776
[  246526ms] [LOG] [Fast Refresh] done in 288ms @ http://localhost:3000/_next/static/chunks/0brk_next_dist_0dm07mh._.js:776
[  246587ms] [LOG] [Fast Refresh] done in 288ms @ http://localhost:3000/_next/static/chunks/0brk_next_dist_0dm07mh._.js:776
[  246671ms] [LOG] [Fast Refresh] done in 288ms @ http://localhost:3000/_next/static/chunks/0brk_next_dist_0dm07mh._.js:776
[  246740ms] [LOG] [Fast Refresh] done in 288ms @ http://localhost:3000/_next/static/chunks/0brk_next_dist_0dm07mh._.js:776
[  246799ms] [LOG] [Fast Refresh] done in 288ms @ http://localhost:3000/_next/static/chunks/0brk_next_dist_0dm07mh._.js:776
[  246925ms] [LOG] [Fast Refresh] done in 288ms @ http://localhost:3000/_next/static/chunks/0brk_next_dist_0dm07mh._.js:776
[  247001ms] [LOG] [Fast Refresh] done in 288ms @ http://localhost:3000/_next/static/chunks/0brk_next_dist_0dm07mh._.js:776
[  247085ms] [LOG] [Fast Refresh] done in 288ms @ http://localhost:3000/_next/static/chunks/0brk_next_dist_0dm07mh._.js:776
[  247126ms] [LOG] [Fast Refresh] done in 288ms @ http://localhost:3000/_next/static/chunks/0brk_next_dist_0dm07mh._.js:776
[  247208ms] [LOG] [Fast Refresh] done in 288ms @ http://localhost:3000/_next/static/chunks/0brk_next_dist_0dm07mh._.js:776
[  247270ms] [LOG] [Fast Refresh] done in 288ms @ http://localhost:3000/_next/static/chunks/0brk_next_dist_0dm07mh._.js:776
[  247361ms] [LOG] [Fast Refresh] done in 288ms @ http://localhost:3000/_next/static/chunks/0brk_next_dist_0dm07mh._.js:776
[  247453ms] [LOG] [Fast Refresh] done in 288ms @ http://localhost:3000/_next/static/chunks/0brk_next_dist_0dm07mh._.js:776
[  247516ms] [LOG] [Fast Refresh] done in 288ms @ http://localhost:3000/_next/static/chunks/0brk_next_dist_0dm07mh._.js:776
[  247587ms] [LOG] [Fast Refresh] done in 288ms @ http://localhost:3000/_next/static/chunks/0brk_next_dist_0dm07mh._.js:776
[  247697ms] [LOG] [Fast Refresh] done in 288ms @ http://localhost:3000/_next/static/chunks/0brk_next_dist_0dm07mh._.js:776
[  247785ms] [LOG] [Fast Refresh] done in 288ms @ http://localhost:3000/_next/static/chunks/0brk_next_dist_0dm07mh._.js:776
[  247844ms] [LOG] [Fast Refresh] done in 288ms @ http://localhost:3000/_next/static/chunks/0brk_next_dist_0dm07mh._.js:776
[  247912ms] [LOG] [Fast Refresh] done in 288ms @ http://localhost:3000/_next/static/chunks/0brk_next_dist_0dm07mh._.js:776
[  247969ms] [LOG] [Fast Refresh] done in 288ms @ http://localhost:3000/_next/static/chunks/0brk_next_dist_0dm07mh._.js:776
[  248041ms] [LOG] [Fast Refresh] done in 288ms @ http://localhost:3000/_next/static/chunks/0brk_next_dist_0dm07mh._.js:776
[  248091ms] [LOG] [Fast Refresh] done in 288ms @ http://localhost:3000/_next/static/chunks/0brk_next_dist_0dm07mh._.js:776
[  248140ms] [LOG] [Fast Refresh] done in 288ms @ http://localhost:3000/_next/static/chunks/0brk_next_dist_0dm07mh._.js:776
[  248210ms] [LOG] [Fast Refresh] done in 288ms @ http://localhost:3000/_next/static/chunks/0brk_next_dist_0dm07mh._.js:776
[  248296ms] [LOG] [Fast Refresh] done in 288ms @ http://localhost:3000/_next/static/chunks/0brk_next_dist_0dm07mh._.js:776
[  248410ms] [LOG] [Fast Refresh] done in 288ms @ http://localhost:3000/_next/static/chunks/0brk_next_dist_0dm07mh._.js:776
[  248525ms] [LOG] [Fast Refresh] done in 288ms @ http://localhost:3000/_next/static/chunks/0brk_next_dist_0dm07mh._.js:776
[  248646ms] [LOG] [Fast Refresh] done in 288ms @ http://localhost:3000/_next/static/chunks/0brk_next_dist_0dm07mh._.js:776
[  248853ms] [LOG] [Fast Refresh] done in 288ms @ http://localhost:3000/_next/static/chunks/0brk_next_dist_0dm07mh._.js:776
[  248999ms] [LOG] [Fast Refresh] done in 288ms @ http://localhost:3000/_next/static/chunks/0brk_next_dist_0dm07mh._.js:776
[  249079ms] [LOG] [Fast Refresh] done in 288ms @ http://localhost:3000/_next/static/chunks/0brk_next_dist_0dm07mh._.js:776
[  249154ms] [LOG] [Fast Refresh] done in 288ms @ http://localhost:3000/_next/static/chunks/0brk_next_dist_0dm07mh._.js:776
[  249227ms] [LOG] [Fast Refresh] done in 288ms @ http://localhost:3000/_next/static/chunks/0brk_next_dist_0dm07mh._.js:776
[  249546ms] [LOG] [Fast Refresh] done in 288ms @ http://localhost:3000/_next/static/chunks/0brk_next_dist_0dm07mh._.js:776
[  250030ms] [LOG] [Fast Refresh] done in 288ms @ http://localhost:3000/_next/static/chunks/0brk_next_dist_0dm07mh._.js:776
[  250942ms] [LOG] [Fast Refresh] done in 288ms @ http://localhost:3000/_next/static/chunks/0brk_next_dist_0dm07mh._.js:776
[  251073ms] [LOG] [Fast Refresh] done in 288ms @ http://localhost:3000/_next/static/chunks/0brk_next_dist_0dm07mh._.js:776
[  251204ms] [LOG] [Fast Refresh] done in 288ms @ http://localhost:3000/_next/static/chunks/0brk_next_dist_0dm07mh._.js:776
[  251270ms] [LOG] [Fast Refresh] done in 288ms @ http://localhost:3000/_next/static/chunks/0brk_next_dist_0dm07mh._.js:776
[  251370ms] [LOG] [Fast Refresh] done in 288ms @ http://localhost:3000/_next/static/chunks/0brk_next_dist_0dm07mh._.js:776
[  251483ms] [LOG] [Fast Refresh] done in 288ms @ http://localhost:3000/_next/static/chunks/0brk_next_dist_0dm07mh._.js:776
[  251555ms] [LOG] [Fast Refresh] done in 288ms @ http://localhost:3000/_next/static/chunks/0brk_next_dist_0dm07mh._.js:776
[  251641ms] [LOG] [Fast Refresh] done in 288ms @ http://localhost:3000/_next/static/chunks/0brk_next_dist_0dm07mh._.js:776
[  251864ms] [LOG] [Fast Refresh] done in 288ms @ http://localhost:3000/_next/static/chunks/0brk_next_dist_0dm07mh._.js:776
[  252201ms] [LOG] [Fast Refresh] done in 288ms @ http://localhost:3000/_next/static/chunks/0brk_next_dist_0dm07mh._.js:776
[  252532ms] [LOG] [Fast Refresh] done in 288ms @ http://localhost:3000/_next/static/chunks/0brk_next_dist_0dm07mh._.js:776
[  252707ms] [LOG] [Fast Refresh] done in 288ms @ http://localhost:3000/_next/static/chunks/0brk_next_dist_0dm07mh._.js:776
[  252928ms] [LOG] [Fast Refresh] done in 288ms @ http://localhost:3000/_next/static/chunks/0brk_next_dist_0dm07mh._.js:776
[  252994ms] [LOG] [Fast Refresh] done in 288ms @ http://localhost:3000/_next/static/chunks/0brk_next_dist_0dm07mh._.js:776
[  253054ms] [LOG] [Fast Refresh] done in 288ms @ http://localhost:3000/_next/static/chunks/0brk_next_dist_0dm07mh._.js:776
[  253117ms] [LOG] [Fast Refresh] done in 288ms @ http://localhost:3000/_next/static/chunks/0brk_next_dist_0dm07mh._.js:776
[  253165ms] [LOG] [Fast Refresh] done in 288ms @ http://localhost:3000/_next/static/chunks/0brk_next_dist_0dm07mh._.js:776
[  253228ms] [LOG] [Fast Refresh] done in 288ms @ http://localhost:3000/_next/static/chunks/0brk_next_dist_0dm07mh._.js:776
[  253310ms] [LOG] [Fast Refresh] done in 288ms @ http://localhost:3000/_next/static/chunks/0brk_next_dist_0dm07mh._.js:776
[  253405ms] [LOG] [Fast Refresh] done in 288ms @ http://localhost:3000/_next/static/chunks/0brk_next_dist_0dm07mh._.js:776
[  253485ms] [LOG] [Fast Refresh] done in 288ms @ http://localhost:3000/_next/static/chunks/0brk_next_dist_0dm07mh._.js:776
[  253766ms] [LOG] [Fast Refresh] done in 288ms @ http://localhost:3000/_next/static/chunks/0brk_next_dist_0dm07mh._.js:776
[  253890ms] [LOG] [Fast Refresh] done in 288ms @ http://localhost:3000/_next/static/chunks/0brk_next_dist_0dm07mh._.js:776
[  254061ms] [LOG] [Fast Refresh] done in 288ms @ http://localhost:3000/_next/static/chunks/0brk_next_dist_0dm07mh._.js:776
[  254118ms] [LOG] [Fast Refresh] done in 288ms @ http://localhost:3000/_next/static/chunks/0brk_next_dist_0dm07mh._.js:776
[  254224ms] [LOG] [Fast Refresh] done in 288ms @ http://localhost:3000/_next/static/chunks/0brk_next_dist_0dm07mh._.js:776
[  254298ms] [LOG] [Fast Refresh] done in 288ms @ http://localhost:3000/_next/static/chunks/0brk_next_dist_0dm07mh._.js:776
[  254358ms] [LOG] [Fast Refresh] done in 288ms @ http://localhost:3000/_next/static/chunks/0brk_next_dist_0dm07mh._.js:776
[  254420ms] [LOG] [Fast Refresh] done in 288ms @ http://localhost:3000/_next/static/chunks/0brk_next_dist_0dm07mh._.js:776
[  254482ms] [LOG] [Fast Refresh] done in 288ms @ http://localhost:3000/_next/static/chunks/0brk_next_dist_0dm07mh._.js:776
[  254560ms] [LOG] [Fast Refresh] done in 288ms @ http://localhost:3000/_next/static/chunks/0brk_next_dist_0dm07mh._.js:776
[  254635ms] [LOG] [Fast Refresh] done in 288ms @ http://localhost:3000/_next/static/chunks/0brk_next_dist_0dm07mh._.js:776
[  254691ms] [LOG] [Fast Refresh] done in 288ms @ http://localhost:3000/_next/static/chunks/0brk_next_dist_0dm07mh._.js:776
[  254755ms] [LOG] [Fast Refresh] done in 288ms @ http://localhost:3000/_next/static/chunks/0brk_next_dist_0dm07mh._.js:776
[  254812ms] [LOG] [Fast Refresh] done in 288ms @ http://localhost:3000/_next/static/chunks/0brk_next_dist_0dm07mh._.js:776
[  254867ms] [LOG] [Fast Refresh] done in 288ms @ http://localhost:3000/_next/static/chunks/0brk_next_dist_0dm07mh._.js:776
[  254950ms] [LOG] [Fast Refresh] done in 288ms @ http://localhost:3000/_next/static/chunks/0brk_next_dist_0dm07mh._.js:776
[  255011ms] [LOG] [Fast Refresh] done in 288ms @ http://localhost:3000/_next/static/chunks/0brk_next_dist_0dm07mh._.js:776
[  255101ms] [LOG] [Fast Refresh] done in 288ms @ http://localhost:3000/_next/static/chunks/0brk_next_dist_0dm07mh._.js:776
[  255238ms] [LOG] [Fast Refresh] done in 288ms @ http://localhost:3000/_next/static/chunks/0brk_next_dist_0dm07mh._.js:776
[  255294ms] [LOG] [Fast Refresh] done in 288ms @ http://localhost:3000/_next/static/chunks/0brk_next_dist_0dm07mh._.js:776
[  255394ms] [LOG] [Fast Refresh] done in 288ms @ http://localhost:3000/_next/static/chunks/0brk_next_dist_0dm07mh._.js:776
[  255497ms] [LOG] [Fast Refresh] done in 288ms @ http://localhost:3000/_next/static/chunks/0brk_next_dist_0dm07mh._.js:776
[  255559ms] [LOG] [Fast Refresh] done in 288ms @ http://localhost:3000/_next/static/chunks/0brk_next_dist_0dm07mh._.js:776
[  255637ms] [LOG] [Fast Refresh] done in 288ms @ http://localhost:3000/_next/static/chunks/0brk_next_dist_0dm07mh._.js:776
[  255726ms] [LOG] [Fast Refresh] done in 288ms @ http://localhost:3000/_next/static/chunks/0brk_next_dist_0dm07mh._.js:776
[  255788ms] [LOG] [Fast Refresh] done in 288ms @ http://localhost:3000/_next/static/chunks/0brk_next_dist_0dm07mh._.js:776
[  255849ms] [LOG] [Fast Refresh] done in 288ms @ http://localhost:3000/_next/static/chunks/0brk_next_dist_0dm07mh._.js:776
[  255926ms] [LOG] [Fast Refresh] done in 288ms @ http://localhost:3000/_next/static/chunks/0brk_next_dist_0dm07mh._.js:776
[  255987ms] [LOG] [Fast Refresh] done in 288ms @ http://localhost:3000/_next/static/chunks/0brk_next_dist_0dm07mh._.js:776
[  256050ms] [LOG] [Fast Refresh] done in 288ms @ http://localhost:3000/_next/static/chunks/0brk_next_dist_0dm07mh._.js:776
[  256108ms] [LOG] [Fast Refresh] done in 288ms @ http://localhost:3000/_next/static/chunks/0brk_next_dist_0dm07mh._.js:776
[  256160ms] [LOG] [Fast Refresh] done in 288ms @ http://localhost:3000/_next/static/chunks/0brk_next_dist_0dm07mh._.js:776
[  256209ms] [LOG] [Fast Refresh] done in 288ms @ http://localhost:3000/_next/static/chunks/0brk_next_dist_0dm07mh._.js:776
[  256255ms] [LOG] [Fast Refresh] done in 288ms @ http://localhost:3000/_next/static/chunks/0brk_next_dist_0dm07mh._.js:776
[  256312ms] [LOG] [Fast Refresh] done in 288ms @ http://localhost:3000/_next/static/chunks/0brk_next_dist_0dm07mh._.js:776
[  256360ms] [LOG] [Fast Refresh] done in 288ms @ http://localhost:3000/_next/static/chunks/0brk_next_dist_0dm07mh._.js:776
[  256452ms] [LOG] [Fast Refresh] done in 288ms @ http://localhost:3000/_next/static/chunks/0brk_next_dist_0dm07mh._.js:776
[  256546ms] [LOG] [Fast Refresh] done in 288ms @ http://localhost:3000/_next/static/chunks/0brk_next_dist_0dm07mh._.js:776
[  257537ms] [LOG] [Fast Refresh] done in 288ms @ http://localhost:3000/_next/static/chunks/0brk_next_dist_0dm07mh._.js:776
[  257661ms] [LOG] [Fast Refresh] done in 288ms @ http://localhost:3000/_next/static/chunks/0brk_next_dist_0dm07mh._.js:776
[  257938ms] [LOG] [Fast Refresh] done in 288ms @ http://localhost:3000/_next/static/chunks/0brk_next_dist_0dm07mh._.js:776
[  258000ms] [LOG] [Fast Refresh] done in 288ms @ http://localhost:3000/_next/static/chunks/0brk_next_dist_0dm07mh._.js:776
[  258055ms] [LOG] [Fast Refresh] done in 288ms @ http://localhost:3000/_next/static/chunks/0brk_next_dist_0dm07mh._.js:776
[  258124ms] [LOG] [Fast Refresh] done in 288ms @ http://localhost:3000/_next/static/chunks/0brk_next_dist_0dm07mh._.js:776
[  258183ms] [LOG] [Fast Refresh] done in 288ms @ http://localhost:3000/_next/static/chunks/0brk_next_dist_0dm07mh._.js:776
[  258240ms] [LOG] [Fast Refresh] done in 288ms @ http://localhost:3000/_next/static/chunks/0brk_next_dist_0dm07mh._.js:776
[  258301ms] [LOG] [Fast Refresh] done in 288ms @ http://localhost:3000/_next/static/chunks/0brk_next_dist_0dm07mh._.js:776
[  258366ms] [LOG] [Fast Refresh] done in 288ms @ http://localhost:3000/_next/static/chunks/0brk_next_dist_0dm07mh._.js:776
[  258424ms] [LOG] [Fast Refresh] done in 288ms @ http://localhost:3000/_next/static/chunks/0brk_next_dist_0dm07mh._.js:776
[  258486ms] [LOG] [Fast Refresh] done in 288ms @ http://localhost:3000/_next/static/chunks/0brk_next_dist_0dm07mh._.js:776
[  258540ms] [LOG] [Fast Refresh] done in 288ms @ http://localhost:3000/_next/static/chunks/0brk_next_dist_0dm07mh._.js:776
[  258602ms] [LOG] [Fast Refresh] done in 288ms @ http://localhost:3000/_next/static/chunks/0brk_next_dist_0dm07mh._.js:776
[  258664ms] [LOG] [Fast Refresh] done in 288ms @ http://localhost:3000/_next/static/chunks/0brk_next_dist_0dm07mh._.js:776
[  258728ms] [LOG] [Fast Refresh] done in 288ms @ http://localhost:3000/_next/static/chunks/0brk_next_dist_0dm07mh._.js:776
[  258790ms] [LOG] [Fast Refresh] done in 288ms @ http://localhost:3000/_next/static/chunks/0brk_next_dist_0dm07mh._.js:776
[  258853ms] [LOG] [Fast Refresh] done in 288ms @ http://localhost:3000/_next/static/chunks/0brk_next_dist_0dm07mh._.js:776
[  258901ms] [LOG] [Fast Refresh] done in 288ms @ http://localhost:3000/_next/static/chunks/0brk_next_dist_0dm07mh._.js:776
[  258956ms] [LOG] [Fast Refresh] done in 288ms @ http://localhost:3000/_next/static/chunks/0brk_next_dist_0dm07mh._.js:776
[  259007ms] [LOG] [Fast Refresh] done in 288ms @ http://localhost:3000/_next/static/chunks/0brk_next_dist_0dm07mh._.js:776
[  259069ms] [LOG] [Fast Refresh] done in 288ms @ http://localhost:3000/_next/static/chunks/0brk_next_dist_0dm07mh._.js:776
[  259115ms] [LOG] [Fast Refresh] done in 288ms @ http://localhost:3000/_next/static/chunks/0brk_next_dist_0dm07mh._.js:776
[  259172ms] [LOG] [Fast Refresh] done in 288ms @ http://localhost:3000/_next/static/chunks/0brk_next_dist_0dm07mh._.js:776
[  259224ms] [LOG] [Fast Refresh] done in 288ms @ http://localhost:3000/_next/static/chunks/0brk_next_dist_0dm07mh._.js:776
[  259286ms] [LOG] [Fast Refresh] done in 288ms @ http://localhost:3000/_next/static/chunks/0brk_next_dist_0dm07mh._.js:776
[  259340ms] [LOG] [Fast Refresh] done in 288ms @ http://localhost:3000/_next/static/chunks/0brk_next_dist_0dm07mh._.js:776
[  259402ms] [LOG] [Fast Refresh] done in 288ms @ http://localhost:3000/_next/static/chunks/0brk_next_dist_0dm07mh._.js:776
[  259463ms] [LOG] [Fast Refresh] done in 288ms @ http://localhost:3000/_next/static/chunks/0brk_next_dist_0dm07mh._.js:776
[  259524ms] [LOG] [Fast Refresh] done in 288ms @ http://localhost:3000/_next/static/chunks/0brk_next_dist_0dm07mh._.js:776
[  259572ms] [LOG] [Fast Refresh] done in 288ms @ http://localhost:3000/_next/static/chunks/0brk_next_dist_0dm07mh._.js:776
[  259620ms] [LOG] [Fast Refresh] done in 288ms @ http://localhost:3000/_next/static/chunks/0brk_next_dist_0dm07mh._.js:776
[  259684ms] [LOG] [Fast Refresh] done in 288ms @ http://localhost:3000/_next/static/chunks/0brk_next_dist_0dm07mh._.js:776
[  259740ms] [LOG] [Fast Refresh] done in 288ms @ http://localhost:3000/_next/static/chunks/0brk_next_dist_0dm07mh._.js:776
[  259804ms] [LOG] [Fast Refresh] done in 288ms @ http://localhost:3000/_next/static/chunks/0brk_next_dist_0dm07mh._.js:776
[  259867ms] [LOG] [Fast Refresh] done in 288ms @ http://localhost:3000/_next/static/chunks/0brk_next_dist_0dm07mh._.js:776
[  259916ms] [LOG] [Fast Refresh] done in 288ms @ http://localhost:3000/_next/static/chunks/0brk_next_dist_0dm07mh._.js:776
[  259978ms] [LOG] [Fast Refresh] done in 288ms @ http://localhost:3000/_next/static/chunks/0brk_next_dist_0dm07mh._.js:776
[  260039ms] [LOG] [Fast Refresh] done in 288ms @ http://localhost:3000/_next/static/chunks/0brk_next_dist_0dm07mh._.js:776
[  260100ms] [LOG] [Fast Refresh] done in 288ms @ http://localhost:3000/_next/static/chunks/0brk_next_dist_0dm07mh._.js:776
[  260162ms] [LOG] [Fast Refresh] done in 288ms @ http://localhost:3000/_next/static/chunks/0brk_next_dist_0dm07mh._.js:776
[  260224ms] [LOG] [Fast Refresh] done in 288ms @ http://localhost:3000/_next/static/chunks/0brk_next_dist_0dm07mh._.js:776
[  260286ms] [LOG] [Fast Refresh] done in 288ms @ http://localhost:3000/_next/static/chunks/0brk_next_dist_0dm07mh._.js:776
[  260353ms] [LOG] [Fast Refresh] done in 288ms @ http://localhost:3000/_next/static/chunks/0brk_next_dist_0dm07mh._.js:776
[  260407ms] [LOG] [Fast Refresh] done in 288ms @ http://localhost:3000/_next/static/chunks/0brk_next_dist_0dm07mh._.js:776
[  260454ms] [LOG] [Fast Refresh] done in 288ms @ http://localhost:3000/_next/static/chunks/0brk_next_dist_0dm07mh._.js:776
[  260515ms] [LOG] [Fast Refresh] done in 288ms @ http://localhost:3000/_next/static/chunks/0brk_next_dist_0dm07mh._.js:776
[  260570ms] [LOG] [Fast Refresh] done in 288ms @ http://localhost:3000/_next/static/chunks/0brk_next_dist_0dm07mh._.js:776
[  260634ms] [LOG] [Fast Refresh] done in 288ms @ http://localhost:3000/_next/static/chunks/0brk_next_dist_0dm07mh._.js:776
[  260710ms] [LOG] [Fast Refresh] done in 288ms @ http://localhost:3000/_next/static/chunks/0brk_next_dist_0dm07mh._.js:776
[  260813ms] [LOG] [Fast Refresh] done in 288ms @ http://localhost:3000/_next/static/chunks/0brk_next_dist_0dm07mh._.js:776
[  260910ms] [LOG] [Fast Refresh] done in 288ms @ http://localhost:3000/_next/static/chunks/0brk_next_dist_0dm07mh._.js:776
[  261064ms] [LOG] [Fast Refresh] done in 288ms @ http://localhost:3000/_next/static/chunks/0brk_next_dist_0dm07mh._.js:776
[  261126ms] [LOG] [Fast Refresh] done in 288ms @ http://localhost:3000/_next/static/chunks/0brk_next_dist_0dm07mh._.js:776
[  261228ms] [LOG] [Fast Refresh] done in 288ms @ http://localhost:3000/_next/static/chunks/0brk_next_dist_0dm07mh._.js:776
[  261289ms] [LOG] [Fast Refresh] done in 288ms @ http://localhost:3000/_next/static/chunks/0brk_next_dist_0dm07mh._.js:776
[  261350ms] [LOG] [Fast Refresh] done in 288ms @ http://localhost:3000/_next/static/chunks/0brk_next_dist_0dm07mh._.js:776
[  261422ms] [LOG] [Fast Refresh] done in 288ms @ http://localhost:3000/_next/static/chunks/0brk_next_dist_0dm07mh._.js:776
[  261492ms] [LOG] [Fast Refresh] done in 288ms @ http://localhost:3000/_next/static/chunks/0brk_next_dist_0dm07mh._.js:776
[  261553ms] [LOG] [Fast Refresh] done in 288ms @ http://localhost:3000/_next/static/chunks/0brk_next_dist_0dm07mh._.js:776
[  261605ms] [LOG] [Fast Refresh] done in 288ms @ http://localhost:3000/_next/static/chunks/0brk_next_dist_0dm07mh._.js:776
[  261667ms] [LOG] [Fast Refresh] done in 288ms @ http://localhost:3000/_next/static/chunks/0brk_next_dist_0dm07mh._.js:776
[  261729ms] [LOG] [Fast Refresh] done in 288ms @ http://localhost:3000/_next/static/chunks/0brk_next_dist_0dm07mh._.js:776
[  261792ms] [LOG] [Fast Refresh] done in 288ms @ http://localhost:3000/_next/static/chunks/0brk_next_dist_0dm07mh._.js:776
[  261843ms] [LOG] [Fast Refresh] done in 288ms @ http://localhost:3000/_next/static/chunks/0brk_next_dist_0dm07mh._.js:776
[  261921ms] [LOG] [Fast Refresh] done in 288ms @ http://localhost:3000/_next/static/chunks/0brk_next_dist_0dm07mh._.js:776
[  261995ms] [LOG] [Fast Refresh] done in 288ms @ http://localhost:3000/_next/static/chunks/0brk_next_dist_0dm07mh._.js:776
[  262085ms] [LOG] [Fast Refresh] done in 288ms @ http://localhost:3000/_next/static/chunks/0brk_next_dist_0dm07mh._.js:776
[  262177ms] [LOG] [Fast Refresh] done in 288ms @ http://localhost:3000/_next/static/chunks/0brk_next_dist_0dm07mh._.js:776
[  262270ms] [LOG] [Fast Refresh] done in 288ms @ http://localhost:3000/_next/static/chunks/0brk_next_dist_0dm07mh._.js:776
[  262383ms] [LOG] [Fast Refresh] done in 288ms @ http://localhost:3000/_next/static/chunks/0brk_next_dist_0dm07mh._.js:776
[  262419ms] [LOG] [Fast Refresh] done in 288ms @ http://localhost:3000/_next/static/chunks/0brk_next_dist_0dm07mh._.js:776
[  262475ms] [LOG] [Fast Refresh] done in 288ms @ http://localhost:3000/_next/static/chunks/0brk_next_dist_0dm07mh._.js:776
[  262596ms] [LOG] [Fast Refresh] done in 288ms @ http://localhost:3000/_next/static/chunks/0brk_next_dist_0dm07mh._.js:776
[  262663ms] [LOG] [Fast Refresh] done in 288ms @ http://localhost:3000/_next/static/chunks/0brk_next_dist_0dm07mh._.js:776
[  262728ms] [LOG] [Fast Refresh] done in 288ms @ http://localhost:3000/_next/static/chunks/0brk_next_dist_0dm07mh._.js:776
[  262800ms] [LOG] [Fast Refresh] done in 288ms @ http://localhost:3000/_next/static/chunks/0brk_next_dist_0dm07mh._.js:776
[  262881ms] [LOG] [Fast Refresh] done in 288ms @ http://localhost:3000/_next/static/chunks/0brk_next_dist_0dm07mh._.js:776
[  262967ms] [LOG] [Fast Refresh] done in 288ms @ http://localhost:3000/_next/static/chunks/0brk_next_dist_0dm07mh._.js:776
[  263027ms] [LOG] [Fast Refresh] done in 288ms @ http://localhost:3000/_next/static/chunks/0brk_next_dist_0dm07mh._.js:776
[  263088ms] [LOG] [Fast Refresh] done in 288ms @ http://localhost:3000/_next/static/chunks/0brk_next_dist_0dm07mh._.js:776
[  263149ms] [LOG] [Fast Refresh] done in 288ms @ http://localhost:3000/_next/static/chunks/0brk_next_dist_0dm07mh._.js:776
[  263294ms] [LOG] [Fast Refresh] done in 288ms @ http://localhost:3000/_next/static/chunks/0brk_next_dist_0dm07mh._.js:776
[  263360ms] [LOG] [Fast Refresh] done in 288ms @ http://localhost:3000/_next/static/chunks/0brk_next_dist_0dm07mh._.js:776
[  263482ms] [LOG] [Fast Refresh] done in 288ms @ http://localhost:3000/_next/static/chunks/0brk_next_dist_0dm07mh._.js:776
[  263560ms] [LOG] [Fast Refresh] done in 288ms @ http://localhost:3000/_next/static/chunks/0brk_next_dist_0dm07mh._.js:776
[  263626ms] [LOG] [Fast Refresh] done in 288ms @ http://localhost:3000/_next/static/chunks/0brk_next_dist_0dm07mh._.js:776
[  263688ms] [LOG] [Fast Refresh] done in 288ms @ http://localhost:3000/_next/static/chunks/0brk_next_dist_0dm07mh._.js:776
[  263766ms] [LOG] [Fast Refresh] done in 288ms @ http://localhost:3000/_next/static/chunks/0brk_next_dist_0dm07mh._.js:776
[  263827ms] [LOG] [Fast Refresh] done in 288ms @ http://localhost:3000/_next/static/chunks/0brk_next_dist_0dm07mh._.js:776
[  263909ms] [LOG] [Fast Refresh] done in 288ms @ http://localhost:3000/_next/static/chunks/0brk_next_dist_0dm07mh._.js:776
[  263981ms] [LOG] [Fast Refresh] done in 288ms @ http://localhost:3000/_next/static/chunks/0brk_next_dist_0dm07mh._.js:776
[  264044ms] [LOG] [Fast Refresh] done in 288ms @ http://localhost:3000/_next/static/chunks/0brk_next_dist_0dm07mh._.js:776
[  264120ms] [LOG] [Fast Refresh] done in 288ms @ http://localhost:3000/_next/static/chunks/0brk_next_dist_0dm07mh._.js:776
[  264179ms] [LOG] [Fast Refresh] done in 288ms @ http://localhost:3000/_next/static/chunks/0brk_next_dist_0dm07mh._.js:776
[  264245ms] [LOG] [Fast Refresh] done in 288ms @ http://localhost:3000/_next/static/chunks/0brk_next_dist_0dm07mh._.js:776
[  264321ms] [LOG] [Fast Refresh] done in 288ms @ http://localhost:3000/_next/static/chunks/0brk_next_dist_0dm07mh._.js:776
[  264386ms] [LOG] [Fast Refresh] done in 288ms @ http://localhost:3000/_next/static/chunks/0brk_next_dist_0dm07mh._.js:776
[  264460ms] [LOG] [Fast Refresh] done in 288ms @ http://localhost:3000/_next/static/chunks/0brk_next_dist_0dm07mh._.js:776
[  264518ms] [LOG] [Fast Refresh] done in 288ms @ http://localhost:3000/_next/static/chunks/0brk_next_dist_0dm07mh._.js:776
[  264596ms] [LOG] [Fast Refresh] done in 288ms @ http://localhost:3000/_next/static/chunks/0brk_next_dist_0dm07mh._.js:776
[  264673ms] [LOG] [Fast Refresh] done in 288ms @ http://localhost:3000/_next/static/chunks/0brk_next_dist_0dm07mh._.js:776
[  264775ms] [LOG] [Fast Refresh] done in 288ms @ http://localhost:3000/_next/static/chunks/0brk_next_dist_0dm07mh._.js:776
[  264836ms] [LOG] [Fast Refresh] done in 288ms @ http://localhost:3000/_next/static/chunks/0brk_next_dist_0dm07mh._.js:776
[  264898ms] [LOG] [Fast Refresh] done in 288ms @ http://localhost:3000/_next/static/chunks/0brk_next_dist_0dm07mh._.js:776
[  264959ms] [LOG] [Fast Refresh] done in 288ms @ http://localhost:3000/_next/static/chunks/0brk_next_dist_0dm07mh._.js:776
[  265025ms] [LOG] [Fast Refresh] done in 288ms @ http://localhost:3000/_next/static/chunks/0brk_next_dist_0dm07mh._.js:776
[  265143ms] [LOG] [Fast Refresh] done in 288ms @ http://localhost:3000/_next/static/chunks/0brk_next_dist_0dm07mh._.js:776
[  265217ms] [LOG] [Fast Refresh] done in 288ms @ http://localhost:3000/_next/static/chunks/0brk_next_dist_0dm07mh._.js:776
[  265333ms] [LOG] [Fast Refresh] done in 288ms @ http://localhost:3000/_next/static/chunks/0brk_next_dist_0dm07mh._.js:776
[  265392ms] [LOG] [Fast Refresh] done in 288ms @ http://localhost:3000/_next/static/chunks/0brk_next_dist_0dm07mh._.js:776
[  265449ms] [LOG] [Fast Refresh] done in 288ms @ http://localhost:3000/_next/static/chunks/0brk_next_dist_0dm07mh._.js:776
[  265539ms] [LOG] [Fast Refresh] done in 288ms @ http://localhost:3000/_next/static/chunks/0brk_next_dist_0dm07mh._.js:776
[  265605ms] [LOG] [Fast Refresh] done in 288ms @ http://localhost:3000/_next/static/chunks/0brk_next_dist_0dm07mh._.js:776
[  265683ms] [LOG] [Fast Refresh] done in 288ms @ http://localhost:3000/_next/static/chunks/0brk_next_dist_0dm07mh._.js:776
[  265753ms] [LOG] [Fast Refresh] done in 288ms @ http://localhost:3000/_next/static/chunks/0brk_next_dist_0dm07mh._.js:776
[  265815ms] [LOG] [Fast Refresh] done in 288ms @ http://localhost:3000/_next/static/chunks/0brk_next_dist_0dm07mh._.js:776
[  265878ms] [LOG] [Fast Refresh] done in 288ms @ http://localhost:3000/_next/static/chunks/0brk_next_dist_0dm07mh._.js:776
[  265946ms] [LOG] [Fast Refresh] done in 288ms @ http://localhost:3000/_next/static/chunks/0brk_next_dist_0dm07mh._.js:776
[  266025ms] [LOG] [Fast Refresh] done in 288ms @ http://localhost:3000/_next/static/chunks/0brk_next_dist_0dm07mh._.js:776
[  266117ms] [LOG] [Fast Refresh] done in 288ms @ http://localhost:3000/_next/static/chunks/0brk_next_dist_0dm07mh._.js:776
[  266245ms] [LOG] [Fast Refresh] done in 288ms @ http://localhost:3000/_next/static/chunks/0brk_next_dist_0dm07mh._.js:776
[  266670ms] [LOG] [Fast Refresh] done in 288ms @ http://localhost:3000/_next/static/chunks/0brk_next_dist_0dm07mh._.js:776
[  266781ms] [LOG] [Fast Refresh] done in 288ms @ http://localhost:3000/_next/static/chunks/0brk_next_dist_0dm07mh._.js:776
[  266874ms] [LOG] [Fast Refresh] done in 288ms @ http://localhost:3000/_next/static/chunks/0brk_next_dist_0dm07mh._.js:776
[  267019ms] [LOG] [Fast Refresh] done in 288ms @ http://localhost:3000/_next/static/chunks/0brk_next_dist_0dm07mh._.js:776
[  267103ms] [LOG] [Fast Refresh] done in 288ms @ http://localhost:3000/_next/static/chunks/0brk_next_dist_0dm07mh._.js:776
[  267164ms] [LOG] [Fast Refresh] done in 288ms @ http://localhost:3000/_next/static/chunks/0brk_next_dist_0dm07mh._.js:776
[  267247ms] [LOG] [Fast Refresh] done in 288ms @ http://localhost:3000/_next/static/chunks/0brk_next_dist_0dm07mh._.js:776
[  267472ms] [LOG] [Fast Refresh] rebuilding @ http://localhost:3000/_next/static/chunks/0brk_next_dist_0dm07mh._.js:776
[  267881ms] [LOG] [Fast Refresh] done in 516ms @ http://localhost:3000/_next/static/chunks/0brk_next_dist_0dm07mh._.js:776
[  273324ms] [LOG] [Fast Refresh] rebuilding @ http://localhost:3000/_next/static/chunks/0brk_next_dist_0dm07mh._.js:776
[  273590ms] [LOG] [Fast Refresh] done in 371ms @ http://localhost:3000/_next/static/chunks/0brk_next_dist_0dm07mh._.js:776
[  293144ms] [LOG] [Fast Refresh] rebuilding @ http://localhost:3000/_next/static/chunks/0brk_next_dist_0dm07mh._.js:776
[  293464ms] [LOG] [Fast Refresh] done in 429ms @ http://localhost:3000/_next/static/chunks/0brk_next_dist_0dm07mh._.js:776
[  294037ms] [LOG] [Fast Refresh] rebuilding @ http://localhost:3000/_next/static/chunks/0brk_next_dist_0dm07mh._.js:776
[  294040ms] [LOG] [Fast Refresh] done in 110ms @ http://localhost:3000/_next/static/chunks/0brk_next_dist_0dm07mh._.js:776
[  365399ms] [LOG] [Fast Refresh] rebuilding @ http://localhost:3000/_next/static/chunks/0brk_next_dist_0dm07mh._.js:776
[  365480ms] [LOG] [Fast Refresh] done in 41ms @ http://localhost:3000/_next/static/chunks/0brk_next_dist_0dm07mh._.js:776
[  365546ms] [LOG] [Fast Refresh] done in 41ms @ http://localhost:3000/_next/static/chunks/0brk_next_dist_0dm07mh._.js:776
[  365608ms] [LOG] [Fast Refresh] done in 41ms @ http://localhost:3000/_next/static/chunks/0brk_next_dist_0dm07mh._.js:776
[  365670ms] [LOG] [Fast Refresh] done in 41ms @ http://localhost:3000/_next/static/chunks/0brk_next_dist_0dm07mh._.js:776
[  365733ms] [LOG] [Fast Refresh] done in 41ms @ http://localhost:3000/_next/static/chunks/0brk_next_dist_0dm07mh._.js:776
[  365796ms] [LOG] [Fast Refresh] done in 41ms @ http://localhost:3000/_next/static/chunks/0brk_next_dist_0dm07mh._.js:776
[  365857ms] [LOG] [Fast Refresh] done in 41ms @ http://localhost:3000/_next/static/chunks/0brk_next_dist_0dm07mh._.js:776
[  365912ms] [LOG] [Fast Refresh] done in 41ms @ http://localhost:3000/_next/static/chunks/0brk_next_dist_0dm07mh._.js:776
[  365975ms] [LOG] [Fast Refresh] done in 41ms @ http://localhost:3000/_next/static/chunks/0brk_next_dist_0dm07mh._.js:776
[  366034ms] [LOG] [Fast Refresh] done in 41ms @ http://localhost:3000/_next/static/chunks/0brk_next_dist_0dm07mh._.js:776
[  366095ms] [LOG] [Fast Refresh] done in 41ms @ http://localhost:3000/_next/static/chunks/0brk_next_dist_0dm07mh._.js:776
[  366145ms] [LOG] [Fast Refresh] done in 41ms @ http://localhost:3000/_next/static/chunks/0brk_next_dist_0dm07mh._.js:776
[  366207ms] [LOG] [Fast Refresh] done in 41ms @ http://localhost:3000/_next/static/chunks/0brk_next_dist_0dm07mh._.js:776
[  366262ms] [LOG] [Fast Refresh] done in 41ms @ http://localhost:3000/_next/static/chunks/0brk_next_dist_0dm07mh._.js:776
[  366322ms] [LOG] [Fast Refresh] done in 41ms @ http://localhost:3000/_next/static/chunks/0brk_next_dist_0dm07mh._.js:776
[  366384ms] [LOG] [Fast Refresh] done in 41ms @ http://localhost:3000/_next/static/chunks/0brk_next_dist_0dm07mh._.js:776
[  366436ms] [LOG] [Fast Refresh] done in 41ms @ http://localhost:3000/_next/static/chunks/0brk_next_dist_0dm07mh._.js:776
[  366495ms] [LOG] [Fast Refresh] done in 41ms @ http://localhost:3000/_next/static/chunks/0brk_next_dist_0dm07mh._.js:776
[  366560ms] [LOG] [Fast Refresh] done in 41ms @ http://localhost:3000/_next/static/chunks/0brk_next_dist_0dm07mh._.js:776
[  366622ms] [LOG] [Fast Refresh] done in 41ms @ http://localhost:3000/_next/static/chunks/0brk_next_dist_0dm07mh._.js:776
[  366683ms] [LOG] [Fast Refresh] done in 41ms @ http://localhost:3000/_next/static/chunks/0brk_next_dist_0dm07mh._.js:776
[  366736ms] [LOG] [Fast Refresh] done in 41ms @ http://localhost:3000/_next/static/chunks/0brk_next_dist_0dm07mh._.js:776
[  366797ms] [LOG] [Fast Refresh] done in 41ms @ http://localhost:3000/_next/static/chunks/0brk_next_dist_0dm07mh._.js:776
[  366857ms] [LOG] [Fast Refresh] done in 41ms @ http://localhost:3000/_next/static/chunks/0brk_next_dist_0dm07mh._.js:776
[  366918ms] [LOG] [Fast Refresh] done in 41ms @ http://localhost:3000/_next/static/chunks/0brk_next_dist_0dm07mh._.js:776
[  366980ms] [LOG] [Fast Refresh] done in 41ms @ http://localhost:3000/_next/static/chunks/0brk_next_dist_0dm07mh._.js:776
[  367042ms] [LOG] [Fast Refresh] done in 41ms @ http://localhost:3000/_next/static/chunks/0brk_next_dist_0dm07mh._.js:776
[  367103ms] [LOG] [Fast Refresh] done in 41ms @ http://localhost:3000/_next/static/chunks/0brk_next_dist_0dm07mh._.js:776
[  367165ms] [LOG] [Fast Refresh] done in 41ms @ http://localhost:3000/_next/static/chunks/0brk_next_dist_0dm07mh._.js:776
[  367226ms] [LOG] [Fast Refresh] done in 41ms @ http://localhost:3000/_next/static/chunks/0brk_next_dist_0dm07mh._.js:776
[  367288ms] [LOG] [Fast Refresh] done in 41ms @ http://localhost:3000/_next/static/chunks/0brk_next_dist_0dm07mh._.js:776
[  367348ms] [LOG] [Fast Refresh] done in 41ms @ http://localhost:3000/_next/static/chunks/0brk_next_dist_0dm07mh._.js:776
[  367408ms] [LOG] [Fast Refresh] done in 41ms @ http://localhost:3000/_next/static/chunks/0brk_next_dist_0dm07mh._.js:776
[  367470ms] [LOG] [Fast Refresh] done in 41ms @ http://localhost:3000/_next/static/chunks/0brk_next_dist_0dm07mh._.js:776
[  367524ms] [LOG] [Fast Refresh] done in 41ms @ http://localhost:3000/_next/static/chunks/0brk_next_dist_0dm07mh._.js:776
[  367602ms] [LOG] [Fast Refresh] done in 41ms @ http://localhost:3000/_next/static/chunks/0brk_next_dist_0dm07mh._.js:776
[  367663ms] [LOG] [Fast Refresh] done in 41ms @ http://localhost:3000/_next/static/chunks/0brk_next_dist_0dm07mh._.js:776
[  367723ms] [LOG] [Fast Refresh] done in 41ms @ http://localhost:3000/_next/static/chunks/0brk_next_dist_0dm07mh._.js:776
[  367784ms] [LOG] [Fast Refresh] done in 41ms @ http://localhost:3000/_next/static/chunks/0brk_next_dist_0dm07mh._.js:776
[  367847ms] [LOG] [Fast Refresh] done in 41ms @ http://localhost:3000/_next/static/chunks/0brk_next_dist_0dm07mh._.js:776
[  367909ms] [LOG] [Fast Refresh] done in 41ms @ http://localhost:3000/_next/static/chunks/0brk_next_dist_0dm07mh._.js:776
[  367970ms] [LOG] [Fast Refresh] done in 41ms @ http://localhost:3000/_next/static/chunks/0brk_next_dist_0dm07mh._.js:776
[  368024ms] [LOG] [Fast Refresh] done in 41ms @ http://localhost:3000/_next/static/chunks/0brk_next_dist_0dm07mh._.js:776
[  368094ms] [LOG] [Fast Refresh] done in 41ms @ http://localhost:3000/_next/static/chunks/0brk_next_dist_0dm07mh._.js:776
[  368145ms] [LOG] [Fast Refresh] done in 41ms @ http://localhost:3000/_next/static/chunks/0brk_next_dist_0dm07mh._.js:776
[  368247ms] [LOG] [Fast Refresh] done in 41ms @ http://localhost:3000/_next/static/chunks/0brk_next_dist_0dm07mh._.js:776
[  368342ms] [LOG] [Fast Refresh] done in 41ms @ http://localhost:3000/_next/static/chunks/0brk_next_dist_0dm07mh._.js:776
[  368420ms] [LOG] [Fast Refresh] done in 41ms @ http://localhost:3000/_next/static/chunks/0brk_next_dist_0dm07mh._.js:776
[  368517ms] [LOG] [Fast Refresh] done in 41ms @ http://localhost:3000/_next/static/chunks/0brk_next_dist_0dm07mh._.js:776
[  368680ms] [LOG] [Fast Refresh] done in 41ms @ http://localhost:3000/_next/static/chunks/0brk_next_dist_0dm07mh._.js:776
[  368755ms] [LOG] [Fast Refresh] done in 41ms @ http://localhost:3000/_next/static/chunks/0brk_next_dist_0dm07mh._.js:776
[  368821ms] [LOG] [Fast Refresh] done in 41ms @ http://localhost:3000/_next/static/chunks/0brk_next_dist_0dm07mh._.js:776
[  368917ms] [LOG] [Fast Refresh] done in 41ms @ http://localhost:3000/_next/static/chunks/0brk_next_dist_0dm07mh._.js:776
[  369009ms] [LOG] [Fast Refresh] done in 41ms @ http://localhost:3000/_next/static/chunks/0brk_next_dist_0dm07mh._.js:776
[  369069ms] [LOG] [Fast Refresh] done in 41ms @ http://localhost:3000/_next/static/chunks/0brk_next_dist_0dm07mh._.js:776
[  369130ms] [LOG] [Fast Refresh] done in 41ms @ http://localhost:3000/_next/static/chunks/0brk_next_dist_0dm07mh._.js:776
[  369192ms] [LOG] [Fast Refresh] done in 41ms @ http://localhost:3000/_next/static/chunks/0brk_next_dist_0dm07mh._.js:776
[  369250ms] [LOG] [Fast Refresh] done in 41ms @ http://localhost:3000/_next/static/chunks/0brk_next_dist_0dm07mh._.js:776
[  369310ms] [LOG] [Fast Refresh] done in 41ms @ http://localhost:3000/_next/static/chunks/0brk_next_dist_0dm07mh._.js:776
[  369371ms] [LOG] [Fast Refresh] done in 41ms @ http://localhost:3000/_next/static/chunks/0brk_next_dist_0dm07mh._.js:776
[  369433ms] [LOG] [Fast Refresh] done in 41ms @ http://localhost:3000/_next/static/chunks/0brk_next_dist_0dm07mh._.js:776
[  369495ms] [LOG] [Fast Refresh] done in 41ms @ http://localhost:3000/_next/static/chunks/0brk_next_dist_0dm07mh._.js:776
[  369557ms] [LOG] [Fast Refresh] done in 41ms @ http://localhost:3000/_next/static/chunks/0brk_next_dist_0dm07mh._.js:776
[  369627ms] [LOG] [Fast Refresh] done in 41ms @ http://localhost:3000/_next/static/chunks/0brk_next_dist_0dm07mh._.js:776
[  369690ms] [LOG] [Fast Refresh] done in 41ms @ http://localhost:3000/_next/static/chunks/0brk_next_dist_0dm07mh._.js:776
[  369761ms] [LOG] [Fast Refresh] done in 41ms @ http://localhost:3000/_next/static/chunks/0brk_next_dist_0dm07mh._.js:776
[  369847ms] [LOG] [Fast Refresh] done in 41ms @ http://localhost:3000/_next/static/chunks/0brk_next_dist_0dm07mh._.js:776
[  370250ms] [LOG] [Fast Refresh] done in 41ms @ http://localhost:3000/_next/static/chunks/0brk_next_dist_0dm07mh._.js:776
[  370339ms] [LOG] [Fast Refresh] done in 41ms @ http://localhost:3000/_next/static/chunks/0brk_next_dist_0dm07mh._.js:776
[  370400ms] [LOG] [Fast Refresh] done in 41ms @ http://localhost:3000/_next/static/chunks/0brk_next_dist_0dm07mh._.js:776
[  370462ms] [LOG] [Fast Refresh] done in 41ms @ http://localhost:3000/_next/static/chunks/0brk_next_dist_0dm07mh._.js:776
[  370522ms] [LOG] [Fast Refresh] done in 41ms @ http://localhost:3000/_next/static/chunks/0brk_next_dist_0dm07mh._.js:776
[  370585ms] [LOG] [Fast Refresh] done in 41ms @ http://localhost:3000/_next/static/chunks/0brk_next_dist_0dm07mh._.js:776
[  370641ms] [LOG] [Fast Refresh] done in 41ms @ http://localhost:3000/_next/static/chunks/0brk_next_dist_0dm07mh._.js:776
[  370704ms] [LOG] [Fast Refresh] done in 41ms @ http://localhost:3000/_next/static/chunks/0brk_next_dist_0dm07mh._.js:776
[  370765ms] [LOG] [Fast Refresh] done in 41ms @ http://localhost:3000/_next/static/chunks/0brk_next_dist_0dm07mh._.js:776
[  370827ms] [LOG] [Fast Refresh] done in 41ms @ http://localhost:3000/_next/static/chunks/0brk_next_dist_0dm07mh._.js:776
[  370889ms] [LOG] [Fast Refresh] done in 41ms @ http://localhost:3000/_next/static/chunks/0brk_next_dist_0dm07mh._.js:776
[  370972ms] [LOG] [Fast Refresh] done in 41ms @ http://localhost:3000/_next/static/chunks/0brk_next_dist_0dm07mh._.js:776
[  371267ms] [LOG] [Fast Refresh] done in 41ms @ http://localhost:3000/_next/static/chunks/0brk_next_dist_0dm07mh._.js:776
[  371340ms] [LOG] [Fast Refresh] done in 41ms @ http://localhost:3000/_next/static/chunks/0brk_next_dist_0dm07mh._.js:776
[  371489ms] [LOG] [Fast Refresh] done in 41ms @ http://localhost:3000/_next/static/chunks/0brk_next_dist_0dm07mh._.js:776
[  371557ms] [LOG] [Fast Refresh] done in 41ms @ http://localhost:3000/_next/static/chunks/0brk_next_dist_0dm07mh._.js:776
[  371783ms] [LOG] [Fast Refresh] done in 41ms @ http://localhost:3000/_next/static/chunks/0brk_next_dist_0dm07mh._.js:776
[  372011ms] [LOG] [Fast Refresh] done in 41ms @ http://localhost:3000/_next/static/chunks/0brk_next_dist_0dm07mh._.js:776
[  372270ms] [LOG] [Fast Refresh] done in 41ms @ http://localhost:3000/_next/static/chunks/0brk_next_dist_0dm07mh._.js:776
[  372469ms] [LOG] [Fast Refresh] done in 41ms @ http://localhost:3000/_next/static/chunks/0brk_next_dist_0dm07mh._.js:776
[  372617ms] [LOG] [Fast Refresh] done in 41ms @ http://localhost:3000/_next/static/chunks/0brk_next_dist_0dm07mh._.js:776
[  372814ms] [LOG] [Fast Refresh] done in 41ms @ http://localhost:3000/_next/static/chunks/0brk_next_dist_0dm07mh._.js:776
[  372974ms] [LOG] [Fast Refresh] done in 41ms @ http://localhost:3000/_next/static/chunks/0brk_next_dist_0dm07mh._.js:776
[  373024ms] [LOG] [Fast Refresh] done in 41ms @ http://localhost:3000/_next/static/chunks/0brk_next_dist_0dm07mh._.js:776
[  373086ms] [LOG] [Fast Refresh] done in 41ms @ http://localhost:3000/_next/static/chunks/0brk_next_dist_0dm07mh._.js:776
[  373141ms] [LOG] [Fast Refresh] done in 41ms @ http://localhost:3000/_next/static/chunks/0brk_next_dist_0dm07mh._.js:776
[  373203ms] [LOG] [Fast Refresh] done in 41ms @ http://localhost:3000/_next/static/chunks/0brk_next_dist_0dm07mh._.js:776
[  373266ms] [LOG] [Fast Refresh] done in 41ms @ http://localhost:3000/_next/static/chunks/0brk_next_dist_0dm07mh._.js:776
[  373324ms] [LOG] [Fast Refresh] done in 41ms @ http://localhost:3000/_next/static/chunks/0brk_next_dist_0dm07mh._.js:776
[  373382ms] [LOG] [Fast Refresh] done in 41ms @ http://localhost:3000/_next/static/chunks/0brk_next_dist_0dm07mh._.js:776
[  373430ms] [LOG] [Fast Refresh] done in 41ms @ http://localhost:3000/_next/static/chunks/0brk_next_dist_0dm07mh._.js:776
[  373492ms] [LOG] [Fast Refresh] done in 41ms @ http://localhost:3000/_next/static/chunks/0brk_next_dist_0dm07mh._.js:776
[  373553ms] [LOG] [Fast Refresh] done in 41ms @ http://localhost:3000/_next/static/chunks/0brk_next_dist_0dm07mh._.js:776
[  373609ms] [LOG] [Fast Refresh] done in 41ms @ http://localhost:3000/_next/static/chunks/0brk_next_dist_0dm07mh._.js:776
[  373670ms] [LOG] [Fast Refresh] done in 41ms @ http://localhost:3000/_next/static/chunks/0brk_next_dist_0dm07mh._.js:776
[  373733ms] [LOG] [Fast Refresh] done in 41ms @ http://localhost:3000/_next/static/chunks/0brk_next_dist_0dm07mh._.js:776
[  373791ms] [LOG] [Fast Refresh] done in 41ms @ http://localhost:3000/_next/static/chunks/0brk_next_dist_0dm07mh._.js:776
[  373859ms] [LOG] [Fast Refresh] done in 41ms @ http://localhost:3000/_next/static/chunks/0brk_next_dist_0dm07mh._.js:776
[  373922ms] [LOG] [Fast Refresh] done in 41ms @ http://localhost:3000/_next/static/chunks/0brk_next_dist_0dm07mh._.js:776
[  373980ms] [LOG] [Fast Refresh] done in 41ms @ http://localhost:3000/_next/static/chunks/0brk_next_dist_0dm07mh._.js:776
[  374054ms] [LOG] [Fast Refresh] done in 41ms @ http://localhost:3000/_next/static/chunks/0brk_next_dist_0dm07mh._.js:776
[  374116ms] [LOG] [Fast Refresh] done in 41ms @ http://localhost:3000/_next/static/chunks/0brk_next_dist_0dm07mh._.js:776
[  374173ms] [LOG] [Fast Refresh] done in 41ms @ http://localhost:3000/_next/static/chunks/0brk_next_dist_0dm07mh._.js:776
[  374235ms] [LOG] [Fast Refresh] done in 41ms @ http://localhost:3000/_next/static/chunks/0brk_next_dist_0dm07mh._.js:776
[  374294ms] [LOG] [Fast Refresh] done in 41ms @ http://localhost:3000/_next/static/chunks/0brk_next_dist_0dm07mh._.js:776
[  374370ms] [LOG] [Fast Refresh] done in 41ms @ http://localhost:3000/_next/static/chunks/0brk_next_dist_0dm07mh._.js:776
[  374448ms] [LOG] [Fast Refresh] done in 41ms @ http://localhost:3000/_next/static/chunks/0brk_next_dist_0dm07mh._.js:776
[  374509ms] [LOG] [Fast Refresh] done in 41ms @ http://localhost:3000/_next/static/chunks/0brk_next_dist_0dm07mh._.js:776
[  374569ms] [LOG] [Fast Refresh] done in 41ms @ http://localhost:3000/_next/static/chunks/0brk_next_dist_0dm07mh._.js:776
[  374630ms] [LOG] [Fast Refresh] done in 41ms @ http://localhost:3000/_next/static/chunks/0brk_next_dist_0dm07mh._.js:776
[  374691ms] [LOG] [Fast Refresh] done in 41ms @ http://localhost:3000/_next/static/chunks/0brk_next_dist_0dm07mh._.js:776
[  374754ms] [LOG] [Fast Refresh] done in 41ms @ http://localhost:3000/_next/static/chunks/0brk_next_dist_0dm07mh._.js:776
[  374815ms] [LOG] [Fast Refresh] done in 41ms @ http://localhost:3000/_next/static/chunks/0brk_next_dist_0dm07mh._.js:776
[  374875ms] [LOG] [Fast Refresh] done in 41ms @ http://localhost:3000/_next/static/chunks/0brk_next_dist_0dm07mh._.js:776
[  374935ms] [LOG] [Fast Refresh] done in 41ms @ http://localhost:3000/_next/static/chunks/0brk_next_dist_0dm07mh._.js:776
[  374996ms] [LOG] [Fast Refresh] done in 41ms @ http://localhost:3000/_next/static/chunks/0brk_next_dist_0dm07mh._.js:776
[  375050ms] [LOG] [Fast Refresh] done in 41ms @ http://localhost:3000/_next/static/chunks/0brk_next_dist_0dm07mh._.js:776
[  375146ms] [LOG] [Fast Refresh] done in 41ms @ http://localhost:3000/_next/static/chunks/0brk_next_dist_0dm07mh._.js:776
[  375208ms] [LOG] [Fast Refresh] done in 41ms @ http://localhost:3000/_next/static/chunks/0brk_next_dist_0dm07mh._.js:776
[  375281ms] [LOG] [Fast Refresh] done in 41ms @ http://localhost:3000/_next/static/chunks/0brk_next_dist_0dm07mh._.js:776
[  375375ms] [LOG] [Fast Refresh] done in 41ms @ http://localhost:3000/_next/static/chunks/0brk_next_dist_0dm07mh._.js:776
[  375496ms] [LOG] [Fast Refresh] done in 41ms @ http://localhost:3000/_next/static/chunks/0brk_next_dist_0dm07mh._.js:776
[  375568ms] [LOG] [Fast Refresh] done in 41ms @ http://localhost:3000/_next/static/chunks/0brk_next_dist_0dm07mh._.js:776
[  375651ms] [LOG] [Fast Refresh] done in 41ms @ http://localhost:3000/_next/static/chunks/0brk_next_dist_0dm07mh._.js:776
[  375746ms] [LOG] [Fast Refresh] done in 41ms @ http://localhost:3000/_next/static/chunks/0brk_next_dist_0dm07mh._.js:776
[  375811ms] [LOG] [Fast Refresh] done in 41ms @ http://localhost:3000/_next/static/chunks/0brk_next_dist_0dm07mh._.js:776
[  375925ms] [LOG] [Fast Refresh] done in 41ms @ http://localhost:3000/_next/static/chunks/0brk_next_dist_0dm07mh._.js:776
[  375989ms] [LOG] [Fast Refresh] done in 41ms @ http://localhost:3000/_next/static/chunks/0brk_next_dist_0dm07mh._.js:776
[  376051ms] [LOG] [Fast Refresh] done in 41ms @ http://localhost:3000/_next/static/chunks/0brk_next_dist_0dm07mh._.js:776
[  376111ms] [LOG] [Fast Refresh] done in 41ms @ http://localhost:3000/_next/static/chunks/0brk_next_dist_0dm07mh._.js:776
[  376172ms] [LOG] [Fast Refresh] done in 41ms @ http://localhost:3000/_next/static/chunks/0brk_next_dist_0dm07mh._.js:776
[  376235ms] [LOG] [Fast Refresh] done in 41ms @ http://localhost:3000/_next/static/chunks/0brk_next_dist_0dm07mh._.js:776
[  376283ms] [LOG] [Fast Refresh] done in 41ms @ http://localhost:3000/_next/static/chunks/0brk_next_dist_0dm07mh._.js:776
[  376340ms] [LOG] [Fast Refresh] done in 41ms @ http://localhost:3000/_next/static/chunks/0brk_next_dist_0dm07mh._.js:776
[  376396ms] [LOG] [Fast Refresh] done in 41ms @ http://localhost:3000/_next/static/chunks/0brk_next_dist_0dm07mh._.js:776
[  376464ms] [LOG] [Fast Refresh] done in 41ms @ http://localhost:3000/_next/static/chunks/0brk_next_dist_0dm07mh._.js:776
[  376598ms] [LOG] [Fast Refresh] done in 41ms @ http://localhost:3000/_next/static/chunks/0brk_next_dist_0dm07mh._.js:776
[  376695ms] [LOG] [Fast Refresh] done in 41ms @ http://localhost:3000/_next/static/chunks/0brk_next_dist_0dm07mh._.js:776
[  376880ms] [LOG] [Fast Refresh] done in 41ms @ http://localhost:3000/_next/static/chunks/0brk_next_dist_0dm07mh._.js:776
[  377003ms] [LOG] [Fast Refresh] done in 41ms @ http://localhost:3000/_next/static/chunks/0brk_next_dist_0dm07mh._.js:776
[  377149ms] [LOG] [Fast Refresh] done in 41ms @ http://localhost:3000/_next/static/chunks/0brk_next_dist_0dm07mh._.js:776
[  377253ms] [LOG] [Fast Refresh] done in 41ms @ http://localhost:3000/_next/static/chunks/0brk_next_dist_0dm07mh._.js:776
[  377328ms] [LOG] [Fast Refresh] done in 41ms @ http://localhost:3000/_next/static/chunks/0brk_next_dist_0dm07mh._.js:776
[  377388ms] [LOG] [Fast Refresh] done in 41ms @ http://localhost:3000/_next/static/chunks/0brk_next_dist_0dm07mh._.js:776
[  377443ms] [LOG] [Fast Refresh] done in 41ms @ http://localhost:3000/_next/static/chunks/0brk_next_dist_0dm07mh._.js:776
[  377493ms] [LOG] [Fast Refresh] done in 41ms @ http://localhost:3000/_next/static/chunks/0brk_next_dist_0dm07mh._.js:776
[  377553ms] [LOG] [Fast Refresh] done in 41ms @ http://localhost:3000/_next/static/chunks/0brk_next_dist_0dm07mh._.js:776
[  377613ms] [LOG] [Fast Refresh] done in 41ms @ http://localhost:3000/_next/static/chunks/0brk_next_dist_0dm07mh._.js:776
[  377658ms] [LOG] [Fast Refresh] done in 41ms @ http://localhost:3000/_next/static/chunks/0brk_next_dist_0dm07mh._.js:776
[  377722ms] [LOG] [Fast Refresh] done in 41ms @ http://localhost:3000/_next/static/chunks/0brk_next_dist_0dm07mh._.js:776
[  377775ms] [LOG] [Fast Refresh] done in 41ms @ http://localhost:3000/_next/static/chunks/0brk_next_dist_0dm07mh._.js:776
[  377838ms] [LOG] [Fast Refresh] done in 41ms @ http://localhost:3000/_next/static/chunks/0brk_next_dist_0dm07mh._.js:776
[  377902ms] [LOG] [Fast Refresh] done in 41ms @ http://localhost:3000/_next/static/chunks/0brk_next_dist_0dm07mh._.js:776
[  377997ms] [LOG] [Fast Refresh] done in 41ms @ http://localhost:3000/_next/static/chunks/0brk_next_dist_0dm07mh._.js:776
[  378152ms] [LOG] [Fast Refresh] done in 41ms @ http://localhost:3000/_next/static/chunks/0brk_next_dist_0dm07mh._.js:776
[  378298ms] [LOG] [Fast Refresh] done in 41ms @ http://localhost:3000/_next/static/chunks/0brk_next_dist_0dm07mh._.js:776
[  378754ms] [LOG] [Fast Refresh] done in 41ms @ http://localhost:3000/_next/static/chunks/0brk_next_dist_0dm07mh._.js:776
[  378828ms] [LOG] [Fast Refresh] done in 41ms @ http://localhost:3000/_next/static/chunks/0brk_next_dist_0dm07mh._.js:776
[  378890ms] [LOG] [Fast Refresh] done in 41ms @ http://localhost:3000/_next/static/chunks/0brk_next_dist_0dm07mh._.js:776
[  378973ms] [LOG] [Fast Refresh] done in 41ms @ http://localhost:3000/_next/static/chunks/0brk_next_dist_0dm07mh._.js:776
[  379050ms] [LOG] [Fast Refresh] done in 41ms @ http://localhost:3000/_next/static/chunks/0brk_next_dist_0dm07mh._.js:776
[  379123ms] [LOG] [Fast Refresh] done in 41ms @ http://localhost:3000/_next/static/chunks/0brk_next_dist_0dm07mh._.js:776
[  379224ms] [LOG] [Fast Refresh] done in 41ms @ http://localhost:3000/_next/static/chunks/0brk_next_dist_0dm07mh._.js:776
[  379376ms] [LOG] [Fast Refresh] done in 41ms @ http://localhost:3000/_next/static/chunks/0brk_next_dist_0dm07mh._.js:776
[  379512ms] [LOG] [Fast Refresh] done in 41ms @ http://localhost:3000/_next/static/chunks/0brk_next_dist_0dm07mh._.js:776
[  379714ms] [LOG] [Fast Refresh] done in 41ms @ http://localhost:3000/_next/static/chunks/0brk_next_dist_0dm07mh._.js:776
[  379998ms] [LOG] [Fast Refresh] done in 41ms @ http://localhost:3000/_next/static/chunks/0brk_next_dist_0dm07mh._.js:776
[  380110ms] [LOG] [Fast Refresh] done in 41ms @ http://localhost:3000/_next/static/chunks/0brk_next_dist_0dm07mh._.js:776
[  380209ms] [LOG] [Fast Refresh] done in 41ms @ http://localhost:3000/_next/static/chunks/0brk_next_dist_0dm07mh._.js:776
[  380349ms] [LOG] [Fast Refresh] done in 41ms @ http://localhost:3000/_next/static/chunks/0brk_next_dist_0dm07mh._.js:776
[  380435ms] [LOG] [Fast Refresh] done in 41ms @ http://localhost:3000/_next/static/chunks/0brk_next_dist_0dm07mh._.js:776
[  380537ms] [LOG] [Fast Refresh] done in 41ms @ http://localhost:3000/_next/static/chunks/0brk_next_dist_0dm07mh._.js:776
[  380614ms] [LOG] [Fast Refresh] done in 41ms @ http://localhost:3000/_next/static/chunks/0brk_next_dist_0dm07mh._.js:776
[  380713ms] [LOG] [Fast Refresh] done in 41ms @ http://localhost:3000/_next/static/chunks/0brk_next_dist_0dm07mh._.js:776
[  380789ms] [LOG] [Fast Refresh] done in 41ms @ http://localhost:3000/_next/static/chunks/0brk_next_dist_0dm07mh._.js:776
[  380858ms] [LOG] [Fast Refresh] done in 41ms @ http://localhost:3000/_next/static/chunks/0brk_next_dist_0dm07mh._.js:776
[  381186ms] [LOG] [Fast Refresh] done in 41ms @ http://localhost:3000/_next/static/chunks/0brk_next_dist_0dm07mh._.js:776
[  381232ms] [LOG] [Fast Refresh] done in 41ms @ http://localhost:3000/_next/static/chunks/0brk_next_dist_0dm07mh._.js:776
[  381295ms] [LOG] [Fast Refresh] done in 41ms @ http://localhost:3000/_next/static/chunks/0brk_next_dist_0dm07mh._.js:776
[  381401ms] [LOG] [Fast Refresh] done in 41ms @ http://localhost:3000/_next/static/chunks/0brk_next_dist_0dm07mh._.js:776
[  381511ms] [LOG] [Fast Refresh] done in 41ms @ http://localhost:3000/_next/static/chunks/0brk_next_dist_0dm07mh._.js:776
[  381585ms] [LOG] [Fast Refresh] done in 41ms @ http://localhost:3000/_next/static/chunks/0brk_next_dist_0dm07mh._.js:776
[  381645ms] [LOG] [Fast Refresh] done in 41ms @ http://localhost:3000/_next/static/chunks/0brk_next_dist_0dm07mh._.js:776
[  381736ms] [LOG] [Fast Refresh] done in 41ms @ http://localhost:3000/_next/static/chunks/0brk_next_dist_0dm07mh._.js:776
[  381798ms] [LOG] [Fast Refresh] done in 41ms @ http://localhost:3000/_next/static/chunks/0brk_next_dist_0dm07mh._.js:776
[  381859ms] [LOG] [Fast Refresh] done in 41ms @ http://localhost:3000/_next/static/chunks/0brk_next_dist_0dm07mh._.js:776
[  381945ms] [LOG] [Fast Refresh] done in 41ms @ http://localhost:3000/_next/static/chunks/0brk_next_dist_0dm07mh._.js:776
[  382009ms] [LOG] [Fast Refresh] done in 41ms @ http://localhost:3000/_next/static/chunks/0brk_next_dist_0dm07mh._.js:776
[  382057ms] [LOG] [Fast Refresh] done in 41ms @ http://localhost:3000/_next/static/chunks/0brk_next_dist_0dm07mh._.js:776
[  382117ms] [LOG] [Fast Refresh] done in 41ms @ http://localhost:3000/_next/static/chunks/0brk_next_dist_0dm07mh._.js:776
[  382184ms] [LOG] [Fast Refresh] done in 41ms @ http://localhost:3000/_next/static/chunks/0brk_next_dist_0dm07mh._.js:776
[  382256ms] [LOG] [Fast Refresh] done in 41ms @ http://localhost:3000/_next/static/chunks/0brk_next_dist_0dm07mh._.js:776
[  382311ms] [LOG] [Fast Refresh] done in 41ms @ http://localhost:3000/_next/static/chunks/0brk_next_dist_0dm07mh._.js:776
[  382375ms] [LOG] [Fast Refresh] done in 41ms @ http://localhost:3000/_next/static/chunks/0brk_next_dist_0dm07mh._.js:776
[  382441ms] [LOG] [Fast Refresh] done in 41ms @ http://localhost:3000/_next/static/chunks/0brk_next_dist_0dm07mh._.js:776
[  382596ms] [LOG] [Fast Refresh] done in 41ms @ http://localhost:3000/_next/static/chunks/0brk_next_dist_0dm07mh._.js:776
[  382662ms] [LOG] [Fast Refresh] done in 41ms @ http://localhost:3000/_next/static/chunks/0brk_next_dist_0dm07mh._.js:776
[  382754ms] [LOG] [Fast Refresh] done in 41ms @ http://localhost:3000/_next/static/chunks/0brk_next_dist_0dm07mh._.js:776
[  382952ms] [LOG] [Fast Refresh] done in 41ms @ http://localhost:3000/_next/static/chunks/0brk_next_dist_0dm07mh._.js:776
[  383024ms] [LOG] [Fast Refresh] done in 41ms @ http://localhost:3000/_next/static/chunks/0brk_next_dist_0dm07mh._.js:776
[  383077ms] [LOG] [Fast Refresh] done in 41ms @ http://localhost:3000/_next/static/chunks/0brk_next_dist_0dm07mh._.js:776
[  383149ms] [LOG] [Fast Refresh] done in 41ms @ http://localhost:3000/_next/static/chunks/0brk_next_dist_0dm07mh._.js:776
[  383218ms] [LOG] [Fast Refresh] done in 41ms @ http://localhost:3000/_next/static/chunks/0brk_next_dist_0dm07mh._.js:776
[  383296ms] [LOG] [Fast Refresh] done in 41ms @ http://localhost:3000/_next/static/chunks/0brk_next_dist_0dm07mh._.js:776
[  383356ms] [LOG] [Fast Refresh] done in 41ms @ http://localhost:3000/_next/static/chunks/0brk_next_dist_0dm07mh._.js:776
[  383410ms] [LOG] [Fast Refresh] done in 41ms @ http://localhost:3000/_next/static/chunks/0brk_next_dist_0dm07mh._.js:776
[  383459ms] [LOG] [Fast Refresh] done in 41ms @ http://localhost:3000/_next/static/chunks/0brk_next_dist_0dm07mh._.js:776
[  383519ms] [LOG] [Fast Refresh] done in 41ms @ http://localhost:3000/_next/static/chunks/0brk_next_dist_0dm07mh._.js:776
[  383582ms] [LOG] [Fast Refresh] done in 41ms @ http://localhost:3000/_next/static/chunks/0brk_next_dist_0dm07mh._.js:776
[  383690ms] [LOG] [Fast Refresh] done in 41ms @ http://localhost:3000/_next/static/chunks/0brk_next_dist_0dm07mh._.js:776
[  383784ms] [LOG] [Fast Refresh] done in 41ms @ http://localhost:3000/_next/static/chunks/0brk_next_dist_0dm07mh._.js:776
[  383885ms] [LOG] [Fast Refresh] done in 41ms @ http://localhost:3000/_next/static/chunks/0brk_next_dist_0dm07mh._.js:776
[  383992ms] [LOG] [Fast Refresh] done in 41ms @ http://localhost:3000/_next/static/chunks/0brk_next_dist_0dm07mh._.js:776
[  384071ms] [LOG] [Fast Refresh] done in 41ms @ http://localhost:3000/_next/static/chunks/0brk_next_dist_0dm07mh._.js:776
[  384140ms] [LOG] [Fast Refresh] done in 41ms @ http://localhost:3000/_next/static/chunks/0brk_next_dist_0dm07mh._.js:776
[  384238ms] [LOG] [Fast Refresh] done in 41ms @ http://localhost:3000/_next/static/chunks/0brk_next_dist_0dm07mh._.js:776
[  384342ms] [LOG] [Fast Refresh] done in 41ms @ http://localhost:3000/_next/static/chunks/0brk_next_dist_0dm07mh._.js:776
[  384464ms] [LOG] [Fast Refresh] done in 41ms @ http://localhost:3000/_next/static/chunks/0brk_next_dist_0dm07mh._.js:776
[  384578ms] [LOG] [Fast Refresh] done in 41ms @ http://localhost:3000/_next/static/chunks/0brk_next_dist_0dm07mh._.js:776
[  384721ms] [LOG] [Fast Refresh] done in 41ms @ http://localhost:3000/_next/static/chunks/0brk_next_dist_0dm07mh._.js:776
[  384792ms] [LOG] [Fast Refresh] done in 41ms @ http://localhost:3000/_next/static/chunks/0brk_next_dist_0dm07mh._.js:776
[  384858ms] [LOG] [Fast Refresh] done in 41ms @ http://localhost:3000/_next/static/chunks/0brk_next_dist_0dm07mh._.js:776
[  384910ms] [LOG] [Fast Refresh] done in 41ms @ http://localhost:3000/_next/static/chunks/0brk_next_dist_0dm07mh._.js:776
[  384969ms] [LOG] [Fast Refresh] done in 41ms @ http://localhost:3000/_next/static/chunks/0brk_next_dist_0dm07mh._.js:776
[  385031ms] [LOG] [Fast Refresh] done in 41ms @ http://localhost:3000/_next/static/chunks/0brk_next_dist_0dm07mh._.js:776
[  385092ms] [LOG] [Fast Refresh] done in 41ms @ http://localhost:3000/_next/static/chunks/0brk_next_dist_0dm07mh._.js:776
[  385153ms] [LOG] [Fast Refresh] done in 41ms @ http://localhost:3000/_next/static/chunks/0brk_next_dist_0dm07mh._.js:776
[  385217ms] [LOG] [Fast Refresh] done in 41ms @ http://localhost:3000/_next/static/chunks/0brk_next_dist_0dm07mh._.js:776
[  385289ms] [LOG] [Fast Refresh] done in 41ms @ http://localhost:3000/_next/static/chunks/0brk_next_dist_0dm07mh._.js:776
[  385546ms] [LOG] [Fast Refresh] done in 41ms @ http://localhost:3000/_next/static/chunks/0brk_next_dist_0dm07mh._.js:776
[  385757ms] [LOG] [Fast Refresh] done in 41ms @ http://localhost:3000/_next/static/chunks/0brk_next_dist_0dm07mh._.js:776
[  385887ms] [LOG] [Fast Refresh] done in 41ms @ http://localhost:3000/_next/static/chunks/0brk_next_dist_0dm07mh._.js:776
[  386042ms] [LOG] [Fast Refresh] done in 41ms @ http://localhost:3000/_next/static/chunks/0brk_next_dist_0dm07mh._.js:776
[  387025ms] [LOG] [Fast Refresh] done in 41ms @ http://localhost:3000/_next/static/chunks/0brk_next_dist_0dm07mh._.js:776
[  387120ms] [LOG] [Fast Refresh] done in 41ms @ http://localhost:3000/_next/static/chunks/0brk_next_dist_0dm07mh._.js:776
[  387265ms] [LOG] [Fast Refresh] done in 41ms @ http://localhost:3000/_next/static/chunks/0brk_next_dist_0dm07mh._.js:776
[  387416ms] [LOG] [Fast Refresh] done in 41ms @ http://localhost:3000/_next/static/chunks/0brk_next_dist_0dm07mh._.js:776
[  387533ms] [LOG] [Fast Refresh] done in 41ms @ http://localhost:3000/_next/static/chunks/0brk_next_dist_0dm07mh._.js:776
[  387623ms] [LOG] [Fast Refresh] done in 41ms @ http://localhost:3000/_next/static/chunks/0brk_next_dist_0dm07mh._.js:776
[  387742ms] [LOG] [Fast Refresh] done in 41ms @ http://localhost:3000/_next/static/chunks/0brk_next_dist_0dm07mh._.js:776
[  387848ms] [LOG] [Fast Refresh] done in 41ms @ http://localhost:3000/_next/static/chunks/0brk_next_dist_0dm07mh._.js:776
[  387922ms] [LOG] [Fast Refresh] done in 41ms @ http://localhost:3000/_next/static/chunks/0brk_next_dist_0dm07mh._.js:776
[  388001ms] [LOG] [Fast Refresh] done in 41ms @ http://localhost:3000/_next/static/chunks/0brk_next_dist_0dm07mh._.js:776
[  388062ms] [LOG] [Fast Refresh] done in 41ms @ http://localhost:3000/_next/static/chunks/0brk_next_dist_0dm07mh._.js:776
[  388122ms] [LOG] [Fast Refresh] done in 41ms @ http://localhost:3000/_next/static/chunks/0brk_next_dist_0dm07mh._.js:776
[  388172ms] [LOG] [Fast Refresh] done in 41ms @ http://localhost:3000/_next/static/chunks/0brk_next_dist_0dm07mh._.js:776
[  388234ms] [LOG] [Fast Refresh] done in 41ms @ http://localhost:3000/_next/static/chunks/0brk_next_dist_0dm07mh._.js:776
[  388295ms] [LOG] [Fast Refresh] done in 41ms @ http://localhost:3000/_next/static/chunks/0brk_next_dist_0dm07mh._.js:776
[  388356ms] [LOG] [Fast Refresh] done in 41ms @ http://localhost:3000/_next/static/chunks/0brk_next_dist_0dm07mh._.js:776
[  388409ms] [LOG] [Fast Refresh] done in 41ms @ http://localhost:3000/_next/static/chunks/0brk_next_dist_0dm07mh._.js:776
[  388472ms] [LOG] [Fast Refresh] done in 41ms @ http://localhost:3000/_next/static/chunks/0brk_next_dist_0dm07mh._.js:776
[  388535ms] [LOG] [Fast Refresh] done in 41ms @ http://localhost:3000/_next/static/chunks/0brk_next_dist_0dm07mh._.js:776
[  388582ms] [LOG] [Fast Refresh] done in 41ms @ http://localhost:3000/_next/static/chunks/0brk_next_dist_0dm07mh._.js:776
[  388641ms] [LOG] [Fast Refresh] done in 41ms @ http://localhost:3000/_next/static/chunks/0brk_next_dist_0dm07mh._.js:776
[  388719ms] [LOG] [Fast Refresh] done in 41ms @ http://localhost:3000/_next/static/chunks/0brk_next_dist_0dm07mh._.js:776
[  388816ms] [LOG] [Fast Refresh] done in 41ms @ http://localhost:3000/_next/static/chunks/0brk_next_dist_0dm07mh._.js:776
[  388998ms] [LOG] [Fast Refresh] done in 41ms @ http://localhost:3000/_next/static/chunks/0brk_next_dist_0dm07mh._.js:776
[  389088ms] [LOG] [Fast Refresh] done in 41ms @ http://localhost:3000/_next/static/chunks/0brk_next_dist_0dm07mh._.js:776
[  389148ms] [LOG] [Fast Refresh] done in 41ms @ http://localhost:3000/_next/static/chunks/0brk_next_dist_0dm07mh._.js:776
[  389242ms] [LOG] [Fast Refresh] done in 41ms @ http://localhost:3000/_next/static/chunks/0brk_next_dist_0dm07mh._.js:776
[  389300ms] [LOG] [Fast Refresh] done in 41ms @ http://localhost:3000/_next/static/chunks/0brk_next_dist_0dm07mh._.js:776
[  389363ms] [LOG] [Fast Refresh] done in 41ms @ http://localhost:3000/_next/static/chunks/0brk_next_dist_0dm07mh._.js:776
[  389426ms] [LOG] [Fast Refresh] done in 41ms @ http://localhost:3000/_next/static/chunks/0brk_next_dist_0dm07mh._.js:776
[  389487ms] [LOG] [Fast Refresh] done in 41ms @ http://localhost:3000/_next/static/chunks/0brk_next_dist_0dm07mh._.js:776
[  389555ms] [LOG] [Fast Refresh] done in 41ms @ http://localhost:3000/_next/static/chunks/0brk_next_dist_0dm07mh._.js:776
[  389609ms] [LOG] [Fast Refresh] done in 41ms @ http://localhost:3000/_next/static/chunks/0brk_next_dist_0dm07mh._.js:776
[  389678ms] [LOG] [Fast Refresh] done in 41ms @ http://localhost:3000/_next/static/chunks/0brk_next_dist_0dm07mh._.js:776
[  389759ms] [LOG] [Fast Refresh] done in 41ms @ http://localhost:3000/_next/static/chunks/0brk_next_dist_0dm07mh._.js:776
[  389834ms] [LOG] [Fast Refresh] done in 41ms @ http://localhost:3000/_next/static/chunks/0brk_next_dist_0dm07mh._.js:776
[  389895ms] [LOG] [Fast Refresh] done in 41ms @ http://localhost:3000/_next/static/chunks/0brk_next_dist_0dm07mh._.js:776
[  389958ms] [LOG] [Fast Refresh] done in 41ms @ http://localhost:3000/_next/static/chunks/0brk_next_dist_0dm07mh._.js:776
[  390058ms] [LOG] [Fast Refresh] done in 41ms @ http://localhost:3000/_next/static/chunks/0brk_next_dist_0dm07mh._.js:776
[  390141ms] [LOG] [Fast Refresh] done in 41ms @ http://localhost:3000/_next/static/chunks/0brk_next_dist_0dm07mh._.js:776
[  390331ms] [LOG] [Fast Refresh] done in 41ms @ http://localhost:3000/_next/static/chunks/0brk_next_dist_0dm07mh._.js:776
[  390407ms] [LOG] [Fast Refresh] done in 41ms @ http://localhost:3000/_next/static/chunks/0brk_next_dist_0dm07mh._.js:776
[  390462ms] [LOG] [Fast Refresh] done in 41ms @ http://localhost:3000/_next/static/chunks/0brk_next_dist_0dm07mh._.js:776
[  390507ms] [LOG] [Fast Refresh] done in 41ms @ http://localhost:3000/_next/static/chunks/0brk_next_dist_0dm07mh._.js:776
[  390568ms] [LOG] [Fast Refresh] done in 41ms @ http://localhost:3000/_next/static/chunks/0brk_next_dist_0dm07mh._.js:776
[  390625ms] [LOG] [Fast Refresh] done in 41ms @ http://localhost:3000/_next/static/chunks/0brk_next_dist_0dm07mh._.js:776
[  390689ms] [LOG] [Fast Refresh] done in 41ms @ http://localhost:3000/_next/static/chunks/0brk_next_dist_0dm07mh._.js:776
[  390756ms] [LOG] [Fast Refresh] done in 41ms @ http://localhost:3000/_next/static/chunks/0brk_next_dist_0dm07mh._.js:776
[  390807ms] [LOG] [Fast Refresh] done in 41ms @ http://localhost:3000/_next/static/chunks/0brk_next_dist_0dm07mh._.js:776
[  390869ms] [LOG] [Fast Refresh] done in 41ms @ http://localhost:3000/_next/static/chunks/0brk_next_dist_0dm07mh._.js:776
[  390924ms] [LOG] [Fast Refresh] done in 41ms @ http://localhost:3000/_next/static/chunks/0brk_next_dist_0dm07mh._.js:776
[  390988ms] [LOG] [Fast Refresh] done in 41ms @ http://localhost:3000/_next/static/chunks/0brk_next_dist_0dm07mh._.js:776
[  391056ms] [LOG] [Fast Refresh] done in 41ms @ http://localhost:3000/_next/static/chunks/0brk_next_dist_0dm07mh._.js:776
[  391111ms] [LOG] [Fast Refresh] done in 41ms @ http://localhost:3000/_next/static/chunks/0brk_next_dist_0dm07mh._.js:776
[  391173ms] [LOG] [Fast Refresh] done in 41ms @ http://localhost:3000/_next/static/chunks/0brk_next_dist_0dm07mh._.js:776
[  391224ms] [LOG] [Fast Refresh] done in 41ms @ http://localhost:3000/_next/static/chunks/0brk_next_dist_0dm07mh._.js:776
[  391315ms] [LOG] [Fast Refresh] done in 41ms @ http://localhost:3000/_next/static/chunks/0brk_next_dist_0dm07mh._.js:776
[  391374ms] [LOG] [Fast Refresh] done in 41ms @ http://localhost:3000/_next/static/chunks/0brk_next_dist_0dm07mh._.js:776
[  391441ms] [LOG] [Fast Refresh] done in 41ms @ http://localhost:3000/_next/static/chunks/0brk_next_dist_0dm07mh._.js:776
[  391495ms] [LOG] [Fast Refresh] done in 41ms @ http://localhost:3000/_next/static/chunks/0brk_next_dist_0dm07mh._.js:776
[  391544ms] [LOG] [Fast Refresh] done in 41ms @ http://localhost:3000/_next/static/chunks/0brk_next_dist_0dm07mh._.js:776
[  391594ms] [LOG] [Fast Refresh] done in 41ms @ http://localhost:3000/_next/static/chunks/0brk_next_dist_0dm07mh._.js:776
[  391659ms] [LOG] [Fast Refresh] done in 41ms @ http://localhost:3000/_next/static/chunks/0brk_next_dist_0dm07mh._.js:776
[  391721ms] [LOG] [Fast Refresh] done in 41ms @ http://localhost:3000/_next/static/chunks/0brk_next_dist_0dm07mh._.js:776
[  391784ms] [LOG] [Fast Refresh] done in 41ms @ http://localhost:3000/_next/static/chunks/0brk_next_dist_0dm07mh._.js:776
[  391846ms] [LOG] [Fast Refresh] done in 41ms @ http://localhost:3000/_next/static/chunks/0brk_next_dist_0dm07mh._.js:776
[  391909ms] [LOG] [Fast Refresh] done in 41ms @ http://localhost:3000/_next/static/chunks/0brk_next_dist_0dm07mh._.js:776
[  391977ms] [LOG] [Fast Refresh] done in 41ms @ http://localhost:3000/_next/static/chunks/0brk_next_dist_0dm07mh._.js:776
[  392027ms] [LOG] [Fast Refresh] done in 41ms @ http://localhost:3000/_next/static/chunks/0brk_next_dist_0dm07mh._.js:776
[  392090ms] [LOG] [Fast Refresh] done in 41ms @ http://localhost:3000/_next/static/chunks/0brk_next_dist_0dm07mh._.js:776
[  392152ms] [LOG] [Fast Refresh] done in 41ms @ http://localhost:3000/_next/static/chunks/0brk_next_dist_0dm07mh._.js:776
[  392209ms] [LOG] [Fast Refresh] done in 41ms @ http://localhost:3000/_next/static/chunks/0brk_next_dist_0dm07mh._.js:776
[  392271ms] [LOG] [Fast Refresh] done in 41ms @ http://localhost:3000/_next/static/chunks/0brk_next_dist_0dm07mh._.js:776
[  392325ms] [LOG] [Fast Refresh] done in 41ms @ http://localhost:3000/_next/static/chunks/0brk_next_dist_0dm07mh._.js:776
[  392372ms] [LOG] [Fast Refresh] done in 41ms @ http://localhost:3000/_next/static/chunks/0brk_next_dist_0dm07mh._.js:776
[  392425ms] [LOG] [Fast Refresh] done in 41ms @ http://localhost:3000/_next/static/chunks/0brk_next_dist_0dm07mh._.js:776
[  392484ms] [LOG] [Fast Refresh] done in 41ms @ http://localhost:3000/_next/static/chunks/0brk_next_dist_0dm07mh._.js:776
[  392541ms] [LOG] [Fast Refresh] done in 41ms @ http://localhost:3000/_next/static/chunks/0brk_next_dist_0dm07mh._.js:776
[  392597ms] [LOG] [Fast Refresh] done in 41ms @ http://localhost:3000/_next/static/chunks/0brk_next_dist_0dm07mh._.js:776
[  392656ms] [LOG] [Fast Refresh] done in 41ms @ http://localhost:3000/_next/static/chunks/0brk_next_dist_0dm07mh._.js:776
[  392712ms] [LOG] [Fast Refresh] done in 41ms @ http://localhost:3000/_next/static/chunks/0brk_next_dist_0dm07mh._.js:776
[  392773ms] [LOG] [Fast Refresh] done in 41ms @ http://localhost:3000/_next/static/chunks/0brk_next_dist_0dm07mh._.js:776
[  392835ms] [LOG] [Fast Refresh] done in 41ms @ http://localhost:3000/_next/static/chunks/0brk_next_dist_0dm07mh._.js:776
[  392885ms] [LOG] [Fast Refresh] done in 41ms @ http://localhost:3000/_next/static/chunks/0brk_next_dist_0dm07mh._.js:776
[  392933ms] [LOG] [Fast Refresh] done in 41ms @ http://localhost:3000/_next/static/chunks/0brk_next_dist_0dm07mh._.js:776
[  393012ms] [LOG] [Fast Refresh] done in 41ms @ http://localhost:3000/_next/static/chunks/0brk_next_dist_0dm07mh._.js:776
[  393086ms] [LOG] [Fast Refresh] done in 41ms @ http://localhost:3000/_next/static/chunks/0brk_next_dist_0dm07mh._.js:776
[  393144ms] [LOG] [Fast Refresh] done in 41ms @ http://localhost:3000/_next/static/chunks/0brk_next_dist_0dm07mh._.js:776
[  393207ms] [LOG] [Fast Refresh] done in 41ms @ http://localhost:3000/_next/static/chunks/0brk_next_dist_0dm07mh._.js:776
[  393256ms] [LOG] [Fast Refresh] done in 41ms @ http://localhost:3000/_next/static/chunks/0brk_next_dist_0dm07mh._.js:776
[  393318ms] [LOG] [Fast Refresh] done in 41ms @ http://localhost:3000/_next/static/chunks/0brk_next_dist_0dm07mh._.js:776
[  393363ms] [LOG] [Fast Refresh] done in 41ms @ http://localhost:3000/_next/static/chunks/0brk_next_dist_0dm07mh._.js:776
[  393412ms] [LOG] [Fast Refresh] done in 41ms @ http://localhost:3000/_next/static/chunks/0brk_next_dist_0dm07mh._.js:776
[  393483ms] [LOG] [Fast Refresh] done in 41ms @ http://localhost:3000/_next/static/chunks/0brk_next_dist_0dm07mh._.js:776
[  393555ms] [LOG] [Fast Refresh] done in 41ms @ http://localhost:3000/_next/static/chunks/0brk_next_dist_0dm07mh._.js:776
[  393617ms] [LOG] [Fast Refresh] done in 41ms @ http://localhost:3000/_next/static/chunks/0brk_next_dist_0dm07mh._.js:776
[  393680ms] [LOG] [Fast Refresh] done in 41ms @ http://localhost:3000/_next/static/chunks/0brk_next_dist_0dm07mh._.js:776
[  393802ms] [LOG] [Fast Refresh] done in 41ms @ http://localhost:3000/_next/static/chunks/0brk_next_dist_0dm07mh._.js:776
[  393864ms] [LOG] [Fast Refresh] done in 41ms @ http://localhost:3000/_next/static/chunks/0brk_next_dist_0dm07mh._.js:776
[  393928ms] [LOG] [Fast Refresh] done in 41ms @ http://localhost:3000/_next/static/chunks/0brk_next_dist_0dm07mh._.js:776
[  393989ms] [LOG] [Fast Refresh] done in 41ms @ http://localhost:3000/_next/static/chunks/0brk_next_dist_0dm07mh._.js:776
[  394045ms] [LOG] [Fast Refresh] done in 41ms @ http://localhost:3000/_next/static/chunks/0brk_next_dist_0dm07mh._.js:776
[  394109ms] [LOG] [Fast Refresh] done in 41ms @ http://localhost:3000/_next/static/chunks/0brk_next_dist_0dm07mh._.js:776
[  394176ms] [LOG] [Fast Refresh] done in 41ms @ http://localhost:3000/_next/static/chunks/0brk_next_dist_0dm07mh._.js:776
[  394280ms] [LOG] [Fast Refresh] done in 41ms @ http://localhost:3000/_next/static/chunks/0brk_next_dist_0dm07mh._.js:776
[  394354ms] [LOG] [Fast Refresh] done in 41ms @ http://localhost:3000/_next/static/chunks/0brk_next_dist_0dm07mh._.js:776
[  394433ms] [LOG] [Fast Refresh] done in 41ms @ http://localhost:3000/_next/static/chunks/0brk_next_dist_0dm07mh._.js:776
[  394505ms] [LOG] [Fast Refresh] done in 41ms @ http://localhost:3000/_next/static/chunks/0brk_next_dist_0dm07mh._.js:776
[  394583ms] [LOG] [Fast Refresh] done in 41ms @ http://localhost:3000/_next/static/chunks/0brk_next_dist_0dm07mh._.js:776
[  394650ms] [LOG] [Fast Refresh] done in 41ms @ http://localhost:3000/_next/static/chunks/0brk_next_dist_0dm07mh._.js:776
[  394755ms] [LOG] [Fast Refresh] done in 41ms @ http://localhost:3000/_next/static/chunks/0brk_next_dist_0dm07mh._.js:776
[  394816ms] [LOG] [Fast Refresh] done in 41ms @ http://localhost:3000/_next/static/chunks/0brk_next_dist_0dm07mh._.js:776
[  394881ms] [LOG] [Fast Refresh] done in 41ms @ http://localhost:3000/_next/static/chunks/0brk_next_dist_0dm07mh._.js:776
[  394935ms] [LOG] [Fast Refresh] done in 41ms @ http://localhost:3000/_next/static/chunks/0brk_next_dist_0dm07mh._.js:776
[  395013ms] [LOG] [Fast Refresh] done in 41ms @ http://localhost:3000/_next/static/chunks/0brk_next_dist_0dm07mh._.js:776
[  395074ms] [LOG] [Fast Refresh] done in 41ms @ http://localhost:3000/_next/static/chunks/0brk_next_dist_0dm07mh._.js:776
[  395135ms] [LOG] [Fast Refresh] done in 41ms @ http://localhost:3000/_next/static/chunks/0brk_next_dist_0dm07mh._.js:776
[  395196ms] [LOG] [Fast Refresh] done in 41ms @ http://localhost:3000/_next/static/chunks/0brk_next_dist_0dm07mh._.js:776
[  395247ms] [LOG] [Fast Refresh] done in 41ms @ http://localhost:3000/_next/static/chunks/0brk_next_dist_0dm07mh._.js:776
[  395343ms] [LOG] [Fast Refresh] done in 41ms @ http://localhost:3000/_next/static/chunks/0brk_next_dist_0dm07mh._.js:776
[  395413ms] [LOG] [Fast Refresh] done in 41ms @ http://localhost:3000/_next/static/chunks/0brk_next_dist_0dm07mh._.js:776
[  395496ms] [LOG] [Fast Refresh] done in 41ms @ http://localhost:3000/_next/static/chunks/0brk_next_dist_0dm07mh._.js:776
[  395589ms] [LOG] [Fast Refresh] done in 41ms @ http://localhost:3000/_next/static/chunks/0brk_next_dist_0dm07mh._.js:776
[  395656ms] [LOG] [Fast Refresh] done in 41ms @ http://localhost:3000/_next/static/chunks/0brk_next_dist_0dm07mh._.js:776
[  395884ms] [LOG] [Fast Refresh] done in 41ms @ http://localhost:3000/_next/static/chunks/0brk_next_dist_0dm07mh._.js:776
[  396011ms] [LOG] [Fast Refresh] done in 41ms @ http://localhost:3000/_next/static/chunks/0brk_next_dist_0dm07mh._.js:776
[  396103ms] [LOG] [Fast Refresh] done in 41ms @ http://localhost:3000/_next/static/chunks/0brk_next_dist_0dm07mh._.js:776
[  396189ms] [LOG] [Fast Refresh] done in 41ms @ http://localhost:3000/_next/static/chunks/0brk_next_dist_0dm07mh._.js:776
[  396297ms] [LOG] [Fast Refresh] done in 41ms @ http://localhost:3000/_next/static/chunks/0brk_next_dist_0dm07mh._.js:776
[  396401ms] [LOG] [Fast Refresh] done in 41ms @ http://localhost:3000/_next/static/chunks/0brk_next_dist_0dm07mh._.js:776
[  396463ms] [LOG] [Fast Refresh] done in 41ms @ http://localhost:3000/_next/static/chunks/0brk_next_dist_0dm07mh._.js:776
[  396559ms] [LOG] [Fast Refresh] done in 41ms @ http://localhost:3000/_next/static/chunks/0brk_next_dist_0dm07mh._.js:776
[  396635ms] [LOG] [Fast Refresh] done in 41ms @ http://localhost:3000/_next/static/chunks/0brk_next_dist_0dm07mh._.js:776
[  396749ms] [LOG] [Fast Refresh] done in 41ms @ http://localhost:3000/_next/static/chunks/0brk_next_dist_0dm07mh._.js:776
[  396839ms] [LOG] [Fast Refresh] done in 41ms @ http://localhost:3000/_next/static/chunks/0brk_next_dist_0dm07mh._.js:776
[  397004ms] [LOG] [Fast Refresh] done in 41ms @ http://localhost:3000/_next/static/chunks/0brk_next_dist_0dm07mh._.js:776
[  397142ms] [LOG] [Fast Refresh] done in 41ms @ http://localhost:3000/_next/static/chunks/0brk_next_dist_0dm07mh._.js:776
[  397229ms] [LOG] [Fast Refresh] done in 41ms @ http://localhost:3000/_next/static/chunks/0brk_next_dist_0dm07mh._.js:776
[  397305ms] [LOG] [Fast Refresh] done in 41ms @ http://localhost:3000/_next/static/chunks/0brk_next_dist_0dm07mh._.js:776
[  397458ms] [LOG] [Fast Refresh] done in 41ms @ http://localhost:3000/_next/static/chunks/0brk_next_dist_0dm07mh._.js:776
[  397774ms] [LOG] [Fast Refresh] done in 41ms @ http://localhost:3000/_next/static/chunks/0brk_next_dist_0dm07mh._.js:776
[  397881ms] [LOG] [Fast Refresh] done in 41ms @ http://localhost:3000/_next/static/chunks/0brk_next_dist_0dm07mh._.js:776
[  397980ms] [LOG] [Fast Refresh] done in 41ms @ http://localhost:3000/_next/static/chunks/0brk_next_dist_0dm07mh._.js:776
[  398044ms] [LOG] [Fast Refresh] done in 41ms @ http://localhost:3000/_next/static/chunks/0brk_next_dist_0dm07mh._.js:776
[  398113ms] [LOG] [Fast Refresh] done in 41ms @ http://localhost:3000/_next/static/chunks/0brk_next_dist_0dm07mh._.js:776
[  398173ms] [LOG] [Fast Refresh] done in 41ms @ http://localhost:3000/_next/static/chunks/0brk_next_dist_0dm07mh._.js:776
[  398234ms] [LOG] [Fast Refresh] done in 41ms @ http://localhost:3000/_next/static/chunks/0brk_next_dist_0dm07mh._.js:776
[  398298ms] [LOG] [Fast Refresh] done in 41ms @ http://localhost:3000/_next/static/chunks/0brk_next_dist_0dm07mh._.js:776
[  398373ms] [LOG] [Fast Refresh] done in 41ms @ http://localhost:3000/_next/static/chunks/0brk_next_dist_0dm07mh._.js:776
[  398500ms] [LOG] [Fast Refresh] done in 41ms @ http://localhost:3000/_next/static/chunks/0brk_next_dist_0dm07mh._.js:776
[  398768ms] [LOG] [Fast Refresh] done in 41ms @ http://localhost:3000/_next/static/chunks/0brk_next_dist_0dm07mh._.js:776
[  398857ms] [LOG] [Fast Refresh] done in 41ms @ http://localhost:3000/_next/static/chunks/0brk_next_dist_0dm07mh._.js:776
[  399026ms] [LOG] [Fast Refresh] done in 41ms @ http://localhost:3000/_next/static/chunks/0brk_next_dist_0dm07mh._.js:776
[  399082ms] [LOG] [Fast Refresh] done in 41ms @ http://localhost:3000/_next/static/chunks/0brk_next_dist_0dm07mh._.js:776
[  399224ms] [LOG] [Fast Refresh] done in 41ms @ http://localhost:3000/_next/static/chunks/0brk_next_dist_0dm07mh._.js:776
[  399306ms] [LOG] [Fast Refresh] done in 41ms @ http://localhost:3000/_next/static/chunks/0brk_next_dist_0dm07mh._.js:776
[  399373ms] [LOG] [Fast Refresh] done in 41ms @ http://localhost:3000/_next/static/chunks/0brk_next_dist_0dm07mh._.js:776
[  401875ms] [LOG] [Fast Refresh] rebuilding @ http://localhost:3000/_next/static/chunks/0brk_next_dist_0dm07mh._.js:776
[  401898ms] [LOG] [Fast Refresh] done in 126ms @ http://localhost:3000/_next/static/chunks/0brk_next_dist_0dm07mh._.js:776
[  559321ms] [LOG] [Fast Refresh] rebuilding @ http://localhost:3000/_next/static/chunks/0brk_next_dist_0dm07mh._.js:776
[  559526ms] [LOG] [Fast Refresh] done in 257ms @ http://localhost:3000/_next/static/chunks/0brk_next_dist_0dm07mh._.js:776
[  559601ms] [LOG] [Fast Refresh] done in 257ms @ http://localhost:3000/_next/static/chunks/0brk_next_dist_0dm07mh._.js:776
[  559660ms] [LOG] [Fast Refresh] done in 257ms @ http://localhost:3000/_next/static/chunks/0brk_next_dist_0dm07mh._.js:776
[  559722ms] [LOG] [Fast Refresh] done in 257ms @ http://localhost:3000/_next/static/chunks/0brk_next_dist_0dm07mh._.js:776
[  559769ms] [LOG] [Fast Refresh] done in 257ms @ http://localhost:3000/_next/static/chunks/0brk_next_dist_0dm07mh._.js:776
[  559831ms] [LOG] [Fast Refresh] done in 257ms @ http://localhost:3000/_next/static/chunks/0brk_next_dist_0dm07mh._.js:776
[  559894ms] [LOG] [Fast Refresh] done in 257ms @ http://localhost:3000/_next/static/chunks/0brk_next_dist_0dm07mh._.js:776
[  559942ms] [LOG] [Fast Refresh] done in 257ms @ http://localhost:3000/_next/static/chunks/0brk_next_dist_0dm07mh._.js:776
[  559997ms] [LOG] [Fast Refresh] done in 257ms @ http://localhost:3000/_next/static/chunks/0brk_next_dist_0dm07mh._.js:776
[  560061ms] [LOG] [Fast Refresh] done in 257ms @ http://localhost:3000/_next/static/chunks/0brk_next_dist_0dm07mh._.js:776
[  560113ms] [LOG] [Fast Refresh] done in 257ms @ http://localhost:3000/_next/static/chunks/0brk_next_dist_0dm07mh._.js:776
[  560161ms] [LOG] [Fast Refresh] done in 257ms @ http://localhost:3000/_next/static/chunks/0brk_next_dist_0dm07mh._.js:776
[  560215ms] [LOG] [Fast Refresh] done in 257ms @ http://localhost:3000/_next/static/chunks/0brk_next_dist_0dm07mh._.js:776
[  560277ms] [LOG] [Fast Refresh] done in 257ms @ http://localhost:3000/_next/static/chunks/0brk_next_dist_0dm07mh._.js:776
[  560334ms] [LOG] [Fast Refresh] done in 257ms @ http://localhost:3000/_next/static/chunks/0brk_next_dist_0dm07mh._.js:776
[  560381ms] [LOG] [Fast Refresh] done in 257ms @ http://localhost:3000/_next/static/chunks/0brk_next_dist_0dm07mh._.js:776
[  560431ms] [LOG] [Fast Refresh] done in 257ms @ http://localhost:3000/_next/static/chunks/0brk_next_dist_0dm07mh._.js:776
[  560498ms] [LOG] [Fast Refresh] done in 257ms @ http://localhost:3000/_next/static/chunks/0brk_next_dist_0dm07mh._.js:776
[  560561ms] [LOG] [Fast Refresh] done in 257ms @ http://localhost:3000/_next/static/chunks/0brk_next_dist_0dm07mh._.js:776
[  560614ms] [LOG] [Fast Refresh] done in 257ms @ http://localhost:3000/_next/static/chunks/0brk_next_dist_0dm07mh._.js:776
[  560678ms] [LOG] [Fast Refresh] done in 257ms @ http://localhost:3000/_next/static/chunks/0brk_next_dist_0dm07mh._.js:776
[  560741ms] [LOG] [Fast Refresh] done in 257ms @ http://localhost:3000/_next/static/chunks/0brk_next_dist_0dm07mh._.js:776
[  560806ms] [LOG] [Fast Refresh] done in 257ms @ http://localhost:3000/_next/static/chunks/0brk_next_dist_0dm07mh._.js:776
[  560866ms] [LOG] [Fast Refresh] done in 257ms @ http://localhost:3000/_next/static/chunks/0brk_next_dist_0dm07mh._.js:776
[  560932ms] [LOG] [Fast Refresh] done in 257ms @ http://localhost:3000/_next/static/chunks/0brk_next_dist_0dm07mh._.js:776
[  560981ms] [LOG] [Fast Refresh] done in 257ms @ http://localhost:3000/_next/static/chunks/0brk_next_dist_0dm07mh._.js:776
[  561031ms] [LOG] [Fast Refresh] done in 257ms @ http://localhost:3000/_next/static/chunks/0brk_next_dist_0dm07mh._.js:776
[  561094ms] [LOG] [Fast Refresh] done in 257ms @ http://localhost:3000/_next/static/chunks/0brk_next_dist_0dm07mh._.js:776
[  561173ms] [LOG] [Fast Refresh] done in 257ms @ http://localhost:3000/_next/static/chunks/0brk_next_dist_0dm07mh._.js:776
[  561246ms] [LOG] [Fast Refresh] done in 257ms @ http://localhost:3000/_next/static/chunks/0brk_next_dist_0dm07mh._.js:776
[  561327ms] [LOG] [Fast Refresh] done in 257ms @ http://localhost:3000/_next/static/chunks/0brk_next_dist_0dm07mh._.js:776
[  562522ms] [LOG] [Fast Refresh] done in 257ms @ http://localhost:3000/_next/static/chunks/0brk_next_dist_0dm07mh._.js:776
[  562583ms] [LOG] [Fast Refresh] done in 257ms @ http://localhost:3000/_next/static/chunks/0brk_next_dist_0dm07mh._.js:776
[  562641ms] [LOG] [Fast Refresh] done in 257ms @ http://localhost:3000/_next/static/chunks/0brk_next_dist_0dm07mh._.js:776
[  562704ms] [LOG] [Fast Refresh] done in 257ms @ http://localhost:3000/_next/static/chunks/0brk_next_dist_0dm07mh._.js:776
[  562780ms] [LOG] [Fast Refresh] done in 257ms @ http://localhost:3000/_next/static/chunks/0brk_next_dist_0dm07mh._.js:776
[  562844ms] [LOG] [Fast Refresh] done in 257ms @ http://localhost:3000/_next/static/chunks/0brk_next_dist_0dm07mh._.js:776
[  562912ms] [LOG] [Fast Refresh] done in 257ms @ http://localhost:3000/_next/static/chunks/0brk_next_dist_0dm07mh._.js:776
[  562974ms] [LOG] [Fast Refresh] done in 257ms @ http://localhost:3000/_next/static/chunks/0brk_next_dist_0dm07mh._.js:776
[  563028ms] [LOG] [Fast Refresh] done in 257ms @ http://localhost:3000/_next/static/chunks/0brk_next_dist_0dm07mh._.js:776
[  563095ms] [LOG] [Fast Refresh] done in 257ms @ http://localhost:3000/_next/static/chunks/0brk_next_dist_0dm07mh._.js:776
[  563145ms] [LOG] [Fast Refresh] done in 257ms @ http://localhost:3000/_next/static/chunks/0brk_next_dist_0dm07mh._.js:776
[  563196ms] [LOG] [Fast Refresh] done in 257ms @ http://localhost:3000/_next/static/chunks/0brk_next_dist_0dm07mh._.js:776
[  563241ms] [LOG] [Fast Refresh] done in 257ms @ http://localhost:3000/_next/static/chunks/0brk_next_dist_0dm07mh._.js:776
[  563307ms] [LOG] [Fast Refresh] done in 257ms @ http://localhost:3000/_next/static/chunks/0brk_next_dist_0dm07mh._.js:776
[  563371ms] [LOG] [Fast Refresh] done in 257ms @ http://localhost:3000/_next/static/chunks/0brk_next_dist_0dm07mh._.js:776
[  563423ms] [LOG] [Fast Refresh] done in 257ms @ http://localhost:3000/_next/static/chunks/0brk_next_dist_0dm07mh._.js:776
[  563485ms] [LOG] [Fast Refresh] done in 257ms @ http://localhost:3000/_next/static/chunks/0brk_next_dist_0dm07mh._.js:776
[  563555ms] [LOG] [Fast Refresh] done in 257ms @ http://localhost:3000/_next/static/chunks/0brk_next_dist_0dm07mh._.js:776
[  563614ms] [LOG] [Fast Refresh] done in 257ms @ http://localhost:3000/_next/static/chunks/0brk_next_dist_0dm07mh._.js:776
[  563679ms] [LOG] [Fast Refresh] done in 257ms @ http://localhost:3000/_next/static/chunks/0brk_next_dist_0dm07mh._.js:776
[  563772ms] [LOG] [Fast Refresh] done in 257ms @ http://localhost:3000/_next/static/chunks/0brk_next_dist_0dm07mh._.js:776
[  563833ms] [LOG] [Fast Refresh] done in 257ms @ http://localhost:3000/_next/static/chunks/0brk_next_dist_0dm07mh._.js:776
[  563893ms] [LOG] [Fast Refresh] done in 257ms @ http://localhost:3000/_next/static/chunks/0brk_next_dist_0dm07mh._.js:776
[  563945ms] [LOG] [Fast Refresh] done in 257ms @ http://localhost:3000/_next/static/chunks/0brk_next_dist_0dm07mh._.js:776
[  564008ms] [LOG] [Fast Refresh] done in 257ms @ http://localhost:3000/_next/static/chunks/0brk_next_dist_0dm07mh._.js:776
[  564070ms] [LOG] [Fast Refresh] done in 257ms @ http://localhost:3000/_next/static/chunks/0brk_next_dist_0dm07mh._.js:776
[  564121ms] [LOG] [Fast Refresh] done in 257ms @ http://localhost:3000/_next/static/chunks/0brk_next_dist_0dm07mh._.js:776
[  564182ms] [LOG] [Fast Refresh] done in 257ms @ http://localhost:3000/_next/static/chunks/0brk_next_dist_0dm07mh._.js:776
[  564244ms] [LOG] [Fast Refresh] done in 257ms @ http://localhost:3000/_next/static/chunks/0brk_next_dist_0dm07mh._.js:776
[  564292ms] [LOG] [Fast Refresh] done in 257ms @ http://localhost:3000/_next/static/chunks/0brk_next_dist_0dm07mh._.js:776
[  564360ms] [LOG] [Fast Refresh] done in 257ms @ http://localhost:3000/_next/static/chunks/0brk_next_dist_0dm07mh._.js:776
[  564414ms] [LOG] [Fast Refresh] done in 257ms @ http://localhost:3000/_next/static/chunks/0brk_next_dist_0dm07mh._.js:776
[  564576ms] [LOG] [Fast Refresh] done in 257ms @ http://localhost:3000/_next/static/chunks/0brk_next_dist_0dm07mh._.js:776
[  565713ms] [LOG] [Fast Refresh] done in 257ms @ http://localhost:3000/_next/static/chunks/0brk_next_dist_0dm07mh._.js:776
[  565768ms] [LOG] [Fast Refresh] done in 257ms @ http://localhost:3000/_next/static/chunks/0brk_next_dist_0dm07mh._.js:776
[  565829ms] [LOG] [Fast Refresh] done in 257ms @ http://localhost:3000/_next/static/chunks/0brk_next_dist_0dm07mh._.js:776
[  565906ms] [LOG] [Fast Refresh] done in 257ms @ http://localhost:3000/_next/static/chunks/0brk_next_dist_0dm07mh._.js:776
[  565969ms] [LOG] [Fast Refresh] done in 257ms @ http://localhost:3000/_next/static/chunks/0brk_next_dist_0dm07mh._.js:776
[  566030ms] [LOG] [Fast Refresh] done in 257ms @ http://localhost:3000/_next/static/chunks/0brk_next_dist_0dm07mh._.js:776
[  566092ms] [LOG] [Fast Refresh] done in 257ms @ http://localhost:3000/_next/static/chunks/0brk_next_dist_0dm07mh._.js:776
[  566155ms] [LOG] [Fast Refresh] done in 257ms @ http://localhost:3000/_next/static/chunks/0brk_next_dist_0dm07mh._.js:776
[  566218ms] [LOG] [Fast Refresh] done in 257ms @ http://localhost:3000/_next/static/chunks/0brk_next_dist_0dm07mh._.js:776
[  566280ms] [LOG] [Fast Refresh] done in 257ms @ http://localhost:3000/_next/static/chunks/0brk_next_dist_0dm07mh._.js:776
[  566347ms] [LOG] [Fast Refresh] done in 257ms @ http://localhost:3000/_next/static/chunks/0brk_next_dist_0dm07mh._.js:776
[  566399ms] [LOG] [Fast Refresh] done in 257ms @ http://localhost:3000/_next/static/chunks/0brk_next_dist_0dm07mh._.js:776
[  566480ms] [LOG] [Fast Refresh] done in 257ms @ http://localhost:3000/_next/static/chunks/0brk_next_dist_0dm07mh._.js:776
[  566537ms] [LOG] [Fast Refresh] done in 257ms @ http://localhost:3000/_next/static/chunks/0brk_next_dist_0dm07mh._.js:776
[  566581ms] [LOG] [Fast Refresh] done in 257ms @ http://localhost:3000/_next/static/chunks/0brk_next_dist_0dm07mh._.js:776
[  566631ms] [LOG] [Fast Refresh] done in 257ms @ http://localhost:3000/_next/static/chunks/0brk_next_dist_0dm07mh._.js:776
[  566693ms] [LOG] [Fast Refresh] done in 257ms @ http://localhost:3000/_next/static/chunks/0brk_next_dist_0dm07mh._.js:776
[  566745ms] [LOG] [Fast Refresh] done in 257ms @ http://localhost:3000/_next/static/chunks/0brk_next_dist_0dm07mh._.js:776
[  566798ms] [LOG] [Fast Refresh] done in 257ms @ http://localhost:3000/_next/static/chunks/0brk_next_dist_0dm07mh._.js:776
[  566846ms] [LOG] [Fast Refresh] done in 257ms @ http://localhost:3000/_next/static/chunks/0brk_next_dist_0dm07mh._.js:776
[  566898ms] [LOG] [Fast Refresh] done in 257ms @ http://localhost:3000/_next/static/chunks/0brk_next_dist_0dm07mh._.js:776
[  566947ms] [LOG] [Fast Refresh] done in 257ms @ http://localhost:3000/_next/static/chunks/0brk_next_dist_0dm07mh._.js:776
[  566995ms] [LOG] [Fast Refresh] done in 257ms @ http://localhost:3000/_next/static/chunks/0brk_next_dist_0dm07mh._.js:776
[  567058ms] [LOG] [Fast Refresh] done in 257ms @ http://localhost:3000/_next/static/chunks/0brk_next_dist_0dm07mh._.js:776
[  567114ms] [LOG] [Fast Refresh] done in 257ms @ http://localhost:3000/_next/static/chunks/0brk_next_dist_0dm07mh._.js:776
[  567176ms] [LOG] [Fast Refresh] done in 257ms @ http://localhost:3000/_next/static/chunks/0brk_next_dist_0dm07mh._.js:776
[  567236ms] [LOG] [Fast Refresh] done in 257ms @ http://localhost:3000/_next/static/chunks/0brk_next_dist_0dm07mh._.js:776
[  567299ms] [LOG] [Fast Refresh] done in 257ms @ http://localhost:3000/_next/static/chunks/0brk_next_dist_0dm07mh._.js:776
[  567348ms] [LOG] [Fast Refresh] done in 257ms @ http://localhost:3000/_next/static/chunks/0brk_next_dist_0dm07mh._.js:776
[  567400ms] [LOG] [Fast Refresh] done in 257ms @ http://localhost:3000/_next/static/chunks/0brk_next_dist_0dm07mh._.js:776
[  567452ms] [LOG] [Fast Refresh] done in 257ms @ http://localhost:3000/_next/static/chunks/0brk_next_dist_0dm07mh._.js:776
[  567515ms] [LOG] [Fast Refresh] done in 257ms @ http://localhost:3000/_next/static/chunks/0brk_next_dist_0dm07mh._.js:776
[  567571ms] [LOG] [Fast Refresh] done in 257ms @ http://localhost:3000/_next/static/chunks/0brk_next_dist_0dm07mh._.js:776
[  567619ms] [LOG] [Fast Refresh] done in 257ms @ http://localhost:3000/_next/static/chunks/0brk_next_dist_0dm07mh._.js:776
[  567682ms] [LOG] [Fast Refresh] done in 257ms @ http://localhost:3000/_next/static/chunks/0brk_next_dist_0dm07mh._.js:776
[  567759ms] [LOG] [Fast Refresh] done in 257ms @ http://localhost:3000/_next/static/chunks/0brk_next_dist_0dm07mh._.js:776
[  567831ms] [LOG] [Fast Refresh] done in 257ms @ http://localhost:3000/_next/static/chunks/0brk_next_dist_0dm07mh._.js:776
[  567893ms] [LOG] [Fast Refresh] done in 257ms @ http://localhost:3000/_next/static/chunks/0brk_next_dist_0dm07mh._.js:776
[  567955ms] [LOG] [Fast Refresh] done in 257ms @ http://localhost:3000/_next/static/chunks/0brk_next_dist_0dm07mh._.js:776
[  568017ms] [LOG] [Fast Refresh] done in 257ms @ http://localhost:3000/_next/static/chunks/0brk_next_dist_0dm07mh._.js:776
[  568079ms] [LOG] [Fast Refresh] done in 257ms @ http://localhost:3000/_next/static/chunks/0brk_next_dist_0dm07mh._.js:776
[  568131ms] [LOG] [Fast Refresh] done in 257ms @ http://localhost:3000/_next/static/chunks/0brk_next_dist_0dm07mh._.js:776
[  568202ms] [LOG] [Fast Refresh] done in 257ms @ http://localhost:3000/_next/static/chunks/0brk_next_dist_0dm07mh._.js:776
[  568263ms] [LOG] [Fast Refresh] done in 257ms @ http://localhost:3000/_next/static/chunks/0brk_next_dist_0dm07mh._.js:776
[  568329ms] [LOG] [Fast Refresh] done in 257ms @ http://localhost:3000/_next/static/chunks/0brk_next_dist_0dm07mh._.js:776
[  568382ms] [LOG] [Fast Refresh] done in 257ms @ http://localhost:3000/_next/static/chunks/0brk_next_dist_0dm07mh._.js:776
[  568444ms] [LOG] [Fast Refresh] done in 257ms @ http://localhost:3000/_next/static/chunks/0brk_next_dist_0dm07mh._.js:776
[  568499ms] [LOG] [Fast Refresh] done in 257ms @ http://localhost:3000/_next/static/chunks/0brk_next_dist_0dm07mh._.js:776
[  568549ms] [LOG] [Fast Refresh] done in 257ms @ http://localhost:3000/_next/static/chunks/0brk_next_dist_0dm07mh._.js:776
[  568613ms] [LOG] [Fast Refresh] done in 257ms @ http://localhost:3000/_next/static/chunks/0brk_next_dist_0dm07mh._.js:776
[  568675ms] [LOG] [Fast Refresh] done in 257ms @ http://localhost:3000/_next/static/chunks/0brk_next_dist_0dm07mh._.js:776
[  568754ms] [LOG] [Fast Refresh] done in 257ms @ http://localhost:3000/_next/static/chunks/0brk_next_dist_0dm07mh._.js:776
[  568816ms] [LOG] [Fast Refresh] done in 257ms @ http://localhost:3000/_next/static/chunks/0brk_next_dist_0dm07mh._.js:776
[  568867ms] [LOG] [Fast Refresh] done in 257ms @ http://localhost:3000/_next/static/chunks/0brk_next_dist_0dm07mh._.js:776
[  568953ms] [LOG] [Fast Refresh] done in 257ms @ http://localhost:3000/_next/static/chunks/0brk_next_dist_0dm07mh._.js:776
[  569024ms] [LOG] [Fast Refresh] done in 257ms @ http://localhost:3000/_next/static/chunks/0brk_next_dist_0dm07mh._.js:776
[  569406ms] [LOG] [Fast Refresh] done in 257ms @ http://localhost:3000/_next/static/chunks/0brk_next_dist_0dm07mh._.js:776
[  569577ms] [LOG] [Fast Refresh] done in 257ms @ http://localhost:3000/_next/static/chunks/0brk_next_dist_0dm07mh._.js:776
[  569735ms] [LOG] [Fast Refresh] done in 257ms @ http://localhost:3000/_next/static/chunks/0brk_next_dist_0dm07mh._.js:776
[  569811ms] [LOG] [Fast Refresh] done in 257ms @ http://localhost:3000/_next/static/chunks/0brk_next_dist_0dm07mh._.js:776
[  569888ms] [LOG] [Fast Refresh] done in 257ms @ http://localhost:3000/_next/static/chunks/0brk_next_dist_0dm07mh._.js:776
[  569942ms] [LOG] [Fast Refresh] done in 257ms @ http://localhost:3000/_next/static/chunks/0brk_next_dist_0dm07mh._.js:776
[  569999ms] [LOG] [Fast Refresh] done in 257ms @ http://localhost:3000/_next/static/chunks/0brk_next_dist_0dm07mh._.js:776
[  570056ms] [LOG] [Fast Refresh] done in 257ms @ http://localhost:3000/_next/static/chunks/0brk_next_dist_0dm07mh._.js:776
[  570116ms] [LOG] [Fast Refresh] done in 257ms @ http://localhost:3000/_next/static/chunks/0brk_next_dist_0dm07mh._.js:776
[  570178ms] [LOG] [Fast Refresh] done in 257ms @ http://localhost:3000/_next/static/chunks/0brk_next_dist_0dm07mh._.js:776
[  570236ms] [LOG] [Fast Refresh] done in 257ms @ http://localhost:3000/_next/static/chunks/0brk_next_dist_0dm07mh._.js:776
[  570298ms] [LOG] [Fast Refresh] done in 257ms @ http://localhost:3000/_next/static/chunks/0brk_next_dist_0dm07mh._.js:776
[  570354ms] [LOG] [Fast Refresh] done in 257ms @ http://localhost:3000/_next/static/chunks/0brk_next_dist_0dm07mh._.js:776
[  570411ms] [LOG] [Fast Refresh] done in 257ms @ http://localhost:3000/_next/static/chunks/0brk_next_dist_0dm07mh._.js:776
[  570478ms] [LOG] [Fast Refresh] done in 257ms @ http://localhost:3000/_next/static/chunks/0brk_next_dist_0dm07mh._.js:776
[  570538ms] [LOG] [Fast Refresh] done in 257ms @ http://localhost:3000/_next/static/chunks/0brk_next_dist_0dm07mh._.js:776
[  570599ms] [LOG] [Fast Refresh] done in 257ms @ http://localhost:3000/_next/static/chunks/0brk_next_dist_0dm07mh._.js:776
[  570647ms] [LOG] [Fast Refresh] done in 257ms @ http://localhost:3000/_next/static/chunks/0brk_next_dist_0dm07mh._.js:776
[  570703ms] [LOG] [Fast Refresh] done in 257ms @ http://localhost:3000/_next/static/chunks/0brk_next_dist_0dm07mh._.js:776
[  570762ms] [LOG] [Fast Refresh] done in 257ms @ http://localhost:3000/_next/static/chunks/0brk_next_dist_0dm07mh._.js:776
[  570812ms] [LOG] [Fast Refresh] done in 257ms @ http://localhost:3000/_next/static/chunks/0brk_next_dist_0dm07mh._.js:776
[  570866ms] [LOG] [Fast Refresh] done in 257ms @ http://localhost:3000/_next/static/chunks/0brk_next_dist_0dm07mh._.js:776
[  570946ms] [LOG] [Fast Refresh] done in 257ms @ http://localhost:3000/_next/static/chunks/0brk_next_dist_0dm07mh._.js:776
[  571037ms] [LOG] [Fast Refresh] done in 257ms @ http://localhost:3000/_next/static/chunks/0brk_next_dist_0dm07mh._.js:776
[  571129ms] [LOG] [Fast Refresh] done in 257ms @ http://localhost:3000/_next/static/chunks/0brk_next_dist_0dm07mh._.js:776
[  571262ms] [LOG] [Fast Refresh] done in 257ms @ http://localhost:3000/_next/static/chunks/0brk_next_dist_0dm07mh._.js:776
[  571341ms] [LOG] [Fast Refresh] done in 257ms @ http://localhost:3000/_next/static/chunks/0brk_next_dist_0dm07mh._.js:776
[  571412ms] [LOG] [Fast Refresh] done in 257ms @ http://localhost:3000/_next/static/chunks/0brk_next_dist_0dm07mh._.js:776
[  571853ms] [LOG] [Fast Refresh] done in 257ms @ http://localhost:3000/_next/static/chunks/0brk_next_dist_0dm07mh._.js:776
[  571933ms] [LOG] [Fast Refresh] done in 257ms @ http://localhost:3000/_next/static/chunks/0brk_next_dist_0dm07mh._.js:776
[  571993ms] [LOG] [Fast Refresh] done in 257ms @ http://localhost:3000/_next/static/chunks/0brk_next_dist_0dm07mh._.js:776
[  572062ms] [LOG] [Fast Refresh] done in 257ms @ http://localhost:3000/_next/static/chunks/0brk_next_dist_0dm07mh._.js:776
[  572115ms] [LOG] [Fast Refresh] done in 257ms @ http://localhost:3000/_next/static/chunks/0brk_next_dist_0dm07mh._.js:776
[  572177ms] [LOG] [Fast Refresh] done in 257ms @ http://localhost:3000/_next/static/chunks/0brk_next_dist_0dm07mh._.js:776
[  572229ms] [LOG] [Fast Refresh] done in 257ms @ http://localhost:3000/_next/static/chunks/0brk_next_dist_0dm07mh._.js:776
[  572289ms] [LOG] [Fast Refresh] done in 257ms @ http://localhost:3000/_next/static/chunks/0brk_next_dist_0dm07mh._.js:776
[  572344ms] [LOG] [Fast Refresh] done in 257ms @ http://localhost:3000/_next/static/chunks/0brk_next_dist_0dm07mh._.js:776
[  572405ms] [LOG] [Fast Refresh] done in 257ms @ http://localhost:3000/_next/static/chunks/0brk_next_dist_0dm07mh._.js:776
[  572468ms] [LOG] [Fast Refresh] done in 257ms @ http://localhost:3000/_next/static/chunks/0brk_next_dist_0dm07mh._.js:776
[  572530ms] [LOG] [Fast Refresh] done in 257ms @ http://localhost:3000/_next/static/chunks/0brk_next_dist_0dm07mh._.js:776
[  572582ms] [LOG] [Fast Refresh] done in 257ms @ http://localhost:3000/_next/static/chunks/0brk_next_dist_0dm07mh._.js:776
[  572643ms] [LOG] [Fast Refresh] done in 257ms @ http://localhost:3000/_next/static/chunks/0brk_next_dist_0dm07mh._.js:776
[  572705ms] [LOG] [Fast Refresh] done in 257ms @ http://localhost:3000/_next/static/chunks/0brk_next_dist_0dm07mh._.js:776
[  572766ms] [LOG] [Fast Refresh] done in 257ms @ http://localhost:3000/_next/static/chunks/0brk_next_dist_0dm07mh._.js:776
[  572815ms] [LOG] [Fast Refresh] done in 257ms @ http://localhost:3000/_next/static/chunks/0brk_next_dist_0dm07mh._.js:776
[  572878ms] [LOG] [Fast Refresh] done in 257ms @ http://localhost:3000/_next/static/chunks/0brk_next_dist_0dm07mh._.js:776
[  572930ms] [LOG] [Fast Refresh] done in 257ms @ http://localhost:3000/_next/static/chunks/0brk_next_dist_0dm07mh._.js:776
[  573013ms] [LOG] [Fast Refresh] done in 257ms @ http://localhost:3000/_next/static/chunks/0brk_next_dist_0dm07mh._.js:776
[  573093ms] [LOG] [Fast Refresh] done in 257ms @ http://localhost:3000/_next/static/chunks/0brk_next_dist_0dm07mh._.js:776
[  573599ms] [LOG] [Fast Refresh] done in 257ms @ http://localhost:3000/_next/static/chunks/0brk_next_dist_0dm07mh._.js:776
[  573679ms] [LOG] [Fast Refresh] done in 257ms @ http://localhost:3000/_next/static/chunks/0brk_next_dist_0dm07mh._.js:776
[  573980ms] [LOG] [Fast Refresh] done in 257ms @ http://localhost:3000/_next/static/chunks/0brk_next_dist_0dm07mh._.js:776
[  574050ms] [LOG] [Fast Refresh] done in 257ms @ http://localhost:3000/_next/static/chunks/0brk_next_dist_0dm07mh._.js:776
[  574112ms] [LOG] [Fast Refresh] done in 257ms @ http://localhost:3000/_next/static/chunks/0brk_next_dist_0dm07mh._.js:776
[  574180ms] [LOG] [Fast Refresh] done in 257ms @ http://localhost:3000/_next/static/chunks/0brk_next_dist_0dm07mh._.js:776
[  574242ms] [LOG] [Fast Refresh] done in 257ms @ http://localhost:3000/_next/static/chunks/0brk_next_dist_0dm07mh._.js:776
[  574292ms] [LOG] [Fast Refresh] done in 257ms @ http://localhost:3000/_next/static/chunks/0brk_next_dist_0dm07mh._.js:776
[  574351ms] [LOG] [Fast Refresh] done in 257ms @ http://localhost:3000/_next/static/chunks/0brk_next_dist_0dm07mh._.js:776
[  574502ms] [LOG] [Fast Refresh] done in 257ms @ http://localhost:3000/_next/static/chunks/0brk_next_dist_0dm07mh._.js:776
[  574935ms] [LOG] [Fast Refresh] done in 257ms @ http://localhost:3000/_next/static/chunks/0brk_next_dist_0dm07mh._.js:776
[  575278ms] [LOG] [Fast Refresh] done in 257ms @ http://localhost:3000/_next/static/chunks/0brk_next_dist_0dm07mh._.js:776
[  575345ms] [LOG] [Fast Refresh] done in 257ms @ http://localhost:3000/_next/static/chunks/0brk_next_dist_0dm07mh._.js:776
[  575406ms] [LOG] [Fast Refresh] done in 257ms @ http://localhost:3000/_next/static/chunks/0brk_next_dist_0dm07mh._.js:776
[  575464ms] [LOG] [Fast Refresh] done in 257ms @ http://localhost:3000/_next/static/chunks/0brk_next_dist_0dm07mh._.js:776
[  575516ms] [LOG] [Fast Refresh] done in 257ms @ http://localhost:3000/_next/static/chunks/0brk_next_dist_0dm07mh._.js:776
[  575569ms] [LOG] [Fast Refresh] done in 257ms @ http://localhost:3000/_next/static/chunks/0brk_next_dist_0dm07mh._.js:776
[  575619ms] [LOG] [Fast Refresh] done in 257ms @ http://localhost:3000/_next/static/chunks/0brk_next_dist_0dm07mh._.js:776
[  575681ms] [LOG] [Fast Refresh] done in 257ms @ http://localhost:3000/_next/static/chunks/0brk_next_dist_0dm07mh._.js:776
[  575743ms] [LOG] [Fast Refresh] done in 257ms @ http://localhost:3000/_next/static/chunks/0brk_next_dist_0dm07mh._.js:776
[  575799ms] [LOG] [Fast Refresh] done in 257ms @ http://localhost:3000/_next/static/chunks/0brk_next_dist_0dm07mh._.js:776
[  575846ms] [LOG] [Fast Refresh] done in 257ms @ http://localhost:3000/_next/static/chunks/0brk_next_dist_0dm07mh._.js:776
[  575899ms] [LOG] [Fast Refresh] done in 257ms @ http://localhost:3000/_next/static/chunks/0brk_next_dist_0dm07mh._.js:776
[  575963ms] [LOG] [Fast Refresh] done in 257ms @ http://localhost:3000/_next/static/chunks/0brk_next_dist_0dm07mh._.js:776
[  576023ms] [LOG] [Fast Refresh] done in 257ms @ http://localhost:3000/_next/static/chunks/0brk_next_dist_0dm07mh._.js:776
[  576074ms] [LOG] [Fast Refresh] done in 257ms @ http://localhost:3000/_next/static/chunks/0brk_next_dist_0dm07mh._.js:776
[  576124ms] [LOG] [Fast Refresh] done in 257ms @ http://localhost:3000/_next/static/chunks/0brk_next_dist_0dm07mh._.js:776
[  576182ms] [LOG] [Fast Refresh] done in 257ms @ http://localhost:3000/_next/static/chunks/0brk_next_dist_0dm07mh._.js:776
[  576239ms] [LOG] [Fast Refresh] done in 257ms @ http://localhost:3000/_next/static/chunks/0brk_next_dist_0dm07mh._.js:776
[  576282ms] [LOG] [Fast Refresh] done in 257ms @ http://localhost:3000/_next/static/chunks/0brk_next_dist_0dm07mh._.js:776
[  576332ms] [LOG] [Fast Refresh] done in 257ms @ http://localhost:3000/_next/static/chunks/0brk_next_dist_0dm07mh._.js:776
[  576385ms] [LOG] [Fast Refresh] done in 257ms @ http://localhost:3000/_next/static/chunks/0brk_next_dist_0dm07mh._.js:776
[  576447ms] [LOG] [Fast Refresh] done in 257ms @ http://localhost:3000/_next/static/chunks/0brk_next_dist_0dm07mh._.js:776
[  576496ms] [LOG] [Fast Refresh] done in 257ms @ http://localhost:3000/_next/static/chunks/0brk_next_dist_0dm07mh._.js:776
[  576557ms] [LOG] [Fast Refresh] done in 257ms @ http://localhost:3000/_next/static/chunks/0brk_next_dist_0dm07mh._.js:776
[  576614ms] [LOG] [Fast Refresh] done in 257ms @ http://localhost:3000/_next/static/chunks/0brk_next_dist_0dm07mh._.js:776
[  576676ms] [LOG] [Fast Refresh] done in 257ms @ http://localhost:3000/_next/static/chunks/0brk_next_dist_0dm07mh._.js:776
[  576737ms] [LOG] [Fast Refresh] done in 257ms @ http://localhost:3000/_next/static/chunks/0brk_next_dist_0dm07mh._.js:776
[  576793ms] [LOG] [Fast Refresh] done in 257ms @ http://localhost:3000/_next/static/chunks/0brk_next_dist_0dm07mh._.js:776
[  576842ms] [LOG] [Fast Refresh] done in 257ms @ http://localhost:3000/_next/static/chunks/0brk_next_dist_0dm07mh._.js:776
[  576897ms] [LOG] [Fast Refresh] done in 257ms @ http://localhost:3000/_next/static/chunks/0brk_next_dist_0dm07mh._.js:776
[  576976ms] [LOG] [Fast Refresh] done in 257ms @ http://localhost:3000/_next/static/chunks/0brk_next_dist_0dm07mh._.js:776
[  577051ms] [LOG] [Fast Refresh] done in 257ms @ http://localhost:3000/_next/static/chunks/0brk_next_dist_0dm07mh._.js:776
[  577167ms] [LOG] [Fast Refresh] done in 257ms @ http://localhost:3000/_next/static/chunks/0brk_next_dist_0dm07mh._.js:776
[  577255ms] [LOG] [Fast Refresh] done in 257ms @ http://localhost:3000/_next/static/chunks/0brk_next_dist_0dm07mh._.js:776
[  577311ms] [LOG] [Fast Refresh] done in 257ms @ http://localhost:3000/_next/static/chunks/0brk_next_dist_0dm07mh._.js:776
[  577399ms] [LOG] [Fast Refresh] done in 257ms @ http://localhost:3000/_next/static/chunks/0brk_next_dist_0dm07mh._.js:776
[  577454ms] [LOG] [Fast Refresh] done in 257ms @ http://localhost:3000/_next/static/chunks/0brk_next_dist_0dm07mh._.js:776
[  577509ms] [LOG] [Fast Refresh] done in 257ms @ http://localhost:3000/_next/static/chunks/0brk_next_dist_0dm07mh._.js:776
[  577571ms] [LOG] [Fast Refresh] done in 257ms @ http://localhost:3000/_next/static/chunks/0brk_next_dist_0dm07mh._.js:776
[  577624ms] [LOG] [Fast Refresh] done in 257ms @ http://localhost:3000/_next/static/chunks/0brk_next_dist_0dm07mh._.js:776
[  577791ms] [LOG] [Fast Refresh] done in 257ms @ http://localhost:3000/_next/static/chunks/0brk_next_dist_0dm07mh._.js:776
[  577841ms] [LOG] [Fast Refresh] done in 257ms @ http://localhost:3000/_next/static/chunks/0brk_next_dist_0dm07mh._.js:776
[  577915ms] [LOG] [Fast Refresh] done in 257ms @ http://localhost:3000/_next/static/chunks/0brk_next_dist_0dm07mh._.js:776
[  577982ms] [LOG] [Fast Refresh] done in 257ms @ http://localhost:3000/_next/static/chunks/0brk_next_dist_0dm07mh._.js:776
[  578032ms] [LOG] [Fast Refresh] done in 257ms @ http://localhost:3000/_next/static/chunks/0brk_next_dist_0dm07mh._.js:776
[  578082ms] [LOG] [Fast Refresh] done in 257ms @ http://localhost:3000/_next/static/chunks/0brk_next_dist_0dm07mh._.js:776
[  578137ms] [LOG] [Fast Refresh] done in 257ms @ http://localhost:3000/_next/static/chunks/0brk_next_dist_0dm07mh._.js:776
[  578197ms] [LOG] [Fast Refresh] done in 257ms @ http://localhost:3000/_next/static/chunks/0brk_next_dist_0dm07mh._.js:776
[  578276ms] [LOG] [Fast Refresh] done in 257ms @ http://localhost:3000/_next/static/chunks/0brk_next_dist_0dm07mh._.js:776
[  578351ms] [LOG] [Fast Refresh] done in 257ms @ http://localhost:3000/_next/static/chunks/0brk_next_dist_0dm07mh._.js:776
[  578440ms] [LOG] [Fast Refresh] done in 257ms @ http://localhost:3000/_next/static/chunks/0brk_next_dist_0dm07mh._.js:776
[  578537ms] [LOG] [Fast Refresh] done in 257ms @ http://localhost:3000/_next/static/chunks/0brk_next_dist_0dm07mh._.js:776
[  578591ms] [LOG] [Fast Refresh] done in 257ms @ http://localhost:3000/_next/static/chunks/0brk_next_dist_0dm07mh._.js:776
[  578640ms] [LOG] [Fast Refresh] done in 257ms @ http://localhost:3000/_next/static/chunks/0brk_next_dist_0dm07mh._.js:776
[  578718ms] [LOG] [Fast Refresh] done in 257ms @ http://localhost:3000/_next/static/chunks/0brk_next_dist_0dm07mh._.js:776
[  578777ms] [LOG] [Fast Refresh] done in 257ms @ http://localhost:3000/_next/static/chunks/0brk_next_dist_0dm07mh._.js:776
[  578842ms] [LOG] [Fast Refresh] done in 257ms @ http://localhost:3000/_next/static/chunks/0brk_next_dist_0dm07mh._.js:776
[  578917ms] [LOG] [Fast Refresh] done in 257ms @ http://localhost:3000/_next/static/chunks/0brk_next_dist_0dm07mh._.js:776
[  578980ms] [LOG] [Fast Refresh] done in 257ms @ http://localhost:3000/_next/static/chunks/0brk_next_dist_0dm07mh._.js:776
[  579039ms] [LOG] [Fast Refresh] done in 257ms @ http://localhost:3000/_next/static/chunks/0brk_next_dist_0dm07mh._.js:776
[  579103ms] [LOG] [Fast Refresh] done in 257ms @ http://localhost:3000/_next/static/chunks/0brk_next_dist_0dm07mh._.js:776
[  579179ms] [LOG] [Fast Refresh] done in 257ms @ http://localhost:3000/_next/static/chunks/0brk_next_dist_0dm07mh._.js:776
[  579319ms] [LOG] [Fast Refresh] done in 257ms @ http://localhost:3000/_next/static/chunks/0brk_next_dist_0dm07mh._.js:776
[  579367ms] [LOG] [Fast Refresh] done in 257ms @ http://localhost:3000/_next/static/chunks/0brk_next_dist_0dm07mh._.js:776
[  579418ms] [LOG] [Fast Refresh] done in 257ms @ http://localhost:3000/_next/static/chunks/0brk_next_dist_0dm07mh._.js:776
[  579488ms] [LOG] [Fast Refresh] done in 257ms @ http://localhost:3000/_next/static/chunks/0brk_next_dist_0dm07mh._.js:776
[  579551ms] [LOG] [Fast Refresh] done in 257ms @ http://localhost:3000/_next/static/chunks/0brk_next_dist_0dm07mh._.js:776
[  579619ms] [LOG] [Fast Refresh] done in 257ms @ http://localhost:3000/_next/static/chunks/0brk_next_dist_0dm07mh._.js:776
[  579679ms] [LOG] [Fast Refresh] done in 257ms @ http://localhost:3000/_next/static/chunks/0brk_next_dist_0dm07mh._.js:776
[  579737ms] [LOG] [Fast Refresh] done in 257ms @ http://localhost:3000/_next/static/chunks/0brk_next_dist_0dm07mh._.js:776
[  579821ms] [LOG] [Fast Refresh] done in 257ms @ http://localhost:3000/_next/static/chunks/0brk_next_dist_0dm07mh._.js:776
[  579874ms] [LOG] [Fast Refresh] done in 257ms @ http://localhost:3000/_next/static/chunks/0brk_next_dist_0dm07mh._.js:776
[  579935ms] [LOG] [Fast Refresh] done in 257ms @ http://localhost:3000/_next/static/chunks/0brk_next_dist_0dm07mh._.js:776
[  580550ms] [LOG] [Fast Refresh] done in 257ms @ http://localhost:3000/_next/static/chunks/0brk_next_dist_0dm07mh._.js:776
[  580962ms] [LOG] [Fast Refresh] done in 257ms @ http://localhost:3000/_next/static/chunks/0brk_next_dist_0dm07mh._.js:776
[  581053ms] [LOG] [Fast Refresh] done in 257ms @ http://localhost:3000/_next/static/chunks/0brk_next_dist_0dm07mh._.js:776
[  581107ms] [LOG] [Fast Refresh] done in 257ms @ http://localhost:3000/_next/static/chunks/0brk_next_dist_0dm07mh._.js:776
[  581181ms] [LOG] [Fast Refresh] done in 257ms @ http://localhost:3000/_next/static/chunks/0brk_next_dist_0dm07mh._.js:776
[  581263ms] [LOG] [Fast Refresh] done in 257ms @ http://localhost:3000/_next/static/chunks/0brk_next_dist_0dm07mh._.js:776
[  581324ms] [LOG] [Fast Refresh] done in 257ms @ http://localhost:3000/_next/static/chunks/0brk_next_dist_0dm07mh._.js:776
[  581493ms] [LOG] [Fast Refresh] done in 257ms @ http://localhost:3000/_next/static/chunks/0brk_next_dist_0dm07mh._.js:776
[  581637ms] [LOG] [Fast Refresh] done in 257ms @ http://localhost:3000/_next/static/chunks/0brk_next_dist_0dm07mh._.js:776
[  581740ms] [LOG] [Fast Refresh] done in 257ms @ http://localhost:3000/_next/static/chunks/0brk_next_dist_0dm07mh._.js:776
[  581841ms] [LOG] [Fast Refresh] done in 257ms @ http://localhost:3000/_next/static/chunks/0brk_next_dist_0dm07mh._.js:776
[  581935ms] [LOG] [Fast Refresh] done in 257ms @ http://localhost:3000/_next/static/chunks/0brk_next_dist_0dm07mh._.js:776
[  582004ms] [LOG] [Fast Refresh] done in 257ms @ http://localhost:3000/_next/static/chunks/0brk_next_dist_0dm07mh._.js:776
[  582055ms] [LOG] [Fast Refresh] done in 257ms @ http://localhost:3000/_next/static/chunks/0brk_next_dist_0dm07mh._.js:776
[  582164ms] [LOG] [Fast Refresh] done in 257ms @ http://localhost:3000/_next/static/chunks/0brk_next_dist_0dm07mh._.js:776
[  582243ms] [LOG] [Fast Refresh] done in 257ms @ http://localhost:3000/_next/static/chunks/0brk_next_dist_0dm07mh._.js:776
[  582313ms] [LOG] [Fast Refresh] done in 257ms @ http://localhost:3000/_next/static/chunks/0brk_next_dist_0dm07mh._.js:776
[  582386ms] [LOG] [Fast Refresh] done in 257ms @ http://localhost:3000/_next/static/chunks/0brk_next_dist_0dm07mh._.js:776
[  582432ms] [LOG] [Fast Refresh] done in 257ms @ http://localhost:3000/_next/static/chunks/0brk_next_dist_0dm07mh._.js:776
[  582502ms] [LOG] [Fast Refresh] done in 257ms @ http://localhost:3000/_next/static/chunks/0brk_next_dist_0dm07mh._.js:776
[  582568ms] [LOG] [Fast Refresh] done in 257ms @ http://localhost:3000/_next/static/chunks/0brk_next_dist_0dm07mh._.js:776
[  582629ms] [LOG] [Fast Refresh] done in 257ms @ http://localhost:3000/_next/static/chunks/0brk_next_dist_0dm07mh._.js:776
[  582691ms] [LOG] [Fast Refresh] done in 257ms @ http://localhost:3000/_next/static/chunks/0brk_next_dist_0dm07mh._.js:776
[  582753ms] [LOG] [Fast Refresh] done in 257ms @ http://localhost:3000/_next/static/chunks/0brk_next_dist_0dm07mh._.js:776
[  582801ms] [LOG] [Fast Refresh] done in 257ms @ http://localhost:3000/_next/static/chunks/0brk_next_dist_0dm07mh._.js:776
[  582854ms] [LOG] [Fast Refresh] done in 257ms @ http://localhost:3000/_next/static/chunks/0brk_next_dist_0dm07mh._.js:776
[  582913ms] [LOG] [Fast Refresh] done in 257ms @ http://localhost:3000/_next/static/chunks/0brk_next_dist_0dm07mh._.js:776
[  582975ms] [LOG] [Fast Refresh] done in 257ms @ http://localhost:3000/_next/static/chunks/0brk_next_dist_0dm07mh._.js:776
[  583032ms] [LOG] [Fast Refresh] done in 257ms @ http://localhost:3000/_next/static/chunks/0brk_next_dist_0dm07mh._.js:776
[  583097ms] [LOG] [Fast Refresh] done in 257ms @ http://localhost:3000/_next/static/chunks/0brk_next_dist_0dm07mh._.js:776
[  583151ms] [LOG] [Fast Refresh] done in 257ms @ http://localhost:3000/_next/static/chunks/0brk_next_dist_0dm07mh._.js:776
[  583211ms] [LOG] [Fast Refresh] done in 257ms @ http://localhost:3000/_next/static/chunks/0brk_next_dist_0dm07mh._.js:776
[  583319ms] [LOG] [Fast Refresh] done in 257ms @ http://localhost:3000/_next/static/chunks/0brk_next_dist_0dm07mh._.js:776
[  583381ms] [LOG] [Fast Refresh] done in 257ms @ http://localhost:3000/_next/static/chunks/0brk_next_dist_0dm07mh._.js:776
[  583429ms] [LOG] [Fast Refresh] done in 257ms @ http://localhost:3000/_next/static/chunks/0brk_next_dist_0dm07mh._.js:776
[  583541ms] [LOG] [Fast Refresh] rebuilding @ http://localhost:3000/_next/static/chunks/0brk_next_dist_0dm07mh._.js:776
[  583636ms] [LOG] [Fast Refresh] done in 6ms @ http://localhost:3000/_next/static/chunks/0brk_next_dist_0dm07mh._.js:776
[  583699ms] [LOG] [Fast Refresh] done in 6ms @ http://localhost:3000/_next/static/chunks/0brk_next_dist_0dm07mh._.js:776
[  583762ms] [LOG] [Fast Refresh] done in 6ms @ http://localhost:3000/_next/static/chunks/0brk_next_dist_0dm07mh._.js:776
[  583811ms] [LOG] [Fast Refresh] done in 6ms @ http://localhost:3000/_next/static/chunks/0brk_next_dist_0dm07mh._.js:776
[  583872ms] [LOG] [Fast Refresh] done in 6ms @ http://localhost:3000/_next/static/chunks/0brk_next_dist_0dm07mh._.js:776
[  583930ms] [LOG] [Fast Refresh] done in 6ms @ http://localhost:3000/_next/static/chunks/0brk_next_dist_0dm07mh._.js:776
[  583981ms] [LOG] [Fast Refresh] done in 6ms @ http://localhost:3000/_next/static/chunks/0brk_next_dist_0dm07mh._.js:776
[  584043ms] [LOG] [Fast Refresh] done in 6ms @ http://localhost:3000/_next/static/chunks/0brk_next_dist_0dm07mh._.js:776
[  584092ms] [LOG] [Fast Refresh] done in 6ms @ http://localhost:3000/_next/static/chunks/0brk_next_dist_0dm07mh._.js:776
[  584131ms] [LOG] [Fast Refresh] done in 6ms @ http://localhost:3000/_next/static/chunks/0brk_next_dist_0dm07mh._.js:776
[  584195ms] [LOG] [Fast Refresh] done in 6ms @ http://localhost:3000/_next/static/chunks/0brk_next_dist_0dm07mh._.js:776
[  584257ms] [LOG] [Fast Refresh] done in 6ms @ http://localhost:3000/_next/static/chunks/0brk_next_dist_0dm07mh._.js:776
[  584314ms] [LOG] [Fast Refresh] done in 6ms @ http://localhost:3000/_next/static/chunks/0brk_next_dist_0dm07mh._.js:776
[  584364ms] [LOG] [Fast Refresh] done in 6ms @ http://localhost:3000/_next/static/chunks/0brk_next_dist_0dm07mh._.js:776
[  584412ms] [LOG] [Fast Refresh] done in 6ms @ http://localhost:3000/_next/static/chunks/0brk_next_dist_0dm07mh._.js:776
[  584475ms] [LOG] [Fast Refresh] done in 6ms @ http://localhost:3000/_next/static/chunks/0brk_next_dist_0dm07mh._.js:776
[  584531ms] [LOG] [Fast Refresh] done in 6ms @ http://localhost:3000/_next/static/chunks/0brk_next_dist_0dm07mh._.js:776
[  584594ms] [LOG] [Fast Refresh] done in 6ms @ http://localhost:3000/_next/static/chunks/0brk_next_dist_0dm07mh._.js:776
[  584642ms] [LOG] [Fast Refresh] done in 6ms @ http://localhost:3000/_next/static/chunks/0brk_next_dist_0dm07mh._.js:776
[  584705ms] [LOG] [Fast Refresh] done in 6ms @ http://localhost:3000/_next/static/chunks/0brk_next_dist_0dm07mh._.js:776
[  584766ms] [LOG] [Fast Refresh] done in 6ms @ http://localhost:3000/_next/static/chunks/0brk_next_dist_0dm07mh._.js:776
[  584816ms] [LOG] [Fast Refresh] done in 6ms @ http://localhost:3000/_next/static/chunks/0brk_next_dist_0dm07mh._.js:776
[  584877ms] [LOG] [Fast Refresh] done in 6ms @ http://localhost:3000/_next/static/chunks/0brk_next_dist_0dm07mh._.js:776
[  584931ms] [LOG] [Fast Refresh] done in 6ms @ http://localhost:3000/_next/static/chunks/0brk_next_dist_0dm07mh._.js:776
[  584998ms] [LOG] [Fast Refresh] done in 6ms @ http://localhost:3000/_next/static/chunks/0brk_next_dist_0dm07mh._.js:776
[  585048ms] [LOG] [Fast Refresh] done in 6ms @ http://localhost:3000/_next/static/chunks/0brk_next_dist_0dm07mh._.js:776
[  585099ms] [LOG] [Fast Refresh] done in 6ms @ http://localhost:3000/_next/static/chunks/0brk_next_dist_0dm07mh._.js:776
[  585155ms] [LOG] [Fast Refresh] done in 6ms @ http://localhost:3000/_next/static/chunks/0brk_next_dist_0dm07mh._.js:776
[  585235ms] [LOG] [Fast Refresh] done in 6ms @ http://localhost:3000/_next/static/chunks/0brk_next_dist_0dm07mh._.js:776
[  585328ms] [LOG] [Fast Refresh] done in 6ms @ http://localhost:3000/_next/static/chunks/0brk_next_dist_0dm07mh._.js:776
[  585379ms] [LOG] [Fast Refresh] done in 6ms @ http://localhost:3000/_next/static/chunks/0brk_next_dist_0dm07mh._.js:776
[  585459ms] [LOG] [Fast Refresh] done in 6ms @ http://localhost:3000/_next/static/chunks/0brk_next_dist_0dm07mh._.js:776
[  586141ms] [LOG] [Fast Refresh] done in 6ms @ http://localhost:3000/_next/static/chunks/0brk_next_dist_0dm07mh._.js:776
[  586209ms] [LOG] [Fast Refresh] done in 6ms @ http://localhost:3000/_next/static/chunks/0brk_next_dist_0dm07mh._.js:776
[  586301ms] [LOG] [Fast Refresh] done in 6ms @ http://localhost:3000/_next/static/chunks/0brk_next_dist_0dm07mh._.js:776
[  586394ms] [LOG] [Fast Refresh] done in 6ms @ http://localhost:3000/_next/static/chunks/0brk_next_dist_0dm07mh._.js:776
[  586545ms] [LOG] [Fast Refresh] done in 6ms @ http://localhost:3000/_next/static/chunks/0brk_next_dist_0dm07mh._.js:776
[  586678ms] [LOG] [Fast Refresh] done in 6ms @ http://localhost:3000/_next/static/chunks/0brk_next_dist_0dm07mh._.js:776
[  586788ms] [LOG] [Fast Refresh] done in 6ms @ http://localhost:3000/_next/static/chunks/0brk_next_dist_0dm07mh._.js:776
[  586891ms] [LOG] [Fast Refresh] done in 6ms @ http://localhost:3000/_next/static/chunks/0brk_next_dist_0dm07mh._.js:776
[  586965ms] [LOG] [Fast Refresh] done in 6ms @ http://localhost:3000/_next/static/chunks/0brk_next_dist_0dm07mh._.js:776
[  587174ms] [LOG] [Fast Refresh] done in 6ms @ http://localhost:3000/_next/static/chunks/0brk_next_dist_0dm07mh._.js:776
[  587357ms] [LOG] [Fast Refresh] done in 6ms @ http://localhost:3000/_next/static/chunks/0brk_next_dist_0dm07mh._.js:776
[  587473ms] [LOG] [Fast Refresh] done in 6ms @ http://localhost:3000/_next/static/chunks/0brk_next_dist_0dm07mh._.js:776
[  587537ms] [LOG] [Fast Refresh] done in 6ms @ http://localhost:3000/_next/static/chunks/0brk_next_dist_0dm07mh._.js:776
[  587599ms] [LOG] [Fast Refresh] done in 6ms @ http://localhost:3000/_next/static/chunks/0brk_next_dist_0dm07mh._.js:776
[  587661ms] [LOG] [Fast Refresh] done in 6ms @ http://localhost:3000/_next/static/chunks/0brk_next_dist_0dm07mh._.js:776
[  587722ms] [LOG] [Fast Refresh] done in 6ms @ http://localhost:3000/_next/static/chunks/0brk_next_dist_0dm07mh._.js:776
[  587786ms] [LOG] [Fast Refresh] done in 6ms @ http://localhost:3000/_next/static/chunks/0brk_next_dist_0dm07mh._.js:776
[  587862ms] [LOG] [Fast Refresh] done in 6ms @ http://localhost:3000/_next/static/chunks/0brk_next_dist_0dm07mh._.js:776
[  587937ms] [LOG] [Fast Refresh] done in 6ms @ http://localhost:3000/_next/static/chunks/0brk_next_dist_0dm07mh._.js:776
[  588001ms] [LOG] [Fast Refresh] done in 6ms @ http://localhost:3000/_next/static/chunks/0brk_next_dist_0dm07mh._.js:776
[  588055ms] [LOG] [Fast Refresh] done in 6ms @ http://localhost:3000/_next/static/chunks/0brk_next_dist_0dm07mh._.js:776
[  588142ms] [LOG] [Fast Refresh] done in 6ms @ http://localhost:3000/_next/static/chunks/0brk_next_dist_0dm07mh._.js:776
[  588198ms] [LOG] [Fast Refresh] done in 6ms @ http://localhost:3000/_next/static/chunks/0brk_next_dist_0dm07mh._.js:776
[  588252ms] [LOG] [Fast Refresh] done in 6ms @ http://localhost:3000/_next/static/chunks/0brk_next_dist_0dm07mh._.js:776
[  588317ms] [LOG] [Fast Refresh] done in 6ms @ http://localhost:3000/_next/static/chunks/0brk_next_dist_0dm07mh._.js:776
[  588378ms] [LOG] [Fast Refresh] done in 6ms @ http://localhost:3000/_next/static/chunks/0brk_next_dist_0dm07mh._.js:776
[  588449ms] [LOG] [Fast Refresh] done in 6ms @ http://localhost:3000/_next/static/chunks/0brk_next_dist_0dm07mh._.js:776
[  588499ms] [LOG] [Fast Refresh] done in 6ms @ http://localhost:3000/_next/static/chunks/0brk_next_dist_0dm07mh._.js:776
[  588560ms] [LOG] [Fast Refresh] done in 6ms @ http://localhost:3000/_next/static/chunks/0brk_next_dist_0dm07mh._.js:776
[  588610ms] [LOG] [Fast Refresh] done in 6ms @ http://localhost:3000/_next/static/chunks/0brk_next_dist_0dm07mh._.js:776
[  588672ms] [LOG] [Fast Refresh] done in 6ms @ http://localhost:3000/_next/static/chunks/0brk_next_dist_0dm07mh._.js:776
[  588725ms] [LOG] [Fast Refresh] done in 6ms @ http://localhost:3000/_next/static/chunks/0brk_next_dist_0dm07mh._.js:776
[  588788ms] [LOG] [Fast Refresh] done in 6ms @ http://localhost:3000/_next/static/chunks/0brk_next_dist_0dm07mh._.js:776
[  588851ms] [LOG] [Fast Refresh] done in 6ms @ http://localhost:3000/_next/static/chunks/0brk_next_dist_0dm07mh._.js:776
[  588911ms] [LOG] [Fast Refresh] done in 6ms @ http://localhost:3000/_next/static/chunks/0brk_next_dist_0dm07mh._.js:776
[  588973ms] [LOG] [Fast Refresh] done in 6ms @ http://localhost:3000/_next/static/chunks/0brk_next_dist_0dm07mh._.js:776
[  589023ms] [LOG] [Fast Refresh] done in 6ms @ http://localhost:3000/_next/static/chunks/0brk_next_dist_0dm07mh._.js:776
[  589084ms] [LOG] [Fast Refresh] done in 6ms @ http://localhost:3000/_next/static/chunks/0brk_next_dist_0dm07mh._.js:776
[  589146ms] [LOG] [Fast Refresh] done in 6ms @ http://localhost:3000/_next/static/chunks/0brk_next_dist_0dm07mh._.js:776
[  589210ms] [LOG] [Fast Refresh] done in 6ms @ http://localhost:3000/_next/static/chunks/0brk_next_dist_0dm07mh._.js:776
[  589272ms] [LOG] [Fast Refresh] done in 6ms @ http://localhost:3000/_next/static/chunks/0brk_next_dist_0dm07mh._.js:776
[  589332ms] [LOG] [Fast Refresh] done in 6ms @ http://localhost:3000/_next/static/chunks/0brk_next_dist_0dm07mh._.js:776
[  589400ms] [LOG] [Fast Refresh] done in 6ms @ http://localhost:3000/_next/static/chunks/0brk_next_dist_0dm07mh._.js:776
[  589460ms] [LOG] [Fast Refresh] done in 6ms @ http://localhost:3000/_next/static/chunks/0brk_next_dist_0dm07mh._.js:776
[  589921ms] [LOG] [Fast Refresh] done in 6ms @ http://localhost:3000/_next/static/chunks/0brk_next_dist_0dm07mh._.js:776
[  590063ms] [LOG] [Fast Refresh] done in 6ms @ http://localhost:3000/_next/static/chunks/0brk_next_dist_0dm07mh._.js:776
[  591110ms] [LOG] [Fast Refresh] done in 6ms @ http://localhost:3000/_next/static/chunks/0brk_next_dist_0dm07mh._.js:776
[  591621ms] [LOG] [Fast Refresh] done in 6ms @ http://localhost:3000/_next/static/chunks/0brk_next_dist_0dm07mh._.js:776
[  591888ms] [LOG] [Fast Refresh] done in 6ms @ http://localhost:3000/_next/static/chunks/0brk_next_dist_0dm07mh._.js:776
[  592101ms] [LOG] [Fast Refresh] done in 6ms @ http://localhost:3000/_next/static/chunks/0brk_next_dist_0dm07mh._.js:776
[  592944ms] [LOG] [Fast Refresh] done in 6ms @ http://localhost:3000/_next/static/chunks/0brk_next_dist_0dm07mh._.js:776
[  593019ms] [LOG] [Fast Refresh] done in 6ms @ http://localhost:3000/_next/static/chunks/0brk_next_dist_0dm07mh._.js:776
[  593080ms] [LOG] [Fast Refresh] done in 6ms @ http://localhost:3000/_next/static/chunks/0brk_next_dist_0dm07mh._.js:776
[  593127ms] [LOG] [Fast Refresh] done in 6ms @ http://localhost:3000/_next/static/chunks/0brk_next_dist_0dm07mh._.js:776
[  593189ms] [LOG] [Fast Refresh] done in 6ms @ http://localhost:3000/_next/static/chunks/0brk_next_dist_0dm07mh._.js:776
[  593337ms] [LOG] [Fast Refresh] done in 6ms @ http://localhost:3000/_next/static/chunks/0brk_next_dist_0dm07mh._.js:776
[  593423ms] [LOG] [Fast Refresh] done in 6ms @ http://localhost:3000/_next/static/chunks/0brk_next_dist_0dm07mh._.js:776
[  593634ms] [LOG] [Fast Refresh] done in 6ms @ http://localhost:3000/_next/static/chunks/0brk_next_dist_0dm07mh._.js:776
[  593952ms] [LOG] [Fast Refresh] done in 6ms @ http://localhost:3000/_next/static/chunks/0brk_next_dist_0dm07mh._.js:776
[  594050ms] [LOG] [Fast Refresh] done in 6ms @ http://localhost:3000/_next/static/chunks/0brk_next_dist_0dm07mh._.js:776
[  594099ms] [LOG] [Fast Refresh] done in 6ms @ http://localhost:3000/_next/static/chunks/0brk_next_dist_0dm07mh._.js:776
[  594154ms] [LOG] [Fast Refresh] done in 6ms @ http://localhost:3000/_next/static/chunks/0brk_next_dist_0dm07mh._.js:776
[  594353ms] [LOG] [Fast Refresh] done in 6ms @ http://localhost:3000/_next/static/chunks/0brk_next_dist_0dm07mh._.js:776
[  594513ms] [LOG] [Fast Refresh] done in 6ms @ http://localhost:3000/_next/static/chunks/0brk_next_dist_0dm07mh._.js:776
[  594580ms] [LOG] [Fast Refresh] done in 6ms @ http://localhost:3000/_next/static/chunks/0brk_next_dist_0dm07mh._.js:776
[  594814ms] [LOG] [Fast Refresh] done in 6ms @ http://localhost:3000/_next/static/chunks/0brk_next_dist_0dm07mh._.js:776
[  601704ms] [LOG] [Fast Refresh] done in 6ms @ http://localhost:3000/_next/static/chunks/0brk_next_dist_0dm07mh._.js:776
[  601785ms] [LOG] [Fast Refresh] done in 6ms @ http://localhost:3000/_next/static/chunks/0brk_next_dist_0dm07mh._.js:776
[  601855ms] [LOG] [Fast Refresh] done in 6ms @ http://localhost:3000/_next/static/chunks/0brk_next_dist_0dm07mh._.js:776
[  601916ms] [LOG] [Fast Refresh] done in 6ms @ http://localhost:3000/_next/static/chunks/0brk_next_dist_0dm07mh._.js:776
[  602031ms] [LOG] [Fast Refresh] done in 6ms @ http://localhost:3000/_next/static/chunks/0brk_next_dist_0dm07mh._.js:776
[  602239ms] [LOG] [Fast Refresh] done in 6ms @ http://localhost:3000/_next/static/chunks/0brk_next_dist_0dm07mh._.js:776
[  602293ms] [LOG] [Fast Refresh] done in 6ms @ http://localhost:3000/_next/static/chunks/0brk_next_dist_0dm07mh._.js:776
[  602389ms] [LOG] [Fast Refresh] done in 6ms @ http://localhost:3000/_next/static/chunks/0brk_next_dist_0dm07mh._.js:776
[  602454ms] [LOG] [Fast Refresh] done in 6ms @ http://localhost:3000/_next/static/chunks/0brk_next_dist_0dm07mh._.js:776
[  602512ms] [LOG] [Fast Refresh] done in 6ms @ http://localhost:3000/_next/static/chunks/0brk_next_dist_0dm07mh._.js:776
[  602578ms] [LOG] [Fast Refresh] done in 6ms @ http://localhost:3000/_next/static/chunks/0brk_next_dist_0dm07mh._.js:776
[  602638ms] [LOG] [Fast Refresh] done in 6ms @ http://localhost:3000/_next/static/chunks/0brk_next_dist_0dm07mh._.js:776
[  602695ms] [LOG] [Fast Refresh] done in 6ms @ http://localhost:3000/_next/static/chunks/0brk_next_dist_0dm07mh._.js:776
[  602757ms] [LOG] [Fast Refresh] done in 6ms @ http://localhost:3000/_next/static/chunks/0brk_next_dist_0dm07mh._.js:776
[  602870ms] [LOG] [Fast Refresh] done in 6ms @ http://localhost:3000/_next/static/chunks/0brk_next_dist_0dm07mh._.js:776
[  602924ms] [LOG] [Fast Refresh] done in 6ms @ http://localhost:3000/_next/static/chunks/0brk_next_dist_0dm07mh._.js:776
[  602995ms] [LOG] [Fast Refresh] done in 6ms @ http://localhost:3000/_next/static/chunks/0brk_next_dist_0dm07mh._.js:776
[  603113ms] [LOG] [Fast Refresh] done in 6ms @ http://localhost:3000/_next/static/chunks/0brk_next_dist_0dm07mh._.js:776
[  603176ms] [LOG] [Fast Refresh] done in 6ms @ http://localhost:3000/_next/static/chunks/0brk_next_dist_0dm07mh._.js:776
[  603305ms] [LOG] [Fast Refresh] done in 6ms @ http://localhost:3000/_next/static/chunks/0brk_next_dist_0dm07mh._.js:776
[  603377ms] [LOG] [Fast Refresh] done in 6ms @ http://localhost:3000/_next/static/chunks/0brk_next_dist_0dm07mh._.js:776
[  603560ms] [LOG] [Fast Refresh] done in 6ms @ http://localhost:3000/_next/static/chunks/0brk_next_dist_0dm07mh._.js:776
[  604112ms] [LOG] [Fast Refresh] done in 6ms @ http://localhost:3000/_next/static/chunks/0brk_next_dist_0dm07mh._.js:776
[  604171ms] [LOG] [Fast Refresh] done in 6ms @ http://localhost:3000/_next/static/chunks/0brk_next_dist_0dm07mh._.js:776
[  604234ms] [LOG] [Fast Refresh] done in 6ms @ http://localhost:3000/_next/static/chunks/0brk_next_dist_0dm07mh._.js:776
[  604310ms] [LOG] [Fast Refresh] done in 6ms @ http://localhost:3000/_next/static/chunks/0brk_next_dist_0dm07mh._.js:776
[  604409ms] [LOG] [Fast Refresh] done in 6ms @ http://localhost:3000/_next/static/chunks/0brk_next_dist_0dm07mh._.js:776
[  604541ms] [LOG] [Fast Refresh] done in 6ms @ http://localhost:3000/_next/static/chunks/0brk_next_dist_0dm07mh._.js:776
[  605236ms] [LOG] [Fast Refresh] done in 6ms @ http://localhost:3000/_next/static/chunks/0brk_next_dist_0dm07mh._.js:776
[  605346ms] [LOG] [Fast Refresh] done in 6ms @ http://localhost:3000/_next/static/chunks/0brk_next_dist_0dm07mh._.js:776
[  605424ms] [LOG] [Fast Refresh] done in 6ms @ http://localhost:3000/_next/static/chunks/0brk_next_dist_0dm07mh._.js:776
[  605623ms] [LOG] [Fast Refresh] done in 6ms @ http://localhost:3000/_next/static/chunks/0brk_next_dist_0dm07mh._.js:776
[  605976ms] [LOG] [Fast Refresh] done in 6ms @ http://localhost:3000/_next/static/chunks/0brk_next_dist_0dm07mh._.js:776
[  606138ms] [LOG] [Fast Refresh] done in 6ms @ http://localhost:3000/_next/static/chunks/0brk_next_dist_0dm07mh._.js:776
[  606366ms] [LOG] [Fast Refresh] done in 6ms @ http://localhost:3000/_next/static/chunks/0brk_next_dist_0dm07mh._.js:776
[  606466ms] [LOG] [Fast Refresh] done in 6ms @ http://localhost:3000/_next/static/chunks/0brk_next_dist_0dm07mh._.js:776
[  606530ms] [LOG] [Fast Refresh] done in 6ms @ http://localhost:3000/_next/static/chunks/0brk_next_dist_0dm07mh._.js:776
[  606595ms] [LOG] [Fast Refresh] done in 6ms @ http://localhost:3000/_next/static/chunks/0brk_next_dist_0dm07mh._.js:776
[  606642ms] [LOG] [Fast Refresh] done in 6ms @ http://localhost:3000/_next/static/chunks/0brk_next_dist_0dm07mh._.js:776
[  606761ms] [LOG] [Fast Refresh] done in 6ms @ http://localhost:3000/_next/static/chunks/0brk_next_dist_0dm07mh._.js:776
[  606929ms] [LOG] [Fast Refresh] done in 6ms @ http://localhost:3000/_next/static/chunks/0brk_next_dist_0dm07mh._.js:776
[  607087ms] [LOG] [Fast Refresh] done in 6ms @ http://localhost:3000/_next/static/chunks/0brk_next_dist_0dm07mh._.js:776
[  607230ms] [LOG] [Fast Refresh] done in 6ms @ http://localhost:3000/_next/static/chunks/0brk_next_dist_0dm07mh._.js:776
[  607338ms] [LOG] [Fast Refresh] done in 6ms @ http://localhost:3000/_next/static/chunks/0brk_next_dist_0dm07mh._.js:776
[  607466ms] [LOG] [Fast Refresh] done in 6ms @ http://localhost:3000/_next/static/chunks/0brk_next_dist_0dm07mh._.js:776
[  607591ms] [LOG] [Fast Refresh] done in 6ms @ http://localhost:3000/_next/static/chunks/0brk_next_dist_0dm07mh._.js:776
[  607634ms] [LOG] [Fast Refresh] done in 6ms @ http://localhost:3000/_next/static/chunks/0brk_next_dist_0dm07mh._.js:776
[  607797ms] [LOG] [Fast Refresh] done in 6ms @ http://localhost:3000/_next/static/chunks/0brk_next_dist_0dm07mh._.js:776
[  608252ms] [LOG] [Fast Refresh] done in 6ms @ http://localhost:3000/_next/static/chunks/0brk_next_dist_0dm07mh._.js:776
[  608370ms] [LOG] [Fast Refresh] done in 6ms @ http://localhost:3000/_next/static/chunks/0brk_next_dist_0dm07mh._.js:776
[  608489ms] [LOG] [Fast Refresh] done in 6ms @ http://localhost:3000/_next/static/chunks/0brk_next_dist_0dm07mh._.js:776
[  608522ms] [LOG] [Fast Refresh] done in 6ms @ http://localhost:3000/_next/static/chunks/0brk_next_dist_0dm07mh._.js:776
[  608624ms] [LOG] [Fast Refresh] done in 6ms @ http://localhost:3000/_next/static/chunks/0brk_next_dist_0dm07mh._.js:776
[  608943ms] [LOG] [Fast Refresh] done in 6ms @ http://localhost:3000/_next/static/chunks/0brk_next_dist_0dm07mh._.js:776
[  609248ms] [LOG] [Fast Refresh] done in 6ms @ http://localhost:3000/_next/static/chunks/0brk_next_dist_0dm07mh._.js:776
[  609400ms] [LOG] [Fast Refresh] done in 6ms @ http://localhost:3000/_next/static/chunks/0brk_next_dist_0dm07mh._.js:776
[  609622ms] [LOG] [Fast Refresh] done in 6ms @ http://localhost:3000/_next/static/chunks/0brk_next_dist_0dm07mh._.js:776
[  609905ms] [LOG] [Fast Refresh] done in 6ms @ http://localhost:3000/_next/static/chunks/0brk_next_dist_0dm07mh._.js:776
[  609978ms] [LOG] [Fast Refresh] done in 6ms @ http://localhost:3000/_next/static/chunks/0brk_next_dist_0dm07mh._.js:776
[  610259ms] [LOG] [Fast Refresh] done in 6ms @ http://localhost:3000/_next/static/chunks/0brk_next_dist_0dm07mh._.js:776
[  610407ms] [LOG] [Fast Refresh] done in 6ms @ http://localhost:3000/_next/static/chunks/0brk_next_dist_0dm07mh._.js:776
[  610472ms] [LOG] [Fast Refresh] done in 6ms @ http://localhost:3000/_next/static/chunks/0brk_next_dist_0dm07mh._.js:776
[  610545ms] [LOG] [Fast Refresh] done in 6ms @ http://localhost:3000/_next/static/chunks/0brk_next_dist_0dm07mh._.js:776
[  610602ms] [LOG] [Fast Refresh] done in 6ms @ http://localhost:3000/_next/static/chunks/0brk_next_dist_0dm07mh._.js:776
[  610682ms] [LOG] [Fast Refresh] done in 6ms @ http://localhost:3000/_next/static/chunks/0brk_next_dist_0dm07mh._.js:776
[  610874ms] [LOG] [Fast Refresh] done in 6ms @ http://localhost:3000/_next/static/chunks/0brk_next_dist_0dm07mh._.js:776
[  611002ms] [LOG] [Fast Refresh] done in 6ms @ http://localhost:3000/_next/static/chunks/0brk_next_dist_0dm07mh._.js:776
[  611078ms] [LOG] [Fast Refresh] done in 6ms @ http://localhost:3000/_next/static/chunks/0brk_next_dist_0dm07mh._.js:776
[  611191ms] [LOG] [Fast Refresh] done in 6ms @ http://localhost:3000/_next/static/chunks/0brk_next_dist_0dm07mh._.js:776
[  611303ms] [LOG] [Fast Refresh] done in 6ms @ http://localhost:3000/_next/static/chunks/0brk_next_dist_0dm07mh._.js:776
[  611389ms] [LOG] [Fast Refresh] done in 6ms @ http://localhost:3000/_next/static/chunks/0brk_next_dist_0dm07mh._.js:776
[  611472ms] [LOG] [Fast Refresh] done in 6ms @ http://localhost:3000/_next/static/chunks/0brk_next_dist_0dm07mh._.js:776
[  611534ms] [LOG] [Fast Refresh] done in 6ms @ http://localhost:3000/_next/static/chunks/0brk_next_dist_0dm07mh._.js:776
[  611593ms] [LOG] [Fast Refresh] done in 6ms @ http://localhost:3000/_next/static/chunks/0brk_next_dist_0dm07mh._.js:776
[  611662ms] [LOG] [Fast Refresh] done in 6ms @ http://localhost:3000/_next/static/chunks/0brk_next_dist_0dm07mh._.js:776
[  611711ms] [LOG] [Fast Refresh] done in 6ms @ http://localhost:3000/_next/static/chunks/0brk_next_dist_0dm07mh._.js:776
[  611768ms] [LOG] [Fast Refresh] done in 6ms @ http://localhost:3000/_next/static/chunks/0brk_next_dist_0dm07mh._.js:776
[  611823ms] [LOG] [Fast Refresh] done in 6ms @ http://localhost:3000/_next/static/chunks/0brk_next_dist_0dm07mh._.js:776
[  611890ms] [LOG] [Fast Refresh] done in 6ms @ http://localhost:3000/_next/static/chunks/0brk_next_dist_0dm07mh._.js:776
[  611993ms] [LOG] [Fast Refresh] done in 6ms @ http://localhost:3000/_next/static/chunks/0brk_next_dist_0dm07mh._.js:776
[  612056ms] [LOG] [Fast Refresh] done in 6ms @ http://localhost:3000/_next/static/chunks/0brk_next_dist_0dm07mh._.js:776
[  612139ms] [LOG] [Fast Refresh] done in 6ms @ http://localhost:3000/_next/static/chunks/0brk_next_dist_0dm07mh._.js:776
[  612407ms] [LOG] [Fast Refresh] done in 6ms @ http://localhost:3000/_next/static/chunks/0brk_next_dist_0dm07mh._.js:776
[  612455ms] [LOG] [Fast Refresh] done in 6ms @ http://localhost:3000/_next/static/chunks/0brk_next_dist_0dm07mh._.js:776
[  613594ms] [LOG] [Fast Refresh] done in 6ms @ http://localhost:3000/_next/static/chunks/0brk_next_dist_0dm07mh._.js:776
[  613754ms] [LOG] [Fast Refresh] done in 6ms @ http://localhost:3000/_next/static/chunks/0brk_next_dist_0dm07mh._.js:776
[  613962ms] [LOG] [Fast Refresh] done in 6ms @ http://localhost:3000/_next/static/chunks/0brk_next_dist_0dm07mh._.js:776
[  614051ms] [LOG] [Fast Refresh] done in 6ms @ http://localhost:3000/_next/static/chunks/0brk_next_dist_0dm07mh._.js:776
[  614100ms] [LOG] [Fast Refresh] done in 6ms @ http://localhost:3000/_next/static/chunks/0brk_next_dist_0dm07mh._.js:776
[  614161ms] [LOG] [Fast Refresh] done in 6ms @ http://localhost:3000/_next/static/chunks/0brk_next_dist_0dm07mh._.js:776
[  614215ms] [LOG] [Fast Refresh] done in 6ms @ http://localhost:3000/_next/static/chunks/0brk_next_dist_0dm07mh._.js:776
[  614292ms] [LOG] [Fast Refresh] done in 6ms @ http://localhost:3000/_next/static/chunks/0brk_next_dist_0dm07mh._.js:776
[  614478ms] [LOG] [Fast Refresh] done in 6ms @ http://localhost:3000/_next/static/chunks/0brk_next_dist_0dm07mh._.js:776
[  614718ms] [LOG] [Fast Refresh] done in 6ms @ http://localhost:3000/_next/static/chunks/0brk_next_dist_0dm07mh._.js:776
[  614773ms] [LOG] [Fast Refresh] done in 6ms @ http://localhost:3000/_next/static/chunks/0brk_next_dist_0dm07mh._.js:776
[  614833ms] [LOG] [Fast Refresh] done in 6ms @ http://localhost:3000/_next/static/chunks/0brk_next_dist_0dm07mh._.js:776
[  614893ms] [LOG] [Fast Refresh] done in 6ms @ http://localhost:3000/_next/static/chunks/0brk_next_dist_0dm07mh._.js:776
[  614953ms] [LOG] [Fast Refresh] done in 6ms @ http://localhost:3000/_next/static/chunks/0brk_next_dist_0dm07mh._.js:776
[  615010ms] [LOG] [Fast Refresh] done in 6ms @ http://localhost:3000/_next/static/chunks/0brk_next_dist_0dm07mh._.js:776
[  615075ms] [LOG] [Fast Refresh] done in 6ms @ http://localhost:3000/_next/static/chunks/0brk_next_dist_0dm07mh._.js:776
[  615133ms] [LOG] [Fast Refresh] done in 6ms @ http://localhost:3000/_next/static/chunks/0brk_next_dist_0dm07mh._.js:776
[  615194ms] [LOG] [Fast Refresh] done in 6ms @ http://localhost:3000/_next/static/chunks/0brk_next_dist_0dm07mh._.js:776
[  615267ms] [LOG] [Fast Refresh] done in 6ms @ http://localhost:3000/_next/static/chunks/0brk_next_dist_0dm07mh._.js:776
[  615319ms] [LOG] [Fast Refresh] done in 6ms @ http://localhost:3000/_next/static/chunks/0brk_next_dist_0dm07mh._.js:776
[  615366ms] [LOG] [Fast Refresh] done in 6ms @ http://localhost:3000/_next/static/chunks/0brk_next_dist_0dm07mh._.js:776
[  615430ms] [LOG] [Fast Refresh] done in 6ms @ http://localhost:3000/_next/static/chunks/0brk_next_dist_0dm07mh._.js:776
[  615490ms] [LOG] [Fast Refresh] done in 6ms @ http://localhost:3000/_next/static/chunks/0brk_next_dist_0dm07mh._.js:776
[  615550ms] [LOG] [Fast Refresh] done in 6ms @ http://localhost:3000/_next/static/chunks/0brk_next_dist_0dm07mh._.js:776
[  615602ms] [LOG] [Fast Refresh] done in 6ms @ http://localhost:3000/_next/static/chunks/0brk_next_dist_0dm07mh._.js:776
[  615656ms] [LOG] [Fast Refresh] done in 6ms @ http://localhost:3000/_next/static/chunks/0brk_next_dist_0dm07mh._.js:776
[  615714ms] [LOG] [Fast Refresh] done in 6ms @ http://localhost:3000/_next/static/chunks/0brk_next_dist_0dm07mh._.js:776
[  615780ms] [LOG] [Fast Refresh] done in 6ms @ http://localhost:3000/_next/static/chunks/0brk_next_dist_0dm07mh._.js:776
[  615853ms] [LOG] [Fast Refresh] done in 6ms @ http://localhost:3000/_next/static/chunks/0brk_next_dist_0dm07mh._.js:776
[  615915ms] [LOG] [Fast Refresh] done in 6ms @ http://localhost:3000/_next/static/chunks/0brk_next_dist_0dm07mh._.js:776
[  615981ms] [LOG] [Fast Refresh] done in 6ms @ http://localhost:3000/_next/static/chunks/0brk_next_dist_0dm07mh._.js:776
[  616032ms] [LOG] [Fast Refresh] done in 6ms @ http://localhost:3000/_next/static/chunks/0brk_next_dist_0dm07mh._.js:776
[  616097ms] [LOG] [Fast Refresh] done in 6ms @ http://localhost:3000/_next/static/chunks/0brk_next_dist_0dm07mh._.js:776
[  616148ms] [LOG] [Fast Refresh] done in 6ms @ http://localhost:3000/_next/static/chunks/0brk_next_dist_0dm07mh._.js:776
[  616211ms] [LOG] [Fast Refresh] done in 6ms @ http://localhost:3000/_next/static/chunks/0brk_next_dist_0dm07mh._.js:776
[  616274ms] [LOG] [Fast Refresh] done in 6ms @ http://localhost:3000/_next/static/chunks/0brk_next_dist_0dm07mh._.js:776
[  616332ms] [LOG] [Fast Refresh] done in 6ms @ http://localhost:3000/_next/static/chunks/0brk_next_dist_0dm07mh._.js:776
[  616385ms] [LOG] [Fast Refresh] done in 6ms @ http://localhost:3000/_next/static/chunks/0brk_next_dist_0dm07mh._.js:776
[  616435ms] [LOG] [Fast Refresh] done in 6ms @ http://localhost:3000/_next/static/chunks/0brk_next_dist_0dm07mh._.js:776
[  616486ms] [LOG] [Fast Refresh] done in 6ms @ http://localhost:3000/_next/static/chunks/0brk_next_dist_0dm07mh._.js:776
[  616561ms] [LOG] [Fast Refresh] done in 6ms @ http://localhost:3000/_next/static/chunks/0brk_next_dist_0dm07mh._.js:776
[  616673ms] [LOG] [Fast Refresh] done in 6ms @ http://localhost:3000/_next/static/chunks/0brk_next_dist_0dm07mh._.js:776
[  616742ms] [LOG] [Fast Refresh] done in 6ms @ http://localhost:3000/_next/static/chunks/0brk_next_dist_0dm07mh._.js:776
[  616803ms] [LOG] [Fast Refresh] done in 6ms @ http://localhost:3000/_next/static/chunks/0brk_next_dist_0dm07mh._.js:776
[  616876ms] [LOG] [Fast Refresh] done in 6ms @ http://localhost:3000/_next/static/chunks/0brk_next_dist_0dm07mh._.js:776
[  616935ms] [LOG] [Fast Refresh] done in 6ms @ http://localhost:3000/_next/static/chunks/0brk_next_dist_0dm07mh._.js:776
[  617000ms] [LOG] [Fast Refresh] done in 6ms @ http://localhost:3000/_next/static/chunks/0brk_next_dist_0dm07mh._.js:776
[  617059ms] [LOG] [Fast Refresh] done in 6ms @ http://localhost:3000/_next/static/chunks/0brk_next_dist_0dm07mh._.js:776
[  617115ms] [LOG] [Fast Refresh] done in 6ms @ http://localhost:3000/_next/static/chunks/0brk_next_dist_0dm07mh._.js:776
[  617187ms] [LOG] [Fast Refresh] done in 6ms @ http://localhost:3000/_next/static/chunks/0brk_next_dist_0dm07mh._.js:776
[  617247ms] [LOG] [Fast Refresh] done in 6ms @ http://localhost:3000/_next/static/chunks/0brk_next_dist_0dm07mh._.js:776
[  617312ms] [LOG] [Fast Refresh] done in 6ms @ http://localhost:3000/_next/static/chunks/0brk_next_dist_0dm07mh._.js:776
[  617403ms] [LOG] [Fast Refresh] done in 6ms @ http://localhost:3000/_next/static/chunks/0brk_next_dist_0dm07mh._.js:776
[  617484ms] [LOG] [Fast Refresh] done in 6ms @ http://localhost:3000/_next/static/chunks/0brk_next_dist_0dm07mh._.js:776
[  617533ms] [LOG] [Fast Refresh] done in 6ms @ http://localhost:3000/_next/static/chunks/0brk_next_dist_0dm07mh._.js:776
[  617595ms] [LOG] [Fast Refresh] done in 6ms @ http://localhost:3000/_next/static/chunks/0brk_next_dist_0dm07mh._.js:776
[  617644ms] [LOG] [Fast Refresh] done in 6ms @ http://localhost:3000/_next/static/chunks/0brk_next_dist_0dm07mh._.js:776
[  617750ms] [LOG] [Fast Refresh] done in 6ms @ http://localhost:3000/_next/static/chunks/0brk_next_dist_0dm07mh._.js:776
[  617811ms] [LOG] [Fast Refresh] done in 6ms @ http://localhost:3000/_next/static/chunks/0brk_next_dist_0dm07mh._.js:776
[  617884ms] [LOG] [Fast Refresh] done in 6ms @ http://localhost:3000/_next/static/chunks/0brk_next_dist_0dm07mh._.js:776
[  617954ms] [LOG] [Fast Refresh] done in 6ms @ http://localhost:3000/_next/static/chunks/0brk_next_dist_0dm07mh._.js:776
[  618016ms] [LOG] [Fast Refresh] done in 6ms @ http://localhost:3000/_next/static/chunks/0brk_next_dist_0dm07mh._.js:776
[  618086ms] [LOG] [Fast Refresh] done in 6ms @ http://localhost:3000/_next/static/chunks/0brk_next_dist_0dm07mh._.js:776
[  618132ms] [LOG] [Fast Refresh] done in 6ms @ http://localhost:3000/_next/static/chunks/0brk_next_dist_0dm07mh._.js:776
[  618200ms] [LOG] [Fast Refresh] done in 6ms @ http://localhost:3000/_next/static/chunks/0brk_next_dist_0dm07mh._.js:776
[  618250ms] [LOG] [Fast Refresh] done in 6ms @ http://localhost:3000/_next/static/chunks/0brk_next_dist_0dm07mh._.js:776
[  618299ms] [LOG] [Fast Refresh] done in 6ms @ http://localhost:3000/_next/static/chunks/0brk_next_dist_0dm07mh._.js:776
[  618360ms] [LOG] [Fast Refresh] done in 6ms @ http://localhost:3000/_next/static/chunks/0brk_next_dist_0dm07mh._.js:776
[  618415ms] [LOG] [Fast Refresh] done in 6ms @ http://localhost:3000/_next/static/chunks/0brk_next_dist_0dm07mh._.js:776
[  618468ms] [LOG] [Fast Refresh] done in 6ms @ http://localhost:3000/_next/static/chunks/0brk_next_dist_0dm07mh._.js:776
[  618530ms] [LOG] [Fast Refresh] done in 6ms @ http://localhost:3000/_next/static/chunks/0brk_next_dist_0dm07mh._.js:776
[  618594ms] [LOG] [Fast Refresh] done in 6ms @ http://localhost:3000/_next/static/chunks/0brk_next_dist_0dm07mh._.js:776
[  618649ms] [LOG] [Fast Refresh] done in 6ms @ http://localhost:3000/_next/static/chunks/0brk_next_dist_0dm07mh._.js:776
[  618697ms] [LOG] [Fast Refresh] done in 6ms @ http://localhost:3000/_next/static/chunks/0brk_next_dist_0dm07mh._.js:776
[  618748ms] [LOG] [Fast Refresh] done in 6ms @ http://localhost:3000/_next/static/chunks/0brk_next_dist_0dm07mh._.js:776
[  618799ms] [LOG] [Fast Refresh] done in 6ms @ http://localhost:3000/_next/static/chunks/0brk_next_dist_0dm07mh._.js:776
[  618849ms] [LOG] [Fast Refresh] done in 6ms @ http://localhost:3000/_next/static/chunks/0brk_next_dist_0dm07mh._.js:776
[  618912ms] [LOG] [Fast Refresh] done in 6ms @ http://localhost:3000/_next/static/chunks/0brk_next_dist_0dm07mh._.js:776
[  618967ms] [LOG] [Fast Refresh] done in 6ms @ http://localhost:3000/_next/static/chunks/0brk_next_dist_0dm07mh._.js:776
[  619035ms] [LOG] [Fast Refresh] done in 6ms @ http://localhost:3000/_next/static/chunks/0brk_next_dist_0dm07mh._.js:776
[  619100ms] [LOG] [Fast Refresh] done in 6ms @ http://localhost:3000/_next/static/chunks/0brk_next_dist_0dm07mh._.js:776
[  619163ms] [LOG] [Fast Refresh] done in 6ms @ http://localhost:3000/_next/static/chunks/0brk_next_dist_0dm07mh._.js:776
[  619227ms] [LOG] [Fast Refresh] done in 6ms @ http://localhost:3000/_next/static/chunks/0brk_next_dist_0dm07mh._.js:776
[  619290ms] [LOG] [Fast Refresh] done in 6ms @ http://localhost:3000/_next/static/chunks/0brk_next_dist_0dm07mh._.js:776
[  619349ms] [LOG] [Fast Refresh] done in 6ms @ http://localhost:3000/_next/static/chunks/0brk_next_dist_0dm07mh._.js:776
[  619400ms] [LOG] [Fast Refresh] done in 6ms @ http://localhost:3000/_next/static/chunks/0brk_next_dist_0dm07mh._.js:776
[  619462ms] [LOG] [Fast Refresh] done in 6ms @ http://localhost:3000/_next/static/chunks/0brk_next_dist_0dm07mh._.js:776
[  619541ms] [LOG] [Fast Refresh] done in 6ms @ http://localhost:3000/_next/static/chunks/0brk_next_dist_0dm07mh._.js:776
[  619599ms] [LOG] [Fast Refresh] done in 6ms @ http://localhost:3000/_next/static/chunks/0brk_next_dist_0dm07mh._.js:776
[  619651ms] [LOG] [Fast Refresh] done in 6ms @ http://localhost:3000/_next/static/chunks/0brk_next_dist_0dm07mh._.js:776
[  619711ms] [LOG] [Fast Refresh] done in 6ms @ http://localhost:3000/_next/static/chunks/0brk_next_dist_0dm07mh._.js:776
[  619777ms] [LOG] [Fast Refresh] done in 6ms @ http://localhost:3000/_next/static/chunks/0brk_next_dist_0dm07mh._.js:776
[  619832ms] [LOG] [Fast Refresh] done in 6ms @ http://localhost:3000/_next/static/chunks/0brk_next_dist_0dm07mh._.js:776
[  619897ms] [LOG] [Fast Refresh] done in 6ms @ http://localhost:3000/_next/static/chunks/0brk_next_dist_0dm07mh._.js:776
[  619945ms] [LOG] [Fast Refresh] done in 6ms @ http://localhost:3000/_next/static/chunks/0brk_next_dist_0dm07mh._.js:776
[  620010ms] [LOG] [Fast Refresh] done in 6ms @ http://localhost:3000/_next/static/chunks/0brk_next_dist_0dm07mh._.js:776
[  620080ms] [LOG] [Fast Refresh] done in 6ms @ http://localhost:3000/_next/static/chunks/0brk_next_dist_0dm07mh._.js:776
[  620137ms] [LOG] [Fast Refresh] done in 6ms @ http://localhost:3000/_next/static/chunks/0brk_next_dist_0dm07mh._.js:776
[  620198ms] [LOG] [Fast Refresh] done in 6ms @ http://localhost:3000/_next/static/chunks/0brk_next_dist_0dm07mh._.js:776
[  620257ms] [LOG] [Fast Refresh] done in 6ms @ http://localhost:3000/_next/static/chunks/0brk_next_dist_0dm07mh._.js:776
[  620313ms] [LOG] [Fast Refresh] done in 6ms @ http://localhost:3000/_next/static/chunks/0brk_next_dist_0dm07mh._.js:776
[  620369ms] [LOG] [Fast Refresh] done in 6ms @ http://localhost:3000/_next/static/chunks/0brk_next_dist_0dm07mh._.js:776
[  620423ms] [LOG] [Fast Refresh] done in 6ms @ http://localhost:3000/_next/static/chunks/0brk_next_dist_0dm07mh._.js:776
[  620485ms] [LOG] [Fast Refresh] done in 6ms @ http://localhost:3000/_next/static/chunks/0brk_next_dist_0dm07mh._.js:776
[  620546ms] [LOG] [Fast Refresh] done in 6ms @ http://localhost:3000/_next/static/chunks/0brk_next_dist_0dm07mh._.js:776
[  620598ms] [LOG] [Fast Refresh] done in 6ms @ http://localhost:3000/_next/static/chunks/0brk_next_dist_0dm07mh._.js:776
[  620652ms] [LOG] [Fast Refresh] done in 6ms @ http://localhost:3000/_next/static/chunks/0brk_next_dist_0dm07mh._.js:776
[  620716ms] [LOG] [Fast Refresh] done in 6ms @ http://localhost:3000/_next/static/chunks/0brk_next_dist_0dm07mh._.js:776
[  620778ms] [LOG] [Fast Refresh] done in 6ms @ http://localhost:3000/_next/static/chunks/0brk_next_dist_0dm07mh._.js:776
[  620831ms] [LOG] [Fast Refresh] done in 6ms @ http://localhost:3000/_next/static/chunks/0brk_next_dist_0dm07mh._.js:776
[  621839ms] [LOG] [Fast Refresh] done in 6ms @ http://localhost:3000/_next/static/chunks/0brk_next_dist_0dm07mh._.js:776
[  621991ms] [LOG] [Fast Refresh] done in 6ms @ http://localhost:3000/_next/static/chunks/0brk_next_dist_0dm07mh._.js:776
[  622102ms] [LOG] [Fast Refresh] done in 6ms @ http://localhost:3000/_next/static/chunks/0brk_next_dist_0dm07mh._.js:776
[  622163ms] [LOG] [Fast Refresh] done in 6ms @ http://localhost:3000/_next/static/chunks/0brk_next_dist_0dm07mh._.js:776
[  622233ms] [LOG] [Fast Refresh] done in 6ms @ http://localhost:3000/_next/static/chunks/0brk_next_dist_0dm07mh._.js:776
[  622297ms] [LOG] [Fast Refresh] done in 6ms @ http://localhost:3000/_next/static/chunks/0brk_next_dist_0dm07mh._.js:776
[  622370ms] [LOG] [Fast Refresh] done in 6ms @ http://localhost:3000/_next/static/chunks/0brk_next_dist_0dm07mh._.js:776
[  622430ms] [LOG] [Fast Refresh] done in 6ms @ http://localhost:3000/_next/static/chunks/0brk_next_dist_0dm07mh._.js:776
[  622490ms] [LOG] [Fast Refresh] done in 6ms @ http://localhost:3000/_next/static/chunks/0brk_next_dist_0dm07mh._.js:776
[  622563ms] [LOG] [Fast Refresh] done in 6ms @ http://localhost:3000/_next/static/chunks/0brk_next_dist_0dm07mh._.js:776
[  622620ms] [LOG] [Fast Refresh] done in 6ms @ http://localhost:3000/_next/static/chunks/0brk_next_dist_0dm07mh._.js:776
[  622697ms] [LOG] [Fast Refresh] done in 6ms @ http://localhost:3000/_next/static/chunks/0brk_next_dist_0dm07mh._.js:776
[  622759ms] [LOG] [Fast Refresh] done in 6ms @ http://localhost:3000/_next/static/chunks/0brk_next_dist_0dm07mh._.js:776
[  622816ms] [LOG] [Fast Refresh] done in 6ms @ http://localhost:3000/_next/static/chunks/0brk_next_dist_0dm07mh._.js:776
[  622881ms] [LOG] [Fast Refresh] done in 6ms @ http://localhost:3000/_next/static/chunks/0brk_next_dist_0dm07mh._.js:776
[  622938ms] [LOG] [Fast Refresh] done in 6ms @ http://localhost:3000/_next/static/chunks/0brk_next_dist_0dm07mh._.js:776
[  623005ms] [LOG] [Fast Refresh] done in 6ms @ http://localhost:3000/_next/static/chunks/0brk_next_dist_0dm07mh._.js:776
[  623067ms] [LOG] [Fast Refresh] done in 6ms @ http://localhost:3000/_next/static/chunks/0brk_next_dist_0dm07mh._.js:776
[  623125ms] [LOG] [Fast Refresh] done in 6ms @ http://localhost:3000/_next/static/chunks/0brk_next_dist_0dm07mh._.js:776
[  623188ms] [LOG] [Fast Refresh] done in 6ms @ http://localhost:3000/_next/static/chunks/0brk_next_dist_0dm07mh._.js:776
[  623255ms] [LOG] [Fast Refresh] done in 6ms @ http://localhost:3000/_next/static/chunks/0brk_next_dist_0dm07mh._.js:776
[  623312ms] [LOG] [Fast Refresh] done in 6ms @ http://localhost:3000/_next/static/chunks/0brk_next_dist_0dm07mh._.js:776
[  623384ms] [LOG] [Fast Refresh] done in 6ms @ http://localhost:3000/_next/static/chunks/0brk_next_dist_0dm07mh._.js:776
[  623454ms] [LOG] [Fast Refresh] done in 6ms @ http://localhost:3000/_next/static/chunks/0brk_next_dist_0dm07mh._.js:776
[  623956ms] [LOG] [Fast Refresh] done in 6ms @ http://localhost:3000/_next/static/chunks/0brk_next_dist_0dm07mh._.js:776
[  624022ms] [LOG] [Fast Refresh] done in 6ms @ http://localhost:3000/_next/static/chunks/0brk_next_dist_0dm07mh._.js:776
[  624517ms] [LOG] [Fast Refresh] done in 6ms @ http://localhost:3000/_next/static/chunks/0brk_next_dist_0dm07mh._.js:776
[  624596ms] [LOG] [Fast Refresh] done in 6ms @ http://localhost:3000/_next/static/chunks/0brk_next_dist_0dm07mh._.js:776
[  624655ms] [LOG] [Fast Refresh] done in 6ms @ http://localhost:3000/_next/static/chunks/0brk_next_dist_0dm07mh._.js:776
[  624714ms] [LOG] [Fast Refresh] done in 6ms @ http://localhost:3000/_next/static/chunks/0brk_next_dist_0dm07mh._.js:776
[  624780ms] [LOG] [Fast Refresh] done in 6ms @ http://localhost:3000/_next/static/chunks/0brk_next_dist_0dm07mh._.js:776
[  624842ms] [LOG] [Fast Refresh] done in 6ms @ http://localhost:3000/_next/static/chunks/0brk_next_dist_0dm07mh._.js:776
[  624900ms] [LOG] [Fast Refresh] done in 6ms @ http://localhost:3000/_next/static/chunks/0brk_next_dist_0dm07mh._.js:776
[  624957ms] [LOG] [Fast Refresh] done in 6ms @ http://localhost:3000/_next/static/chunks/0brk_next_dist_0dm07mh._.js:776
[  625018ms] [LOG] [Fast Refresh] done in 6ms @ http://localhost:3000/_next/static/chunks/0brk_next_dist_0dm07mh._.js:776
[  625083ms] [LOG] [Fast Refresh] done in 6ms @ http://localhost:3000/_next/static/chunks/0brk_next_dist_0dm07mh._.js:776
[  625134ms] [LOG] [Fast Refresh] done in 6ms @ http://localhost:3000/_next/static/chunks/0brk_next_dist_0dm07mh._.js:776
[  625207ms] [LOG] [Fast Refresh] done in 6ms @ http://localhost:3000/_next/static/chunks/0brk_next_dist_0dm07mh._.js:776
[  625288ms] [LOG] [Fast Refresh] done in 6ms @ http://localhost:3000/_next/static/chunks/0brk_next_dist_0dm07mh._.js:776
[  625347ms] [LOG] [Fast Refresh] done in 6ms @ http://localhost:3000/_next/static/chunks/0brk_next_dist_0dm07mh._.js:776
[  625400ms] [LOG] [Fast Refresh] done in 6ms @ http://localhost:3000/_next/static/chunks/0brk_next_dist_0dm07mh._.js:776
[  625455ms] [LOG] [Fast Refresh] done in 6ms @ http://localhost:3000/_next/static/chunks/0brk_next_dist_0dm07mh._.js:776
[  625514ms] [LOG] [Fast Refresh] done in 6ms @ http://localhost:3000/_next/static/chunks/0brk_next_dist_0dm07mh._.js:776
[  625579ms] [LOG] [Fast Refresh] done in 6ms @ http://localhost:3000/_next/static/chunks/0brk_next_dist_0dm07mh._.js:776
[  625644ms] [LOG] [Fast Refresh] done in 6ms @ http://localhost:3000/_next/static/chunks/0brk_next_dist_0dm07mh._.js:776
[  625699ms] [LOG] [Fast Refresh] done in 6ms @ http://localhost:3000/_next/static/chunks/0brk_next_dist_0dm07mh._.js:776
[  625746ms] [LOG] [Fast Refresh] done in 6ms @ http://localhost:3000/_next/static/chunks/0brk_next_dist_0dm07mh._.js:776
[  625797ms] [LOG] [Fast Refresh] done in 6ms @ http://localhost:3000/_next/static/chunks/0brk_next_dist_0dm07mh._.js:776
[  625849ms] [LOG] [Fast Refresh] done in 6ms @ http://localhost:3000/_next/static/chunks/0brk_next_dist_0dm07mh._.js:776
[  625897ms] [LOG] [Fast Refresh] done in 6ms @ http://localhost:3000/_next/static/chunks/0brk_next_dist_0dm07mh._.js:776
[  625955ms] [LOG] [Fast Refresh] done in 6ms @ http://localhost:3000/_next/static/chunks/0brk_next_dist_0dm07mh._.js:776
[  625997ms] [LOG] [Fast Refresh] done in 6ms @ http://localhost:3000/_next/static/chunks/0brk_next_dist_0dm07mh._.js:776
[  626048ms] [LOG] [Fast Refresh] done in 6ms @ http://localhost:3000/_next/static/chunks/0brk_next_dist_0dm07mh._.js:776
[  626097ms] [LOG] [Fast Refresh] done in 6ms @ http://localhost:3000/_next/static/chunks/0brk_next_dist_0dm07mh._.js:776
[  626158ms] [LOG] [Fast Refresh] done in 6ms @ http://localhost:3000/_next/static/chunks/0brk_next_dist_0dm07mh._.js:776
[  626215ms] [LOG] [Fast Refresh] done in 6ms @ http://localhost:3000/_next/static/chunks/0brk_next_dist_0dm07mh._.js:776
[  626271ms] [LOG] [Fast Refresh] done in 6ms @ http://localhost:3000/_next/static/chunks/0brk_next_dist_0dm07mh._.js:776
[  626334ms] [LOG] [Fast Refresh] done in 6ms @ http://localhost:3000/_next/static/chunks/0brk_next_dist_0dm07mh._.js:776
[  626384ms] [LOG] [Fast Refresh] done in 6ms @ http://localhost:3000/_next/static/chunks/0brk_next_dist_0dm07mh._.js:776
[  626447ms] [LOG] [Fast Refresh] done in 6ms @ http://localhost:3000/_next/static/chunks/0brk_next_dist_0dm07mh._.js:776
[  626495ms] [LOG] [Fast Refresh] done in 6ms @ http://localhost:3000/_next/static/chunks/0brk_next_dist_0dm07mh._.js:776
[  626549ms] [LOG] [Fast Refresh] done in 6ms @ http://localhost:3000/_next/static/chunks/0brk_next_dist_0dm07mh._.js:776
[  626597ms] [LOG] [Fast Refresh] done in 6ms @ http://localhost:3000/_next/static/chunks/0brk_next_dist_0dm07mh._.js:776
[  626653ms] [LOG] [Fast Refresh] done in 6ms @ http://localhost:3000/_next/static/chunks/0brk_next_dist_0dm07mh._.js:776
[  626715ms] [LOG] [Fast Refresh] done in 6ms @ http://localhost:3000/_next/static/chunks/0brk_next_dist_0dm07mh._.js:776
[  626781ms] [LOG] [Fast Refresh] done in 6ms @ http://localhost:3000/_next/static/chunks/0brk_next_dist_0dm07mh._.js:776
[  626843ms] [LOG] [Fast Refresh] done in 6ms @ http://localhost:3000/_next/static/chunks/0brk_next_dist_0dm07mh._.js:776
[  626907ms] [LOG] [Fast Refresh] done in 6ms @ http://localhost:3000/_next/static/chunks/0brk_next_dist_0dm07mh._.js:776
[  626969ms] [LOG] [Fast Refresh] done in 6ms @ http://localhost:3000/_next/static/chunks/0brk_next_dist_0dm07mh._.js:776
[  627031ms] [LOG] [Fast Refresh] done in 6ms @ http://localhost:3000/_next/static/chunks/0brk_next_dist_0dm07mh._.js:776
[  627079ms] [LOG] [Fast Refresh] done in 6ms @ http://localhost:3000/_next/static/chunks/0brk_next_dist_0dm07mh._.js:776
[  627137ms] [LOG] [Fast Refresh] done in 6ms @ http://localhost:3000/_next/static/chunks/0brk_next_dist_0dm07mh._.js:776
[  627199ms] [LOG] [Fast Refresh] done in 6ms @ http://localhost:3000/_next/static/chunks/0brk_next_dist_0dm07mh._.js:776
[  627261ms] [LOG] [Fast Refresh] done in 6ms @ http://localhost:3000/_next/static/chunks/0brk_next_dist_0dm07mh._.js:776
[  627311ms] [LOG] [Fast Refresh] done in 6ms @ http://localhost:3000/_next/static/chunks/0brk_next_dist_0dm07mh._.js:776
[  627364ms] [LOG] [Fast Refresh] done in 6ms @ http://localhost:3000/_next/static/chunks/0brk_next_dist_0dm07mh._.js:776
[  627412ms] [LOG] [Fast Refresh] done in 6ms @ http://localhost:3000/_next/static/chunks/0brk_next_dist_0dm07mh._.js:776
[  627468ms] [LOG] [Fast Refresh] done in 6ms @ http://localhost:3000/_next/static/chunks/0brk_next_dist_0dm07mh._.js:776
[  627532ms] [LOG] [Fast Refresh] done in 6ms @ http://localhost:3000/_next/static/chunks/0brk_next_dist_0dm07mh._.js:776
[  627597ms] [LOG] [Fast Refresh] done in 6ms @ http://localhost:3000/_next/static/chunks/0brk_next_dist_0dm07mh._.js:776
[  627659ms] [LOG] [Fast Refresh] done in 6ms @ http://localhost:3000/_next/static/chunks/0brk_next_dist_0dm07mh._.js:776
[  627714ms] [LOG] [Fast Refresh] done in 6ms @ http://localhost:3000/_next/static/chunks/0brk_next_dist_0dm07mh._.js:776
[  627767ms] [LOG] [Fast Refresh] done in 6ms @ http://localhost:3000/_next/static/chunks/0brk_next_dist_0dm07mh._.js:776
[  627837ms] [LOG] [Fast Refresh] done in 6ms @ http://localhost:3000/_next/static/chunks/0brk_next_dist_0dm07mh._.js:776
[  627899ms] [LOG] [Fast Refresh] done in 6ms @ http://localhost:3000/_next/static/chunks/0brk_next_dist_0dm07mh._.js:776
[  627954ms] [LOG] [Fast Refresh] done in 6ms @ http://localhost:3000/_next/static/chunks/0brk_next_dist_0dm07mh._.js:776
[  628017ms] [LOG] [Fast Refresh] done in 6ms @ http://localhost:3000/_next/static/chunks/0brk_next_dist_0dm07mh._.js:776
[  628084ms] [LOG] [Fast Refresh] done in 6ms @ http://localhost:3000/_next/static/chunks/0brk_next_dist_0dm07mh._.js:776
[  628129ms] [LOG] [Fast Refresh] done in 6ms @ http://localhost:3000/_next/static/chunks/0brk_next_dist_0dm07mh._.js:776
[  628191ms] [LOG] [Fast Refresh] done in 6ms @ http://localhost:3000/_next/static/chunks/0brk_next_dist_0dm07mh._.js:776
[  628235ms] [LOG] [Fast Refresh] done in 6ms @ http://localhost:3000/_next/static/chunks/0brk_next_dist_0dm07mh._.js:776
[  628299ms] [LOG] [Fast Refresh] done in 6ms @ http://localhost:3000/_next/static/chunks/0brk_next_dist_0dm07mh._.js:776
[  628352ms] [LOG] [Fast Refresh] done in 6ms @ http://localhost:3000/_next/static/chunks/0brk_next_dist_0dm07mh._.js:776
[  628415ms] [LOG] [Fast Refresh] done in 6ms @ http://localhost:3000/_next/static/chunks/0brk_next_dist_0dm07mh._.js:776
[  628457ms] [LOG] [Fast Refresh] done in 6ms @ http://localhost:3000/_next/static/chunks/0brk_next_dist_0dm07mh._.js:776
[  628516ms] [LOG] [Fast Refresh] done in 6ms @ http://localhost:3000/_next/static/chunks/0brk_next_dist_0dm07mh._.js:776
[  628574ms] [LOG] [Fast Refresh] done in 6ms @ http://localhost:3000/_next/static/chunks/0brk_next_dist_0dm07mh._.js:776
[  628625ms] [LOG] [Fast Refresh] done in 6ms @ http://localhost:3000/_next/static/chunks/0brk_next_dist_0dm07mh._.js:776
[  628689ms] [LOG] [Fast Refresh] done in 6ms @ http://localhost:3000/_next/static/chunks/0brk_next_dist_0dm07mh._.js:776
[  628741ms] [LOG] [Fast Refresh] done in 6ms @ http://localhost:3000/_next/static/chunks/0brk_next_dist_0dm07mh._.js:776
[  628801ms] [LOG] [Fast Refresh] done in 6ms @ http://localhost:3000/_next/static/chunks/0brk_next_dist_0dm07mh._.js:776
[  628892ms] [LOG] [Fast Refresh] done in 6ms @ http://localhost:3000/_next/static/chunks/0brk_next_dist_0dm07mh._.js:776
[  628956ms] [LOG] [Fast Refresh] done in 6ms @ http://localhost:3000/_next/static/chunks/0brk_next_dist_0dm07mh._.js:776
[  629010ms] [LOG] [Fast Refresh] done in 6ms @ http://localhost:3000/_next/static/chunks/0brk_next_dist_0dm07mh._.js:776
[  629059ms] [LOG] [Fast Refresh] done in 6ms @ http://localhost:3000/_next/static/chunks/0brk_next_dist_0dm07mh._.js:776
[  629115ms] [LOG] [Fast Refresh] done in 6ms @ http://localhost:3000/_next/static/chunks/0brk_next_dist_0dm07mh._.js:776
[  629171ms] [LOG] [Fast Refresh] done in 6ms @ http://localhost:3000/_next/static/chunks/0brk_next_dist_0dm07mh._.js:776
[  629223ms] [LOG] [Fast Refresh] done in 6ms @ http://localhost:3000/_next/static/chunks/0brk_next_dist_0dm07mh._.js:776
[  629280ms] [LOG] [Fast Refresh] done in 6ms @ http://localhost:3000/_next/static/chunks/0brk_next_dist_0dm07mh._.js:776
[  629338ms] [LOG] [Fast Refresh] done in 6ms @ http://localhost:3000/_next/static/chunks/0brk_next_dist_0dm07mh._.js:776
[  629388ms] [LOG] [Fast Refresh] done in 6ms @ http://localhost:3000/_next/static/chunks/0brk_next_dist_0dm07mh._.js:776
[  629450ms] [LOG] [Fast Refresh] done in 6ms @ http://localhost:3000/_next/static/chunks/0brk_next_dist_0dm07mh._.js:776
[  629511ms] [LOG] [Fast Refresh] done in 6ms @ http://localhost:3000/_next/static/chunks/0brk_next_dist_0dm07mh._.js:776
[  629573ms] [LOG] [Fast Refresh] done in 6ms @ http://localhost:3000/_next/static/chunks/0brk_next_dist_0dm07mh._.js:776
[  629631ms] [LOG] [Fast Refresh] done in 6ms @ http://localhost:3000/_next/static/chunks/0brk_next_dist_0dm07mh._.js:776
[  629694ms] [LOG] [Fast Refresh] done in 6ms @ http://localhost:3000/_next/static/chunks/0brk_next_dist_0dm07mh._.js:776
[  629795ms] [LOG] [Fast Refresh] done in 6ms @ http://localhost:3000/_next/static/chunks/0brk_next_dist_0dm07mh._.js:776
[  629857ms] [LOG] [Fast Refresh] done in 6ms @ http://localhost:3000/_next/static/chunks/0brk_next_dist_0dm07mh._.js:776
[  629911ms] [LOG] [Fast Refresh] done in 6ms @ http://localhost:3000/_next/static/chunks/0brk_next_dist_0dm07mh._.js:776
[  629978ms] [LOG] [Fast Refresh] done in 6ms @ http://localhost:3000/_next/static/chunks/0brk_next_dist_0dm07mh._.js:776
[  630031ms] [LOG] [Fast Refresh] done in 6ms @ http://localhost:3000/_next/static/chunks/0brk_next_dist_0dm07mh._.js:776
[  630079ms] [LOG] [Fast Refresh] done in 6ms @ http://localhost:3000/_next/static/chunks/0brk_next_dist_0dm07mh._.js:776
[  630145ms] [LOG] [Fast Refresh] done in 6ms @ http://localhost:3000/_next/static/chunks/0brk_next_dist_0dm07mh._.js:776
[  630200ms] [LOG] [Fast Refresh] done in 6ms @ http://localhost:3000/_next/static/chunks/0brk_next_dist_0dm07mh._.js:776
[  630248ms] [LOG] [Fast Refresh] done in 6ms @ http://localhost:3000/_next/static/chunks/0brk_next_dist_0dm07mh._.js:776
[  630297ms] [LOG] [Fast Refresh] done in 6ms @ http://localhost:3000/_next/static/chunks/0brk_next_dist_0dm07mh._.js:776
[  630352ms] [LOG] [Fast Refresh] done in 6ms @ http://localhost:3000/_next/static/chunks/0brk_next_dist_0dm07mh._.js:776
[  630415ms] [LOG] [Fast Refresh] done in 6ms @ http://localhost:3000/_next/static/chunks/0brk_next_dist_0dm07mh._.js:776
[  630478ms] [LOG] [Fast Refresh] done in 6ms @ http://localhost:3000/_next/static/chunks/0brk_next_dist_0dm07mh._.js:776
[  630532ms] [LOG] [Fast Refresh] done in 6ms @ http://localhost:3000/_next/static/chunks/0brk_next_dist_0dm07mh._.js:776
[  630597ms] [LOG] [Fast Refresh] done in 6ms @ http://localhost:3000/_next/static/chunks/0brk_next_dist_0dm07mh._.js:776
[  630659ms] [LOG] [Fast Refresh] done in 6ms @ http://localhost:3000/_next/static/chunks/0brk_next_dist_0dm07mh._.js:776
[  630718ms] [LOG] [Fast Refresh] done in 6ms @ http://localhost:3000/_next/static/chunks/0brk_next_dist_0dm07mh._.js:776
[  630780ms] [LOG] [Fast Refresh] done in 6ms @ http://localhost:3000/_next/static/chunks/0brk_next_dist_0dm07mh._.js:776
[  630837ms] [LOG] [Fast Refresh] done in 6ms @ http://localhost:3000/_next/static/chunks/0brk_next_dist_0dm07mh._.js:776
[  630893ms] [LOG] [Fast Refresh] done in 6ms @ http://localhost:3000/_next/static/chunks/0brk_next_dist_0dm07mh._.js:776
[  630950ms] [LOG] [Fast Refresh] done in 6ms @ http://localhost:3000/_next/static/chunks/0brk_next_dist_0dm07mh._.js:776
[  631011ms] [LOG] [Fast Refresh] done in 6ms @ http://localhost:3000/_next/static/chunks/0brk_next_dist_0dm07mh._.js:776
[  631074ms] [LOG] [Fast Refresh] done in 6ms @ http://localhost:3000/_next/static/chunks/0brk_next_dist_0dm07mh._.js:776
[  631130ms] [LOG] [Fast Refresh] done in 6ms @ http://localhost:3000/_next/static/chunks/0brk_next_dist_0dm07mh._.js:776
[  631192ms] [LOG] [Fast Refresh] done in 6ms @ http://localhost:3000/_next/static/chunks/0brk_next_dist_0dm07mh._.js:776
[  631236ms] [LOG] [Fast Refresh] done in 6ms @ http://localhost:3000/_next/static/chunks/0brk_next_dist_0dm07mh._.js:776
[  631301ms] [LOG] [Fast Refresh] done in 6ms @ http://localhost:3000/_next/static/chunks/0brk_next_dist_0dm07mh._.js:776
[  631359ms] [LOG] [Fast Refresh] done in 6ms @ http://localhost:3000/_next/static/chunks/0brk_next_dist_0dm07mh._.js:776
[  631416ms] [LOG] [Fast Refresh] done in 6ms @ http://localhost:3000/_next/static/chunks/0brk_next_dist_0dm07mh._.js:776
[  631476ms] [LOG] [Fast Refresh] done in 6ms @ http://localhost:3000/_next/static/chunks/0brk_next_dist_0dm07mh._.js:776
[  631532ms] [LOG] [Fast Refresh] done in 6ms @ http://localhost:3000/_next/static/chunks/0brk_next_dist_0dm07mh._.js:776
[  631588ms] [LOG] [Fast Refresh] done in 6ms @ http://localhost:3000/_next/static/chunks/0brk_next_dist_0dm07mh._.js:776
[  631650ms] [LOG] [Fast Refresh] done in 6ms @ http://localhost:3000/_next/static/chunks/0brk_next_dist_0dm07mh._.js:776
[  631713ms] [LOG] [Fast Refresh] done in 6ms @ http://localhost:3000/_next/static/chunks/0brk_next_dist_0dm07mh._.js:776
[  631774ms] [LOG] [Fast Refresh] done in 6ms @ http://localhost:3000/_next/static/chunks/0brk_next_dist_0dm07mh._.js:776
[  631879ms] [LOG] [Fast Refresh] done in 6ms @ http://localhost:3000/_next/static/chunks/0brk_next_dist_0dm07mh._.js:776
[  631962ms] [LOG] [Fast Refresh] done in 6ms @ http://localhost:3000/_next/static/chunks/0brk_next_dist_0dm07mh._.js:776
[  632042ms] [LOG] [Fast Refresh] done in 6ms @ http://localhost:3000/_next/static/chunks/0brk_next_dist_0dm07mh._.js:776
[  632097ms] [LOG] [Fast Refresh] done in 6ms @ http://localhost:3000/_next/static/chunks/0brk_next_dist_0dm07mh._.js:776
[  632147ms] [LOG] [Fast Refresh] done in 6ms @ http://localhost:3000/_next/static/chunks/0brk_next_dist_0dm07mh._.js:776
[  632210ms] [LOG] [Fast Refresh] done in 6ms @ http://localhost:3000/_next/static/chunks/0brk_next_dist_0dm07mh._.js:776
[  632271ms] [LOG] [Fast Refresh] done in 6ms @ http://localhost:3000/_next/static/chunks/0brk_next_dist_0dm07mh._.js:776
[  632333ms] [LOG] [Fast Refresh] done in 6ms @ http://localhost:3000/_next/static/chunks/0brk_next_dist_0dm07mh._.js:776
[  632381ms] [LOG] [Fast Refresh] done in 6ms @ http://localhost:3000/_next/static/chunks/0brk_next_dist_0dm07mh._.js:776
[  632432ms] [LOG] [Fast Refresh] done in 6ms @ http://localhost:3000/_next/static/chunks/0brk_next_dist_0dm07mh._.js:776
[  632482ms] [LOG] [Fast Refresh] done in 6ms @ http://localhost:3000/_next/static/chunks/0brk_next_dist_0dm07mh._.js:776
[  632533ms] [LOG] [Fast Refresh] done in 6ms @ http://localhost:3000/_next/static/chunks/0brk_next_dist_0dm07mh._.js:776
[  632587ms] [LOG] [Fast Refresh] done in 6ms @ http://localhost:3000/_next/static/chunks/0brk_next_dist_0dm07mh._.js:776
[  632652ms] [LOG] [Fast Refresh] done in 6ms @ http://localhost:3000/_next/static/chunks/0brk_next_dist_0dm07mh._.js:776
[  632727ms] [LOG] [Fast Refresh] done in 6ms @ http://localhost:3000/_next/static/chunks/0brk_next_dist_0dm07mh._.js:776
[  632784ms] [LOG] [Fast Refresh] done in 6ms @ http://localhost:3000/_next/static/chunks/0brk_next_dist_0dm07mh._.js:776
[  632846ms] [LOG] [Fast Refresh] done in 6ms @ http://localhost:3000/_next/static/chunks/0brk_next_dist_0dm07mh._.js:776
[  633347ms] [LOG] [Fast Refresh] done in 6ms @ http://localhost:3000/_next/static/chunks/0brk_next_dist_0dm07mh._.js:776
[  633402ms] [LOG] [Fast Refresh] done in 6ms @ http://localhost:3000/_next/static/chunks/0brk_next_dist_0dm07mh._.js:776
[  633833ms] [LOG] [Fast Refresh] done in 6ms @ http://localhost:3000/_next/static/chunks/0brk_next_dist_0dm07mh._.js:776
[  633891ms] [LOG] [Fast Refresh] done in 6ms @ http://localhost:3000/_next/static/chunks/0brk_next_dist_0dm07mh._.js:776
[  634012ms] [LOG] [Fast Refresh] done in 6ms @ http://localhost:3000/_next/static/chunks/0brk_next_dist_0dm07mh._.js:776
[  634075ms] [LOG] [Fast Refresh] done in 6ms @ http://localhost:3000/_next/static/chunks/0brk_next_dist_0dm07mh._.js:776
[  634139ms] [LOG] [Fast Refresh] done in 6ms @ http://localhost:3000/_next/static/chunks/0brk_next_dist_0dm07mh._.js:776
[  634197ms] [LOG] [Fast Refresh] done in 6ms @ http://localhost:3000/_next/static/chunks/0brk_next_dist_0dm07mh._.js:776
[  634275ms] [LOG] [Fast Refresh] done in 6ms @ http://localhost:3000/_next/static/chunks/0brk_next_dist_0dm07mh._.js:776
[  634339ms] [LOG] [Fast Refresh] done in 6ms @ http://localhost:3000/_next/static/chunks/0brk_next_dist_0dm07mh._.js:776
[  634398ms] [LOG] [Fast Refresh] done in 6ms @ http://localhost:3000/_next/static/chunks/0brk_next_dist_0dm07mh._.js:776
[  634460ms] [LOG] [Fast Refresh] done in 6ms @ http://localhost:3000/_next/static/chunks/0brk_next_dist_0dm07mh._.js:776
[  634540ms] [LOG] [Fast Refresh] done in 6ms @ http://localhost:3000/_next/static/chunks/0brk_next_dist_0dm07mh._.js:776
[  634637ms] [LOG] [Fast Refresh] done in 6ms @ http://localhost:3000/_next/static/chunks/0brk_next_dist_0dm07mh._.js:776
[  634706ms] [LOG] [Fast Refresh] done in 6ms @ http://localhost:3000/_next/static/chunks/0brk_next_dist_0dm07mh._.js:776
[  634762ms] [LOG] [Fast Refresh] done in 6ms @ http://localhost:3000/_next/static/chunks/0brk_next_dist_0dm07mh._.js:776
[  634816ms] [LOG] [Fast Refresh] done in 6ms @ http://localhost:3000/_next/static/chunks/0brk_next_dist_0dm07mh._.js:776
[  634878ms] [LOG] [Fast Refresh] done in 6ms @ http://localhost:3000/_next/static/chunks/0brk_next_dist_0dm07mh._.js:776
[  634933ms] [LOG] [Fast Refresh] done in 6ms @ http://localhost:3000/_next/static/chunks/0brk_next_dist_0dm07mh._.js:776
[  634996ms] [LOG] [Fast Refresh] done in 6ms @ http://localhost:3000/_next/static/chunks/0brk_next_dist_0dm07mh._.js:776
[  635048ms] [LOG] [Fast Refresh] done in 6ms @ http://localhost:3000/_next/static/chunks/0brk_next_dist_0dm07mh._.js:776
[  635097ms] [LOG] [Fast Refresh] done in 6ms @ http://localhost:3000/_next/static/chunks/0brk_next_dist_0dm07mh._.js:776
[  635147ms] [LOG] [Fast Refresh] done in 6ms @ http://localhost:3000/_next/static/chunks/0brk_next_dist_0dm07mh._.js:776
[  635196ms] [LOG] [Fast Refresh] done in 6ms @ http://localhost:3000/_next/static/chunks/0brk_next_dist_0dm07mh._.js:776
[  635257ms] [LOG] [Fast Refresh] done in 6ms @ http://localhost:3000/_next/static/chunks/0brk_next_dist_0dm07mh._.js:776
[  635314ms] [LOG] [Fast Refresh] done in 6ms @ http://localhost:3000/_next/static/chunks/0brk_next_dist_0dm07mh._.js:776
[  635377ms] [LOG] [Fast Refresh] done in 6ms @ http://localhost:3000/_next/static/chunks/0brk_next_dist_0dm07mh._.js:776
[  635432ms] [LOG] [Fast Refresh] done in 6ms @ http://localhost:3000/_next/static/chunks/0brk_next_dist_0dm07mh._.js:776
[  635494ms] [LOG] [Fast Refresh] done in 6ms @ http://localhost:3000/_next/static/chunks/0brk_next_dist_0dm07mh._.js:776
[  635547ms] [LOG] [Fast Refresh] done in 6ms @ http://localhost:3000/_next/static/chunks/0brk_next_dist_0dm07mh._.js:776
[  635596ms] [LOG] [Fast Refresh] done in 6ms @ http://localhost:3000/_next/static/chunks/0brk_next_dist_0dm07mh._.js:776
[  635659ms] [LOG] [Fast Refresh] done in 6ms @ http://localhost:3000/_next/static/chunks/0brk_next_dist_0dm07mh._.js:776
[  635733ms] [LOG] [Fast Refresh] done in 6ms @ http://localhost:3000/_next/static/chunks/0brk_next_dist_0dm07mh._.js:776
[  636234ms] [LOG] [Fast Refresh] done in 6ms @ http://localhost:3000/_next/static/chunks/0brk_next_dist_0dm07mh._.js:776
[  636597ms] [LOG] [Fast Refresh] done in 6ms @ http://localhost:3000/_next/static/chunks/0brk_next_dist_0dm07mh._.js:776
[  636650ms] [LOG] [Fast Refresh] done in 6ms @ http://localhost:3000/_next/static/chunks/0brk_next_dist_0dm07mh._.js:776
[  636711ms] [LOG] [Fast Refresh] done in 6ms @ http://localhost:3000/_next/static/chunks/0brk_next_dist_0dm07mh._.js:776
[  636767ms] [LOG] [Fast Refresh] done in 6ms @ http://localhost:3000/_next/static/chunks/0brk_next_dist_0dm07mh._.js:776
[  636820ms] [LOG] [Fast Refresh] done in 6ms @ http://localhost:3000/_next/static/chunks/0brk_next_dist_0dm07mh._.js:776
[  636889ms] [LOG] [Fast Refresh] done in 6ms @ http://localhost:3000/_next/static/chunks/0brk_next_dist_0dm07mh._.js:776
[  636943ms] [LOG] [Fast Refresh] done in 6ms @ http://localhost:3000/_next/static/chunks/0brk_next_dist_0dm07mh._.js:776
[  637017ms] [LOG] [Fast Refresh] done in 6ms @ http://localhost:3000/_next/static/chunks/0brk_next_dist_0dm07mh._.js:776
[  637083ms] [LOG] [Fast Refresh] done in 6ms @ http://localhost:3000/_next/static/chunks/0brk_next_dist_0dm07mh._.js:776
[  637154ms] [LOG] [Fast Refresh] done in 6ms @ http://localhost:3000/_next/static/chunks/0brk_next_dist_0dm07mh._.js:776
[  637218ms] [LOG] [Fast Refresh] done in 6ms @ http://localhost:3000/_next/static/chunks/0brk_next_dist_0dm07mh._.js:776
[  637280ms] [LOG] [Fast Refresh] done in 6ms @ http://localhost:3000/_next/static/chunks/0brk_next_dist_0dm07mh._.js:776
[  637342ms] [LOG] [Fast Refresh] done in 6ms @ http://localhost:3000/_next/static/chunks/0brk_next_dist_0dm07mh._.js:776
[  637398ms] [LOG] [Fast Refresh] done in 6ms @ http://localhost:3000/_next/static/chunks/0brk_next_dist_0dm07mh._.js:776
[  637459ms] [LOG] [Fast Refresh] done in 6ms @ http://localhost:3000/_next/static/chunks/0brk_next_dist_0dm07mh._.js:776
[  637514ms] [LOG] [Fast Refresh] done in 6ms @ http://localhost:3000/_next/static/chunks/0brk_next_dist_0dm07mh._.js:776
[  637585ms] [LOG] [Fast Refresh] done in 6ms @ http://localhost:3000/_next/static/chunks/0brk_next_dist_0dm07mh._.js:776
[  637636ms] [LOG] [Fast Refresh] done in 6ms @ http://localhost:3000/_next/static/chunks/0brk_next_dist_0dm07mh._.js:776
[  637693ms] [LOG] [Fast Refresh] done in 6ms @ http://localhost:3000/_next/static/chunks/0brk_next_dist_0dm07mh._.js:776
[  637758ms] [LOG] [Fast Refresh] done in 6ms @ http://localhost:3000/_next/static/chunks/0brk_next_dist_0dm07mh._.js:776
[  637822ms] [LOG] [Fast Refresh] done in 6ms @ http://localhost:3000/_next/static/chunks/0brk_next_dist_0dm07mh._.js:776
[  637883ms] [LOG] [Fast Refresh] done in 6ms @ http://localhost:3000/_next/static/chunks/0brk_next_dist_0dm07mh._.js:776
[  637935ms] [LOG] [Fast Refresh] done in 6ms @ http://localhost:3000/_next/static/chunks/0brk_next_dist_0dm07mh._.js:776
[  637992ms] [LOG] [Fast Refresh] done in 6ms @ http://localhost:3000/_next/static/chunks/0brk_next_dist_0dm07mh._.js:776
[  638054ms] [LOG] [Fast Refresh] done in 6ms @ http://localhost:3000/_next/static/chunks/0brk_next_dist_0dm07mh._.js:776
[  638119ms] [LOG] [Fast Refresh] done in 6ms @ http://localhost:3000/_next/static/chunks/0brk_next_dist_0dm07mh._.js:776
[  638183ms] [LOG] [Fast Refresh] done in 6ms @ http://localhost:3000/_next/static/chunks/0brk_next_dist_0dm07mh._.js:776
[  638339ms] [LOG] [Fast Refresh] done in 6ms @ http://localhost:3000/_next/static/chunks/0brk_next_dist_0dm07mh._.js:776
[  638491ms] [LOG] [Fast Refresh] done in 6ms @ http://localhost:3000/_next/static/chunks/0brk_next_dist_0dm07mh._.js:776
[  638590ms] [LOG] [Fast Refresh] done in 6ms @ http://localhost:3000/_next/static/chunks/0brk_next_dist_0dm07mh._.js:776
[  638666ms] [LOG] [Fast Refresh] done in 6ms @ http://localhost:3000/_next/static/chunks/0brk_next_dist_0dm07mh._.js:776
[  638731ms] [LOG] [Fast Refresh] done in 6ms @ http://localhost:3000/_next/static/chunks/0brk_next_dist_0dm07mh._.js:776
[  638778ms] [LOG] [Fast Refresh] done in 6ms @ http://localhost:3000/_next/static/chunks/0brk_next_dist_0dm07mh._.js:776
[  638826ms] [LOG] [Fast Refresh] done in 6ms @ http://localhost:3000/_next/static/chunks/0brk_next_dist_0dm07mh._.js:776
[  638889ms] [LOG] [Fast Refresh] done in 6ms @ http://localhost:3000/_next/static/chunks/0brk_next_dist_0dm07mh._.js:776
[  638949ms] [LOG] [Fast Refresh] done in 6ms @ http://localhost:3000/_next/static/chunks/0brk_next_dist_0dm07mh._.js:776
[  639008ms] [LOG] [Fast Refresh] done in 6ms @ http://localhost:3000/_next/static/chunks/0brk_next_dist_0dm07mh._.js:776
[  639066ms] [LOG] [Fast Refresh] done in 6ms @ http://localhost:3000/_next/static/chunks/0brk_next_dist_0dm07mh._.js:776
[  639118ms] [LOG] [Fast Refresh] done in 6ms @ http://localhost:3000/_next/static/chunks/0brk_next_dist_0dm07mh._.js:776
[  639166ms] [LOG] [Fast Refresh] done in 6ms @ http://localhost:3000/_next/static/chunks/0brk_next_dist_0dm07mh._.js:776
[  639230ms] [LOG] [Fast Refresh] done in 6ms @ http://localhost:3000/_next/static/chunks/0brk_next_dist_0dm07mh._.js:776
[  639289ms] [LOG] [Fast Refresh] done in 6ms @ http://localhost:3000/_next/static/chunks/0brk_next_dist_0dm07mh._.js:776
[  639352ms] [LOG] [Fast Refresh] done in 6ms @ http://localhost:3000/_next/static/chunks/0brk_next_dist_0dm07mh._.js:776
[  639416ms] [LOG] [Fast Refresh] done in 6ms @ http://localhost:3000/_next/static/chunks/0brk_next_dist_0dm07mh._.js:776
[  639477ms] [LOG] [Fast Refresh] done in 6ms @ http://localhost:3000/_next/static/chunks/0brk_next_dist_0dm07mh._.js:776
[  639532ms] [LOG] [Fast Refresh] done in 6ms @ http://localhost:3000/_next/static/chunks/0brk_next_dist_0dm07mh._.js:776
[  639589ms] [LOG] [Fast Refresh] done in 6ms @ http://localhost:3000/_next/static/chunks/0brk_next_dist_0dm07mh._.js:776
[  639635ms] [LOG] [Fast Refresh] done in 6ms @ http://localhost:3000/_next/static/chunks/0brk_next_dist_0dm07mh._.js:776
[  639697ms] [LOG] [Fast Refresh] done in 6ms @ http://localhost:3000/_next/static/chunks/0brk_next_dist_0dm07mh._.js:776
[  639751ms] [LOG] [Fast Refresh] done in 6ms @ http://localhost:3000/_next/static/chunks/0brk_next_dist_0dm07mh._.js:776
[  639813ms] [LOG] [Fast Refresh] done in 6ms @ http://localhost:3000/_next/static/chunks/0brk_next_dist_0dm07mh._.js:776
[  639872ms] [LOG] [Fast Refresh] done in 6ms @ http://localhost:3000/_next/static/chunks/0brk_next_dist_0dm07mh._.js:776
[  639933ms] [LOG] [Fast Refresh] done in 6ms @ http://localhost:3000/_next/static/chunks/0brk_next_dist_0dm07mh._.js:776
[  639993ms] [LOG] [Fast Refresh] done in 6ms @ http://localhost:3000/_next/static/chunks/0brk_next_dist_0dm07mh._.js:776
[  640040ms] [LOG] [Fast Refresh] done in 6ms @ http://localhost:3000/_next/static/chunks/0brk_next_dist_0dm07mh._.js:776
[  640144ms] [LOG] [Fast Refresh] done in 6ms @ http://localhost:3000/_next/static/chunks/0brk_next_dist_0dm07mh._.js:776
[  640253ms] [LOG] [Fast Refresh] done in 6ms @ http://localhost:3000/_next/static/chunks/0brk_next_dist_0dm07mh._.js:776
[  640310ms] [LOG] [Fast Refresh] done in 6ms @ http://localhost:3000/_next/static/chunks/0brk_next_dist_0dm07mh._.js:776
[  640366ms] [LOG] [Fast Refresh] done in 6ms @ http://localhost:3000/_next/static/chunks/0brk_next_dist_0dm07mh._.js:776
[  640424ms] [LOG] [Fast Refresh] done in 6ms @ http://localhost:3000/_next/static/chunks/0brk_next_dist_0dm07mh._.js:776
[  640481ms] [LOG] [Fast Refresh] done in 6ms @ http://localhost:3000/_next/static/chunks/0brk_next_dist_0dm07mh._.js:776
[  640537ms] [LOG] [Fast Refresh] done in 6ms @ http://localhost:3000/_next/static/chunks/0brk_next_dist_0dm07mh._.js:776
[  640600ms] [LOG] [Fast Refresh] done in 6ms @ http://localhost:3000/_next/static/chunks/0brk_next_dist_0dm07mh._.js:776
[  640650ms] [LOG] [Fast Refresh] done in 6ms @ http://localhost:3000/_next/static/chunks/0brk_next_dist_0dm07mh._.js:776
[  640716ms] [LOG] [Fast Refresh] done in 6ms @ http://localhost:3000/_next/static/chunks/0brk_next_dist_0dm07mh._.js:776
[  640789ms] [LOG] [Fast Refresh] done in 6ms @ http://localhost:3000/_next/static/chunks/0brk_next_dist_0dm07mh._.js:776
[  640835ms] [LOG] [Fast Refresh] done in 6ms @ http://localhost:3000/_next/static/chunks/0brk_next_dist_0dm07mh._.js:776
[  640903ms] [LOG] [Fast Refresh] done in 6ms @ http://localhost:3000/_next/static/chunks/0brk_next_dist_0dm07mh._.js:776
[  640962ms] [LOG] [Fast Refresh] done in 6ms @ http://localhost:3000/_next/static/chunks/0brk_next_dist_0dm07mh._.js:776
[  641010ms] [LOG] [Fast Refresh] done in 6ms @ http://localhost:3000/_next/static/chunks/0brk_next_dist_0dm07mh._.js:776
[  641074ms] [LOG] [Fast Refresh] done in 6ms @ http://localhost:3000/_next/static/chunks/0brk_next_dist_0dm07mh._.js:776
[  641131ms] [LOG] [Fast Refresh] done in 6ms @ http://localhost:3000/_next/static/chunks/0brk_next_dist_0dm07mh._.js:776
[  641193ms] [LOG] [Fast Refresh] done in 6ms @ http://localhost:3000/_next/static/chunks/0brk_next_dist_0dm07mh._.js:776
[  641243ms] [LOG] [Fast Refresh] done in 6ms @ http://localhost:3000/_next/static/chunks/0brk_next_dist_0dm07mh._.js:776
[  641298ms] [LOG] [Fast Refresh] done in 6ms @ http://localhost:3000/_next/static/chunks/0brk_next_dist_0dm07mh._.js:776
[  641359ms] [LOG] [Fast Refresh] done in 6ms @ http://localhost:3000/_next/static/chunks/0brk_next_dist_0dm07mh._.js:776
[  641416ms] [LOG] [Fast Refresh] done in 6ms @ http://localhost:3000/_next/static/chunks/0brk_next_dist_0dm07mh._.js:776
[  641477ms] [LOG] [Fast Refresh] done in 6ms @ http://localhost:3000/_next/static/chunks/0brk_next_dist_0dm07mh._.js:776
[  641529ms] [LOG] [Fast Refresh] done in 6ms @ http://localhost:3000/_next/static/chunks/0brk_next_dist_0dm07mh._.js:776
[  641592ms] [LOG] [Fast Refresh] done in 6ms @ http://localhost:3000/_next/static/chunks/0brk_next_dist_0dm07mh._.js:776
[  641639ms] [LOG] [Fast Refresh] done in 6ms @ http://localhost:3000/_next/static/chunks/0brk_next_dist_0dm07mh._.js:776
[  641701ms] [LOG] [Fast Refresh] done in 6ms @ http://localhost:3000/_next/static/chunks/0brk_next_dist_0dm07mh._.js:776
[  641763ms] [LOG] [Fast Refresh] done in 6ms @ http://localhost:3000/_next/static/chunks/0brk_next_dist_0dm07mh._.js:776
[  641812ms] [LOG] [Fast Refresh] done in 6ms @ http://localhost:3000/_next/static/chunks/0brk_next_dist_0dm07mh._.js:776
[  641877ms] [LOG] [Fast Refresh] done in 6ms @ http://localhost:3000/_next/static/chunks/0brk_next_dist_0dm07mh._.js:776
[  641930ms] [LOG] [Fast Refresh] done in 6ms @ http://localhost:3000/_next/static/chunks/0brk_next_dist_0dm07mh._.js:776
[  641996ms] [LOG] [Fast Refresh] done in 6ms @ http://localhost:3000/_next/static/chunks/0brk_next_dist_0dm07mh._.js:776
[  642059ms] [LOG] [Fast Refresh] done in 6ms @ http://localhost:3000/_next/static/chunks/0brk_next_dist_0dm07mh._.js:776
[  642114ms] [LOG] [Fast Refresh] done in 6ms @ http://localhost:3000/_next/static/chunks/0brk_next_dist_0dm07mh._.js:776
[  642177ms] [LOG] [Fast Refresh] done in 6ms @ http://localhost:3000/_next/static/chunks/0brk_next_dist_0dm07mh._.js:776
[  642242ms] [LOG] [Fast Refresh] done in 6ms @ http://localhost:3000/_next/static/chunks/0brk_next_dist_0dm07mh._.js:776
[  642634ms] [LOG] [Fast Refresh] done in 6ms @ http://localhost:3000/_next/static/chunks/0brk_next_dist_0dm07mh._.js:776
[  642719ms] [LOG] [Fast Refresh] done in 6ms @ http://localhost:3000/_next/static/chunks/0brk_next_dist_0dm07mh._.js:776
[  642827ms] [LOG] [Fast Refresh] done in 6ms @ http://localhost:3000/_next/static/chunks/0brk_next_dist_0dm07mh._.js:776
[  642901ms] [LOG] [Fast Refresh] done in 6ms @ http://localhost:3000/_next/static/chunks/0brk_next_dist_0dm07mh._.js:776
[  643131ms] [LOG] [Fast Refresh] done in 6ms @ http://localhost:3000/_next/static/chunks/0brk_next_dist_0dm07mh._.js:776
[  643194ms] [LOG] [Fast Refresh] done in 6ms @ http://localhost:3000/_next/static/chunks/0brk_next_dist_0dm07mh._.js:776
[  643239ms] [LOG] [Fast Refresh] done in 6ms @ http://localhost:3000/_next/static/chunks/0brk_next_dist_0dm07mh._.js:776
[  643316ms] [LOG] [Fast Refresh] done in 6ms @ http://localhost:3000/_next/static/chunks/0brk_next_dist_0dm07mh._.js:776
[  643402ms] [LOG] [Fast Refresh] done in 6ms @ http://localhost:3000/_next/static/chunks/0brk_next_dist_0dm07mh._.js:776
[  643466ms] [LOG] [Fast Refresh] done in 6ms @ http://localhost:3000/_next/static/chunks/0brk_next_dist_0dm07mh._.js:776
[  643547ms] [LOG] [Fast Refresh] done in 6ms @ http://localhost:3000/_next/static/chunks/0brk_next_dist_0dm07mh._.js:776
[  643599ms] [LOG] [Fast Refresh] done in 6ms @ http://localhost:3000/_next/static/chunks/0brk_next_dist_0dm07mh._.js:776
[  643670ms] [LOG] [Fast Refresh] done in 6ms @ http://localhost:3000/_next/static/chunks/0brk_next_dist_0dm07mh._.js:776
[  643730ms] [LOG] [Fast Refresh] done in 6ms @ http://localhost:3000/_next/static/chunks/0brk_next_dist_0dm07mh._.js:776
[  643835ms] [LOG] [Fast Refresh] done in 6ms @ http://localhost:3000/_next/static/chunks/0brk_next_dist_0dm07mh._.js:776
[  643894ms] [LOG] [Fast Refresh] done in 6ms @ http://localhost:3000/_next/static/chunks/0brk_next_dist_0dm07mh._.js:776
[  643964ms] [LOG] [Fast Refresh] done in 6ms @ http://localhost:3000/_next/static/chunks/0brk_next_dist_0dm07mh._.js:776
[  644037ms] [LOG] [Fast Refresh] done in 6ms @ http://localhost:3000/_next/static/chunks/0brk_next_dist_0dm07mh._.js:776
[  644117ms] [LOG] [Fast Refresh] done in 6ms @ http://localhost:3000/_next/static/chunks/0brk_next_dist_0dm07mh._.js:776
[  644176ms] [LOG] [Fast Refresh] done in 6ms @ http://localhost:3000/_next/static/chunks/0brk_next_dist_0dm07mh._.js:776
[  644231ms] [LOG] [Fast Refresh] done in 6ms @ http://localhost:3000/_next/static/chunks/0brk_next_dist_0dm07mh._.js:776
[  644287ms] [LOG] [Fast Refresh] done in 6ms @ http://localhost:3000/_next/static/chunks/0brk_next_dist_0dm07mh._.js:776
[  644341ms] [LOG] [Fast Refresh] done in 6ms @ http://localhost:3000/_next/static/chunks/0brk_next_dist_0dm07mh._.js:776
[  644400ms] [LOG] [Fast Refresh] done in 6ms @ http://localhost:3000/_next/static/chunks/0brk_next_dist_0dm07mh._.js:776
[  644463ms] [LOG] [Fast Refresh] done in 6ms @ http://localhost:3000/_next/static/chunks/0brk_next_dist_0dm07mh._.js:776
[  644512ms] [LOG] [Fast Refresh] done in 6ms @ http://localhost:3000/_next/static/chunks/0brk_next_dist_0dm07mh._.js:776
[  644572ms] [LOG] [Fast Refresh] done in 6ms @ http://localhost:3000/_next/static/chunks/0brk_next_dist_0dm07mh._.js:776
[  644635ms] [LOG] [Fast Refresh] done in 6ms @ http://localhost:3000/_next/static/chunks/0brk_next_dist_0dm07mh._.js:776
[  644696ms] [LOG] [Fast Refresh] done in 6ms @ http://localhost:3000/_next/static/chunks/0brk_next_dist_0dm07mh._.js:776
[  644751ms] [LOG] [Fast Refresh] done in 6ms @ http://localhost:3000/_next/static/chunks/0brk_next_dist_0dm07mh._.js:776
[  644854ms] [LOG] [Fast Refresh] done in 6ms @ http://localhost:3000/_next/static/chunks/0brk_next_dist_0dm07mh._.js:776
[  644901ms] [LOG] [Fast Refresh] done in 6ms @ http://localhost:3000/_next/static/chunks/0brk_next_dist_0dm07mh._.js:776
[  644968ms] [LOG] [Fast Refresh] done in 6ms @ http://localhost:3000/_next/static/chunks/0brk_next_dist_0dm07mh._.js:776
[  645059ms] [LOG] [Fast Refresh] done in 6ms @ http://localhost:3000/_next/static/chunks/0brk_next_dist_0dm07mh._.js:776
[  645092ms] [LOG] [Fast Refresh] done in 6ms @ http://localhost:3000/_next/static/chunks/0brk_next_dist_0dm07mh._.js:776
[  645170ms] [LOG] [Fast Refresh] done in 6ms @ http://localhost:3000/_next/static/chunks/0brk_next_dist_0dm07mh._.js:776
[  645278ms] [LOG] [Fast Refresh] done in 6ms @ http://localhost:3000/_next/static/chunks/0brk_next_dist_0dm07mh._.js:776
[  645368ms] [LOG] [Fast Refresh] done in 6ms @ http://localhost:3000/_next/static/chunks/0brk_next_dist_0dm07mh._.js:776
[  645448ms] [LOG] [Fast Refresh] done in 6ms @ http://localhost:3000/_next/static/chunks/0brk_next_dist_0dm07mh._.js:776
[  645506ms] [LOG] [Fast Refresh] done in 6ms @ http://localhost:3000/_next/static/chunks/0brk_next_dist_0dm07mh._.js:776
[  645586ms] [LOG] [Fast Refresh] done in 6ms @ http://localhost:3000/_next/static/chunks/0brk_next_dist_0dm07mh._.js:776
[  645652ms] [LOG] [Fast Refresh] done in 6ms @ http://localhost:3000/_next/static/chunks/0brk_next_dist_0dm07mh._.js:776
[  645713ms] [LOG] [Fast Refresh] done in 6ms @ http://localhost:3000/_next/static/chunks/0brk_next_dist_0dm07mh._.js:776
[  645778ms] [LOG] [Fast Refresh] done in 6ms @ http://localhost:3000/_next/static/chunks/0brk_next_dist_0dm07mh._.js:776
[  645841ms] [LOG] [Fast Refresh] done in 6ms @ http://localhost:3000/_next/static/chunks/0brk_next_dist_0dm07mh._.js:776
[  645900ms] [LOG] [Fast Refresh] done in 6ms @ http://localhost:3000/_next/static/chunks/0brk_next_dist_0dm07mh._.js:776
[  645950ms] [LOG] [Fast Refresh] done in 6ms @ http://localhost:3000/_next/static/chunks/0brk_next_dist_0dm07mh._.js:776
[  646010ms] [LOG] [Fast Refresh] done in 6ms @ http://localhost:3000/_next/static/chunks/0brk_next_dist_0dm07mh._.js:776
[  646069ms] [LOG] [Fast Refresh] done in 6ms @ http://localhost:3000/_next/static/chunks/0brk_next_dist_0dm07mh._.js:776
[  646157ms] [LOG] [Fast Refresh] done in 6ms @ http://localhost:3000/_next/static/chunks/0brk_next_dist_0dm07mh._.js:776
[  646209ms] [LOG] [Fast Refresh] done in 6ms @ http://localhost:3000/_next/static/chunks/0brk_next_dist_0dm07mh._.js:776
[  646289ms] [LOG] [Fast Refresh] done in 6ms @ http://localhost:3000/_next/static/chunks/0brk_next_dist_0dm07mh._.js:776
[  646355ms] [LOG] [Fast Refresh] done in 6ms @ http://localhost:3000/_next/static/chunks/0brk_next_dist_0dm07mh._.js:776
[  646441ms] [LOG] [Fast Refresh] done in 6ms @ http://localhost:3000/_next/static/chunks/0brk_next_dist_0dm07mh._.js:776
[  646503ms] [LOG] [Fast Refresh] done in 6ms @ http://localhost:3000/_next/static/chunks/0brk_next_dist_0dm07mh._.js:776
[  646560ms] [LOG] [Fast Refresh] done in 6ms @ http://localhost:3000/_next/static/chunks/0brk_next_dist_0dm07mh._.js:776
[  646622ms] [LOG] [Fast Refresh] done in 6ms @ http://localhost:3000/_next/static/chunks/0brk_next_dist_0dm07mh._.js:776
[  646692ms] [LOG] [Fast Refresh] done in 6ms @ http://localhost:3000/_next/static/chunks/0brk_next_dist_0dm07mh._.js:776
[  646754ms] [LOG] [Fast Refresh] done in 6ms @ http://localhost:3000/_next/static/chunks/0brk_next_dist_0dm07mh._.js:776
[  646814ms] [LOG] [Fast Refresh] done in 6ms @ http://localhost:3000/_next/static/chunks/0brk_next_dist_0dm07mh._.js:776
[  646880ms] [LOG] [Fast Refresh] done in 6ms @ http://localhost:3000/_next/static/chunks/0brk_next_dist_0dm07mh._.js:776
[  646943ms] [LOG] [Fast Refresh] done in 6ms @ http://localhost:3000/_next/static/chunks/0brk_next_dist_0dm07mh._.js:776
[  647001ms] [LOG] [Fast Refresh] done in 6ms @ http://localhost:3000/_next/static/chunks/0brk_next_dist_0dm07mh._.js:776
[  647054ms] [LOG] [Fast Refresh] done in 6ms @ http://localhost:3000/_next/static/chunks/0brk_next_dist_0dm07mh._.js:776
[  647114ms] [LOG] [Fast Refresh] done in 6ms @ http://localhost:3000/_next/static/chunks/0brk_next_dist_0dm07mh._.js:776
[  647182ms] [LOG] [Fast Refresh] done in 6ms @ http://localhost:3000/_next/static/chunks/0brk_next_dist_0dm07mh._.js:776
[  647226ms] [LOG] [Fast Refresh] done in 6ms @ http://localhost:3000/_next/static/chunks/0brk_next_dist_0dm07mh._.js:776
[  647292ms] [LOG] [Fast Refresh] done in 6ms @ http://localhost:3000/_next/static/chunks/0brk_next_dist_0dm07mh._.js:776
[  647340ms] [LOG] [Fast Refresh] done in 6ms @ http://localhost:3000/_next/static/chunks/0brk_next_dist_0dm07mh._.js:776
[  647397ms] [LOG] [Fast Refresh] done in 6ms @ http://localhost:3000/_next/static/chunks/0brk_next_dist_0dm07mh._.js:776
[  647461ms] [LOG] [Fast Refresh] done in 6ms @ http://localhost:3000/_next/static/chunks/0brk_next_dist_0dm07mh._.js:776
[  647876ms] [LOG] [Fast Refresh] done in 6ms @ http://localhost:3000/_next/static/chunks/0brk_next_dist_0dm07mh._.js:776
[  648783ms] [LOG] [Fast Refresh] done in 6ms @ http://localhost:3000/_next/static/chunks/0brk_next_dist_0dm07mh._.js:776
[  648834ms] [LOG] [Fast Refresh] done in 6ms @ http://localhost:3000/_next/static/chunks/0brk_next_dist_0dm07mh._.js:776
[  648926ms] [LOG] [Fast Refresh] done in 6ms @ http://localhost:3000/_next/static/chunks/0brk_next_dist_0dm07mh._.js:776
[  649092ms] [LOG] [Fast Refresh] done in 6ms @ http://localhost:3000/_next/static/chunks/0brk_next_dist_0dm07mh._.js:776
[  649174ms] [LOG] [Fast Refresh] done in 6ms @ http://localhost:3000/_next/static/chunks/0brk_next_dist_0dm07mh._.js:776
[  649282ms] [LOG] [Fast Refresh] done in 6ms @ http://localhost:3000/_next/static/chunks/0brk_next_dist_0dm07mh._.js:776
[  649436ms] [LOG] [Fast Refresh] done in 6ms @ http://localhost:3000/_next/static/chunks/0brk_next_dist_0dm07mh._.js:776
[  649497ms] [LOG] [Fast Refresh] done in 6ms @ http://localhost:3000/_next/static/chunks/0brk_next_dist_0dm07mh._.js:776
[  649563ms] [LOG] [Fast Refresh] done in 6ms @ http://localhost:3000/_next/static/chunks/0brk_next_dist_0dm07mh._.js:776
[  649635ms] [LOG] [Fast Refresh] done in 6ms @ http://localhost:3000/_next/static/chunks/0brk_next_dist_0dm07mh._.js:776
[  649692ms] [LOG] [Fast Refresh] done in 6ms @ http://localhost:3000/_next/static/chunks/0brk_next_dist_0dm07mh._.js:776
[  649754ms] [LOG] [Fast Refresh] done in 6ms @ http://localhost:3000/_next/static/chunks/0brk_next_dist_0dm07mh._.js:776
[  649815ms] [LOG] [Fast Refresh] done in 6ms @ http://localhost:3000/_next/static/chunks/0brk_next_dist_0dm07mh._.js:776
[  649894ms] [LOG] [Fast Refresh] done in 6ms @ http://localhost:3000/_next/static/chunks/0brk_next_dist_0dm07mh._.js:776
[  649968ms] [LOG] [Fast Refresh] done in 6ms @ http://localhost:3000/_next/static/chunks/0brk_next_dist_0dm07mh._.js:776
[  650029ms] [LOG] [Fast Refresh] done in 6ms @ http://localhost:3000/_next/static/chunks/0brk_next_dist_0dm07mh._.js:776
[  650089ms] [LOG] [Fast Refresh] done in 6ms @ http://localhost:3000/_next/static/chunks/0brk_next_dist_0dm07mh._.js:776
[  650144ms] [LOG] [Fast Refresh] done in 6ms @ http://localhost:3000/_next/static/chunks/0brk_next_dist_0dm07mh._.js:776
[  650200ms] [LOG] [Fast Refresh] done in 6ms @ http://localhost:3000/_next/static/chunks/0brk_next_dist_0dm07mh._.js:776
[  650275ms] [LOG] [Fast Refresh] done in 6ms @ http://localhost:3000/_next/static/chunks/0brk_next_dist_0dm07mh._.js:776
[  650377ms] [LOG] [Fast Refresh] done in 6ms @ http://localhost:3000/_next/static/chunks/0brk_next_dist_0dm07mh._.js:776
[  650463ms] [LOG] [Fast Refresh] done in 6ms @ http://localhost:3000/_next/static/chunks/0brk_next_dist_0dm07mh._.js:776
[  650566ms] [LOG] [Fast Refresh] done in 6ms @ http://localhost:3000/_next/static/chunks/0brk_next_dist_0dm07mh._.js:776
[  650659ms] [LOG] [Fast Refresh] done in 6ms @ http://localhost:3000/_next/static/chunks/0brk_next_dist_0dm07mh._.js:776
[  650733ms] [LOG] [Fast Refresh] done in 6ms @ http://localhost:3000/_next/static/chunks/0brk_next_dist_0dm07mh._.js:776
[  650805ms] [LOG] [Fast Refresh] done in 6ms @ http://localhost:3000/_next/static/chunks/0brk_next_dist_0dm07mh._.js:776
[  650870ms] [LOG] [Fast Refresh] done in 6ms @ http://localhost:3000/_next/static/chunks/0brk_next_dist_0dm07mh._.js:776
[  650978ms] [LOG] [Fast Refresh] done in 6ms @ http://localhost:3000/_next/static/chunks/0brk_next_dist_0dm07mh._.js:776
[  651115ms] [LOG] [Fast Refresh] done in 6ms @ http://localhost:3000/_next/static/chunks/0brk_next_dist_0dm07mh._.js:776
[  651188ms] [LOG] [Fast Refresh] done in 6ms @ http://localhost:3000/_next/static/chunks/0brk_next_dist_0dm07mh._.js:776
[  651292ms] [LOG] [Fast Refresh] done in 6ms @ http://localhost:3000/_next/static/chunks/0brk_next_dist_0dm07mh._.js:776
[  651368ms] [LOG] [Fast Refresh] done in 6ms @ http://localhost:3000/_next/static/chunks/0brk_next_dist_0dm07mh._.js:776
[  651431ms] [LOG] [Fast Refresh] done in 6ms @ http://localhost:3000/_next/static/chunks/0brk_next_dist_0dm07mh._.js:776
[  651494ms] [LOG] [Fast Refresh] done in 6ms @ http://localhost:3000/_next/static/chunks/0brk_next_dist_0dm07mh._.js:776
[  651568ms] [LOG] [Fast Refresh] done in 6ms @ http://localhost:3000/_next/static/chunks/0brk_next_dist_0dm07mh._.js:776
[  651625ms] [LOG] [Fast Refresh] done in 6ms @ http://localhost:3000/_next/static/chunks/0brk_next_dist_0dm07mh._.js:776
[  651695ms] [LOG] [Fast Refresh] done in 6ms @ http://localhost:3000/_next/static/chunks/0brk_next_dist_0dm07mh._.js:776
[  651765ms] [LOG] [Fast Refresh] done in 6ms @ http://localhost:3000/_next/static/chunks/0brk_next_dist_0dm07mh._.js:776
[  651817ms] [LOG] [Fast Refresh] done in 6ms @ http://localhost:3000/_next/static/chunks/0brk_next_dist_0dm07mh._.js:776
[  651879ms] [LOG] [Fast Refresh] done in 6ms @ http://localhost:3000/_next/static/chunks/0brk_next_dist_0dm07mh._.js:776
[  651933ms] [LOG] [Fast Refresh] done in 6ms @ http://localhost:3000/_next/static/chunks/0brk_next_dist_0dm07mh._.js:776
[  651997ms] [LOG] [Fast Refresh] done in 6ms @ http://localhost:3000/_next/static/chunks/0brk_next_dist_0dm07mh._.js:776
[  652197ms] [LOG] [Fast Refresh] done in 6ms @ http://localhost:3000/_next/static/chunks/0brk_next_dist_0dm07mh._.js:776
[  652247ms] [LOG] [Fast Refresh] done in 6ms @ http://localhost:3000/_next/static/chunks/0brk_next_dist_0dm07mh._.js:776
[  652306ms] [LOG] [Fast Refresh] done in 6ms @ http://localhost:3000/_next/static/chunks/0brk_next_dist_0dm07mh._.js:776
[  652361ms] [LOG] [Fast Refresh] done in 6ms @ http://localhost:3000/_next/static/chunks/0brk_next_dist_0dm07mh._.js:776
[  652417ms] [LOG] [Fast Refresh] done in 6ms @ http://localhost:3000/_next/static/chunks/0brk_next_dist_0dm07mh._.js:776
[  652477ms] [LOG] [Fast Refresh] done in 6ms @ http://localhost:3000/_next/static/chunks/0brk_next_dist_0dm07mh._.js:776
[  652540ms] [LOG] [Fast Refresh] done in 6ms @ http://localhost:3000/_next/static/chunks/0brk_next_dist_0dm07mh._.js:776
[  652600ms] [LOG] [Fast Refresh] done in 6ms @ http://localhost:3000/_next/static/chunks/0brk_next_dist_0dm07mh._.js:776
[  652663ms] [LOG] [Fast Refresh] done in 6ms @ http://localhost:3000/_next/static/chunks/0brk_next_dist_0dm07mh._.js:776
[  652717ms] [LOG] [Fast Refresh] done in 6ms @ http://localhost:3000/_next/static/chunks/0brk_next_dist_0dm07mh._.js:776
[  652778ms] [LOG] [Fast Refresh] done in 6ms @ http://localhost:3000/_next/static/chunks/0brk_next_dist_0dm07mh._.js:776
[  652835ms] [LOG] [Fast Refresh] done in 6ms @ http://localhost:3000/_next/static/chunks/0brk_next_dist_0dm07mh._.js:776
[  652884ms] [LOG] [Fast Refresh] done in 6ms @ http://localhost:3000/_next/static/chunks/0brk_next_dist_0dm07mh._.js:776
[  652947ms] [LOG] [Fast Refresh] done in 6ms @ http://localhost:3000/_next/static/chunks/0brk_next_dist_0dm07mh._.js:776
[  653022ms] [LOG] [Fast Refresh] done in 6ms @ http://localhost:3000/_next/static/chunks/0brk_next_dist_0dm07mh._.js:776
[  653223ms] [LOG] [Fast Refresh] done in 6ms @ http://localhost:3000/_next/static/chunks/0brk_next_dist_0dm07mh._.js:776
[  653317ms] [LOG] [Fast Refresh] done in 6ms @ http://localhost:3000/_next/static/chunks/0brk_next_dist_0dm07mh._.js:776
[  653391ms] [LOG] [Fast Refresh] done in 6ms @ http://localhost:3000/_next/static/chunks/0brk_next_dist_0dm07mh._.js:776
[  653464ms] [LOG] [Fast Refresh] done in 6ms @ http://localhost:3000/_next/static/chunks/0brk_next_dist_0dm07mh._.js:776
[  653565ms] [LOG] [Fast Refresh] done in 6ms @ http://localhost:3000/_next/static/chunks/0brk_next_dist_0dm07mh._.js:776
[  653620ms] [LOG] [Fast Refresh] done in 6ms @ http://localhost:3000/_next/static/chunks/0brk_next_dist_0dm07mh._.js:776
[  653696ms] [LOG] [Fast Refresh] done in 6ms @ http://localhost:3000/_next/static/chunks/0brk_next_dist_0dm07mh._.js:776
[  653778ms] [LOG] [Fast Refresh] done in 6ms @ http://localhost:3000/_next/static/chunks/0brk_next_dist_0dm07mh._.js:776
[  653841ms] [LOG] [Fast Refresh] done in 6ms @ http://localhost:3000/_next/static/chunks/0brk_next_dist_0dm07mh._.js:776
[  653902ms] [LOG] [Fast Refresh] done in 6ms @ http://localhost:3000/_next/static/chunks/0brk_next_dist_0dm07mh._.js:776
[  653954ms] [LOG] [Fast Refresh] done in 6ms @ http://localhost:3000/_next/static/chunks/0brk_next_dist_0dm07mh._.js:776
[  654021ms] [LOG] [Fast Refresh] done in 6ms @ http://localhost:3000/_next/static/chunks/0brk_next_dist_0dm07mh._.js:776
[  654080ms] [LOG] [Fast Refresh] done in 6ms @ http://localhost:3000/_next/static/chunks/0brk_next_dist_0dm07mh._.js:776
[  654135ms] [LOG] [Fast Refresh] done in 6ms @ http://localhost:3000/_next/static/chunks/0brk_next_dist_0dm07mh._.js:776
[  654189ms] [LOG] [Fast Refresh] done in 6ms @ http://localhost:3000/_next/static/chunks/0brk_next_dist_0dm07mh._.js:776
[  654233ms] [LOG] [Fast Refresh] done in 6ms @ http://localhost:3000/_next/static/chunks/0brk_next_dist_0dm07mh._.js:776
[  654292ms] [LOG] [Fast Refresh] done in 6ms @ http://localhost:3000/_next/static/chunks/0brk_next_dist_0dm07mh._.js:776
[  654351ms] [LOG] [Fast Refresh] done in 6ms @ http://localhost:3000/_next/static/chunks/0brk_next_dist_0dm07mh._.js:776
[  654412ms] [LOG] [Fast Refresh] done in 6ms @ http://localhost:3000/_next/static/chunks/0brk_next_dist_0dm07mh._.js:776
[  654474ms] [LOG] [Fast Refresh] done in 6ms @ http://localhost:3000/_next/static/chunks/0brk_next_dist_0dm07mh._.js:776
[  654534ms] [LOG] [Fast Refresh] done in 6ms @ http://localhost:3000/_next/static/chunks/0brk_next_dist_0dm07mh._.js:776
[  654596ms] [LOG] [Fast Refresh] done in 6ms @ http://localhost:3000/_next/static/chunks/0brk_next_dist_0dm07mh._.js:776
[  654660ms] [LOG] [Fast Refresh] done in 6ms @ http://localhost:3000/_next/static/chunks/0brk_next_dist_0dm07mh._.js:776
[  654718ms] [LOG] [Fast Refresh] done in 6ms @ http://localhost:3000/_next/static/chunks/0brk_next_dist_0dm07mh._.js:776
[  654772ms] [LOG] [Fast Refresh] done in 6ms @ http://localhost:3000/_next/static/chunks/0brk_next_dist_0dm07mh._.js:776
[  654815ms] [LOG] [Fast Refresh] done in 6ms @ http://localhost:3000/_next/static/chunks/0brk_next_dist_0dm07mh._.js:776
[  654891ms] [LOG] [Fast Refresh] done in 6ms @ http://localhost:3000/_next/static/chunks/0brk_next_dist_0dm07mh._.js:776
[  655184ms] [LOG] [Fast Refresh] done in 6ms @ http://localhost:3000/_next/static/chunks/0brk_next_dist_0dm07mh._.js:776
[  655340ms] [LOG] [Fast Refresh] done in 6ms @ http://localhost:3000/_next/static/chunks/0brk_next_dist_0dm07mh._.js:776
[  655374ms] [LOG] [Fast Refresh] done in 6ms @ http://localhost:3000/_next/static/chunks/0brk_next_dist_0dm07mh._.js:776
[  655530ms] [LOG] [Fast Refresh] done in 6ms @ http://localhost:3000/_next/static/chunks/0brk_next_dist_0dm07mh._.js:776
[  655649ms] [LOG] [Fast Refresh] done in 6ms @ http://localhost:3000/_next/static/chunks/0brk_next_dist_0dm07mh._.js:776
[  655701ms] [LOG] [Fast Refresh] done in 6ms @ http://localhost:3000/_next/static/chunks/0brk_next_dist_0dm07mh._.js:776
[  655752ms] [LOG] [Fast Refresh] done in 6ms @ http://localhost:3000/_next/static/chunks/0brk_next_dist_0dm07mh._.js:776
[  655836ms] [LOG] [Fast Refresh] done in 6ms @ http://localhost:3000/_next/static/chunks/0brk_next_dist_0dm07mh._.js:776
[  655899ms] [LOG] [Fast Refresh] done in 6ms @ http://localhost:3000/_next/static/chunks/0brk_next_dist_0dm07mh._.js:776
[  655958ms] [LOG] [Fast Refresh] done in 6ms @ http://localhost:3000/_next/static/chunks/0brk_next_dist_0dm07mh._.js:776
[  656016ms] [LOG] [Fast Refresh] done in 6ms @ http://localhost:3000/_next/static/chunks/0brk_next_dist_0dm07mh._.js:776
[  656098ms] [LOG] [Fast Refresh] done in 6ms @ http://localhost:3000/_next/static/chunks/0brk_next_dist_0dm07mh._.js:776
[  656171ms] [LOG] [Fast Refresh] done in 6ms @ http://localhost:3000/_next/static/chunks/0brk_next_dist_0dm07mh._.js:776
[  656234ms] [LOG] [Fast Refresh] done in 6ms @ http://localhost:3000/_next/static/chunks/0brk_next_dist_0dm07mh._.js:776
[  656302ms] [LOG] [Fast Refresh] done in 6ms @ http://localhost:3000/_next/static/chunks/0brk_next_dist_0dm07mh._.js:776
[  656353ms] [LOG] [Fast Refresh] done in 6ms @ http://localhost:3000/_next/static/chunks/0brk_next_dist_0dm07mh._.js:776
[  656420ms] [LOG] [Fast Refresh] done in 6ms @ http://localhost:3000/_next/static/chunks/0brk_next_dist_0dm07mh._.js:776
[  656468ms] [LOG] [Fast Refresh] done in 6ms @ http://localhost:3000/_next/static/chunks/0brk_next_dist_0dm07mh._.js:776
[  656517ms] [LOG] [Fast Refresh] done in 6ms @ http://localhost:3000/_next/static/chunks/0brk_next_dist_0dm07mh._.js:776
[  656580ms] [LOG] [Fast Refresh] done in 6ms @ http://localhost:3000/_next/static/chunks/0brk_next_dist_0dm07mh._.js:776
[  656656ms] [LOG] [Fast Refresh] done in 6ms @ http://localhost:3000/_next/static/chunks/0brk_next_dist_0dm07mh._.js:776
[  656715ms] [LOG] [Fast Refresh] done in 6ms @ http://localhost:3000/_next/static/chunks/0brk_next_dist_0dm07mh._.js:776
[  656778ms] [LOG] [Fast Refresh] done in 6ms @ http://localhost:3000/_next/static/chunks/0brk_next_dist_0dm07mh._.js:776
[  656838ms] [LOG] [Fast Refresh] done in 6ms @ http://localhost:3000/_next/static/chunks/0brk_next_dist_0dm07mh._.js:776
[  656901ms] [LOG] [Fast Refresh] done in 6ms @ http://localhost:3000/_next/static/chunks/0brk_next_dist_0dm07mh._.js:776
[  656948ms] [LOG] [Fast Refresh] done in 6ms @ http://localhost:3000/_next/static/chunks/0brk_next_dist_0dm07mh._.js:776
[  656997ms] [LOG] [Fast Refresh] done in 6ms @ http://localhost:3000/_next/static/chunks/0brk_next_dist_0dm07mh._.js:776
[  657051ms] [LOG] [Fast Refresh] done in 6ms @ http://localhost:3000/_next/static/chunks/0brk_next_dist_0dm07mh._.js:776
[  657117ms] [LOG] [Fast Refresh] done in 6ms @ http://localhost:3000/_next/static/chunks/0brk_next_dist_0dm07mh._.js:776
[  657182ms] [LOG] [Fast Refresh] done in 6ms @ http://localhost:3000/_next/static/chunks/0brk_next_dist_0dm07mh._.js:776
[  657252ms] [LOG] [Fast Refresh] done in 6ms @ http://localhost:3000/_next/static/chunks/0brk_next_dist_0dm07mh._.js:776
[  657651ms] [LOG] [Fast Refresh] done in 6ms @ http://localhost:3000/_next/static/chunks/0brk_next_dist_0dm07mh._.js:776
[  658155ms] [LOG] [Fast Refresh] done in 6ms @ http://localhost:3000/_next/static/chunks/0brk_next_dist_0dm07mh._.js:776
[  658274ms] [LOG] [Fast Refresh] done in 6ms @ http://localhost:3000/_next/static/chunks/0brk_next_dist_0dm07mh._.js:776
[  658384ms] [LOG] [Fast Refresh] done in 6ms @ http://localhost:3000/_next/static/chunks/0brk_next_dist_0dm07mh._.js:776
[  658433ms] [LOG] [Fast Refresh] done in 6ms @ http://localhost:3000/_next/static/chunks/0brk_next_dist_0dm07mh._.js:776
[  658483ms] [LOG] [Fast Refresh] done in 6ms @ http://localhost:3000/_next/static/chunks/0brk_next_dist_0dm07mh._.js:776
[  658533ms] [LOG] [Fast Refresh] done in 6ms @ http://localhost:3000/_next/static/chunks/0brk_next_dist_0dm07mh._.js:776
[  658597ms] [LOG] [Fast Refresh] done in 6ms @ http://localhost:3000/_next/static/chunks/0brk_next_dist_0dm07mh._.js:776
[  658639ms] [LOG] [Fast Refresh] done in 6ms @ http://localhost:3000/_next/static/chunks/0brk_next_dist_0dm07mh._.js:776
[  658696ms] [LOG] [Fast Refresh] done in 6ms @ http://localhost:3000/_next/static/chunks/0brk_next_dist_0dm07mh._.js:776
[  658753ms] [LOG] [Fast Refresh] done in 6ms @ http://localhost:3000/_next/static/chunks/0brk_next_dist_0dm07mh._.js:776
[  658817ms] [LOG] [Fast Refresh] done in 6ms @ http://localhost:3000/_next/static/chunks/0brk_next_dist_0dm07mh._.js:776
[  658866ms] [LOG] [Fast Refresh] done in 6ms @ http://localhost:3000/_next/static/chunks/0brk_next_dist_0dm07mh._.js:776
[  658917ms] [LOG] [Fast Refresh] done in 6ms @ http://localhost:3000/_next/static/chunks/0brk_next_dist_0dm07mh._.js:776
[  658966ms] [LOG] [Fast Refresh] done in 6ms @ http://localhost:3000/_next/static/chunks/0brk_next_dist_0dm07mh._.js:776
[  659015ms] [LOG] [Fast Refresh] done in 6ms @ http://localhost:3000/_next/static/chunks/0brk_next_dist_0dm07mh._.js:776
[  659082ms] [LOG] [Fast Refresh] done in 6ms @ http://localhost:3000/_next/static/chunks/0brk_next_dist_0dm07mh._.js:776
[  659133ms] [LOG] [Fast Refresh] done in 6ms @ http://localhost:3000/_next/static/chunks/0brk_next_dist_0dm07mh._.js:776
[  659183ms] [LOG] [Fast Refresh] done in 6ms @ http://localhost:3000/_next/static/chunks/0brk_next_dist_0dm07mh._.js:776
[  659232ms] [LOG] [Fast Refresh] done in 6ms @ http://localhost:3000/_next/static/chunks/0brk_next_dist_0dm07mh._.js:776
[  659283ms] [LOG] [Fast Refresh] done in 6ms @ http://localhost:3000/_next/static/chunks/0brk_next_dist_0dm07mh._.js:776
[  659332ms] [LOG] [Fast Refresh] done in 6ms @ http://localhost:3000/_next/static/chunks/0brk_next_dist_0dm07mh._.js:776
[  659381ms] [LOG] [Fast Refresh] done in 6ms @ http://localhost:3000/_next/static/chunks/0brk_next_dist_0dm07mh._.js:776
[  659433ms] [LOG] [Fast Refresh] done in 6ms @ http://localhost:3000/_next/static/chunks/0brk_next_dist_0dm07mh._.js:776
[  659483ms] [LOG] [Fast Refresh] done in 6ms @ http://localhost:3000/_next/static/chunks/0brk_next_dist_0dm07mh._.js:776
[  659551ms] [LOG] [Fast Refresh] done in 6ms @ http://localhost:3000/_next/static/chunks/0brk_next_dist_0dm07mh._.js:776
[  659613ms] [LOG] [Fast Refresh] done in 6ms @ http://localhost:3000/_next/static/chunks/0brk_next_dist_0dm07mh._.js:776
[  659679ms] [LOG] [Fast Refresh] done in 6ms @ http://localhost:3000/_next/static/chunks/0brk_next_dist_0dm07mh._.js:776
[  659732ms] [LOG] [Fast Refresh] done in 6ms @ http://localhost:3000/_next/static/chunks/0brk_next_dist_0dm07mh._.js:776
[  659794ms] [LOG] [Fast Refresh] done in 6ms @ http://localhost:3000/_next/static/chunks/0brk_next_dist_0dm07mh._.js:776
[  659842ms] [LOG] [Fast Refresh] done in 6ms @ http://localhost:3000/_next/static/chunks/0brk_next_dist_0dm07mh._.js:776
[  659907ms] [LOG] [Fast Refresh] done in 6ms @ http://localhost:3000/_next/static/chunks/0brk_next_dist_0dm07mh._.js:776
[  659969ms] [LOG] [Fast Refresh] done in 6ms @ http://localhost:3000/_next/static/chunks/0brk_next_dist_0dm07mh._.js:776
[  660032ms] [LOG] [Fast Refresh] done in 6ms @ http://localhost:3000/_next/static/chunks/0brk_next_dist_0dm07mh._.js:776
[  660094ms] [LOG] [Fast Refresh] done in 6ms @ http://localhost:3000/_next/static/chunks/0brk_next_dist_0dm07mh._.js:776
[  660142ms] [LOG] [Fast Refresh] done in 6ms @ http://localhost:3000/_next/static/chunks/0brk_next_dist_0dm07mh._.js:776
[  660205ms] [LOG] [Fast Refresh] done in 6ms @ http://localhost:3000/_next/static/chunks/0brk_next_dist_0dm07mh._.js:776
[  660251ms] [LOG] [Fast Refresh] done in 6ms @ http://localhost:3000/_next/static/chunks/0brk_next_dist_0dm07mh._.js:776
[  660299ms] [LOG] [Fast Refresh] done in 6ms @ http://localhost:3000/_next/static/chunks/0brk_next_dist_0dm07mh._.js:776
[  660347ms] [LOG] [Fast Refresh] done in 6ms @ http://localhost:3000/_next/static/chunks/0brk_next_dist_0dm07mh._.js:776
[  660400ms] [LOG] [Fast Refresh] done in 6ms @ http://localhost:3000/_next/static/chunks/0brk_next_dist_0dm07mh._.js:776
[  660448ms] [LOG] [Fast Refresh] done in 6ms @ http://localhost:3000/_next/static/chunks/0brk_next_dist_0dm07mh._.js:776
[  660510ms] [LOG] [Fast Refresh] done in 6ms @ http://localhost:3000/_next/static/chunks/0brk_next_dist_0dm07mh._.js:776
[  660579ms] [LOG] [Fast Refresh] done in 6ms @ http://localhost:3000/_next/static/chunks/0brk_next_dist_0dm07mh._.js:776
[  660643ms] [LOG] [Fast Refresh] done in 6ms @ http://localhost:3000/_next/static/chunks/0brk_next_dist_0dm07mh._.js:776
[  660712ms] [LOG] [Fast Refresh] done in 6ms @ http://localhost:3000/_next/static/chunks/0brk_next_dist_0dm07mh._.js:776
[  660773ms] [LOG] [Fast Refresh] done in 6ms @ http://localhost:3000/_next/static/chunks/0brk_next_dist_0dm07mh._.js:776
[  660833ms] [LOG] [Fast Refresh] done in 6ms @ http://localhost:3000/_next/static/chunks/0brk_next_dist_0dm07mh._.js:776
[  660898ms] [LOG] [Fast Refresh] done in 6ms @ http://localhost:3000/_next/static/chunks/0brk_next_dist_0dm07mh._.js:776
[  660947ms] [LOG] [Fast Refresh] done in 6ms @ http://localhost:3000/_next/static/chunks/0brk_next_dist_0dm07mh._.js:776
[  660997ms] [LOG] [Fast Refresh] done in 6ms @ http://localhost:3000/_next/static/chunks/0brk_next_dist_0dm07mh._.js:776
[  661047ms] [LOG] [Fast Refresh] done in 6ms @ http://localhost:3000/_next/static/chunks/0brk_next_dist_0dm07mh._.js:776
[  661094ms] [LOG] [Fast Refresh] done in 6ms @ http://localhost:3000/_next/static/chunks/0brk_next_dist_0dm07mh._.js:776
[  661154ms] [LOG] [Fast Refresh] done in 6ms @ http://localhost:3000/_next/static/chunks/0brk_next_dist_0dm07mh._.js:776
[  661203ms] [LOG] [Fast Refresh] done in 6ms @ http://localhost:3000/_next/static/chunks/0brk_next_dist_0dm07mh._.js:776
[  661263ms] [LOG] [Fast Refresh] done in 6ms @ http://localhost:3000/_next/static/chunks/0brk_next_dist_0dm07mh._.js:776
[  661312ms] [LOG] [Fast Refresh] done in 6ms @ http://localhost:3000/_next/static/chunks/0brk_next_dist_0dm07mh._.js:776
[  661367ms] [LOG] [Fast Refresh] done in 6ms @ http://localhost:3000/_next/static/chunks/0brk_next_dist_0dm07mh._.js:776
[  661417ms] [LOG] [Fast Refresh] done in 6ms @ http://localhost:3000/_next/static/chunks/0brk_next_dist_0dm07mh._.js:776
[  661479ms] [LOG] [Fast Refresh] done in 6ms @ http://localhost:3000/_next/static/chunks/0brk_next_dist_0dm07mh._.js:776
[  661538ms] [LOG] [Fast Refresh] done in 6ms @ http://localhost:3000/_next/static/chunks/0brk_next_dist_0dm07mh._.js:776
[  661601ms] [LOG] [Fast Refresh] done in 6ms @ http://localhost:3000/_next/static/chunks/0brk_next_dist_0dm07mh._.js:776
[  661662ms] [LOG] [Fast Refresh] done in 6ms @ http://localhost:3000/_next/static/chunks/0brk_next_dist_0dm07mh._.js:776
[  661716ms] [LOG] [Fast Refresh] done in 6ms @ http://localhost:3000/_next/static/chunks/0brk_next_dist_0dm07mh._.js:776
[  661773ms] [LOG] [Fast Refresh] done in 6ms @ http://localhost:3000/_next/static/chunks/0brk_next_dist_0dm07mh._.js:776
[  661864ms] [LOG] [Fast Refresh] done in 6ms @ http://localhost:3000/_next/static/chunks/0brk_next_dist_0dm07mh._.js:776
[  661916ms] [LOG] [Fast Refresh] done in 6ms @ http://localhost:3000/_next/static/chunks/0brk_next_dist_0dm07mh._.js:776
[  661971ms] [LOG] [Fast Refresh] done in 6ms @ http://localhost:3000/_next/static/chunks/0brk_next_dist_0dm07mh._.js:776
[  662024ms] [LOG] [Fast Refresh] done in 6ms @ http://localhost:3000/_next/static/chunks/0brk_next_dist_0dm07mh._.js:776
[  662086ms] [LOG] [Fast Refresh] done in 6ms @ http://localhost:3000/_next/static/chunks/0brk_next_dist_0dm07mh._.js:776
[  662134ms] [LOG] [Fast Refresh] done in 6ms @ http://localhost:3000/_next/static/chunks/0brk_next_dist_0dm07mh._.js:776
[  662197ms] [LOG] [Fast Refresh] done in 6ms @ http://localhost:3000/_next/static/chunks/0brk_next_dist_0dm07mh._.js:776
[  662247ms] [LOG] [Fast Refresh] done in 6ms @ http://localhost:3000/_next/static/chunks/0brk_next_dist_0dm07mh._.js:776
[  662314ms] [LOG] [Fast Refresh] done in 6ms @ http://localhost:3000/_next/static/chunks/0brk_next_dist_0dm07mh._.js:776
[  662366ms] [LOG] [Fast Refresh] done in 6ms @ http://localhost:3000/_next/static/chunks/0brk_next_dist_0dm07mh._.js:776
[  662411ms] [LOG] [Fast Refresh] done in 6ms @ http://localhost:3000/_next/static/chunks/0brk_next_dist_0dm07mh._.js:776
[  662478ms] [LOG] [Fast Refresh] done in 6ms @ http://localhost:3000/_next/static/chunks/0brk_next_dist_0dm07mh._.js:776
[  662533ms] [LOG] [Fast Refresh] done in 6ms @ http://localhost:3000/_next/static/chunks/0brk_next_dist_0dm07mh._.js:776
[  662597ms] [LOG] [Fast Refresh] done in 6ms @ http://localhost:3000/_next/static/chunks/0brk_next_dist_0dm07mh._.js:776
[  662648ms] [LOG] [Fast Refresh] done in 6ms @ http://localhost:3000/_next/static/chunks/0brk_next_dist_0dm07mh._.js:776
[  662695ms] [LOG] [Fast Refresh] done in 6ms @ http://localhost:3000/_next/static/chunks/0brk_next_dist_0dm07mh._.js:776
[  662756ms] [LOG] [Fast Refresh] done in 6ms @ http://localhost:3000/_next/static/chunks/0brk_next_dist_0dm07mh._.js:776
[  662816ms] [LOG] [Fast Refresh] done in 6ms @ http://localhost:3000/_next/static/chunks/0brk_next_dist_0dm07mh._.js:776
[  662864ms] [LOG] [Fast Refresh] done in 6ms @ http://localhost:3000/_next/static/chunks/0brk_next_dist_0dm07mh._.js:776
[  662913ms] [LOG] [Fast Refresh] done in 6ms @ http://localhost:3000/_next/static/chunks/0brk_next_dist_0dm07mh._.js:776
[  662978ms] [LOG] [Fast Refresh] done in 6ms @ http://localhost:3000/_next/static/chunks/0brk_next_dist_0dm07mh._.js:776
[  663032ms] [LOG] [Fast Refresh] done in 6ms @ http://localhost:3000/_next/static/chunks/0brk_next_dist_0dm07mh._.js:776
[  663097ms] [LOG] [Fast Refresh] done in 6ms @ http://localhost:3000/_next/static/chunks/0brk_next_dist_0dm07mh._.js:776
[  663144ms] [LOG] [Fast Refresh] done in 6ms @ http://localhost:3000/_next/static/chunks/0brk_next_dist_0dm07mh._.js:776
[  663200ms] [LOG] [Fast Refresh] done in 6ms @ http://localhost:3000/_next/static/chunks/0brk_next_dist_0dm07mh._.js:776
[  663263ms] [LOG] [Fast Refresh] done in 6ms @ http://localhost:3000/_next/static/chunks/0brk_next_dist_0dm07mh._.js:776
[  663315ms] [LOG] [Fast Refresh] done in 6ms @ http://localhost:3000/_next/static/chunks/0brk_next_dist_0dm07mh._.js:776
[  663367ms] [LOG] [Fast Refresh] done in 6ms @ http://localhost:3000/_next/static/chunks/0brk_next_dist_0dm07mh._.js:776
[  663416ms] [LOG] [Fast Refresh] done in 6ms @ http://localhost:3000/_next/static/chunks/0brk_next_dist_0dm07mh._.js:776
[  663466ms] [LOG] [Fast Refresh] done in 6ms @ http://localhost:3000/_next/static/chunks/0brk_next_dist_0dm07mh._.js:776
[  663532ms] [LOG] [Fast Refresh] done in 6ms @ http://localhost:3000/_next/static/chunks/0brk_next_dist_0dm07mh._.js:776
[  663594ms] [LOG] [Fast Refresh] done in 6ms @ http://localhost:3000/_next/static/chunks/0brk_next_dist_0dm07mh._.js:776
[  663648ms] [LOG] [Fast Refresh] done in 6ms @ http://localhost:3000/_next/static/chunks/0brk_next_dist_0dm07mh._.js:776
[  663700ms] [LOG] [Fast Refresh] done in 6ms @ http://localhost:3000/_next/static/chunks/0brk_next_dist_0dm07mh._.js:776
[  663761ms] [LOG] [Fast Refresh] done in 6ms @ http://localhost:3000/_next/static/chunks/0brk_next_dist_0dm07mh._.js:776
[  663814ms] [LOG] [Fast Refresh] done in 6ms @ http://localhost:3000/_next/static/chunks/0brk_next_dist_0dm07mh._.js:776
[  663868ms] [LOG] [Fast Refresh] done in 6ms @ http://localhost:3000/_next/static/chunks/0brk_next_dist_0dm07mh._.js:776
[  663916ms] [LOG] [Fast Refresh] done in 6ms @ http://localhost:3000/_next/static/chunks/0brk_next_dist_0dm07mh._.js:776
[  663979ms] [LOG] [Fast Refresh] done in 6ms @ http://localhost:3000/_next/static/chunks/0brk_next_dist_0dm07mh._.js:776
[  664033ms] [LOG] [Fast Refresh] done in 6ms @ http://localhost:3000/_next/static/chunks/0brk_next_dist_0dm07mh._.js:776
[  664095ms] [LOG] [Fast Refresh] done in 6ms @ http://localhost:3000/_next/static/chunks/0brk_next_dist_0dm07mh._.js:776
[  664150ms] [LOG] [Fast Refresh] done in 6ms @ http://localhost:3000/_next/static/chunks/0brk_next_dist_0dm07mh._.js:776
[  664212ms] [LOG] [Fast Refresh] done in 6ms @ http://localhost:3000/_next/static/chunks/0brk_next_dist_0dm07mh._.js:776
[  664277ms] [LOG] [Fast Refresh] done in 6ms @ http://localhost:3000/_next/static/chunks/0brk_next_dist_0dm07mh._.js:776
[  664332ms] [LOG] [Fast Refresh] done in 6ms @ http://localhost:3000/_next/static/chunks/0brk_next_dist_0dm07mh._.js:776
[  664381ms] [LOG] [Fast Refresh] done in 6ms @ http://localhost:3000/_next/static/chunks/0brk_next_dist_0dm07mh._.js:776
[  664443ms] [LOG] [Fast Refresh] done in 6ms @ http://localhost:3000/_next/static/chunks/0brk_next_dist_0dm07mh._.js:776
[  664501ms] [LOG] [Fast Refresh] done in 6ms @ http://localhost:3000/_next/static/chunks/0brk_next_dist_0dm07mh._.js:776
[  664550ms] [LOG] [Fast Refresh] done in 6ms @ http://localhost:3000/_next/static/chunks/0brk_next_dist_0dm07mh._.js:776
[  664612ms] [LOG] [Fast Refresh] done in 6ms @ http://localhost:3000/_next/static/chunks/0brk_next_dist_0dm07mh._.js:776
[  664679ms] [LOG] [Fast Refresh] done in 6ms @ http://localhost:3000/_next/static/chunks/0brk_next_dist_0dm07mh._.js:776
[  664732ms] [LOG] [Fast Refresh] done in 6ms @ http://localhost:3000/_next/static/chunks/0brk_next_dist_0dm07mh._.js:776
[  664789ms] [LOG] [Fast Refresh] done in 6ms @ http://localhost:3000/_next/static/chunks/0brk_next_dist_0dm07mh._.js:776
[  664836ms] [LOG] [Fast Refresh] done in 6ms @ http://localhost:3000/_next/static/chunks/0brk_next_dist_0dm07mh._.js:776
[  664897ms] [LOG] [Fast Refresh] done in 6ms @ http://localhost:3000/_next/static/chunks/0brk_next_dist_0dm07mh._.js:776
[  664946ms] [LOG] [Fast Refresh] done in 6ms @ http://localhost:3000/_next/static/chunks/0brk_next_dist_0dm07mh._.js:776
[  665012ms] [LOG] [Fast Refresh] done in 6ms @ http://localhost:3000/_next/static/chunks/0brk_next_dist_0dm07mh._.js:776
[  665075ms] [LOG] [Fast Refresh] done in 6ms @ http://localhost:3000/_next/static/chunks/0brk_next_dist_0dm07mh._.js:776
[  665135ms] [LOG] [Fast Refresh] done in 6ms @ http://localhost:3000/_next/static/chunks/0brk_next_dist_0dm07mh._.js:776
[  665197ms] [LOG] [Fast Refresh] done in 6ms @ http://localhost:3000/_next/static/chunks/0brk_next_dist_0dm07mh._.js:776
[  665247ms] [LOG] [Fast Refresh] done in 6ms @ http://localhost:3000/_next/static/chunks/0brk_next_dist_0dm07mh._.js:776
[  665297ms] [LOG] [Fast Refresh] done in 6ms @ http://localhost:3000/_next/static/chunks/0brk_next_dist_0dm07mh._.js:776
[  665348ms] [LOG] [Fast Refresh] done in 6ms @ http://localhost:3000/_next/static/chunks/0brk_next_dist_0dm07mh._.js:776
[  665400ms] [LOG] [Fast Refresh] done in 6ms @ http://localhost:3000/_next/static/chunks/0brk_next_dist_0dm07mh._.js:776
[  665449ms] [LOG] [Fast Refresh] done in 6ms @ http://localhost:3000/_next/static/chunks/0brk_next_dist_0dm07mh._.js:776
[  665512ms] [LOG] [Fast Refresh] done in 6ms @ http://localhost:3000/_next/static/chunks/0brk_next_dist_0dm07mh._.js:776
[  665577ms] [LOG] [Fast Refresh] done in 6ms @ http://localhost:3000/_next/static/chunks/0brk_next_dist_0dm07mh._.js:776
[  665632ms] [LOG] [Fast Refresh] done in 6ms @ http://localhost:3000/_next/static/chunks/0brk_next_dist_0dm07mh._.js:776
[  665681ms] [LOG] [Fast Refresh] done in 6ms @ http://localhost:3000/_next/static/chunks/0brk_next_dist_0dm07mh._.js:776
[  665744ms] [LOG] [Fast Refresh] done in 6ms @ http://localhost:3000/_next/static/chunks/0brk_next_dist_0dm07mh._.js:776
[  665796ms] [LOG] [Fast Refresh] done in 6ms @ http://localhost:3000/_next/static/chunks/0brk_next_dist_0dm07mh._.js:776
[  665858ms] [LOG] [Fast Refresh] done in 6ms @ http://localhost:3000/_next/static/chunks/0brk_next_dist_0dm07mh._.js:776
[  665915ms] [LOG] [Fast Refresh] done in 6ms @ http://localhost:3000/_next/static/chunks/0brk_next_dist_0dm07mh._.js:776
[  665966ms] [LOG] [Fast Refresh] done in 6ms @ http://localhost:3000/_next/static/chunks/0brk_next_dist_0dm07mh._.js:776
[  666015ms] [LOG] [Fast Refresh] done in 6ms @ http://localhost:3000/_next/static/chunks/0brk_next_dist_0dm07mh._.js:776
[  666078ms] [LOG] [Fast Refresh] done in 6ms @ http://localhost:3000/_next/static/chunks/0brk_next_dist_0dm07mh._.js:776
[  666143ms] [LOG] [Fast Refresh] done in 6ms @ http://localhost:3000/_next/static/chunks/0brk_next_dist_0dm07mh._.js:776
[  666200ms] [LOG] [Fast Refresh] done in 6ms @ http://localhost:3000/_next/static/chunks/0brk_next_dist_0dm07mh._.js:776
[  666247ms] [LOG] [Fast Refresh] done in 6ms @ http://localhost:3000/_next/static/chunks/0brk_next_dist_0dm07mh._.js:776
[  666300ms] [LOG] [Fast Refresh] done in 6ms @ http://localhost:3000/_next/static/chunks/0brk_next_dist_0dm07mh._.js:776
[  666347ms] [LOG] [Fast Refresh] done in 6ms @ http://localhost:3000/_next/static/chunks/0brk_next_dist_0dm07mh._.js:776
[  666400ms] [LOG] [Fast Refresh] done in 6ms @ http://localhost:3000/_next/static/chunks/0brk_next_dist_0dm07mh._.js:776
[  666447ms] [LOG] [Fast Refresh] done in 6ms @ http://localhost:3000/_next/static/chunks/0brk_next_dist_0dm07mh._.js:776
[  666510ms] [LOG] [Fast Refresh] done in 6ms @ http://localhost:3000/_next/static/chunks/0brk_next_dist_0dm07mh._.js:776
[  666563ms] [LOG] [Fast Refresh] done in 6ms @ http://localhost:3000/_next/static/chunks/0brk_next_dist_0dm07mh._.js:776
[  666627ms] [LOG] [Fast Refresh] done in 6ms @ http://localhost:3000/_next/static/chunks/0brk_next_dist_0dm07mh._.js:776
[  666689ms] [LOG] [Fast Refresh] done in 6ms @ http://localhost:3000/_next/static/chunks/0brk_next_dist_0dm07mh._.js:776
[  666749ms] [LOG] [Fast Refresh] done in 6ms @ http://localhost:3000/_next/static/chunks/0brk_next_dist_0dm07mh._.js:776
[  666802ms] [LOG] [Fast Refresh] done in 6ms @ http://localhost:3000/_next/static/chunks/0brk_next_dist_0dm07mh._.js:776
[  666864ms] [LOG] [Fast Refresh] done in 6ms @ http://localhost:3000/_next/static/chunks/0brk_next_dist_0dm07mh._.js:776
[  666931ms] [LOG] [Fast Refresh] done in 6ms @ http://localhost:3000/_next/static/chunks/0brk_next_dist_0dm07mh._.js:776
[  666983ms] [LOG] [Fast Refresh] done in 6ms @ http://localhost:3000/_next/static/chunks/0brk_next_dist_0dm07mh._.js:776
[  667047ms] [LOG] [Fast Refresh] done in 6ms @ http://localhost:3000/_next/static/chunks/0brk_next_dist_0dm07mh._.js:776
[  667106ms] [LOG] [Fast Refresh] done in 6ms @ http://localhost:3000/_next/static/chunks/0brk_next_dist_0dm07mh._.js:776
[  667164ms] [LOG] [Fast Refresh] done in 6ms @ http://localhost:3000/_next/static/chunks/0brk_next_dist_0dm07mh._.js:776
[  667215ms] [LOG] [Fast Refresh] done in 6ms @ http://localhost:3000/_next/static/chunks/0brk_next_dist_0dm07mh._.js:776
[  667277ms] [LOG] [Fast Refresh] done in 6ms @ http://localhost:3000/_next/static/chunks/0brk_next_dist_0dm07mh._.js:776
[  667332ms] [LOG] [Fast Refresh] done in 6ms @ http://localhost:3000/_next/static/chunks/0brk_next_dist_0dm07mh._.js:776
[  667393ms] [LOG] [Fast Refresh] done in 6ms @ http://localhost:3000/_next/static/chunks/0brk_next_dist_0dm07mh._.js:776
[  667433ms] [LOG] [Fast Refresh] done in 6ms @ http://localhost:3000/_next/static/chunks/0brk_next_dist_0dm07mh._.js:776
[  667496ms] [LOG] [Fast Refresh] done in 6ms @ http://localhost:3000/_next/static/chunks/0brk_next_dist_0dm07mh._.js:776
[  667548ms] [LOG] [Fast Refresh] done in 6ms @ http://localhost:3000/_next/static/chunks/0brk_next_dist_0dm07mh._.js:776
[  667597ms] [LOG] [Fast Refresh] done in 6ms @ http://localhost:3000/_next/static/chunks/0brk_next_dist_0dm07mh._.js:776
[  667647ms] [LOG] [Fast Refresh] done in 6ms @ http://localhost:3000/_next/static/chunks/0brk_next_dist_0dm07mh._.js:776
[  667693ms] [LOG] [Fast Refresh] done in 6ms @ http://localhost:3000/_next/static/chunks/0brk_next_dist_0dm07mh._.js:776
[  667757ms] [LOG] [Fast Refresh] done in 6ms @ http://localhost:3000/_next/static/chunks/0brk_next_dist_0dm07mh._.js:776
[  667806ms] [LOG] [Fast Refresh] done in 6ms @ http://localhost:3000/_next/static/chunks/0brk_next_dist_0dm07mh._.js:776
[  667870ms] [LOG] [Fast Refresh] done in 6ms @ http://localhost:3000/_next/static/chunks/0brk_next_dist_0dm07mh._.js:776
[  667918ms] [LOG] [Fast Refresh] done in 6ms @ http://localhost:3000/_next/static/chunks/0brk_next_dist_0dm07mh._.js:776
[  667979ms] [LOG] [Fast Refresh] done in 6ms @ http://localhost:3000/_next/static/chunks/0brk_next_dist_0dm07mh._.js:776
[  668032ms] [LOG] [Fast Refresh] done in 6ms @ http://localhost:3000/_next/static/chunks/0brk_next_dist_0dm07mh._.js:776
[  668085ms] [LOG] [Fast Refresh] done in 6ms @ http://localhost:3000/_next/static/chunks/0brk_next_dist_0dm07mh._.js:776
[  668156ms] [LOG] [Fast Refresh] done in 6ms @ http://localhost:3000/_next/static/chunks/0brk_next_dist_0dm07mh._.js:776
[  668258ms] [LOG] [Fast Refresh] done in 6ms @ http://localhost:3000/_next/static/chunks/0brk_next_dist_0dm07mh._.js:776
[  668338ms] [LOG] [Fast Refresh] done in 6ms @ http://localhost:3000/_next/static/chunks/0brk_next_dist_0dm07mh._.js:776
[  668398ms] [LOG] [Fast Refresh] done in 6ms @ http://localhost:3000/_next/static/chunks/0brk_next_dist_0dm07mh._.js:776
[  668448ms] [LOG] [Fast Refresh] done in 6ms @ http://localhost:3000/_next/static/chunks/0brk_next_dist_0dm07mh._.js:776
[  668497ms] [LOG] [Fast Refresh] done in 6ms @ http://localhost:3000/_next/static/chunks/0brk_next_dist_0dm07mh._.js:776
[  668549ms] [LOG] [Fast Refresh] done in 6ms @ http://localhost:3000/_next/static/chunks/0brk_next_dist_0dm07mh._.js:776
[  668606ms] [LOG] [Fast Refresh] done in 6ms @ http://localhost:3000/_next/static/chunks/0brk_next_dist_0dm07mh._.js:776
[  668663ms] [LOG] [Fast Refresh] done in 6ms @ http://localhost:3000/_next/static/chunks/0brk_next_dist_0dm07mh._.js:776
[  668710ms] [LOG] [Fast Refresh] done in 6ms @ http://localhost:3000/_next/static/chunks/0brk_next_dist_0dm07mh._.js:776
[  668779ms] [LOG] [Fast Refresh] done in 6ms @ http://localhost:3000/_next/static/chunks/0brk_next_dist_0dm07mh._.js:776
[  668827ms] [LOG] [Fast Refresh] done in 6ms @ http://localhost:3000/_next/static/chunks/0brk_next_dist_0dm07mh._.js:776
[  668873ms] [LOG] [Fast Refresh] done in 6ms @ http://localhost:3000/_next/static/chunks/0brk_next_dist_0dm07mh._.js:776
[  668932ms] [LOG] [Fast Refresh] done in 6ms @ http://localhost:3000/_next/static/chunks/0brk_next_dist_0dm07mh._.js:776
[  668982ms] [LOG] [Fast Refresh] done in 6ms @ http://localhost:3000/_next/static/chunks/0brk_next_dist_0dm07mh._.js:776
[  669032ms] [LOG] [Fast Refresh] done in 6ms @ http://localhost:3000/_next/static/chunks/0brk_next_dist_0dm07mh._.js:776
[  669095ms] [LOG] [Fast Refresh] done in 6ms @ http://localhost:3000/_next/static/chunks/0brk_next_dist_0dm07mh._.js:776
[  669180ms] [LOG] [Fast Refresh] done in 6ms @ http://localhost:3000/_next/static/chunks/0brk_next_dist_0dm07mh._.js:776
[  669273ms] [LOG] [Fast Refresh] done in 6ms @ http://localhost:3000/_next/static/chunks/0brk_next_dist_0dm07mh._.js:776
[  669333ms] [LOG] [Fast Refresh] done in 6ms @ http://localhost:3000/_next/static/chunks/0brk_next_dist_0dm07mh._.js:776
[  669383ms] [LOG] [Fast Refresh] done in 6ms @ http://localhost:3000/_next/static/chunks/0brk_next_dist_0dm07mh._.js:776
[  669449ms] [LOG] [Fast Refresh] done in 6ms @ http://localhost:3000/_next/static/chunks/0brk_next_dist_0dm07mh._.js:776
[  669511ms] [LOG] [Fast Refresh] done in 6ms @ http://localhost:3000/_next/static/chunks/0brk_next_dist_0dm07mh._.js:776
[  669565ms] [LOG] [Fast Refresh] done in 6ms @ http://localhost:3000/_next/static/chunks/0brk_next_dist_0dm07mh._.js:776
[  669631ms] [LOG] [Fast Refresh] done in 6ms @ http://localhost:3000/_next/static/chunks/0brk_next_dist_0dm07mh._.js:776
[  669716ms] [LOG] [Fast Refresh] done in 6ms @ http://localhost:3000/_next/static/chunks/0brk_next_dist_0dm07mh._.js:776
[  669781ms] [LOG] [Fast Refresh] done in 6ms @ http://localhost:3000/_next/static/chunks/0brk_next_dist_0dm07mh._.js:776
[  669829ms] [LOG] [Fast Refresh] done in 6ms @ http://localhost:3000/_next/static/chunks/0brk_next_dist_0dm07mh._.js:776
[  669884ms] [LOG] [Fast Refresh] done in 6ms @ http://localhost:3000/_next/static/chunks/0brk_next_dist_0dm07mh._.js:776
[  669933ms] [LOG] [Fast Refresh] done in 6ms @ http://localhost:3000/_next/static/chunks/0brk_next_dist_0dm07mh._.js:776
[  669995ms] [LOG] [Fast Refresh] done in 6ms @ http://localhost:3000/_next/static/chunks/0brk_next_dist_0dm07mh._.js:776
[  670046ms] [LOG] [Fast Refresh] done in 6ms @ http://localhost:3000/_next/static/chunks/0brk_next_dist_0dm07mh._.js:776
[  670090ms] [LOG] [Fast Refresh] done in 6ms @ http://localhost:3000/_next/static/chunks/0brk_next_dist_0dm07mh._.js:776
[  670148ms] [LOG] [Fast Refresh] done in 6ms @ http://localhost:3000/_next/static/chunks/0brk_next_dist_0dm07mh._.js:776
[  670211ms] [LOG] [Fast Refresh] done in 6ms @ http://localhost:3000/_next/static/chunks/0brk_next_dist_0dm07mh._.js:776
[  670258ms] [LOG] [Fast Refresh] done in 6ms @ http://localhost:3000/_next/static/chunks/0brk_next_dist_0dm07mh._.js:776
[  670317ms] [LOG] [Fast Refresh] done in 6ms @ http://localhost:3000/_next/static/chunks/0brk_next_dist_0dm07mh._.js:776
[  670368ms] [LOG] [Fast Refresh] done in 6ms @ http://localhost:3000/_next/static/chunks/0brk_next_dist_0dm07mh._.js:776
[  670449ms] [LOG] [Fast Refresh] done in 6ms @ http://localhost:3000/_next/static/chunks/0brk_next_dist_0dm07mh._.js:776
[  670520ms] [LOG] [Fast Refresh] done in 6ms @ http://localhost:3000/_next/static/chunks/0brk_next_dist_0dm07mh._.js:776
[  670595ms] [LOG] [Fast Refresh] done in 6ms @ http://localhost:3000/_next/static/chunks/0brk_next_dist_0dm07mh._.js:776
[  671981ms] [LOG] [Fast Refresh] done in 6ms @ http://localhost:3000/_next/static/chunks/0brk_next_dist_0dm07mh._.js:776
[  672104ms] [LOG] [Fast Refresh] done in 6ms @ http://localhost:3000/_next/static/chunks/0brk_next_dist_0dm07mh._.js:776
[  672139ms] [LOG] [Fast Refresh] done in 6ms @ http://localhost:3000/_next/static/chunks/0brk_next_dist_0dm07mh._.js:776
[  672203ms] [LOG] [Fast Refresh] done in 6ms @ http://localhost:3000/_next/static/chunks/0brk_next_dist_0dm07mh._.js:776
[  672249ms] [LOG] [Fast Refresh] done in 6ms @ http://localhost:3000/_next/static/chunks/0brk_next_dist_0dm07mh._.js:776
[  672310ms] [LOG] [Fast Refresh] done in 6ms @ http://localhost:3000/_next/static/chunks/0brk_next_dist_0dm07mh._.js:776
[  672363ms] [LOG] [Fast Refresh] done in 6ms @ http://localhost:3000/_next/static/chunks/0brk_next_dist_0dm07mh._.js:776
[  672431ms] [LOG] [Fast Refresh] done in 6ms @ http://localhost:3000/_next/static/chunks/0brk_next_dist_0dm07mh._.js:776
[  672480ms] [LOG] [Fast Refresh] done in 6ms @ http://localhost:3000/_next/static/chunks/0brk_next_dist_0dm07mh._.js:776
[  672542ms] [LOG] [Fast Refresh] done in 6ms @ http://localhost:3000/_next/static/chunks/0brk_next_dist_0dm07mh._.js:776
[  672601ms] [LOG] [Fast Refresh] done in 6ms @ http://localhost:3000/_next/static/chunks/0brk_next_dist_0dm07mh._.js:776
[  672650ms] [LOG] [Fast Refresh] done in 6ms @ http://localhost:3000/_next/static/chunks/0brk_next_dist_0dm07mh._.js:776
[  672702ms] [LOG] [Fast Refresh] done in 6ms @ http://localhost:3000/_next/static/chunks/0brk_next_dist_0dm07mh._.js:776
[  672762ms] [LOG] [Fast Refresh] done in 6ms @ http://localhost:3000/_next/static/chunks/0brk_next_dist_0dm07mh._.js:776
[  672827ms] [LOG] [Fast Refresh] done in 6ms @ http://localhost:3000/_next/static/chunks/0brk_next_dist_0dm07mh._.js:776
[  672891ms] [LOG] [Fast Refresh] done in 6ms @ http://localhost:3000/_next/static/chunks/0brk_next_dist_0dm07mh._.js:776
[  672951ms] [LOG] [Fast Refresh] done in 6ms @ http://localhost:3000/_next/static/chunks/0brk_next_dist_0dm07mh._.js:776
[  673001ms] [LOG] [Fast Refresh] done in 6ms @ http://localhost:3000/_next/static/chunks/0brk_next_dist_0dm07mh._.js:776
[  673062ms] [LOG] [Fast Refresh] done in 6ms @ http://localhost:3000/_next/static/chunks/0brk_next_dist_0dm07mh._.js:776
[  673120ms] [LOG] [Fast Refresh] done in 6ms @ http://localhost:3000/_next/static/chunks/0brk_next_dist_0dm07mh._.js:776
[  673181ms] [LOG] [Fast Refresh] done in 6ms @ http://localhost:3000/_next/static/chunks/0brk_next_dist_0dm07mh._.js:776
[  673245ms] [LOG] [Fast Refresh] done in 6ms @ http://localhost:3000/_next/static/chunks/0brk_next_dist_0dm07mh._.js:776
[  673293ms] [LOG] [Fast Refresh] done in 6ms @ http://localhost:3000/_next/static/chunks/0brk_next_dist_0dm07mh._.js:776
[  673333ms] [LOG] [Fast Refresh] done in 6ms @ http://localhost:3000/_next/static/chunks/0brk_next_dist_0dm07mh._.js:776
[  673389ms] [LOG] [Fast Refresh] done in 6ms @ http://localhost:3000/_next/static/chunks/0brk_next_dist_0dm07mh._.js:776
[  673449ms] [LOG] [Fast Refresh] done in 6ms @ http://localhost:3000/_next/static/chunks/0brk_next_dist_0dm07mh._.js:776
[  673495ms] [LOG] [Fast Refresh] done in 6ms @ http://localhost:3000/_next/static/chunks/0brk_next_dist_0dm07mh._.js:776
[  673557ms] [LOG] [Fast Refresh] done in 6ms @ http://localhost:3000/_next/static/chunks/0brk_next_dist_0dm07mh._.js:776
[  673616ms] [LOG] [Fast Refresh] done in 6ms @ http://localhost:3000/_next/static/chunks/0brk_next_dist_0dm07mh._.js:776
[  673684ms] [LOG] [Fast Refresh] done in 6ms @ http://localhost:3000/_next/static/chunks/0brk_next_dist_0dm07mh._.js:776
[  673732ms] [LOG] [Fast Refresh] done in 6ms @ http://localhost:3000/_next/static/chunks/0brk_next_dist_0dm07mh._.js:776
[  673793ms] [LOG] [Fast Refresh] done in 6ms @ http://localhost:3000/_next/static/chunks/0brk_next_dist_0dm07mh._.js:776
[  673851ms] [LOG] [Fast Refresh] done in 6ms @ http://localhost:3000/_next/static/chunks/0brk_next_dist_0dm07mh._.js:776
[  673913ms] [LOG] [Fast Refresh] done in 6ms @ http://localhost:3000/_next/static/chunks/0brk_next_dist_0dm07mh._.js:776
[  673980ms] [LOG] [Fast Refresh] done in 6ms @ http://localhost:3000/_next/static/chunks/0brk_next_dist_0dm07mh._.js:776
[  674070ms] [LOG] [Fast Refresh] done in 6ms @ http://localhost:3000/_next/static/chunks/0brk_next_dist_0dm07mh._.js:776
[  674130ms] [LOG] [Fast Refresh] done in 6ms @ http://localhost:3000/_next/static/chunks/0brk_next_dist_0dm07mh._.js:776
[  674185ms] [LOG] [Fast Refresh] done in 6ms @ http://localhost:3000/_next/static/chunks/0brk_next_dist_0dm07mh._.js:776
[  674251ms] [LOG] [Fast Refresh] done in 6ms @ http://localhost:3000/_next/static/chunks/0brk_next_dist_0dm07mh._.js:776
[  674486ms] [LOG] [Fast Refresh] done in 6ms @ http://localhost:3000/_next/static/chunks/0brk_next_dist_0dm07mh._.js:776
[  674571ms] [LOG] [Fast Refresh] done in 6ms @ http://localhost:3000/_next/static/chunks/0brk_next_dist_0dm07mh._.js:776
[  674632ms] [LOG] [Fast Refresh] done in 6ms @ http://localhost:3000/_next/static/chunks/0brk_next_dist_0dm07mh._.js:776
[  674693ms] [LOG] [Fast Refresh] done in 6ms @ http://localhost:3000/_next/static/chunks/0brk_next_dist_0dm07mh._.js:776
[  674754ms] [LOG] [Fast Refresh] done in 6ms @ http://localhost:3000/_next/static/chunks/0brk_next_dist_0dm07mh._.js:776
[  674816ms] [LOG] [Fast Refresh] done in 6ms @ http://localhost:3000/_next/static/chunks/0brk_next_dist_0dm07mh._.js:776
[  674877ms] [LOG] [Fast Refresh] done in 6ms @ http://localhost:3000/_next/static/chunks/0brk_next_dist_0dm07mh._.js:776
[  674924ms] [LOG] [Fast Refresh] done in 6ms @ http://localhost:3000/_next/static/chunks/0brk_next_dist_0dm07mh._.js:776
[  674986ms] [LOG] [Fast Refresh] done in 6ms @ http://localhost:3000/_next/static/chunks/0brk_next_dist_0dm07mh._.js:776
[  675048ms] [LOG] [Fast Refresh] done in 6ms @ http://localhost:3000/_next/static/chunks/0brk_next_dist_0dm07mh._.js:776
[  675111ms] [LOG] [Fast Refresh] done in 6ms @ http://localhost:3000/_next/static/chunks/0brk_next_dist_0dm07mh._.js:776
[  675172ms] [LOG] [Fast Refresh] done in 6ms @ http://localhost:3000/_next/static/chunks/0brk_next_dist_0dm07mh._.js:776
[  675236ms] [LOG] [Fast Refresh] done in 6ms @ http://localhost:3000/_next/static/chunks/0brk_next_dist_0dm07mh._.js:776
[  675309ms] [LOG] [Fast Refresh] done in 6ms @ http://localhost:3000/_next/static/chunks/0brk_next_dist_0dm07mh._.js:776
[  675376ms] [LOG] [Fast Refresh] done in 6ms @ http://localhost:3000/_next/static/chunks/0brk_next_dist_0dm07mh._.js:776
[  675460ms] [LOG] [Fast Refresh] done in 6ms @ http://localhost:3000/_next/static/chunks/0brk_next_dist_0dm07mh._.js:776
[  675557ms] [LOG] [Fast Refresh] done in 6ms @ http://localhost:3000/_next/static/chunks/0brk_next_dist_0dm07mh._.js:776
[  675617ms] [LOG] [Fast Refresh] done in 6ms @ http://localhost:3000/_next/static/chunks/0brk_next_dist_0dm07mh._.js:776
[  675678ms] [LOG] [Fast Refresh] done in 6ms @ http://localhost:3000/_next/static/chunks/0brk_next_dist_0dm07mh._.js:776
[  675741ms] [LOG] [Fast Refresh] done in 6ms @ http://localhost:3000/_next/static/chunks/0brk_next_dist_0dm07mh._.js:776
[  675803ms] [LOG] [Fast Refresh] done in 6ms @ http://localhost:3000/_next/static/chunks/0brk_next_dist_0dm07mh._.js:776
[  675863ms] [LOG] [Fast Refresh] done in 6ms @ http://localhost:3000/_next/static/chunks/0brk_next_dist_0dm07mh._.js:776
[  675917ms] [LOG] [Fast Refresh] done in 6ms @ http://localhost:3000/_next/static/chunks/0brk_next_dist_0dm07mh._.js:776
[  675979ms] [LOG] [Fast Refresh] done in 6ms @ http://localhost:3000/_next/static/chunks/0brk_next_dist_0dm07mh._.js:776
[  676040ms] [LOG] [Fast Refresh] done in 6ms @ http://localhost:3000/_next/static/chunks/0brk_next_dist_0dm07mh._.js:776
[  676100ms] [LOG] [Fast Refresh] done in 6ms @ http://localhost:3000/_next/static/chunks/0brk_next_dist_0dm07mh._.js:776
[  676162ms] [LOG] [Fast Refresh] done in 6ms @ http://localhost:3000/_next/static/chunks/0brk_next_dist_0dm07mh._.js:776
[  676224ms] [LOG] [Fast Refresh] done in 6ms @ http://localhost:3000/_next/static/chunks/0brk_next_dist_0dm07mh._.js:776
[  676289ms] [LOG] [Fast Refresh] done in 6ms @ http://localhost:3000/_next/static/chunks/0brk_next_dist_0dm07mh._.js:776
[  676391ms] [LOG] [Fast Refresh] done in 6ms @ http://localhost:3000/_next/static/chunks/0brk_next_dist_0dm07mh._.js:776
[  677306ms] [LOG] [Fast Refresh] done in 6ms @ http://localhost:3000/_next/static/chunks/0brk_next_dist_0dm07mh._.js:776
[  677655ms] [LOG] [Fast Refresh] done in 6ms @ http://localhost:3000/_next/static/chunks/0brk_next_dist_0dm07mh._.js:776
[  677849ms] [LOG] [Fast Refresh] done in 6ms @ http://localhost:3000/_next/static/chunks/0brk_next_dist_0dm07mh._.js:776
[  677965ms] [LOG] [Fast Refresh] done in 6ms @ http://localhost:3000/_next/static/chunks/0brk_next_dist_0dm07mh._.js:776
[  678040ms] [LOG] [Fast Refresh] done in 6ms @ http://localhost:3000/_next/static/chunks/0brk_next_dist_0dm07mh._.js:776
[  678129ms] [LOG] [Fast Refresh] done in 6ms @ http://localhost:3000/_next/static/chunks/0brk_next_dist_0dm07mh._.js:776
[  678396ms] [LOG] [Fast Refresh] done in 6ms @ http://localhost:3000/_next/static/chunks/0brk_next_dist_0dm07mh._.js:776
[  678492ms] [LOG] [Fast Refresh] done in 6ms @ http://localhost:3000/_next/static/chunks/0brk_next_dist_0dm07mh._.js:776
[  678605ms] [LOG] [Fast Refresh] done in 6ms @ http://localhost:3000/_next/static/chunks/0brk_next_dist_0dm07mh._.js:776
[  678789ms] [LOG] [Fast Refresh] done in 6ms @ http://localhost:3000/_next/static/chunks/0brk_next_dist_0dm07mh._.js:776
[  678861ms] [LOG] [Fast Refresh] done in 6ms @ http://localhost:3000/_next/static/chunks/0brk_next_dist_0dm07mh._.js:776
[  678931ms] [LOG] [Fast Refresh] done in 6ms @ http://localhost:3000/_next/static/chunks/0brk_next_dist_0dm07mh._.js:776
[  679000ms] [LOG] [Fast Refresh] done in 6ms @ http://localhost:3000/_next/static/chunks/0brk_next_dist_0dm07mh._.js:776
[  679062ms] [LOG] [Fast Refresh] done in 6ms @ http://localhost:3000/_next/static/chunks/0brk_next_dist_0dm07mh._.js:776
[  679126ms] [LOG] [Fast Refresh] done in 6ms @ http://localhost:3000/_next/static/chunks/0brk_next_dist_0dm07mh._.js:776
[  679187ms] [LOG] [Fast Refresh] done in 6ms @ http://localhost:3000/_next/static/chunks/0brk_next_dist_0dm07mh._.js:776
[  679250ms] [LOG] [Fast Refresh] done in 6ms @ http://localhost:3000/_next/static/chunks/0brk_next_dist_0dm07mh._.js:776
[  679311ms] [LOG] [Fast Refresh] done in 6ms @ http://localhost:3000/_next/static/chunks/0brk_next_dist_0dm07mh._.js:776
[  679364ms] [LOG] [Fast Refresh] done in 6ms @ http://localhost:3000/_next/static/chunks/0brk_next_dist_0dm07mh._.js:776
[  679430ms] [LOG] [Fast Refresh] done in 6ms @ http://localhost:3000/_next/static/chunks/0brk_next_dist_0dm07mh._.js:776
[  679491ms] [LOG] [Fast Refresh] done in 6ms @ http://localhost:3000/_next/static/chunks/0brk_next_dist_0dm07mh._.js:776
[  679554ms] [LOG] [Fast Refresh] done in 6ms @ http://localhost:3000/_next/static/chunks/0brk_next_dist_0dm07mh._.js:776
[  679617ms] [LOG] [Fast Refresh] done in 6ms @ http://localhost:3000/_next/static/chunks/0brk_next_dist_0dm07mh._.js:776
[  679704ms] [LOG] [Fast Refresh] done in 6ms @ http://localhost:3000/_next/static/chunks/0brk_next_dist_0dm07mh._.js:776
[  679779ms] [LOG] [Fast Refresh] done in 6ms @ http://localhost:3000/_next/static/chunks/0brk_next_dist_0dm07mh._.js:776
[  679854ms] [LOG] [Fast Refresh] done in 6ms @ http://localhost:3000/_next/static/chunks/0brk_next_dist_0dm07mh._.js:776
[  679913ms] [LOG] [Fast Refresh] done in 6ms @ http://localhost:3000/_next/static/chunks/0brk_next_dist_0dm07mh._.js:776
[  679975ms] [LOG] [Fast Refresh] done in 6ms @ http://localhost:3000/_next/static/chunks/0brk_next_dist_0dm07mh._.js:776
[  680023ms] [LOG] [Fast Refresh] done in 6ms @ http://localhost:3000/_next/static/chunks/0brk_next_dist_0dm07mh._.js:776
[  680086ms] [LOG] [Fast Refresh] done in 6ms @ http://localhost:3000/_next/static/chunks/0brk_next_dist_0dm07mh._.js:776
[  680166ms] [LOG] [Fast Refresh] done in 6ms @ http://localhost:3000/_next/static/chunks/0brk_next_dist_0dm07mh._.js:776
[  680234ms] [LOG] [Fast Refresh] done in 6ms @ http://localhost:3000/_next/static/chunks/0brk_next_dist_0dm07mh._.js:776
[  680303ms] [LOG] [Fast Refresh] done in 6ms @ http://localhost:3000/_next/static/chunks/0brk_next_dist_0dm07mh._.js:776
[  680364ms] [LOG] [Fast Refresh] done in 6ms @ http://localhost:3000/_next/static/chunks/0brk_next_dist_0dm07mh._.js:776
[  680427ms] [LOG] [Fast Refresh] done in 6ms @ http://localhost:3000/_next/static/chunks/0brk_next_dist_0dm07mh._.js:776
[  680489ms] [LOG] [Fast Refresh] done in 6ms @ http://localhost:3000/_next/static/chunks/0brk_next_dist_0dm07mh._.js:776
[  680564ms] [LOG] [Fast Refresh] done in 6ms @ http://localhost:3000/_next/static/chunks/0brk_next_dist_0dm07mh._.js:776
[  680627ms] [LOG] [Fast Refresh] done in 6ms @ http://localhost:3000/_next/static/chunks/0brk_next_dist_0dm07mh._.js:776
[  680689ms] [LOG] [Fast Refresh] done in 6ms @ http://localhost:3000/_next/static/chunks/0brk_next_dist_0dm07mh._.js:776
[  680857ms] [LOG] [Fast Refresh] done in 6ms @ http://localhost:3000/_next/static/chunks/0brk_next_dist_0dm07mh._.js:776
[  680996ms] [LOG] [Fast Refresh] done in 6ms @ http://localhost:3000/_next/static/chunks/0brk_next_dist_0dm07mh._.js:776
[  681131ms] [LOG] [Fast Refresh] done in 6ms @ http://localhost:3000/_next/static/chunks/0brk_next_dist_0dm07mh._.js:776
[  681312ms] [LOG] [Fast Refresh] done in 6ms @ http://localhost:3000/_next/static/chunks/0brk_next_dist_0dm07mh._.js:776
[  681664ms] [LOG] [Fast Refresh] done in 6ms @ http://localhost:3000/_next/static/chunks/0brk_next_dist_0dm07mh._.js:776
[  681724ms] [LOG] [Fast Refresh] done in 6ms @ http://localhost:3000/_next/static/chunks/0brk_next_dist_0dm07mh._.js:776
[  681785ms] [LOG] [Fast Refresh] done in 6ms @ http://localhost:3000/_next/static/chunks/0brk_next_dist_0dm07mh._.js:776
[  681848ms] [LOG] [Fast Refresh] done in 6ms @ http://localhost:3000/_next/static/chunks/0brk_next_dist_0dm07mh._.js:776
[  681897ms] [LOG] [Fast Refresh] done in 6ms @ http://localhost:3000/_next/static/chunks/0brk_next_dist_0dm07mh._.js:776
[  681945ms] [LOG] [Fast Refresh] done in 6ms @ http://localhost:3000/_next/static/chunks/0brk_next_dist_0dm07mh._.js:776
[  682006ms] [LOG] [Fast Refresh] done in 6ms @ http://localhost:3000/_next/static/chunks/0brk_next_dist_0dm07mh._.js:776
[  682067ms] [LOG] [Fast Refresh] done in 6ms @ http://localhost:3000/_next/static/chunks/0brk_next_dist_0dm07mh._.js:776
[  682131ms] [LOG] [Fast Refresh] done in 6ms @ http://localhost:3000/_next/static/chunks/0brk_next_dist_0dm07mh._.js:776
[  682197ms] [LOG] [Fast Refresh] done in 6ms @ http://localhost:3000/_next/static/chunks/0brk_next_dist_0dm07mh._.js:776
[  682260ms] [LOG] [Fast Refresh] done in 6ms @ http://localhost:3000/_next/static/chunks/0brk_next_dist_0dm07mh._.js:776
[  682321ms] [LOG] [Fast Refresh] done in 6ms @ http://localhost:3000/_next/static/chunks/0brk_next_dist_0dm07mh._.js:776
[  682369ms] [LOG] [Fast Refresh] done in 6ms @ http://localhost:3000/_next/static/chunks/0brk_next_dist_0dm07mh._.js:776
[  682431ms] [LOG] [Fast Refresh] done in 6ms @ http://localhost:3000/_next/static/chunks/0brk_next_dist_0dm07mh._.js:776
[  682493ms] [LOG] [Fast Refresh] done in 6ms @ http://localhost:3000/_next/static/chunks/0brk_next_dist_0dm07mh._.js:776
[  682555ms] [LOG] [Fast Refresh] done in 6ms @ http://localhost:3000/_next/static/chunks/0brk_next_dist_0dm07mh._.js:776
[  682605ms] [LOG] [Fast Refresh] done in 6ms @ http://localhost:3000/_next/static/chunks/0brk_next_dist_0dm07mh._.js:776
[  682667ms] [LOG] [Fast Refresh] done in 6ms @ http://localhost:3000/_next/static/chunks/0brk_next_dist_0dm07mh._.js:776
[  682730ms] [LOG] [Fast Refresh] done in 6ms @ http://localhost:3000/_next/static/chunks/0brk_next_dist_0dm07mh._.js:776
[  682791ms] [LOG] [Fast Refresh] done in 6ms @ http://localhost:3000/_next/static/chunks/0brk_next_dist_0dm07mh._.js:776
[  682849ms] [LOG] [Fast Refresh] done in 6ms @ http://localhost:3000/_next/static/chunks/0brk_next_dist_0dm07mh._.js:776
[  682910ms] [LOG] [Fast Refresh] done in 6ms @ http://localhost:3000/_next/static/chunks/0brk_next_dist_0dm07mh._.js:776
[  682972ms] [LOG] [Fast Refresh] done in 6ms @ http://localhost:3000/_next/static/chunks/0brk_next_dist_0dm07mh._.js:776
[  683033ms] [LOG] [Fast Refresh] done in 6ms @ http://localhost:3000/_next/static/chunks/0brk_next_dist_0dm07mh._.js:776
[  683095ms] [LOG] [Fast Refresh] done in 6ms @ http://localhost:3000/_next/static/chunks/0brk_next_dist_0dm07mh._.js:776
[  683158ms] [LOG] [Fast Refresh] done in 6ms @ http://localhost:3000/_next/static/chunks/0brk_next_dist_0dm07mh._.js:776
[  683219ms] [LOG] [Fast Refresh] done in 6ms @ http://localhost:3000/_next/static/chunks/0brk_next_dist_0dm07mh._.js:776
[  683282ms] [LOG] [Fast Refresh] done in 6ms @ http://localhost:3000/_next/static/chunks/0brk_next_dist_0dm07mh._.js:776
[  683341ms] [LOG] [Fast Refresh] done in 6ms @ http://localhost:3000/_next/static/chunks/0brk_next_dist_0dm07mh._.js:776
[  683388ms] [LOG] [Fast Refresh] done in 6ms @ http://localhost:3000/_next/static/chunks/0brk_next_dist_0dm07mh._.js:776
[  683440ms] [LOG] [Fast Refresh] done in 6ms @ http://localhost:3000/_next/static/chunks/0brk_next_dist_0dm07mh._.js:776
[  683500ms] [LOG] [Fast Refresh] done in 6ms @ http://localhost:3000/_next/static/chunks/0brk_next_dist_0dm07mh._.js:776
[  683562ms] [LOG] [Fast Refresh] done in 6ms @ http://localhost:3000/_next/static/chunks/0brk_next_dist_0dm07mh._.js:776
[  683624ms] [LOG] [Fast Refresh] done in 6ms @ http://localhost:3000/_next/static/chunks/0brk_next_dist_0dm07mh._.js:776
[  683686ms] [LOG] [Fast Refresh] done in 6ms @ http://localhost:3000/_next/static/chunks/0brk_next_dist_0dm07mh._.js:776
[  683737ms] [LOG] [Fast Refresh] done in 6ms @ http://localhost:3000/_next/static/chunks/0brk_next_dist_0dm07mh._.js:776
[  683800ms] [LOG] [Fast Refresh] done in 6ms @ http://localhost:3000/_next/static/chunks/0brk_next_dist_0dm07mh._.js:776
[  683863ms] [LOG] [Fast Refresh] done in 6ms @ http://localhost:3000/_next/static/chunks/0brk_next_dist_0dm07mh._.js:776
[  683912ms] [LOG] [Fast Refresh] done in 6ms @ http://localhost:3000/_next/static/chunks/0brk_next_dist_0dm07mh._.js:776
[  683978ms] [LOG] [Fast Refresh] done in 6ms @ http://localhost:3000/_next/static/chunks/0brk_next_dist_0dm07mh._.js:776
[  684039ms] [LOG] [Fast Refresh] done in 6ms @ http://localhost:3000/_next/static/chunks/0brk_next_dist_0dm07mh._.js:776
[  684099ms] [LOG] [Fast Refresh] done in 6ms @ http://localhost:3000/_next/static/chunks/0brk_next_dist_0dm07mh._.js:776
[  684148ms] [LOG] [Fast Refresh] done in 6ms @ http://localhost:3000/_next/static/chunks/0brk_next_dist_0dm07mh._.js:776
[  684197ms] [LOG] [Fast Refresh] done in 6ms @ http://localhost:3000/_next/static/chunks/0brk_next_dist_0dm07mh._.js:776
[  684258ms] [LOG] [Fast Refresh] done in 6ms @ http://localhost:3000/_next/static/chunks/0brk_next_dist_0dm07mh._.js:776
[  684317ms] [LOG] [Fast Refresh] done in 6ms @ http://localhost:3000/_next/static/chunks/0brk_next_dist_0dm07mh._.js:776
[  684365ms] [LOG] [Fast Refresh] done in 6ms @ http://localhost:3000/_next/static/chunks/0brk_next_dist_0dm07mh._.js:776
[  684428ms] [LOG] [Fast Refresh] done in 6ms @ http://localhost:3000/_next/static/chunks/0brk_next_dist_0dm07mh._.js:776
[  684477ms] [LOG] [Fast Refresh] done in 6ms @ http://localhost:3000/_next/static/chunks/0brk_next_dist_0dm07mh._.js:776
[  684533ms] [LOG] [Fast Refresh] done in 6ms @ http://localhost:3000/_next/static/chunks/0brk_next_dist_0dm07mh._.js:776
[  684595ms] [LOG] [Fast Refresh] done in 6ms @ http://localhost:3000/_next/static/chunks/0brk_next_dist_0dm07mh._.js:776
[  684655ms] [LOG] [Fast Refresh] done in 6ms @ http://localhost:3000/_next/static/chunks/0brk_next_dist_0dm07mh._.js:776
[  684717ms] [LOG] [Fast Refresh] done in 6ms @ http://localhost:3000/_next/static/chunks/0brk_next_dist_0dm07mh._.js:776
[  684778ms] [LOG] [Fast Refresh] done in 6ms @ http://localhost:3000/_next/static/chunks/0brk_next_dist_0dm07mh._.js:776
[  684827ms] [LOG] [Fast Refresh] done in 6ms @ http://localhost:3000/_next/static/chunks/0brk_next_dist_0dm07mh._.js:776
[  684886ms] [LOG] [Fast Refresh] done in 6ms @ http://localhost:3000/_next/static/chunks/0brk_next_dist_0dm07mh._.js:776
[  684948ms] [LOG] [Fast Refresh] done in 6ms @ http://localhost:3000/_next/static/chunks/0brk_next_dist_0dm07mh._.js:776
[  685011ms] [LOG] [Fast Refresh] done in 6ms @ http://localhost:3000/_next/static/chunks/0brk_next_dist_0dm07mh._.js:776
[  685087ms] [LOG] [Fast Refresh] done in 6ms @ http://localhost:3000/_next/static/chunks/0brk_next_dist_0dm07mh._.js:776
[  685148ms] [LOG] [Fast Refresh] done in 6ms @ http://localhost:3000/_next/static/chunks/0brk_next_dist_0dm07mh._.js:776
[  685195ms] [LOG] [Fast Refresh] done in 6ms @ http://localhost:3000/_next/static/chunks/0brk_next_dist_0dm07mh._.js:776
[  685256ms] [LOG] [Fast Refresh] done in 6ms @ http://localhost:3000/_next/static/chunks/0brk_next_dist_0dm07mh._.js:776
[  685318ms] [LOG] [Fast Refresh] done in 6ms @ http://localhost:3000/_next/static/chunks/0brk_next_dist_0dm07mh._.js:776
[  685380ms] [LOG] [Fast Refresh] done in 6ms @ http://localhost:3000/_next/static/chunks/0brk_next_dist_0dm07mh._.js:776
[  685434ms] [LOG] [Fast Refresh] done in 6ms @ http://localhost:3000/_next/static/chunks/0brk_next_dist_0dm07mh._.js:776
[  685497ms] [LOG] [Fast Refresh] done in 6ms @ http://localhost:3000/_next/static/chunks/0brk_next_dist_0dm07mh._.js:776
[  685557ms] [LOG] [Fast Refresh] done in 6ms @ http://localhost:3000/_next/static/chunks/0brk_next_dist_0dm07mh._.js:776
[  685604ms] [LOG] [Fast Refresh] done in 6ms @ http://localhost:3000/_next/static/chunks/0brk_next_dist_0dm07mh._.js:776
[  685666ms] [LOG] [Fast Refresh] done in 6ms @ http://localhost:3000/_next/static/chunks/0brk_next_dist_0dm07mh._.js:776
[  685718ms] [LOG] [Fast Refresh] done in 6ms @ http://localhost:3000/_next/static/chunks/0brk_next_dist_0dm07mh._.js:776
[  685780ms] [LOG] [Fast Refresh] done in 6ms @ http://localhost:3000/_next/static/chunks/0brk_next_dist_0dm07mh._.js:776
[  685842ms] [LOG] [Fast Refresh] done in 6ms @ http://localhost:3000/_next/static/chunks/0brk_next_dist_0dm07mh._.js:776
[  685901ms] [LOG] [Fast Refresh] done in 6ms @ http://localhost:3000/_next/static/chunks/0brk_next_dist_0dm07mh._.js:776
[  685964ms] [LOG] [Fast Refresh] done in 6ms @ http://localhost:3000/_next/static/chunks/0brk_next_dist_0dm07mh._.js:776
[  686034ms] [LOG] [Fast Refresh] done in 6ms @ http://localhost:3000/_next/static/chunks/0brk_next_dist_0dm07mh._.js:776
[  686128ms] [LOG] [Fast Refresh] done in 6ms @ http://localhost:3000/_next/static/chunks/0brk_next_dist_0dm07mh._.js:776
[  686445ms] [LOG] [Fast Refresh] done in 6ms @ http://localhost:3000/_next/static/chunks/0brk_next_dist_0dm07mh._.js:776
[  686900ms] [LOG] [Fast Refresh] done in 6ms @ http://localhost:3000/_next/static/chunks/0brk_next_dist_0dm07mh._.js:776
[  687016ms] [LOG] [Fast Refresh] done in 6ms @ http://localhost:3000/_next/static/chunks/0brk_next_dist_0dm07mh._.js:776
[  687079ms] [LOG] [Fast Refresh] done in 6ms @ http://localhost:3000/_next/static/chunks/0brk_next_dist_0dm07mh._.js:776
[  687141ms] [LOG] [Fast Refresh] done in 6ms @ http://localhost:3000/_next/static/chunks/0brk_next_dist_0dm07mh._.js:776
[  687196ms] [LOG] [Fast Refresh] done in 6ms @ http://localhost:3000/_next/static/chunks/0brk_next_dist_0dm07mh._.js:776
[  687257ms] [LOG] [Fast Refresh] done in 6ms @ http://localhost:3000/_next/static/chunks/0brk_next_dist_0dm07mh._.js:776
[  687313ms] [LOG] [Fast Refresh] done in 6ms @ http://localhost:3000/_next/static/chunks/0brk_next_dist_0dm07mh._.js:776
[  687375ms] [LOG] [Fast Refresh] done in 6ms @ http://localhost:3000/_next/static/chunks/0brk_next_dist_0dm07mh._.js:776
[  687427ms] [LOG] [Fast Refresh] done in 6ms @ http://localhost:3000/_next/static/chunks/0brk_next_dist_0dm07mh._.js:776
[  687489ms] [LOG] [Fast Refresh] done in 6ms @ http://localhost:3000/_next/static/chunks/0brk_next_dist_0dm07mh._.js:776
[  687548ms] [LOG] [Fast Refresh] done in 6ms @ http://localhost:3000/_next/static/chunks/0brk_next_dist_0dm07mh._.js:776
[  687610ms] [LOG] [Fast Refresh] done in 6ms @ http://localhost:3000/_next/static/chunks/0brk_next_dist_0dm07mh._.js:776
[  687668ms] [LOG] [Fast Refresh] done in 6ms @ http://localhost:3000/_next/static/chunks/0brk_next_dist_0dm07mh._.js:776
[  687720ms] [LOG] [Fast Refresh] done in 6ms @ http://localhost:3000/_next/static/chunks/0brk_next_dist_0dm07mh._.js:776
[  687781ms] [LOG] [Fast Refresh] done in 6ms @ http://localhost:3000/_next/static/chunks/0brk_next_dist_0dm07mh._.js:776
[  687836ms] [LOG] [Fast Refresh] done in 6ms @ http://localhost:3000/_next/static/chunks/0brk_next_dist_0dm07mh._.js:776
[  687913ms] [LOG] [Fast Refresh] done in 6ms @ http://localhost:3000/_next/static/chunks/0brk_next_dist_0dm07mh._.js:776
[  687968ms] [LOG] [Fast Refresh] done in 6ms @ http://localhost:3000/_next/static/chunks/0brk_next_dist_0dm07mh._.js:776
[  688033ms] [LOG] [Fast Refresh] done in 6ms @ http://localhost:3000/_next/static/chunks/0brk_next_dist_0dm07mh._.js:776
[  688096ms] [LOG] [Fast Refresh] done in 6ms @ http://localhost:3000/_next/static/chunks/0brk_next_dist_0dm07mh._.js:776
[  688177ms] [LOG] [Fast Refresh] done in 6ms @ http://localhost:3000/_next/static/chunks/0brk_next_dist_0dm07mh._.js:776
[  688253ms] [LOG] [Fast Refresh] done in 6ms @ http://localhost:3000/_next/static/chunks/0brk_next_dist_0dm07mh._.js:776
[  688318ms] [LOG] [Fast Refresh] done in 6ms @ http://localhost:3000/_next/static/chunks/0brk_next_dist_0dm07mh._.js:776
[  688371ms] [LOG] [Fast Refresh] done in 6ms @ http://localhost:3000/_next/static/chunks/0brk_next_dist_0dm07mh._.js:776
[  688430ms] [LOG] [Fast Refresh] done in 6ms @ http://localhost:3000/_next/static/chunks/0brk_next_dist_0dm07mh._.js:776
[  688493ms] [LOG] [Fast Refresh] done in 6ms @ http://localhost:3000/_next/static/chunks/0brk_next_dist_0dm07mh._.js:776
[  688553ms] [LOG] [Fast Refresh] done in 6ms @ http://localhost:3000/_next/static/chunks/0brk_next_dist_0dm07mh._.js:776
[  688614ms] [LOG] [Fast Refresh] done in 6ms @ http://localhost:3000/_next/static/chunks/0brk_next_dist_0dm07mh._.js:776
[  688677ms] [LOG] [Fast Refresh] done in 6ms @ http://localhost:3000/_next/static/chunks/0brk_next_dist_0dm07mh._.js:776
[  688741ms] [LOG] [Fast Refresh] done in 6ms @ http://localhost:3000/_next/static/chunks/0brk_next_dist_0dm07mh._.js:776
[  688806ms] [LOG] [Fast Refresh] done in 6ms @ http://localhost:3000/_next/static/chunks/0brk_next_dist_0dm07mh._.js:776
[  688869ms] [LOG] [Fast Refresh] done in 6ms @ http://localhost:3000/_next/static/chunks/0brk_next_dist_0dm07mh._.js:776
[  688931ms] [LOG] [Fast Refresh] done in 6ms @ http://localhost:3000/_next/static/chunks/0brk_next_dist_0dm07mh._.js:776
[  688997ms] [LOG] [Fast Refresh] done in 6ms @ http://localhost:3000/_next/static/chunks/0brk_next_dist_0dm07mh._.js:776
[  689060ms] [LOG] [Fast Refresh] done in 6ms @ http://localhost:3000/_next/static/chunks/0brk_next_dist_0dm07mh._.js:776
[  689123ms] [LOG] [Fast Refresh] done in 6ms @ http://localhost:3000/_next/static/chunks/0brk_next_dist_0dm07mh._.js:776
[  689201ms] [LOG] [Fast Refresh] done in 6ms @ http://localhost:3000/_next/static/chunks/0brk_next_dist_0dm07mh._.js:776
[  689312ms] [LOG] [Fast Refresh] done in 6ms @ http://localhost:3000/_next/static/chunks/0brk_next_dist_0dm07mh._.js:776
[  689369ms] [LOG] [Fast Refresh] done in 6ms @ http://localhost:3000/_next/static/chunks/0brk_next_dist_0dm07mh._.js:776
[  689432ms] [LOG] [Fast Refresh] done in 6ms @ http://localhost:3000/_next/static/chunks/0brk_next_dist_0dm07mh._.js:776
[  689495ms] [LOG] [Fast Refresh] done in 6ms @ http://localhost:3000/_next/static/chunks/0brk_next_dist_0dm07mh._.js:776
[  689557ms] [LOG] [Fast Refresh] done in 6ms @ http://localhost:3000/_next/static/chunks/0brk_next_dist_0dm07mh._.js:776
[  689617ms] [LOG] [Fast Refresh] done in 6ms @ http://localhost:3000/_next/static/chunks/0brk_next_dist_0dm07mh._.js:776
[  689681ms] [LOG] [Fast Refresh] done in 6ms @ http://localhost:3000/_next/static/chunks/0brk_next_dist_0dm07mh._.js:776
[  689734ms] [LOG] [Fast Refresh] done in 6ms @ http://localhost:3000/_next/static/chunks/0brk_next_dist_0dm07mh._.js:776
[  689797ms] [LOG] [Fast Refresh] done in 6ms @ http://localhost:3000/_next/static/chunks/0brk_next_dist_0dm07mh._.js:776
[  689859ms] [LOG] [Fast Refresh] done in 6ms @ http://localhost:3000/_next/static/chunks/0brk_next_dist_0dm07mh._.js:776
[  689924ms] [LOG] [Fast Refresh] done in 6ms @ http://localhost:3000/_next/static/chunks/0brk_next_dist_0dm07mh._.js:776
[  689984ms] [LOG] [Fast Refresh] done in 6ms @ http://localhost:3000/_next/static/chunks/0brk_next_dist_0dm07mh._.js:776
[  690047ms] [LOG] [Fast Refresh] done in 6ms @ http://localhost:3000/_next/static/chunks/0brk_next_dist_0dm07mh._.js:776
[  690101ms] [LOG] [Fast Refresh] done in 6ms @ http://localhost:3000/_next/static/chunks/0brk_next_dist_0dm07mh._.js:776
[  690151ms] [LOG] [Fast Refresh] done in 6ms @ http://localhost:3000/_next/static/chunks/0brk_next_dist_0dm07mh._.js:776
[  690203ms] [LOG] [Fast Refresh] done in 6ms @ http://localhost:3000/_next/static/chunks/0brk_next_dist_0dm07mh._.js:776
[  690252ms] [LOG] [Fast Refresh] done in 6ms @ http://localhost:3000/_next/static/chunks/0brk_next_dist_0dm07mh._.js:776
[  690310ms] [LOG] [Fast Refresh] done in 6ms @ http://localhost:3000/_next/static/chunks/0brk_next_dist_0dm07mh._.js:776
[  690351ms] [LOG] [Fast Refresh] done in 6ms @ http://localhost:3000/_next/static/chunks/0brk_next_dist_0dm07mh._.js:776
[  690413ms] [LOG] [Fast Refresh] done in 6ms @ http://localhost:3000/_next/static/chunks/0brk_next_dist_0dm07mh._.js:776
[  690474ms] [LOG] [Fast Refresh] done in 6ms @ http://localhost:3000/_next/static/chunks/0brk_next_dist_0dm07mh._.js:776
[  690534ms] [LOG] [Fast Refresh] done in 6ms @ http://localhost:3000/_next/static/chunks/0brk_next_dist_0dm07mh._.js:776
[  690597ms] [LOG] [Fast Refresh] done in 6ms @ http://localhost:3000/_next/static/chunks/0brk_next_dist_0dm07mh._.js:776
[  690644ms] [LOG] [Fast Refresh] done in 6ms @ http://localhost:3000/_next/static/chunks/0brk_next_dist_0dm07mh._.js:776
[  690863ms] [LOG] [Fast Refresh] rebuilding @ http://localhost:3000/_next/static/chunks/0brk_next_dist_0dm07mh._.js:776
[  691130ms] [LOG] [Fast Refresh] done in 381ms @ http://localhost:3000/_next/static/chunks/0brk_next_dist_0dm07mh._.js:776
[  693237ms] [LOG] [Fast Refresh] rebuilding @ http://localhost:3000/_next/static/chunks/0brk_next_dist_0dm07mh._.js:776
[  693254ms] [LOG] [Fast Refresh] done in 128ms @ http://localhost:3000/_next/static/chunks/0brk_next_dist_0dm07mh._.js:776
