[     583ms] [LOG] [HMR] connected @ http://localhost:3000/_next/static/chunks/1-li_next_dist_0it2jl7._.js:776
[   15840ms] [LOG] [HMR] connected @ http://localhost:3000/_next/static/chunks/1-li_next_dist_0it2jl7._.js:776
[   92606ms] [LOG] [Fast Refresh] rebuilding @ http://localhost:3000/_next/static/chunks/1-li_next_dist_0it2jl7._.js:776
[   93491ms] [LOG] [Fast Refresh] done in 881ms @ http://localhost:3000/_next/static/chunks/1-li_next_dist_0it2jl7._.js:776
[   93516ms] [LOG] [Fast Refresh] done in 881ms @ http://localhost:3000/_next/static/chunks/1-li_next_dist_0it2jl7._.js:776
[  160691ms] [LOG] [Fast Refresh] rebuilding @ http://localhost:3000/_next/static/chunks/1-li_next_dist_0it2jl7._.js:776
[  160882ms] [WARNING] [Fast Refresh] performing full reload

Fast Refresh will perform a full reload when you edit a file that's imported by modules outside of the React rendering tree.
You might have a file which exports a React component but also exports a value that is imported by a non-React component file.
Consider migrating the non-React component export to a separate file and importing it into both files.

It is also possible the parent component of the component you edited is a class component, which disables Fast Refresh.
Fast Refresh requires at least one parent function component in your React tree. @ chrome-extension://fmkadmapgofadopljbjfkapdkoienihi/build/installHook.js:0
[  160924ms] [LOG] [Fast Refresh] done in 560ms @ http://localhost:3000/_next/static/chunks/1-li_next_dist_0it2jl7._.js:776
[  160924ms] [LOG] [Fast Refresh] done in 560ms @ http://localhost:3000/_next/static/chunks/1-li_next_dist_0it2jl7._.js:776
[  166047ms] [LOG] [HMR] connected @ http://localhost:3000/_next/static/chunks/1-li_next_dist_0it2jl7._.js:776
[  241980ms] [LOG] [Fast Refresh] rebuilding @ http://localhost:3000/_next/static/chunks/1-li_next_dist_0it2jl7._.js:776
[  243887ms] [LOG] [Fast Refresh] done in 2055ms @ http://localhost:3000/_next/static/chunks/1-li_next_dist_0it2jl7._.js:776
[  243889ms] [LOG] [Fast Refresh] done in 2055ms @ http://localhost:3000/_next/static/chunks/1-li_next_dist_0it2jl7._.js:776
[  243890ms] [LOG] [Fast Refresh] done in 2055ms @ http://localhost:3000/_next/static/chunks/1-li_next_dist_0it2jl7._.js:776
[  244792ms] [LOG] [Fast Refresh] done in 2055ms @ http://localhost:3000/_next/static/chunks/1-li_next_dist_0it2jl7._.js:776
[  244856ms] [LOG] [Fast Refresh] done in 2055ms @ http://localhost:3000/_next/static/chunks/1-li_next_dist_0it2jl7._.js:776
[  244922ms] [LOG] [Fast Refresh] done in 2055ms @ http://localhost:3000/_next/static/chunks/1-li_next_dist_0it2jl7._.js:776
[  244990ms] [LOG] [Fast Refresh] done in 2055ms @ http://localhost:3000/_next/static/chunks/1-li_next_dist_0it2jl7._.js:776
[  245094ms] [LOG] [Fast Refresh] done in 2055ms @ http://localhost:3000/_next/static/chunks/1-li_next_dist_0it2jl7._.js:776
[  245174ms] [LOG] [Fast Refresh] done in 2055ms @ http://localhost:3000/_next/static/chunks/1-li_next_dist_0it2jl7._.js:776
[  245247ms] [LOG] [Fast Refresh] done in 2055ms @ http://localhost:3000/_next/static/chunks/1-li_next_dist_0it2jl7._.js:776
[  245338ms] [LOG] [Fast Refresh] done in 2055ms @ http://localhost:3000/_next/static/chunks/1-li_next_dist_0it2jl7._.js:776
[  245459ms] [LOG] [Fast Refresh] done in 2055ms @ http://localhost:3000/_next/static/chunks/1-li_next_dist_0it2jl7._.js:776
[  245608ms] [LOG] [Fast Refresh] done in 2055ms @ http://localhost:3000/_next/static/chunks/1-li_next_dist_0it2jl7._.js:776
[  245682ms] [LOG] [Fast Refresh] done in 2055ms @ http://localhost:3000/_next/static/chunks/1-li_next_dist_0it2jl7._.js:776
[  245746ms] [LOG] [Fast Refresh] done in 2055ms @ http://localhost:3000/_next/static/chunks/1-li_next_dist_0it2jl7._.js:776
[  245816ms] [LOG] [Fast Refresh] done in 2055ms @ http://localhost:3000/_next/static/chunks/1-li_next_dist_0it2jl7._.js:776
[  245879ms] [LOG] [Fast Refresh] done in 2055ms @ http://localhost:3000/_next/static/chunks/1-li_next_dist_0it2jl7._.js:776
[  245950ms] [LOG] [Fast Refresh] done in 2055ms @ http://localhost:3000/_next/static/chunks/1-li_next_dist_0it2jl7._.js:776
[  246024ms] [LOG] [Fast Refresh] done in 2055ms @ http://localhost:3000/_next/static/chunks/1-li_next_dist_0it2jl7._.js:776
[  246104ms] [LOG] [Fast Refresh] done in 2055ms @ http://localhost:3000/_next/static/chunks/1-li_next_dist_0it2jl7._.js:776
[  246160ms] [LOG] [Fast Refresh] done in 2055ms @ http://localhost:3000/_next/static/chunks/1-li_next_dist_0it2jl7._.js:776
[  246227ms] [LOG] [Fast Refresh] done in 2055ms @ http://localhost:3000/_next/static/chunks/1-li_next_dist_0it2jl7._.js:776
[  246286ms] [LOG] [Fast Refresh] done in 2055ms @ http://localhost:3000/_next/static/chunks/1-li_next_dist_0it2jl7._.js:776
[  246350ms] [LOG] [Fast Refresh] done in 2055ms @ http://localhost:3000/_next/static/chunks/1-li_next_dist_0it2jl7._.js:776
[  246406ms] [LOG] [Fast Refresh] done in 2055ms @ http://localhost:3000/_next/static/chunks/1-li_next_dist_0it2jl7._.js:776
[  246469ms] [LOG] [Fast Refresh] done in 2055ms @ http://localhost:3000/_next/static/chunks/1-li_next_dist_0it2jl7._.js:776
[  246530ms] [LOG] [Fast Refresh] done in 2055ms @ http://localhost:3000/_next/static/chunks/1-li_next_dist_0it2jl7._.js:776
[  246592ms] [LOG] [Fast Refresh] done in 2055ms @ http://localhost:3000/_next/static/chunks/1-li_next_dist_0it2jl7._.js:776
[  246654ms] [LOG] [Fast Refresh] done in 2055ms @ http://localhost:3000/_next/static/chunks/1-li_next_dist_0it2jl7._.js:776
[  246725ms] [LOG] [Fast Refresh] done in 2055ms @ http://localhost:3000/_next/static/chunks/1-li_next_dist_0it2jl7._.js:776
[  246806ms] [LOG] [Fast Refresh] done in 2055ms @ http://localhost:3000/_next/static/chunks/1-li_next_dist_0it2jl7._.js:776
[  246923ms] [LOG] [Fast Refresh] done in 2055ms @ http://localhost:3000/_next/static/chunks/1-li_next_dist_0it2jl7._.js:776
[  247012ms] [LOG] [Fast Refresh] done in 2055ms @ http://localhost:3000/_next/static/chunks/1-li_next_dist_0it2jl7._.js:776
[  247096ms] [LOG] [Fast Refresh] done in 2055ms @ http://localhost:3000/_next/static/chunks/1-li_next_dist_0it2jl7._.js:776
[  247166ms] [LOG] [Fast Refresh] done in 2055ms @ http://localhost:3000/_next/static/chunks/1-li_next_dist_0it2jl7._.js:776
[  247225ms] [LOG] [Fast Refresh] done in 2055ms @ http://localhost:3000/_next/static/chunks/1-li_next_dist_0it2jl7._.js:776
[  247292ms] [LOG] [Fast Refresh] done in 2055ms @ http://localhost:3000/_next/static/chunks/1-li_next_dist_0it2jl7._.js:776
[  247352ms] [LOG] [Fast Refresh] done in 2055ms @ http://localhost:3000/_next/static/chunks/1-li_next_dist_0it2jl7._.js:776
[  247418ms] [LOG] [Fast Refresh] done in 2055ms @ http://localhost:3000/_next/static/chunks/1-li_next_dist_0it2jl7._.js:776
[  247491ms] [LOG] [Fast Refresh] done in 2055ms @ http://localhost:3000/_next/static/chunks/1-li_next_dist_0it2jl7._.js:776
[  247557ms] [LOG] [Fast Refresh] done in 2055ms @ http://localhost:3000/_next/static/chunks/1-li_next_dist_0it2jl7._.js:776
[  247615ms] [LOG] [Fast Refresh] done in 2055ms @ http://localhost:3000/_next/static/chunks/1-li_next_dist_0it2jl7._.js:776
[  247677ms] [LOG] [Fast Refresh] done in 2055ms @ http://localhost:3000/_next/static/chunks/1-li_next_dist_0it2jl7._.js:776
[  247738ms] [LOG] [Fast Refresh] done in 2055ms @ http://localhost:3000/_next/static/chunks/1-li_next_dist_0it2jl7._.js:776
[  247816ms] [LOG] [Fast Refresh] done in 2055ms @ http://localhost:3000/_next/static/chunks/1-li_next_dist_0it2jl7._.js:776
[  247880ms] [LOG] [Fast Refresh] done in 2055ms @ http://localhost:3000/_next/static/chunks/1-li_next_dist_0it2jl7._.js:776
[  247938ms] [LOG] [Fast Refresh] done in 2055ms @ http://localhost:3000/_next/static/chunks/1-li_next_dist_0it2jl7._.js:776
[  248005ms] [LOG] [Fast Refresh] done in 2055ms @ http://localhost:3000/_next/static/chunks/1-li_next_dist_0it2jl7._.js:776
[  248066ms] [LOG] [Fast Refresh] done in 2055ms @ http://localhost:3000/_next/static/chunks/1-li_next_dist_0it2jl7._.js:776
[  248128ms] [LOG] [Fast Refresh] done in 2055ms @ http://localhost:3000/_next/static/chunks/1-li_next_dist_0it2jl7._.js:776
[  248198ms] [LOG] [Fast Refresh] done in 2055ms @ http://localhost:3000/_next/static/chunks/1-li_next_dist_0it2jl7._.js:776
[  248253ms] [LOG] [Fast Refresh] done in 2055ms @ http://localhost:3000/_next/static/chunks/1-li_next_dist_0it2jl7._.js:776
[  248318ms] [LOG] [Fast Refresh] done in 2055ms @ http://localhost:3000/_next/static/chunks/1-li_next_dist_0it2jl7._.js:776
[  248379ms] [LOG] [Fast Refresh] done in 2055ms @ http://localhost:3000/_next/static/chunks/1-li_next_dist_0it2jl7._.js:776
[  248439ms] [LOG] [Fast Refresh] done in 2055ms @ http://localhost:3000/_next/static/chunks/1-li_next_dist_0it2jl7._.js:776
[  248500ms] [LOG] [Fast Refresh] done in 2055ms @ http://localhost:3000/_next/static/chunks/1-li_next_dist_0it2jl7._.js:776
[  248560ms] [LOG] [Fast Refresh] done in 2055ms @ http://localhost:3000/_next/static/chunks/1-li_next_dist_0it2jl7._.js:776
[  248632ms] [LOG] [Fast Refresh] done in 2055ms @ http://localhost:3000/_next/static/chunks/1-li_next_dist_0it2jl7._.js:776
[  248702ms] [LOG] [Fast Refresh] done in 2055ms @ http://localhost:3000/_next/static/chunks/1-li_next_dist_0it2jl7._.js:776
[  248763ms] [LOG] [Fast Refresh] done in 2055ms @ http://localhost:3000/_next/static/chunks/1-li_next_dist_0it2jl7._.js:776
[  248829ms] [LOG] [Fast Refresh] done in 2055ms @ http://localhost:3000/_next/static/chunks/1-li_next_dist_0it2jl7._.js:776
[  248890ms] [LOG] [Fast Refresh] done in 2055ms @ http://localhost:3000/_next/static/chunks/1-li_next_dist_0it2jl7._.js:776
[  248949ms] [LOG] [Fast Refresh] done in 2055ms @ http://localhost:3000/_next/static/chunks/1-li_next_dist_0it2jl7._.js:776
[  249014ms] [LOG] [Fast Refresh] done in 2055ms @ http://localhost:3000/_next/static/chunks/1-li_next_dist_0it2jl7._.js:776
[  249073ms] [LOG] [Fast Refresh] done in 2055ms @ http://localhost:3000/_next/static/chunks/1-li_next_dist_0it2jl7._.js:776
[  249139ms] [LOG] [Fast Refresh] done in 2055ms @ http://localhost:3000/_next/static/chunks/1-li_next_dist_0it2jl7._.js:776
[  249201ms] [LOG] [Fast Refresh] done in 2055ms @ http://localhost:3000/_next/static/chunks/1-li_next_dist_0it2jl7._.js:776
[  249267ms] [LOG] [Fast Refresh] done in 2055ms @ http://localhost:3000/_next/static/chunks/1-li_next_dist_0it2jl7._.js:776
[  249324ms] [LOG] [Fast Refresh] done in 2055ms @ http://localhost:3000/_next/static/chunks/1-li_next_dist_0it2jl7._.js:776
[  249385ms] [LOG] [Fast Refresh] done in 2055ms @ http://localhost:3000/_next/static/chunks/1-li_next_dist_0it2jl7._.js:776
[  249447ms] [LOG] [Fast Refresh] done in 2055ms @ http://localhost:3000/_next/static/chunks/1-li_next_dist_0it2jl7._.js:776
[  249508ms] [LOG] [Fast Refresh] done in 2055ms @ http://localhost:3000/_next/static/chunks/1-li_next_dist_0it2jl7._.js:776
[  249569ms] [LOG] [Fast Refresh] done in 2055ms @ http://localhost:3000/_next/static/chunks/1-li_next_dist_0it2jl7._.js:776
[  249633ms] [LOG] [Fast Refresh] done in 2055ms @ http://localhost:3000/_next/static/chunks/1-li_next_dist_0it2jl7._.js:776
[  249695ms] [LOG] [Fast Refresh] done in 2055ms @ http://localhost:3000/_next/static/chunks/1-li_next_dist_0it2jl7._.js:776
[  249757ms] [LOG] [Fast Refresh] done in 2055ms @ http://localhost:3000/_next/static/chunks/1-li_next_dist_0it2jl7._.js:776
[  249841ms] [LOG] [Fast Refresh] done in 2055ms @ http://localhost:3000/_next/static/chunks/1-li_next_dist_0it2jl7._.js:776
[  249955ms] [LOG] [Fast Refresh] done in 2055ms @ http://localhost:3000/_next/static/chunks/1-li_next_dist_0it2jl7._.js:776
[  250109ms] [LOG] [Fast Refresh] done in 2055ms @ http://localhost:3000/_next/static/chunks/1-li_next_dist_0it2jl7._.js:776
[  250264ms] [LOG] [Fast Refresh] done in 2055ms @ http://localhost:3000/_next/static/chunks/1-li_next_dist_0it2jl7._.js:776
[  250349ms] [LOG] [Fast Refresh] done in 2055ms @ http://localhost:3000/_next/static/chunks/1-li_next_dist_0it2jl7._.js:776
[  250430ms] [LOG] [Fast Refresh] done in 2055ms @ http://localhost:3000/_next/static/chunks/1-li_next_dist_0it2jl7._.js:776
[  250496ms] [LOG] [Fast Refresh] done in 2055ms @ http://localhost:3000/_next/static/chunks/1-li_next_dist_0it2jl7._.js:776
[  250566ms] [LOG] [Fast Refresh] done in 2055ms @ http://localhost:3000/_next/static/chunks/1-li_next_dist_0it2jl7._.js:776
[  250643ms] [LOG] [Fast Refresh] done in 2055ms @ http://localhost:3000/_next/static/chunks/1-li_next_dist_0it2jl7._.js:776
[  250716ms] [LOG] [Fast Refresh] done in 2055ms @ http://localhost:3000/_next/static/chunks/1-li_next_dist_0it2jl7._.js:776
[  250796ms] [LOG] [Fast Refresh] done in 2055ms @ http://localhost:3000/_next/static/chunks/1-li_next_dist_0it2jl7._.js:776
[  250855ms] [LOG] [Fast Refresh] done in 2055ms @ http://localhost:3000/_next/static/chunks/1-li_next_dist_0it2jl7._.js:776
[  250917ms] [LOG] [Fast Refresh] done in 2055ms @ http://localhost:3000/_next/static/chunks/1-li_next_dist_0it2jl7._.js:776
[  250983ms] [LOG] [Fast Refresh] done in 2055ms @ http://localhost:3000/_next/static/chunks/1-li_next_dist_0it2jl7._.js:776
[  251039ms] [LOG] [Fast Refresh] done in 2055ms @ http://localhost:3000/_next/static/chunks/1-li_next_dist_0it2jl7._.js:776
[  251100ms] [LOG] [Fast Refresh] done in 2055ms @ http://localhost:3000/_next/static/chunks/1-li_next_dist_0it2jl7._.js:776
[  251164ms] [LOG] [Fast Refresh] done in 2055ms @ http://localhost:3000/_next/static/chunks/1-li_next_dist_0it2jl7._.js:776
[  251225ms] [LOG] [Fast Refresh] done in 2055ms @ http://localhost:3000/_next/static/chunks/1-li_next_dist_0it2jl7._.js:776
[  251293ms] [LOG] [Fast Refresh] done in 2055ms @ http://localhost:3000/_next/static/chunks/1-li_next_dist_0it2jl7._.js:776
[  251371ms] [LOG] [Fast Refresh] done in 2055ms @ http://localhost:3000/_next/static/chunks/1-li_next_dist_0it2jl7._.js:776
[  251477ms] [LOG] [Fast Refresh] done in 2055ms @ http://localhost:3000/_next/static/chunks/1-li_next_dist_0it2jl7._.js:776
[  251551ms] [LOG] [Fast Refresh] done in 2055ms @ http://localhost:3000/_next/static/chunks/1-li_next_dist_0it2jl7._.js:776
[  251609ms] [LOG] [Fast Refresh] done in 2055ms @ http://localhost:3000/_next/static/chunks/1-li_next_dist_0it2jl7._.js:776
[  251672ms] [LOG] [Fast Refresh] done in 2055ms @ http://localhost:3000/_next/static/chunks/1-li_next_dist_0it2jl7._.js:776
[  251730ms] [LOG] [Fast Refresh] done in 2055ms @ http://localhost:3000/_next/static/chunks/1-li_next_dist_0it2jl7._.js:776
[  251793ms] [LOG] [Fast Refresh] done in 2055ms @ http://localhost:3000/_next/static/chunks/1-li_next_dist_0it2jl7._.js:776
[  251856ms] [LOG] [Fast Refresh] done in 2055ms @ http://localhost:3000/_next/static/chunks/1-li_next_dist_0it2jl7._.js:776
[  251918ms] [LOG] [Fast Refresh] done in 2055ms @ http://localhost:3000/_next/static/chunks/1-li_next_dist_0it2jl7._.js:776
[  251981ms] [LOG] [Fast Refresh] done in 2055ms @ http://localhost:3000/_next/static/chunks/1-li_next_dist_0it2jl7._.js:776
[  252042ms] [LOG] [Fast Refresh] done in 2055ms @ http://localhost:3000/_next/static/chunks/1-li_next_dist_0it2jl7._.js:776
[  252104ms] [LOG] [Fast Refresh] done in 2055ms @ http://localhost:3000/_next/static/chunks/1-li_next_dist_0it2jl7._.js:776
[  252167ms] [LOG] [Fast Refresh] done in 2055ms @ http://localhost:3000/_next/static/chunks/1-li_next_dist_0it2jl7._.js:776
[  252230ms] [LOG] [Fast Refresh] done in 2055ms @ http://localhost:3000/_next/static/chunks/1-li_next_dist_0it2jl7._.js:776
[  252292ms] [LOG] [Fast Refresh] done in 2055ms @ http://localhost:3000/_next/static/chunks/1-li_next_dist_0it2jl7._.js:776
[  252353ms] [LOG] [Fast Refresh] done in 2055ms @ http://localhost:3000/_next/static/chunks/1-li_next_dist_0it2jl7._.js:776
[  252416ms] [LOG] [Fast Refresh] done in 2055ms @ http://localhost:3000/_next/static/chunks/1-li_next_dist_0it2jl7._.js:776
[  252477ms] [LOG] [Fast Refresh] done in 2055ms @ http://localhost:3000/_next/static/chunks/1-li_next_dist_0it2jl7._.js:776
[  252541ms] [LOG] [Fast Refresh] done in 2055ms @ http://localhost:3000/_next/static/chunks/1-li_next_dist_0it2jl7._.js:776
[  252617ms] [LOG] [Fast Refresh] done in 2055ms @ http://localhost:3000/_next/static/chunks/1-li_next_dist_0it2jl7._.js:776
[  252679ms] [LOG] [Fast Refresh] done in 2055ms @ http://localhost:3000/_next/static/chunks/1-li_next_dist_0it2jl7._.js:776
[  252741ms] [LOG] [Fast Refresh] done in 2055ms @ http://localhost:3000/_next/static/chunks/1-li_next_dist_0it2jl7._.js:776
[  252804ms] [LOG] [Fast Refresh] done in 2055ms @ http://localhost:3000/_next/static/chunks/1-li_next_dist_0it2jl7._.js:776
[  252867ms] [LOG] [Fast Refresh] done in 2055ms @ http://localhost:3000/_next/static/chunks/1-li_next_dist_0it2jl7._.js:776
[  252928ms] [LOG] [Fast Refresh] done in 2055ms @ http://localhost:3000/_next/static/chunks/1-li_next_dist_0it2jl7._.js:776
[  252989ms] [LOG] [Fast Refresh] done in 2055ms @ http://localhost:3000/_next/static/chunks/1-li_next_dist_0it2jl7._.js:776
[  253051ms] [LOG] [Fast Refresh] done in 2055ms @ http://localhost:3000/_next/static/chunks/1-li_next_dist_0it2jl7._.js:776
[  253113ms] [LOG] [Fast Refresh] done in 2055ms @ http://localhost:3000/_next/static/chunks/1-li_next_dist_0it2jl7._.js:776
[  253177ms] [LOG] [Fast Refresh] done in 2055ms @ http://localhost:3000/_next/static/chunks/1-li_next_dist_0it2jl7._.js:776
[  253254ms] [LOG] [Fast Refresh] done in 2055ms @ http://localhost:3000/_next/static/chunks/1-li_next_dist_0it2jl7._.js:776
[  253317ms] [LOG] [Fast Refresh] done in 2055ms @ http://localhost:3000/_next/static/chunks/1-li_next_dist_0it2jl7._.js:776
[  253379ms] [LOG] [Fast Refresh] done in 2055ms @ http://localhost:3000/_next/static/chunks/1-li_next_dist_0it2jl7._.js:776
[  253441ms] [LOG] [Fast Refresh] done in 2055ms @ http://localhost:3000/_next/static/chunks/1-li_next_dist_0it2jl7._.js:776
[  253503ms] [LOG] [Fast Refresh] done in 2055ms @ http://localhost:3000/_next/static/chunks/1-li_next_dist_0it2jl7._.js:776
[  253566ms] [LOG] [Fast Refresh] done in 2055ms @ http://localhost:3000/_next/static/chunks/1-li_next_dist_0it2jl7._.js:776
[  253628ms] [LOG] [Fast Refresh] done in 2055ms @ http://localhost:3000/_next/static/chunks/1-li_next_dist_0it2jl7._.js:776
[  253691ms] [LOG] [Fast Refresh] done in 2055ms @ http://localhost:3000/_next/static/chunks/1-li_next_dist_0it2jl7._.js:776
[  253753ms] [LOG] [Fast Refresh] done in 2055ms @ http://localhost:3000/_next/static/chunks/1-li_next_dist_0it2jl7._.js:776
[  253816ms] [LOG] [Fast Refresh] done in 2055ms @ http://localhost:3000/_next/static/chunks/1-li_next_dist_0it2jl7._.js:776
[  253880ms] [LOG] [Fast Refresh] done in 2055ms @ http://localhost:3000/_next/static/chunks/1-li_next_dist_0it2jl7._.js:776
[  253942ms] [LOG] [Fast Refresh] done in 2055ms @ http://localhost:3000/_next/static/chunks/1-li_next_dist_0it2jl7._.js:776
[  254002ms] [LOG] [Fast Refresh] done in 2055ms @ http://localhost:3000/_next/static/chunks/1-li_next_dist_0it2jl7._.js:776
[  254067ms] [LOG] [Fast Refresh] done in 2055ms @ http://localhost:3000/_next/static/chunks/1-li_next_dist_0it2jl7._.js:776
[  254129ms] [LOG] [Fast Refresh] done in 2055ms @ http://localhost:3000/_next/static/chunks/1-li_next_dist_0it2jl7._.js:776
[  254191ms] [LOG] [Fast Refresh] done in 2055ms @ http://localhost:3000/_next/static/chunks/1-li_next_dist_0it2jl7._.js:776
[  254252ms] [LOG] [Fast Refresh] done in 2055ms @ http://localhost:3000/_next/static/chunks/1-li_next_dist_0it2jl7._.js:776
[  254315ms] [LOG] [Fast Refresh] done in 2055ms @ http://localhost:3000/_next/static/chunks/1-li_next_dist_0it2jl7._.js:776
[  254376ms] [LOG] [Fast Refresh] done in 2055ms @ http://localhost:3000/_next/static/chunks/1-li_next_dist_0it2jl7._.js:776
[  254440ms] [LOG] [Fast Refresh] done in 2055ms @ http://localhost:3000/_next/static/chunks/1-li_next_dist_0it2jl7._.js:776
[  254502ms] [LOG] [Fast Refresh] done in 2055ms @ http://localhost:3000/_next/static/chunks/1-li_next_dist_0it2jl7._.js:776
[  254564ms] [LOG] [Fast Refresh] done in 2055ms @ http://localhost:3000/_next/static/chunks/1-li_next_dist_0it2jl7._.js:776
[  254626ms] [LOG] [Fast Refresh] done in 2055ms @ http://localhost:3000/_next/static/chunks/1-li_next_dist_0it2jl7._.js:776
[  254688ms] [LOG] [Fast Refresh] done in 2055ms @ http://localhost:3000/_next/static/chunks/1-li_next_dist_0it2jl7._.js:776
[  254751ms] [LOG] [Fast Refresh] done in 2055ms @ http://localhost:3000/_next/static/chunks/1-li_next_dist_0it2jl7._.js:776
[  254813ms] [LOG] [Fast Refresh] done in 2055ms @ http://localhost:3000/_next/static/chunks/1-li_next_dist_0it2jl7._.js:776
[  254875ms] [LOG] [Fast Refresh] done in 2055ms @ http://localhost:3000/_next/static/chunks/1-li_next_dist_0it2jl7._.js:776
[  254936ms] [LOG] [Fast Refresh] done in 2055ms @ http://localhost:3000/_next/static/chunks/1-li_next_dist_0it2jl7._.js:776
[  254999ms] [LOG] [Fast Refresh] done in 2055ms @ http://localhost:3000/_next/static/chunks/1-li_next_dist_0it2jl7._.js:776
[  255060ms] [LOG] [Fast Refresh] done in 2055ms @ http://localhost:3000/_next/static/chunks/1-li_next_dist_0it2jl7._.js:776
[  255121ms] [LOG] [Fast Refresh] done in 2055ms @ http://localhost:3000/_next/static/chunks/1-li_next_dist_0it2jl7._.js:776
[  255182ms] [LOG] [Fast Refresh] done in 2055ms @ http://localhost:3000/_next/static/chunks/1-li_next_dist_0it2jl7._.js:776
[  255245ms] [LOG] [Fast Refresh] done in 2055ms @ http://localhost:3000/_next/static/chunks/1-li_next_dist_0it2jl7._.js:776
[  255308ms] [LOG] [Fast Refresh] done in 2055ms @ http://localhost:3000/_next/static/chunks/1-li_next_dist_0it2jl7._.js:776
[  255371ms] [LOG] [Fast Refresh] done in 2055ms @ http://localhost:3000/_next/static/chunks/1-li_next_dist_0it2jl7._.js:776
[  255432ms] [LOG] [Fast Refresh] done in 2055ms @ http://localhost:3000/_next/static/chunks/1-li_next_dist_0it2jl7._.js:776
[  255494ms] [LOG] [Fast Refresh] done in 2055ms @ http://localhost:3000/_next/static/chunks/1-li_next_dist_0it2jl7._.js:776
[  255555ms] [LOG] [Fast Refresh] done in 2055ms @ http://localhost:3000/_next/static/chunks/1-li_next_dist_0it2jl7._.js:776
[  255617ms] [LOG] [Fast Refresh] done in 2055ms @ http://localhost:3000/_next/static/chunks/1-li_next_dist_0it2jl7._.js:776
[  255678ms] [LOG] [Fast Refresh] done in 2055ms @ http://localhost:3000/_next/static/chunks/1-li_next_dist_0it2jl7._.js:776
[  255740ms] [LOG] [Fast Refresh] done in 2055ms @ http://localhost:3000/_next/static/chunks/1-li_next_dist_0it2jl7._.js:776
[  255803ms] [LOG] [Fast Refresh] done in 2055ms @ http://localhost:3000/_next/static/chunks/1-li_next_dist_0it2jl7._.js:776
[  255866ms] [LOG] [Fast Refresh] done in 2055ms @ http://localhost:3000/_next/static/chunks/1-li_next_dist_0it2jl7._.js:776
[  255928ms] [LOG] [Fast Refresh] done in 2055ms @ http://localhost:3000/_next/static/chunks/1-li_next_dist_0it2jl7._.js:776
[  255993ms] [LOG] [Fast Refresh] done in 2055ms @ http://localhost:3000/_next/static/chunks/1-li_next_dist_0it2jl7._.js:776
[  256055ms] [LOG] [Fast Refresh] done in 2055ms @ http://localhost:3000/_next/static/chunks/1-li_next_dist_0it2jl7._.js:776
[  256138ms] [LOG] [Fast Refresh] done in 2055ms @ http://localhost:3000/_next/static/chunks/1-li_next_dist_0it2jl7._.js:776
[  256334ms] [LOG] [Fast Refresh] done in 2055ms @ http://localhost:3000/_next/static/chunks/1-li_next_dist_0it2jl7._.js:776
[  256638ms] [LOG] [Fast Refresh] done in 2055ms @ http://localhost:3000/_next/static/chunks/1-li_next_dist_0it2jl7._.js:776
[  256722ms] [LOG] [Fast Refresh] done in 2055ms @ http://localhost:3000/_next/static/chunks/1-li_next_dist_0it2jl7._.js:776
[  256784ms] [LOG] [Fast Refresh] done in 2055ms @ http://localhost:3000/_next/static/chunks/1-li_next_dist_0it2jl7._.js:776
[  256847ms] [LOG] [Fast Refresh] done in 2055ms @ http://localhost:3000/_next/static/chunks/1-li_next_dist_0it2jl7._.js:776
[  256908ms] [LOG] [Fast Refresh] done in 2055ms @ http://localhost:3000/_next/static/chunks/1-li_next_dist_0it2jl7._.js:776
[  256970ms] [LOG] [Fast Refresh] done in 2055ms @ http://localhost:3000/_next/static/chunks/1-li_next_dist_0it2jl7._.js:776
[  257032ms] [LOG] [Fast Refresh] done in 2055ms @ http://localhost:3000/_next/static/chunks/1-li_next_dist_0it2jl7._.js:776
[  257094ms] [LOG] [Fast Refresh] done in 2055ms @ http://localhost:3000/_next/static/chunks/1-li_next_dist_0it2jl7._.js:776
[  257157ms] [LOG] [Fast Refresh] done in 2055ms @ http://localhost:3000/_next/static/chunks/1-li_next_dist_0it2jl7._.js:776
[  257220ms] [LOG] [Fast Refresh] done in 2055ms @ http://localhost:3000/_next/static/chunks/1-li_next_dist_0it2jl7._.js:776
[  257282ms] [LOG] [Fast Refresh] done in 2055ms @ http://localhost:3000/_next/static/chunks/1-li_next_dist_0it2jl7._.js:776
[  257343ms] [LOG] [Fast Refresh] done in 2055ms @ http://localhost:3000/_next/static/chunks/1-li_next_dist_0it2jl7._.js:776
[  257405ms] [LOG] [Fast Refresh] done in 2055ms @ http://localhost:3000/_next/static/chunks/1-li_next_dist_0it2jl7._.js:776
[  257467ms] [LOG] [Fast Refresh] done in 2055ms @ http://localhost:3000/_next/static/chunks/1-li_next_dist_0it2jl7._.js:776
[  257528ms] [LOG] [Fast Refresh] done in 2055ms @ http://localhost:3000/_next/static/chunks/1-li_next_dist_0it2jl7._.js:776
[  257591ms] [LOG] [Fast Refresh] done in 2055ms @ http://localhost:3000/_next/static/chunks/1-li_next_dist_0it2jl7._.js:776
[  257654ms] [LOG] [Fast Refresh] done in 2055ms @ http://localhost:3000/_next/static/chunks/1-li_next_dist_0it2jl7._.js:776
[  257718ms] [LOG] [Fast Refresh] done in 2055ms @ http://localhost:3000/_next/static/chunks/1-li_next_dist_0it2jl7._.js:776
[  257780ms] [LOG] [Fast Refresh] done in 2055ms @ http://localhost:3000/_next/static/chunks/1-li_next_dist_0it2jl7._.js:776
[  257842ms] [LOG] [Fast Refresh] done in 2055ms @ http://localhost:3000/_next/static/chunks/1-li_next_dist_0it2jl7._.js:776
[  257904ms] [LOG] [Fast Refresh] done in 2055ms @ http://localhost:3000/_next/static/chunks/1-li_next_dist_0it2jl7._.js:776
[  257965ms] [LOG] [Fast Refresh] done in 2055ms @ http://localhost:3000/_next/static/chunks/1-li_next_dist_0it2jl7._.js:776
[  258027ms] [LOG] [Fast Refresh] done in 2055ms @ http://localhost:3000/_next/static/chunks/1-li_next_dist_0it2jl7._.js:776
[  258088ms] [LOG] [Fast Refresh] done in 2055ms @ http://localhost:3000/_next/static/chunks/1-li_next_dist_0it2jl7._.js:776
[  258150ms] [LOG] [Fast Refresh] done in 2055ms @ http://localhost:3000/_next/static/chunks/1-li_next_dist_0it2jl7._.js:776
[  258213ms] [LOG] [Fast Refresh] done in 2055ms @ http://localhost:3000/_next/static/chunks/1-li_next_dist_0it2jl7._.js:776
[  258273ms] [LOG] [Fast Refresh] done in 2055ms @ http://localhost:3000/_next/static/chunks/1-li_next_dist_0it2jl7._.js:776
[  258336ms] [LOG] [Fast Refresh] done in 2055ms @ http://localhost:3000/_next/static/chunks/1-li_next_dist_0it2jl7._.js:776
[  258396ms] [LOG] [Fast Refresh] done in 2055ms @ http://localhost:3000/_next/static/chunks/1-li_next_dist_0it2jl7._.js:776
[  258459ms] [LOG] [Fast Refresh] done in 2055ms @ http://localhost:3000/_next/static/chunks/1-li_next_dist_0it2jl7._.js:776
[  258521ms] [LOG] [Fast Refresh] done in 2055ms @ http://localhost:3000/_next/static/chunks/1-li_next_dist_0it2jl7._.js:776
[  258584ms] [LOG] [Fast Refresh] done in 2055ms @ http://localhost:3000/_next/static/chunks/1-li_next_dist_0it2jl7._.js:776
[  258646ms] [LOG] [Fast Refresh] done in 2055ms @ http://localhost:3000/_next/static/chunks/1-li_next_dist_0it2jl7._.js:776
[  258709ms] [LOG] [Fast Refresh] done in 2055ms @ http://localhost:3000/_next/static/chunks/1-li_next_dist_0it2jl7._.js:776
[  258772ms] [LOG] [Fast Refresh] done in 2055ms @ http://localhost:3000/_next/static/chunks/1-li_next_dist_0it2jl7._.js:776
[  258835ms] [LOG] [Fast Refresh] done in 2055ms @ http://localhost:3000/_next/static/chunks/1-li_next_dist_0it2jl7._.js:776
[  258899ms] [LOG] [Fast Refresh] done in 2055ms @ http://localhost:3000/_next/static/chunks/1-li_next_dist_0it2jl7._.js:776
[  258961ms] [LOG] [Fast Refresh] done in 2055ms @ http://localhost:3000/_next/static/chunks/1-li_next_dist_0it2jl7._.js:776
[  259022ms] [LOG] [Fast Refresh] done in 2055ms @ http://localhost:3000/_next/static/chunks/1-li_next_dist_0it2jl7._.js:776
[  259083ms] [LOG] [Fast Refresh] done in 2055ms @ http://localhost:3000/_next/static/chunks/1-li_next_dist_0it2jl7._.js:776
[  259144ms] [LOG] [Fast Refresh] done in 2055ms @ http://localhost:3000/_next/static/chunks/1-li_next_dist_0it2jl7._.js:776
[  259205ms] [LOG] [Fast Refresh] done in 2055ms @ http://localhost:3000/_next/static/chunks/1-li_next_dist_0it2jl7._.js:776
[  259266ms] [LOG] [Fast Refresh] done in 2055ms @ http://localhost:3000/_next/static/chunks/1-li_next_dist_0it2jl7._.js:776
[  259328ms] [LOG] [Fast Refresh] done in 2055ms @ http://localhost:3000/_next/static/chunks/1-li_next_dist_0it2jl7._.js:776
[  259391ms] [LOG] [Fast Refresh] done in 2055ms @ http://localhost:3000/_next/static/chunks/1-li_next_dist_0it2jl7._.js:776
[  259453ms] [LOG] [Fast Refresh] done in 2055ms @ http://localhost:3000/_next/static/chunks/1-li_next_dist_0it2jl7._.js:776
[  259514ms] [LOG] [Fast Refresh] done in 2055ms @ http://localhost:3000/_next/static/chunks/1-li_next_dist_0it2jl7._.js:776
[  259576ms] [LOG] [Fast Refresh] done in 2055ms @ http://localhost:3000/_next/static/chunks/1-li_next_dist_0it2jl7._.js:776
[  259638ms] [LOG] [Fast Refresh] done in 2055ms @ http://localhost:3000/_next/static/chunks/1-li_next_dist_0it2jl7._.js:776
[  259700ms] [LOG] [Fast Refresh] done in 2055ms @ http://localhost:3000/_next/static/chunks/1-li_next_dist_0it2jl7._.js:776
[  259764ms] [LOG] [Fast Refresh] done in 2055ms @ http://localhost:3000/_next/static/chunks/1-li_next_dist_0it2jl7._.js:776
[  259824ms] [LOG] [Fast Refresh] done in 2055ms @ http://localhost:3000/_next/static/chunks/1-li_next_dist_0it2jl7._.js:776
[  259886ms] [LOG] [Fast Refresh] done in 2055ms @ http://localhost:3000/_next/static/chunks/1-li_next_dist_0it2jl7._.js:776
[  259947ms] [LOG] [Fast Refresh] done in 2055ms @ http://localhost:3000/_next/static/chunks/1-li_next_dist_0it2jl7._.js:776
[  260010ms] [LOG] [Fast Refresh] done in 2055ms @ http://localhost:3000/_next/static/chunks/1-li_next_dist_0it2jl7._.js:776
[  260073ms] [LOG] [Fast Refresh] done in 2055ms @ http://localhost:3000/_next/static/chunks/1-li_next_dist_0it2jl7._.js:776
[  260135ms] [LOG] [Fast Refresh] done in 2055ms @ http://localhost:3000/_next/static/chunks/1-li_next_dist_0it2jl7._.js:776
[  260197ms] [LOG] [Fast Refresh] done in 2055ms @ http://localhost:3000/_next/static/chunks/1-li_next_dist_0it2jl7._.js:776
[  260259ms] [LOG] [Fast Refresh] done in 2055ms @ http://localhost:3000/_next/static/chunks/1-li_next_dist_0it2jl7._.js:776
[  260322ms] [LOG] [Fast Refresh] done in 2055ms @ http://localhost:3000/_next/static/chunks/1-li_next_dist_0it2jl7._.js:776
[  260384ms] [LOG] [Fast Refresh] done in 2055ms @ http://localhost:3000/_next/static/chunks/1-li_next_dist_0it2jl7._.js:776
[  260448ms] [LOG] [Fast Refresh] done in 2055ms @ http://localhost:3000/_next/static/chunks/1-li_next_dist_0it2jl7._.js:776
[  260510ms] [LOG] [Fast Refresh] done in 2055ms @ http://localhost:3000/_next/static/chunks/1-li_next_dist_0it2jl7._.js:776
[  260571ms] [LOG] [Fast Refresh] done in 2055ms @ http://localhost:3000/_next/static/chunks/1-li_next_dist_0it2jl7._.js:776
[  260634ms] [LOG] [Fast Refresh] done in 2055ms @ http://localhost:3000/_next/static/chunks/1-li_next_dist_0it2jl7._.js:776
[  260697ms] [LOG] [Fast Refresh] done in 2055ms @ http://localhost:3000/_next/static/chunks/1-li_next_dist_0it2jl7._.js:776
[  260758ms] [LOG] [Fast Refresh] done in 2055ms @ http://localhost:3000/_next/static/chunks/1-li_next_dist_0it2jl7._.js:776
[  260822ms] [LOG] [Fast Refresh] done in 2055ms @ http://localhost:3000/_next/static/chunks/1-li_next_dist_0it2jl7._.js:776
[  260883ms] [LOG] [Fast Refresh] done in 2055ms @ http://localhost:3000/_next/static/chunks/1-li_next_dist_0it2jl7._.js:776
[  260945ms] [LOG] [Fast Refresh] done in 2055ms @ http://localhost:3000/_next/static/chunks/1-li_next_dist_0it2jl7._.js:776
[  261007ms] [LOG] [Fast Refresh] done in 2055ms @ http://localhost:3000/_next/static/chunks/1-li_next_dist_0it2jl7._.js:776
[  261068ms] [LOG] [Fast Refresh] done in 2055ms @ http://localhost:3000/_next/static/chunks/1-li_next_dist_0it2jl7._.js:776
[  261129ms] [LOG] [Fast Refresh] done in 2055ms @ http://localhost:3000/_next/static/chunks/1-li_next_dist_0it2jl7._.js:776
[  261192ms] [LOG] [Fast Refresh] done in 2055ms @ http://localhost:3000/_next/static/chunks/1-li_next_dist_0it2jl7._.js:776
[  261254ms] [LOG] [Fast Refresh] done in 2055ms @ http://localhost:3000/_next/static/chunks/1-li_next_dist_0it2jl7._.js:776
[  261315ms] [LOG] [Fast Refresh] done in 2055ms @ http://localhost:3000/_next/static/chunks/1-li_next_dist_0it2jl7._.js:776
[  261377ms] [LOG] [Fast Refresh] done in 2055ms @ http://localhost:3000/_next/static/chunks/1-li_next_dist_0it2jl7._.js:776
[  261439ms] [LOG] [Fast Refresh] done in 2055ms @ http://localhost:3000/_next/static/chunks/1-li_next_dist_0it2jl7._.js:776
[  261500ms] [LOG] [Fast Refresh] done in 2055ms @ http://localhost:3000/_next/static/chunks/1-li_next_dist_0it2jl7._.js:776
[  261562ms] [LOG] [Fast Refresh] done in 2055ms @ http://localhost:3000/_next/static/chunks/1-li_next_dist_0it2jl7._.js:776
[  261623ms] [LOG] [Fast Refresh] done in 2055ms @ http://localhost:3000/_next/static/chunks/1-li_next_dist_0it2jl7._.js:776
[  261685ms] [LOG] [Fast Refresh] done in 2055ms @ http://localhost:3000/_next/static/chunks/1-li_next_dist_0it2jl7._.js:776
[  261747ms] [LOG] [Fast Refresh] done in 2055ms @ http://localhost:3000/_next/static/chunks/1-li_next_dist_0it2jl7._.js:776
[  261809ms] [LOG] [Fast Refresh] done in 2055ms @ http://localhost:3000/_next/static/chunks/1-li_next_dist_0it2jl7._.js:776
[  261871ms] [LOG] [Fast Refresh] done in 2055ms @ http://localhost:3000/_next/static/chunks/1-li_next_dist_0it2jl7._.js:776
[  261935ms] [LOG] [Fast Refresh] done in 2055ms @ http://localhost:3000/_next/static/chunks/1-li_next_dist_0it2jl7._.js:776
[  261995ms] [LOG] [Fast Refresh] done in 2055ms @ http://localhost:3000/_next/static/chunks/1-li_next_dist_0it2jl7._.js:776
[  262058ms] [LOG] [Fast Refresh] done in 2055ms @ http://localhost:3000/_next/static/chunks/1-li_next_dist_0it2jl7._.js:776
[  262120ms] [LOG] [Fast Refresh] done in 2055ms @ http://localhost:3000/_next/static/chunks/1-li_next_dist_0it2jl7._.js:776
[  262182ms] [LOG] [Fast Refresh] done in 2055ms @ http://localhost:3000/_next/static/chunks/1-li_next_dist_0it2jl7._.js:776
[  262244ms] [LOG] [Fast Refresh] done in 2055ms @ http://localhost:3000/_next/static/chunks/1-li_next_dist_0it2jl7._.js:776
[  262306ms] [LOG] [Fast Refresh] done in 2055ms @ http://localhost:3000/_next/static/chunks/1-li_next_dist_0it2jl7._.js:776
[  262368ms] [LOG] [Fast Refresh] done in 2055ms @ http://localhost:3000/_next/static/chunks/1-li_next_dist_0it2jl7._.js:776
[  262430ms] [LOG] [Fast Refresh] done in 2055ms @ http://localhost:3000/_next/static/chunks/1-li_next_dist_0it2jl7._.js:776
[  262491ms] [LOG] [Fast Refresh] done in 2055ms @ http://localhost:3000/_next/static/chunks/1-li_next_dist_0it2jl7._.js:776
[  262552ms] [LOG] [Fast Refresh] done in 2055ms @ http://localhost:3000/_next/static/chunks/1-li_next_dist_0it2jl7._.js:776
[  262615ms] [LOG] [Fast Refresh] done in 2055ms @ http://localhost:3000/_next/static/chunks/1-li_next_dist_0it2jl7._.js:776
[  262677ms] [LOG] [Fast Refresh] done in 2055ms @ http://localhost:3000/_next/static/chunks/1-li_next_dist_0it2jl7._.js:776
[  262741ms] [LOG] [Fast Refresh] done in 2055ms @ http://localhost:3000/_next/static/chunks/1-li_next_dist_0it2jl7._.js:776
[  262804ms] [LOG] [Fast Refresh] done in 2055ms @ http://localhost:3000/_next/static/chunks/1-li_next_dist_0it2jl7._.js:776
[  262865ms] [LOG] [Fast Refresh] done in 2055ms @ http://localhost:3000/_next/static/chunks/1-li_next_dist_0it2jl7._.js:776
[  262929ms] [LOG] [Fast Refresh] done in 2055ms @ http://localhost:3000/_next/static/chunks/1-li_next_dist_0it2jl7._.js:776
[  262991ms] [LOG] [Fast Refresh] done in 2055ms @ http://localhost:3000/_next/static/chunks/1-li_next_dist_0it2jl7._.js:776
[  263053ms] [LOG] [Fast Refresh] done in 2055ms @ http://localhost:3000/_next/static/chunks/1-li_next_dist_0it2jl7._.js:776
[  263116ms] [LOG] [Fast Refresh] done in 2055ms @ http://localhost:3000/_next/static/chunks/1-li_next_dist_0it2jl7._.js:776
[  263176ms] [LOG] [Fast Refresh] done in 2055ms @ http://localhost:3000/_next/static/chunks/1-li_next_dist_0it2jl7._.js:776
[  263238ms] [LOG] [Fast Refresh] done in 2055ms @ http://localhost:3000/_next/static/chunks/1-li_next_dist_0it2jl7._.js:776
[  263300ms] [LOG] [Fast Refresh] done in 2055ms @ http://localhost:3000/_next/static/chunks/1-li_next_dist_0it2jl7._.js:776
[  263363ms] [LOG] [Fast Refresh] done in 2055ms @ http://localhost:3000/_next/static/chunks/1-li_next_dist_0it2jl7._.js:776
[  263425ms] [LOG] [Fast Refresh] done in 2055ms @ http://localhost:3000/_next/static/chunks/1-li_next_dist_0it2jl7._.js:776
[  263488ms] [LOG] [Fast Refresh] done in 2055ms @ http://localhost:3000/_next/static/chunks/1-li_next_dist_0it2jl7._.js:776
[  263549ms] [LOG] [Fast Refresh] done in 2055ms @ http://localhost:3000/_next/static/chunks/1-li_next_dist_0it2jl7._.js:776
[  263611ms] [LOG] [Fast Refresh] done in 2055ms @ http://localhost:3000/_next/static/chunks/1-li_next_dist_0it2jl7._.js:776
[  263673ms] [LOG] [Fast Refresh] done in 2055ms @ http://localhost:3000/_next/static/chunks/1-li_next_dist_0it2jl7._.js:776
[  263736ms] [LOG] [Fast Refresh] done in 2055ms @ http://localhost:3000/_next/static/chunks/1-li_next_dist_0it2jl7._.js:776
[  263798ms] [LOG] [Fast Refresh] done in 2055ms @ http://localhost:3000/_next/static/chunks/1-li_next_dist_0it2jl7._.js:776
[  263859ms] [LOG] [Fast Refresh] done in 2055ms @ http://localhost:3000/_next/static/chunks/1-li_next_dist_0it2jl7._.js:776
[  263921ms] [LOG] [Fast Refresh] done in 2055ms @ http://localhost:3000/_next/static/chunks/1-li_next_dist_0it2jl7._.js:776
[  263984ms] [LOG] [Fast Refresh] done in 2055ms @ http://localhost:3000/_next/static/chunks/1-li_next_dist_0it2jl7._.js:776
[  264047ms] [LOG] [Fast Refresh] done in 2055ms @ http://localhost:3000/_next/static/chunks/1-li_next_dist_0it2jl7._.js:776
[  264109ms] [LOG] [Fast Refresh] done in 2055ms @ http://localhost:3000/_next/static/chunks/1-li_next_dist_0it2jl7._.js:776
[  264170ms] [LOG] [Fast Refresh] done in 2055ms @ http://localhost:3000/_next/static/chunks/1-li_next_dist_0it2jl7._.js:776
[  264232ms] [LOG] [Fast Refresh] done in 2055ms @ http://localhost:3000/_next/static/chunks/1-li_next_dist_0it2jl7._.js:776
[  264296ms] [LOG] [Fast Refresh] done in 2055ms @ http://localhost:3000/_next/static/chunks/1-li_next_dist_0it2jl7._.js:776
[  264357ms] [LOG] [Fast Refresh] done in 2055ms @ http://localhost:3000/_next/static/chunks/1-li_next_dist_0it2jl7._.js:776
[  264419ms] [LOG] [Fast Refresh] done in 2055ms @ http://localhost:3000/_next/static/chunks/1-li_next_dist_0it2jl7._.js:776
[  264482ms] [LOG] [Fast Refresh] done in 2055ms @ http://localhost:3000/_next/static/chunks/1-li_next_dist_0it2jl7._.js:776
[  264543ms] [LOG] [Fast Refresh] done in 2055ms @ http://localhost:3000/_next/static/chunks/1-li_next_dist_0it2jl7._.js:776
[  264605ms] [LOG] [Fast Refresh] done in 2055ms @ http://localhost:3000/_next/static/chunks/1-li_next_dist_0it2jl7._.js:776
[  264666ms] [LOG] [Fast Refresh] done in 2055ms @ http://localhost:3000/_next/static/chunks/1-li_next_dist_0it2jl7._.js:776
[  264729ms] [LOG] [Fast Refresh] done in 2055ms @ http://localhost:3000/_next/static/chunks/1-li_next_dist_0it2jl7._.js:776
[  264790ms] [LOG] [Fast Refresh] done in 2055ms @ http://localhost:3000/_next/static/chunks/1-li_next_dist_0it2jl7._.js:776
[  264851ms] [LOG] [Fast Refresh] done in 2055ms @ http://localhost:3000/_next/static/chunks/1-li_next_dist_0it2jl7._.js:776
[  264913ms] [LOG] [Fast Refresh] done in 2055ms @ http://localhost:3000/_next/static/chunks/1-li_next_dist_0it2jl7._.js:776
[  264975ms] [LOG] [Fast Refresh] done in 2055ms @ http://localhost:3000/_next/static/chunks/1-li_next_dist_0it2jl7._.js:776
[  265038ms] [LOG] [Fast Refresh] done in 2055ms @ http://localhost:3000/_next/static/chunks/1-li_next_dist_0it2jl7._.js:776
[  265101ms] [LOG] [Fast Refresh] done in 2055ms @ http://localhost:3000/_next/static/chunks/1-li_next_dist_0it2jl7._.js:776
[  265162ms] [LOG] [Fast Refresh] done in 2055ms @ http://localhost:3000/_next/static/chunks/1-li_next_dist_0it2jl7._.js:776
[  265223ms] [LOG] [Fast Refresh] done in 2055ms @ http://localhost:3000/_next/static/chunks/1-li_next_dist_0it2jl7._.js:776
[  265285ms] [LOG] [Fast Refresh] done in 2055ms @ http://localhost:3000/_next/static/chunks/1-li_next_dist_0it2jl7._.js:776
[  265348ms] [LOG] [Fast Refresh] done in 2055ms @ http://localhost:3000/_next/static/chunks/1-li_next_dist_0it2jl7._.js:776
[  265410ms] [LOG] [Fast Refresh] done in 2055ms @ http://localhost:3000/_next/static/chunks/1-li_next_dist_0it2jl7._.js:776
[  265473ms] [LOG] [Fast Refresh] done in 2055ms @ http://localhost:3000/_next/static/chunks/1-li_next_dist_0it2jl7._.js:776
[  265533ms] [LOG] [Fast Refresh] done in 2055ms @ http://localhost:3000/_next/static/chunks/1-li_next_dist_0it2jl7._.js:776
[  265595ms] [LOG] [Fast Refresh] done in 2055ms @ http://localhost:3000/_next/static/chunks/1-li_next_dist_0it2jl7._.js:776
[  265656ms] [LOG] [Fast Refresh] done in 2055ms @ http://localhost:3000/_next/static/chunks/1-li_next_dist_0it2jl7._.js:776
[  265718ms] [LOG] [Fast Refresh] done in 2055ms @ http://localhost:3000/_next/static/chunks/1-li_next_dist_0it2jl7._.js:776
[  265778ms] [LOG] [Fast Refresh] done in 2055ms @ http://localhost:3000/_next/static/chunks/1-li_next_dist_0it2jl7._.js:776
[  265841ms] [LOG] [Fast Refresh] done in 2055ms @ http://localhost:3000/_next/static/chunks/1-li_next_dist_0it2jl7._.js:776
[  265911ms] [LOG] [Fast Refresh] done in 2055ms @ http://localhost:3000/_next/static/chunks/1-li_next_dist_0it2jl7._.js:776
[  265982ms] [LOG] [Fast Refresh] done in 2055ms @ http://localhost:3000/_next/static/chunks/1-li_next_dist_0it2jl7._.js:776
[  266045ms] [LOG] [Fast Refresh] done in 2055ms @ http://localhost:3000/_next/static/chunks/1-li_next_dist_0it2jl7._.js:776
[  266105ms] [LOG] [Fast Refresh] done in 2055ms @ http://localhost:3000/_next/static/chunks/1-li_next_dist_0it2jl7._.js:776
[  266174ms] [LOG] [Fast Refresh] done in 2055ms @ http://localhost:3000/_next/static/chunks/1-li_next_dist_0it2jl7._.js:776
[  266231ms] [LOG] [Fast Refresh] done in 2055ms @ http://localhost:3000/_next/static/chunks/1-li_next_dist_0it2jl7._.js:776
[  266293ms] [LOG] [Fast Refresh] done in 2055ms @ http://localhost:3000/_next/static/chunks/1-li_next_dist_0it2jl7._.js:776
[  266353ms] [LOG] [Fast Refresh] done in 2055ms @ http://localhost:3000/_next/static/chunks/1-li_next_dist_0it2jl7._.js:776
[  266416ms] [LOG] [Fast Refresh] done in 2055ms @ http://localhost:3000/_next/static/chunks/1-li_next_dist_0it2jl7._.js:776
[  266480ms] [LOG] [Fast Refresh] done in 2055ms @ http://localhost:3000/_next/static/chunks/1-li_next_dist_0it2jl7._.js:776
[  266543ms] [LOG] [Fast Refresh] done in 2055ms @ http://localhost:3000/_next/static/chunks/1-li_next_dist_0it2jl7._.js:776
[  266603ms] [LOG] [Fast Refresh] done in 2055ms @ http://localhost:3000/_next/static/chunks/1-li_next_dist_0it2jl7._.js:776
[  266664ms] [LOG] [Fast Refresh] done in 2055ms @ http://localhost:3000/_next/static/chunks/1-li_next_dist_0it2jl7._.js:776
[  266726ms] [LOG] [Fast Refresh] done in 2055ms @ http://localhost:3000/_next/static/chunks/1-li_next_dist_0it2jl7._.js:776
[  266788ms] [LOG] [Fast Refresh] done in 2055ms @ http://localhost:3000/_next/static/chunks/1-li_next_dist_0it2jl7._.js:776
[  266851ms] [LOG] [Fast Refresh] done in 2055ms @ http://localhost:3000/_next/static/chunks/1-li_next_dist_0it2jl7._.js:776
[  266913ms] [LOG] [Fast Refresh] done in 2055ms @ http://localhost:3000/_next/static/chunks/1-li_next_dist_0it2jl7._.js:776
[  266976ms] [LOG] [Fast Refresh] done in 2055ms @ http://localhost:3000/_next/static/chunks/1-li_next_dist_0it2jl7._.js:776
[  267037ms] [LOG] [Fast Refresh] done in 2055ms @ http://localhost:3000/_next/static/chunks/1-li_next_dist_0it2jl7._.js:776
[  267099ms] [LOG] [Fast Refresh] done in 2055ms @ http://localhost:3000/_next/static/chunks/1-li_next_dist_0it2jl7._.js:776
[  267162ms] [LOG] [Fast Refresh] done in 2055ms @ http://localhost:3000/_next/static/chunks/1-li_next_dist_0it2jl7._.js:776
[  267224ms] [LOG] [Fast Refresh] done in 2055ms @ http://localhost:3000/_next/static/chunks/1-li_next_dist_0it2jl7._.js:776
[  267286ms] [LOG] [Fast Refresh] done in 2055ms @ http://localhost:3000/_next/static/chunks/1-li_next_dist_0it2jl7._.js:776
[  267349ms] [LOG] [Fast Refresh] done in 2055ms @ http://localhost:3000/_next/static/chunks/1-li_next_dist_0it2jl7._.js:776
[  267410ms] [LOG] [Fast Refresh] done in 2055ms @ http://localhost:3000/_next/static/chunks/1-li_next_dist_0it2jl7._.js:776
[  267472ms] [LOG] [Fast Refresh] done in 2055ms @ http://localhost:3000/_next/static/chunks/1-li_next_dist_0it2jl7._.js:776
[  267535ms] [LOG] [Fast Refresh] done in 2055ms @ http://localhost:3000/_next/static/chunks/1-li_next_dist_0it2jl7._.js:776
[  267596ms] [LOG] [Fast Refresh] done in 2055ms @ http://localhost:3000/_next/static/chunks/1-li_next_dist_0it2jl7._.js:776
[  267658ms] [LOG] [Fast Refresh] done in 2055ms @ http://localhost:3000/_next/static/chunks/1-li_next_dist_0it2jl7._.js:776
[  267719ms] [LOG] [Fast Refresh] done in 2055ms @ http://localhost:3000/_next/static/chunks/1-li_next_dist_0it2jl7._.js:776
[  267779ms] [LOG] [Fast Refresh] done in 2055ms @ http://localhost:3000/_next/static/chunks/1-li_next_dist_0it2jl7._.js:776
[  267841ms] [LOG] [Fast Refresh] done in 2055ms @ http://localhost:3000/_next/static/chunks/1-li_next_dist_0it2jl7._.js:776
[  267902ms] [LOG] [Fast Refresh] done in 2055ms @ http://localhost:3000/_next/static/chunks/1-li_next_dist_0it2jl7._.js:776
[  267966ms] [LOG] [Fast Refresh] done in 2055ms @ http://localhost:3000/_next/static/chunks/1-li_next_dist_0it2jl7._.js:776
[  268028ms] [LOG] [Fast Refresh] done in 2055ms @ http://localhost:3000/_next/static/chunks/1-li_next_dist_0it2jl7._.js:776
[  268091ms] [LOG] [Fast Refresh] done in 2055ms @ http://localhost:3000/_next/static/chunks/1-li_next_dist_0it2jl7._.js:776
[  268152ms] [LOG] [Fast Refresh] done in 2055ms @ http://localhost:3000/_next/static/chunks/1-li_next_dist_0it2jl7._.js:776
[  268215ms] [LOG] [Fast Refresh] done in 2055ms @ http://localhost:3000/_next/static/chunks/1-li_next_dist_0it2jl7._.js:776
[  268277ms] [LOG] [Fast Refresh] done in 2055ms @ http://localhost:3000/_next/static/chunks/1-li_next_dist_0it2jl7._.js:776
[  268339ms] [LOG] [Fast Refresh] done in 2055ms @ http://localhost:3000/_next/static/chunks/1-li_next_dist_0it2jl7._.js:776
[  268401ms] [LOG] [Fast Refresh] done in 2055ms @ http://localhost:3000/_next/static/chunks/1-li_next_dist_0it2jl7._.js:776
[  268466ms] [LOG] [Fast Refresh] done in 2055ms @ http://localhost:3000/_next/static/chunks/1-li_next_dist_0it2jl7._.js:776
[  268528ms] [LOG] [Fast Refresh] done in 2055ms @ http://localhost:3000/_next/static/chunks/1-li_next_dist_0it2jl7._.js:776
[  268591ms] [LOG] [Fast Refresh] done in 2055ms @ http://localhost:3000/_next/static/chunks/1-li_next_dist_0it2jl7._.js:776
[  268653ms] [LOG] [Fast Refresh] done in 2055ms @ http://localhost:3000/_next/static/chunks/1-li_next_dist_0it2jl7._.js:776
[  268714ms] [LOG] [Fast Refresh] done in 2055ms @ http://localhost:3000/_next/static/chunks/1-li_next_dist_0it2jl7._.js:776
[  268775ms] [LOG] [Fast Refresh] done in 2055ms @ http://localhost:3000/_next/static/chunks/1-li_next_dist_0it2jl7._.js:776
[  268838ms] [LOG] [Fast Refresh] done in 2055ms @ http://localhost:3000/_next/static/chunks/1-li_next_dist_0it2jl7._.js:776
[  268901ms] [LOG] [Fast Refresh] done in 2055ms @ http://localhost:3000/_next/static/chunks/1-li_next_dist_0it2jl7._.js:776
[  268964ms] [LOG] [Fast Refresh] done in 2055ms @ http://localhost:3000/_next/static/chunks/1-li_next_dist_0it2jl7._.js:776
[  269024ms] [LOG] [Fast Refresh] done in 2055ms @ http://localhost:3000/_next/static/chunks/1-li_next_dist_0it2jl7._.js:776
[  269085ms] [LOG] [Fast Refresh] done in 2055ms @ http://localhost:3000/_next/static/chunks/1-li_next_dist_0it2jl7._.js:776
[  269148ms] [LOG] [Fast Refresh] done in 2055ms @ http://localhost:3000/_next/static/chunks/1-li_next_dist_0it2jl7._.js:776
[  269211ms] [LOG] [Fast Refresh] done in 2055ms @ http://localhost:3000/_next/static/chunks/1-li_next_dist_0it2jl7._.js:776
[  269272ms] [LOG] [Fast Refresh] done in 2055ms @ http://localhost:3000/_next/static/chunks/1-li_next_dist_0it2jl7._.js:776
[  269333ms] [LOG] [Fast Refresh] done in 2055ms @ http://localhost:3000/_next/static/chunks/1-li_next_dist_0it2jl7._.js:776
[  269395ms] [LOG] [Fast Refresh] done in 2055ms @ http://localhost:3000/_next/static/chunks/1-li_next_dist_0it2jl7._.js:776
[  269457ms] [LOG] [Fast Refresh] done in 2055ms @ http://localhost:3000/_next/static/chunks/1-li_next_dist_0it2jl7._.js:776
[  269519ms] [LOG] [Fast Refresh] done in 2055ms @ http://localhost:3000/_next/static/chunks/1-li_next_dist_0it2jl7._.js:776
[  269581ms] [LOG] [Fast Refresh] done in 2055ms @ http://localhost:3000/_next/static/chunks/1-li_next_dist_0it2jl7._.js:776
[  269642ms] [LOG] [Fast Refresh] done in 2055ms @ http://localhost:3000/_next/static/chunks/1-li_next_dist_0it2jl7._.js:776
[  269703ms] [LOG] [Fast Refresh] done in 2055ms @ http://localhost:3000/_next/static/chunks/1-li_next_dist_0it2jl7._.js:776
[  269766ms] [LOG] [Fast Refresh] done in 2055ms @ http://localhost:3000/_next/static/chunks/1-li_next_dist_0it2jl7._.js:776
[  269827ms] [LOG] [Fast Refresh] done in 2055ms @ http://localhost:3000/_next/static/chunks/1-li_next_dist_0it2jl7._.js:776
[  269889ms] [LOG] [Fast Refresh] done in 2055ms @ http://localhost:3000/_next/static/chunks/1-li_next_dist_0it2jl7._.js:776
[  269952ms] [LOG] [Fast Refresh] done in 2055ms @ http://localhost:3000/_next/static/chunks/1-li_next_dist_0it2jl7._.js:776
[  270015ms] [LOG] [Fast Refresh] done in 2055ms @ http://localhost:3000/_next/static/chunks/1-li_next_dist_0it2jl7._.js:776
[  270077ms] [LOG] [Fast Refresh] done in 2055ms @ http://localhost:3000/_next/static/chunks/1-li_next_dist_0it2jl7._.js:776
[  270139ms] [LOG] [Fast Refresh] done in 2055ms @ http://localhost:3000/_next/static/chunks/1-li_next_dist_0it2jl7._.js:776
[  270201ms] [LOG] [Fast Refresh] done in 2055ms @ http://localhost:3000/_next/static/chunks/1-li_next_dist_0it2jl7._.js:776
[  270264ms] [LOG] [Fast Refresh] done in 2055ms @ http://localhost:3000/_next/static/chunks/1-li_next_dist_0it2jl7._.js:776
[  270326ms] [LOG] [Fast Refresh] done in 2055ms @ http://localhost:3000/_next/static/chunks/1-li_next_dist_0it2jl7._.js:776
[  270388ms] [LOG] [Fast Refresh] done in 2055ms @ http://localhost:3000/_next/static/chunks/1-li_next_dist_0it2jl7._.js:776
[  270450ms] [LOG] [Fast Refresh] done in 2055ms @ http://localhost:3000/_next/static/chunks/1-li_next_dist_0it2jl7._.js:776
[  270513ms] [LOG] [Fast Refresh] done in 2055ms @ http://localhost:3000/_next/static/chunks/1-li_next_dist_0it2jl7._.js:776
[  270575ms] [LOG] [Fast Refresh] done in 2055ms @ http://localhost:3000/_next/static/chunks/1-li_next_dist_0it2jl7._.js:776
[  270638ms] [LOG] [Fast Refresh] done in 2055ms @ http://localhost:3000/_next/static/chunks/1-li_next_dist_0it2jl7._.js:776
[  270699ms] [LOG] [Fast Refresh] done in 2055ms @ http://localhost:3000/_next/static/chunks/1-li_next_dist_0it2jl7._.js:776
[  270761ms] [LOG] [Fast Refresh] done in 2055ms @ http://localhost:3000/_next/static/chunks/1-li_next_dist_0it2jl7._.js:776
[  270823ms] [LOG] [Fast Refresh] done in 2055ms @ http://localhost:3000/_next/static/chunks/1-li_next_dist_0it2jl7._.js:776
[  270885ms] [LOG] [Fast Refresh] done in 2055ms @ http://localhost:3000/_next/static/chunks/1-li_next_dist_0it2jl7._.js:776
[  270947ms] [LOG] [Fast Refresh] done in 2055ms @ http://localhost:3000/_next/static/chunks/1-li_next_dist_0it2jl7._.js:776
[  271009ms] [LOG] [Fast Refresh] done in 2055ms @ http://localhost:3000/_next/static/chunks/1-li_next_dist_0it2jl7._.js:776
[  271071ms] [LOG] [Fast Refresh] done in 2055ms @ http://localhost:3000/_next/static/chunks/1-li_next_dist_0it2jl7._.js:776
[  271134ms] [LOG] [Fast Refresh] done in 2055ms @ http://localhost:3000/_next/static/chunks/1-li_next_dist_0it2jl7._.js:776
[  271197ms] [LOG] [Fast Refresh] done in 2055ms @ http://localhost:3000/_next/static/chunks/1-li_next_dist_0it2jl7._.js:776
[  271258ms] [LOG] [Fast Refresh] done in 2055ms @ http://localhost:3000/_next/static/chunks/1-li_next_dist_0it2jl7._.js:776
[  271319ms] [LOG] [Fast Refresh] done in 2055ms @ http://localhost:3000/_next/static/chunks/1-li_next_dist_0it2jl7._.js:776
[  271382ms] [LOG] [Fast Refresh] done in 2055ms @ http://localhost:3000/_next/static/chunks/1-li_next_dist_0it2jl7._.js:776
[  271445ms] [LOG] [Fast Refresh] done in 2055ms @ http://localhost:3000/_next/static/chunks/1-li_next_dist_0it2jl7._.js:776
[  271507ms] [LOG] [Fast Refresh] done in 2055ms @ http://localhost:3000/_next/static/chunks/1-li_next_dist_0it2jl7._.js:776
[  271570ms] [LOG] [Fast Refresh] done in 2055ms @ http://localhost:3000/_next/static/chunks/1-li_next_dist_0it2jl7._.js:776
[  271633ms] [LOG] [Fast Refresh] done in 2055ms @ http://localhost:3000/_next/static/chunks/1-li_next_dist_0it2jl7._.js:776
[  271696ms] [LOG] [Fast Refresh] done in 2055ms @ http://localhost:3000/_next/static/chunks/1-li_next_dist_0it2jl7._.js:776
[  271758ms] [LOG] [Fast Refresh] done in 2055ms @ http://localhost:3000/_next/static/chunks/1-li_next_dist_0it2jl7._.js:776
[  271820ms] [LOG] [Fast Refresh] done in 2055ms @ http://localhost:3000/_next/static/chunks/1-li_next_dist_0it2jl7._.js:776
[  271881ms] [LOG] [Fast Refresh] done in 2055ms @ http://localhost:3000/_next/static/chunks/1-li_next_dist_0it2jl7._.js:776
[  271943ms] [LOG] [Fast Refresh] done in 2055ms @ http://localhost:3000/_next/static/chunks/1-li_next_dist_0it2jl7._.js:776
[  272005ms] [LOG] [Fast Refresh] done in 2055ms @ http://localhost:3000/_next/static/chunks/1-li_next_dist_0it2jl7._.js:776
[  272067ms] [LOG] [Fast Refresh] done in 2055ms @ http://localhost:3000/_next/static/chunks/1-li_next_dist_0it2jl7._.js:776
[  272133ms] [LOG] [Fast Refresh] done in 2055ms @ http://localhost:3000/_next/static/chunks/1-li_next_dist_0it2jl7._.js:776
[  272194ms] [LOG] [Fast Refresh] done in 2055ms @ http://localhost:3000/_next/static/chunks/1-li_next_dist_0it2jl7._.js:776
[  272257ms] [LOG] [Fast Refresh] done in 2055ms @ http://localhost:3000/_next/static/chunks/1-li_next_dist_0it2jl7._.js:776
[  272320ms] [LOG] [Fast Refresh] done in 2055ms @ http://localhost:3000/_next/static/chunks/1-li_next_dist_0it2jl7._.js:776
[  272383ms] [LOG] [Fast Refresh] done in 2055ms @ http://localhost:3000/_next/static/chunks/1-li_next_dist_0it2jl7._.js:776
[  272446ms] [LOG] [Fast Refresh] done in 2055ms @ http://localhost:3000/_next/static/chunks/1-li_next_dist_0it2jl7._.js:776
[  272507ms] [LOG] [Fast Refresh] done in 2055ms @ http://localhost:3000/_next/static/chunks/1-li_next_dist_0it2jl7._.js:776
[  272568ms] [LOG] [Fast Refresh] done in 2055ms @ http://localhost:3000/_next/static/chunks/1-li_next_dist_0it2jl7._.js:776
[  272632ms] [LOG] [Fast Refresh] done in 2055ms @ http://localhost:3000/_next/static/chunks/1-li_next_dist_0it2jl7._.js:776
[  272693ms] [LOG] [Fast Refresh] done in 2055ms @ http://localhost:3000/_next/static/chunks/1-li_next_dist_0it2jl7._.js:776
[  272754ms] [LOG] [Fast Refresh] done in 2055ms @ http://localhost:3000/_next/static/chunks/1-li_next_dist_0it2jl7._.js:776
[  272816ms] [LOG] [Fast Refresh] done in 2055ms @ http://localhost:3000/_next/static/chunks/1-li_next_dist_0it2jl7._.js:776
[  272879ms] [LOG] [Fast Refresh] done in 2055ms @ http://localhost:3000/_next/static/chunks/1-li_next_dist_0it2jl7._.js:776
[  272942ms] [LOG] [Fast Refresh] done in 2055ms @ http://localhost:3000/_next/static/chunks/1-li_next_dist_0it2jl7._.js:776
[  273004ms] [LOG] [Fast Refresh] done in 2055ms @ http://localhost:3000/_next/static/chunks/1-li_next_dist_0it2jl7._.js:776
[  273066ms] [LOG] [Fast Refresh] done in 2055ms @ http://localhost:3000/_next/static/chunks/1-li_next_dist_0it2jl7._.js:776
[  273126ms] [LOG] [Fast Refresh] done in 2055ms @ http://localhost:3000/_next/static/chunks/1-li_next_dist_0it2jl7._.js:776
[  273192ms] [LOG] [Fast Refresh] done in 2055ms @ http://localhost:3000/_next/static/chunks/1-li_next_dist_0it2jl7._.js:776
[  273253ms] [LOG] [Fast Refresh] done in 2055ms @ http://localhost:3000/_next/static/chunks/1-li_next_dist_0it2jl7._.js:776
[  273315ms] [LOG] [Fast Refresh] done in 2055ms @ http://localhost:3000/_next/static/chunks/1-li_next_dist_0it2jl7._.js:776
[  273376ms] [LOG] [Fast Refresh] done in 2055ms @ http://localhost:3000/_next/static/chunks/1-li_next_dist_0it2jl7._.js:776
[  273438ms] [LOG] [Fast Refresh] done in 2055ms @ http://localhost:3000/_next/static/chunks/1-li_next_dist_0it2jl7._.js:776
[  273500ms] [LOG] [Fast Refresh] done in 2055ms @ http://localhost:3000/_next/static/chunks/1-li_next_dist_0it2jl7._.js:776
[  273562ms] [LOG] [Fast Refresh] done in 2055ms @ http://localhost:3000/_next/static/chunks/1-li_next_dist_0it2jl7._.js:776
[  273624ms] [LOG] [Fast Refresh] done in 2055ms @ http://localhost:3000/_next/static/chunks/1-li_next_dist_0it2jl7._.js:776
[  273686ms] [LOG] [Fast Refresh] done in 2055ms @ http://localhost:3000/_next/static/chunks/1-li_next_dist_0it2jl7._.js:776
[  273748ms] [LOG] [Fast Refresh] done in 2055ms @ http://localhost:3000/_next/static/chunks/1-li_next_dist_0it2jl7._.js:776
[  273811ms] [LOG] [Fast Refresh] done in 2055ms @ http://localhost:3000/_next/static/chunks/1-li_next_dist_0it2jl7._.js:776
[  273873ms] [LOG] [Fast Refresh] done in 2055ms @ http://localhost:3000/_next/static/chunks/1-li_next_dist_0it2jl7._.js:776
[  273933ms] [LOG] [Fast Refresh] done in 2055ms @ http://localhost:3000/_next/static/chunks/1-li_next_dist_0it2jl7._.js:776
[  273996ms] [LOG] [Fast Refresh] done in 2055ms @ http://localhost:3000/_next/static/chunks/1-li_next_dist_0it2jl7._.js:776
[  274057ms] [LOG] [Fast Refresh] done in 2055ms @ http://localhost:3000/_next/static/chunks/1-li_next_dist_0it2jl7._.js:776
[  274119ms] [LOG] [Fast Refresh] done in 2055ms @ http://localhost:3000/_next/static/chunks/1-li_next_dist_0it2jl7._.js:776
[  274182ms] [LOG] [Fast Refresh] done in 2055ms @ http://localhost:3000/_next/static/chunks/1-li_next_dist_0it2jl7._.js:776
[  274245ms] [LOG] [Fast Refresh] done in 2055ms @ http://localhost:3000/_next/static/chunks/1-li_next_dist_0it2jl7._.js:776
[  274307ms] [LOG] [Fast Refresh] done in 2055ms @ http://localhost:3000/_next/static/chunks/1-li_next_dist_0it2jl7._.js:776
[  274372ms] [LOG] [Fast Refresh] done in 2055ms @ http://localhost:3000/_next/static/chunks/1-li_next_dist_0it2jl7._.js:776
[  274433ms] [LOG] [Fast Refresh] done in 2055ms @ http://localhost:3000/_next/static/chunks/1-li_next_dist_0it2jl7._.js:776
[  274494ms] [LOG] [Fast Refresh] done in 2055ms @ http://localhost:3000/_next/static/chunks/1-li_next_dist_0it2jl7._.js:776
[  274557ms] [LOG] [Fast Refresh] done in 2055ms @ http://localhost:3000/_next/static/chunks/1-li_next_dist_0it2jl7._.js:776
[  274619ms] [LOG] [Fast Refresh] done in 2055ms @ http://localhost:3000/_next/static/chunks/1-li_next_dist_0it2jl7._.js:776
[  274682ms] [LOG] [Fast Refresh] done in 2055ms @ http://localhost:3000/_next/static/chunks/1-li_next_dist_0it2jl7._.js:776
[  274743ms] [LOG] [Fast Refresh] done in 2055ms @ http://localhost:3000/_next/static/chunks/1-li_next_dist_0it2jl7._.js:776
[  274806ms] [LOG] [Fast Refresh] done in 2055ms @ http://localhost:3000/_next/static/chunks/1-li_next_dist_0it2jl7._.js:776
[  274868ms] [LOG] [Fast Refresh] done in 2055ms @ http://localhost:3000/_next/static/chunks/1-li_next_dist_0it2jl7._.js:776
[  274931ms] [LOG] [Fast Refresh] done in 2055ms @ http://localhost:3000/_next/static/chunks/1-li_next_dist_0it2jl7._.js:776
[  274994ms] [LOG] [Fast Refresh] done in 2055ms @ http://localhost:3000/_next/static/chunks/1-li_next_dist_0it2jl7._.js:776
[  275057ms] [LOG] [Fast Refresh] done in 2055ms @ http://localhost:3000/_next/static/chunks/1-li_next_dist_0it2jl7._.js:776
[  275118ms] [LOG] [Fast Refresh] done in 2055ms @ http://localhost:3000/_next/static/chunks/1-li_next_dist_0it2jl7._.js:776
[  275180ms] [LOG] [Fast Refresh] done in 2055ms @ http://localhost:3000/_next/static/chunks/1-li_next_dist_0it2jl7._.js:776
[  275243ms] [LOG] [Fast Refresh] done in 2055ms @ http://localhost:3000/_next/static/chunks/1-li_next_dist_0it2jl7._.js:776
[  275305ms] [LOG] [Fast Refresh] done in 2055ms @ http://localhost:3000/_next/static/chunks/1-li_next_dist_0it2jl7._.js:776
[  275367ms] [LOG] [Fast Refresh] done in 2055ms @ http://localhost:3000/_next/static/chunks/1-li_next_dist_0it2jl7._.js:776
[  275428ms] [LOG] [Fast Refresh] done in 2055ms @ http://localhost:3000/_next/static/chunks/1-li_next_dist_0it2jl7._.js:776
[  275493ms] [LOG] [Fast Refresh] done in 2055ms @ http://localhost:3000/_next/static/chunks/1-li_next_dist_0it2jl7._.js:776
[  275552ms] [LOG] [Fast Refresh] done in 2055ms @ http://localhost:3000/_next/static/chunks/1-li_next_dist_0it2jl7._.js:776
[  275613ms] [LOG] [Fast Refresh] done in 2055ms @ http://localhost:3000/_next/static/chunks/1-li_next_dist_0it2jl7._.js:776
[  275673ms] [LOG] [Fast Refresh] done in 2055ms @ http://localhost:3000/_next/static/chunks/1-li_next_dist_0it2jl7._.js:776
[  275736ms] [LOG] [Fast Refresh] done in 2055ms @ http://localhost:3000/_next/static/chunks/1-li_next_dist_0it2jl7._.js:776
[  275797ms] [LOG] [Fast Refresh] done in 2055ms @ http://localhost:3000/_next/static/chunks/1-li_next_dist_0it2jl7._.js:776
[  275859ms] [LOG] [Fast Refresh] done in 2055ms @ http://localhost:3000/_next/static/chunks/1-li_next_dist_0it2jl7._.js:776
[  275921ms] [LOG] [Fast Refresh] done in 2055ms @ http://localhost:3000/_next/static/chunks/1-li_next_dist_0it2jl7._.js:776
[  275983ms] [LOG] [Fast Refresh] done in 2055ms @ http://localhost:3000/_next/static/chunks/1-li_next_dist_0it2jl7._.js:776
[  276045ms] [LOG] [Fast Refresh] done in 2055ms @ http://localhost:3000/_next/static/chunks/1-li_next_dist_0it2jl7._.js:776
[  276106ms] [LOG] [Fast Refresh] done in 2055ms @ http://localhost:3000/_next/static/chunks/1-li_next_dist_0it2jl7._.js:776
[  276169ms] [LOG] [Fast Refresh] done in 2055ms @ http://localhost:3000/_next/static/chunks/1-li_next_dist_0it2jl7._.js:776
[  276232ms] [LOG] [Fast Refresh] done in 2055ms @ http://localhost:3000/_next/static/chunks/1-li_next_dist_0it2jl7._.js:776
[  276291ms] [LOG] [Fast Refresh] done in 2055ms @ http://localhost:3000/_next/static/chunks/1-li_next_dist_0it2jl7._.js:776
[  276352ms] [LOG] [Fast Refresh] done in 2055ms @ http://localhost:3000/_next/static/chunks/1-li_next_dist_0it2jl7._.js:776
[  276412ms] [LOG] [Fast Refresh] done in 2055ms @ http://localhost:3000/_next/static/chunks/1-li_next_dist_0it2jl7._.js:776
[  276475ms] [LOG] [Fast Refresh] done in 2055ms @ http://localhost:3000/_next/static/chunks/1-li_next_dist_0it2jl7._.js:776
[  276536ms] [LOG] [Fast Refresh] done in 2055ms @ http://localhost:3000/_next/static/chunks/1-li_next_dist_0it2jl7._.js:776
[  276598ms] [LOG] [Fast Refresh] done in 2055ms @ http://localhost:3000/_next/static/chunks/1-li_next_dist_0it2jl7._.js:776
[  276662ms] [LOG] [Fast Refresh] done in 2055ms @ http://localhost:3000/_next/static/chunks/1-li_next_dist_0it2jl7._.js:776
[  276723ms] [LOG] [Fast Refresh] done in 2055ms @ http://localhost:3000/_next/static/chunks/1-li_next_dist_0it2jl7._.js:776
[  276787ms] [LOG] [Fast Refresh] done in 2055ms @ http://localhost:3000/_next/static/chunks/1-li_next_dist_0it2jl7._.js:776
[  276849ms] [LOG] [Fast Refresh] done in 2055ms @ http://localhost:3000/_next/static/chunks/1-li_next_dist_0it2jl7._.js:776
[  276911ms] [LOG] [Fast Refresh] done in 2055ms @ http://localhost:3000/_next/static/chunks/1-li_next_dist_0it2jl7._.js:776
[  276974ms] [LOG] [Fast Refresh] done in 2055ms @ http://localhost:3000/_next/static/chunks/1-li_next_dist_0it2jl7._.js:776
[  277034ms] [LOG] [Fast Refresh] done in 2055ms @ http://localhost:3000/_next/static/chunks/1-li_next_dist_0it2jl7._.js:776
[  277096ms] [LOG] [Fast Refresh] done in 2055ms @ http://localhost:3000/_next/static/chunks/1-li_next_dist_0it2jl7._.js:776
[  277159ms] [LOG] [Fast Refresh] done in 2055ms @ http://localhost:3000/_next/static/chunks/1-li_next_dist_0it2jl7._.js:776
[  277220ms] [LOG] [Fast Refresh] done in 2055ms @ http://localhost:3000/_next/static/chunks/1-li_next_dist_0it2jl7._.js:776
[  277283ms] [LOG] [Fast Refresh] done in 2055ms @ http://localhost:3000/_next/static/chunks/1-li_next_dist_0it2jl7._.js:776
[  277345ms] [LOG] [Fast Refresh] done in 2055ms @ http://localhost:3000/_next/static/chunks/1-li_next_dist_0it2jl7._.js:776
[  277407ms] [LOG] [Fast Refresh] done in 2055ms @ http://localhost:3000/_next/static/chunks/1-li_next_dist_0it2jl7._.js:776
[  277469ms] [LOG] [Fast Refresh] done in 2055ms @ http://localhost:3000/_next/static/chunks/1-li_next_dist_0it2jl7._.js:776
[  277530ms] [LOG] [Fast Refresh] done in 2055ms @ http://localhost:3000/_next/static/chunks/1-li_next_dist_0it2jl7._.js:776
[  277591ms] [LOG] [Fast Refresh] done in 2055ms @ http://localhost:3000/_next/static/chunks/1-li_next_dist_0it2jl7._.js:776
[  277653ms] [LOG] [Fast Refresh] done in 2055ms @ http://localhost:3000/_next/static/chunks/1-li_next_dist_0it2jl7._.js:776
[  277716ms] [LOG] [Fast Refresh] done in 2055ms @ http://localhost:3000/_next/static/chunks/1-li_next_dist_0it2jl7._.js:776
[  277778ms] [LOG] [Fast Refresh] done in 2055ms @ http://localhost:3000/_next/static/chunks/1-li_next_dist_0it2jl7._.js:776
[  277841ms] [LOG] [Fast Refresh] done in 2055ms @ http://localhost:3000/_next/static/chunks/1-li_next_dist_0it2jl7._.js:776
[  277903ms] [LOG] [Fast Refresh] done in 2055ms @ http://localhost:3000/_next/static/chunks/1-li_next_dist_0it2jl7._.js:776
[  277964ms] [LOG] [Fast Refresh] done in 2055ms @ http://localhost:3000/_next/static/chunks/1-li_next_dist_0it2jl7._.js:776
[  278024ms] [LOG] [Fast Refresh] done in 2055ms @ http://localhost:3000/_next/static/chunks/1-li_next_dist_0it2jl7._.js:776
[  278087ms] [LOG] [Fast Refresh] done in 2055ms @ http://localhost:3000/_next/static/chunks/1-li_next_dist_0it2jl7._.js:776
[  278148ms] [LOG] [Fast Refresh] done in 2055ms @ http://localhost:3000/_next/static/chunks/1-li_next_dist_0it2jl7._.js:776
[  278210ms] [LOG] [Fast Refresh] done in 2055ms @ http://localhost:3000/_next/static/chunks/1-li_next_dist_0it2jl7._.js:776
[  278272ms] [LOG] [Fast Refresh] done in 2055ms @ http://localhost:3000/_next/static/chunks/1-li_next_dist_0it2jl7._.js:776
[  278335ms] [LOG] [Fast Refresh] done in 2055ms @ http://localhost:3000/_next/static/chunks/1-li_next_dist_0it2jl7._.js:776
[  278397ms] [LOG] [Fast Refresh] done in 2055ms @ http://localhost:3000/_next/static/chunks/1-li_next_dist_0it2jl7._.js:776
[  278459ms] [LOG] [Fast Refresh] done in 2055ms @ http://localhost:3000/_next/static/chunks/1-li_next_dist_0it2jl7._.js:776
[  278520ms] [LOG] [Fast Refresh] done in 2055ms @ http://localhost:3000/_next/static/chunks/1-li_next_dist_0it2jl7._.js:776
[  278582ms] [LOG] [Fast Refresh] done in 2055ms @ http://localhost:3000/_next/static/chunks/1-li_next_dist_0it2jl7._.js:776
[  278643ms] [LOG] [Fast Refresh] done in 2055ms @ http://localhost:3000/_next/static/chunks/1-li_next_dist_0it2jl7._.js:776
[  278706ms] [LOG] [Fast Refresh] done in 2055ms @ http://localhost:3000/_next/static/chunks/1-li_next_dist_0it2jl7._.js:776
[  278768ms] [LOG] [Fast Refresh] done in 2055ms @ http://localhost:3000/_next/static/chunks/1-li_next_dist_0it2jl7._.js:776
[  278829ms] [LOG] [Fast Refresh] done in 2055ms @ http://localhost:3000/_next/static/chunks/1-li_next_dist_0it2jl7._.js:776
[  278892ms] [LOG] [Fast Refresh] done in 2055ms @ http://localhost:3000/_next/static/chunks/1-li_next_dist_0it2jl7._.js:776
[  278955ms] [LOG] [Fast Refresh] done in 2055ms @ http://localhost:3000/_next/static/chunks/1-li_next_dist_0it2jl7._.js:776
[  279014ms] [LOG] [Fast Refresh] done in 2055ms @ http://localhost:3000/_next/static/chunks/1-li_next_dist_0it2jl7._.js:776
[  279078ms] [LOG] [Fast Refresh] done in 2055ms @ http://localhost:3000/_next/static/chunks/1-li_next_dist_0it2jl7._.js:776
[  279141ms] [LOG] [Fast Refresh] done in 2055ms @ http://localhost:3000/_next/static/chunks/1-li_next_dist_0it2jl7._.js:776
[  279202ms] [LOG] [Fast Refresh] done in 2055ms @ http://localhost:3000/_next/static/chunks/1-li_next_dist_0it2jl7._.js:776
[  279266ms] [LOG] [Fast Refresh] done in 2055ms @ http://localhost:3000/_next/static/chunks/1-li_next_dist_0it2jl7._.js:776
[  279327ms] [LOG] [Fast Refresh] done in 2055ms @ http://localhost:3000/_next/static/chunks/1-li_next_dist_0it2jl7._.js:776
[  279388ms] [LOG] [Fast Refresh] done in 2055ms @ http://localhost:3000/_next/static/chunks/1-li_next_dist_0it2jl7._.js:776
[  279449ms] [LOG] [Fast Refresh] done in 2055ms @ http://localhost:3000/_next/static/chunks/1-li_next_dist_0it2jl7._.js:776
[  279511ms] [LOG] [Fast Refresh] done in 2055ms @ http://localhost:3000/_next/static/chunks/1-li_next_dist_0it2jl7._.js:776
[  279572ms] [LOG] [Fast Refresh] done in 2055ms @ http://localhost:3000/_next/static/chunks/1-li_next_dist_0it2jl7._.js:776
[  279634ms] [LOG] [Fast Refresh] done in 2055ms @ http://localhost:3000/_next/static/chunks/1-li_next_dist_0it2jl7._.js:776
[  279695ms] [LOG] [Fast Refresh] done in 2055ms @ http://localhost:3000/_next/static/chunks/1-li_next_dist_0it2jl7._.js:776
[  279758ms] [LOG] [Fast Refresh] done in 2055ms @ http://localhost:3000/_next/static/chunks/1-li_next_dist_0it2jl7._.js:776
[  279820ms] [LOG] [Fast Refresh] done in 2055ms @ http://localhost:3000/_next/static/chunks/1-li_next_dist_0it2jl7._.js:776
[  279881ms] [LOG] [Fast Refresh] done in 2055ms @ http://localhost:3000/_next/static/chunks/1-li_next_dist_0it2jl7._.js:776
[  279944ms] [LOG] [Fast Refresh] done in 2055ms @ http://localhost:3000/_next/static/chunks/1-li_next_dist_0it2jl7._.js:776
[  280007ms] [LOG] [Fast Refresh] done in 2055ms @ http://localhost:3000/_next/static/chunks/1-li_next_dist_0it2jl7._.js:776
[  280069ms] [LOG] [Fast Refresh] done in 2055ms @ http://localhost:3000/_next/static/chunks/1-li_next_dist_0it2jl7._.js:776
[  280132ms] [LOG] [Fast Refresh] done in 2055ms @ http://localhost:3000/_next/static/chunks/1-li_next_dist_0it2jl7._.js:776
[  280194ms] [LOG] [Fast Refresh] done in 2055ms @ http://localhost:3000/_next/static/chunks/1-li_next_dist_0it2jl7._.js:776
[  280256ms] [LOG] [Fast Refresh] done in 2055ms @ http://localhost:3000/_next/static/chunks/1-li_next_dist_0it2jl7._.js:776
[  280319ms] [LOG] [Fast Refresh] done in 2055ms @ http://localhost:3000/_next/static/chunks/1-li_next_dist_0it2jl7._.js:776
[  280383ms] [LOG] [Fast Refresh] done in 2055ms @ http://localhost:3000/_next/static/chunks/1-li_next_dist_0it2jl7._.js:776
[  280447ms] [LOG] [Fast Refresh] done in 2055ms @ http://localhost:3000/_next/static/chunks/1-li_next_dist_0it2jl7._.js:776
[  280509ms] [LOG] [Fast Refresh] done in 2055ms @ http://localhost:3000/_next/static/chunks/1-li_next_dist_0it2jl7._.js:776
[  280571ms] [LOG] [Fast Refresh] done in 2055ms @ http://localhost:3000/_next/static/chunks/1-li_next_dist_0it2jl7._.js:776
[  280632ms] [LOG] [Fast Refresh] done in 2055ms @ http://localhost:3000/_next/static/chunks/1-li_next_dist_0it2jl7._.js:776
[  280695ms] [LOG] [Fast Refresh] done in 2055ms @ http://localhost:3000/_next/static/chunks/1-li_next_dist_0it2jl7._.js:776
[  280756ms] [LOG] [Fast Refresh] done in 2055ms @ http://localhost:3000/_next/static/chunks/1-li_next_dist_0it2jl7._.js:776
[  280820ms] [LOG] [Fast Refresh] done in 2055ms @ http://localhost:3000/_next/static/chunks/1-li_next_dist_0it2jl7._.js:776
[  280884ms] [LOG] [Fast Refresh] done in 2055ms @ http://localhost:3000/_next/static/chunks/1-li_next_dist_0it2jl7._.js:776
[  280942ms] [LOG] [Fast Refresh] done in 2055ms @ http://localhost:3000/_next/static/chunks/1-li_next_dist_0it2jl7._.js:776
[  281018ms] [LOG] [Fast Refresh] done in 2055ms @ http://localhost:3000/_next/static/chunks/1-li_next_dist_0it2jl7._.js:776
[  281877ms] [LOG] [Fast Refresh] done in 2055ms @ http://localhost:3000/_next/static/chunks/1-li_next_dist_0it2jl7._.js:776
[  282311ms] [LOG] [Fast Refresh] done in 2055ms @ http://localhost:3000/_next/static/chunks/1-li_next_dist_0it2jl7._.js:776
[  282416ms] [LOG] [Fast Refresh] done in 2055ms @ http://localhost:3000/_next/static/chunks/1-li_next_dist_0it2jl7._.js:776
[  282492ms] [LOG] [Fast Refresh] done in 2055ms @ http://localhost:3000/_next/static/chunks/1-li_next_dist_0it2jl7._.js:776
[  282577ms] [LOG] [Fast Refresh] done in 2055ms @ http://localhost:3000/_next/static/chunks/1-li_next_dist_0it2jl7._.js:776
[  282677ms] [LOG] [Fast Refresh] done in 2055ms @ http://localhost:3000/_next/static/chunks/1-li_next_dist_0it2jl7._.js:776
[  282755ms] [LOG] [Fast Refresh] done in 2055ms @ http://localhost:3000/_next/static/chunks/1-li_next_dist_0it2jl7._.js:776
[  282870ms] [LOG] [Fast Refresh] done in 2055ms @ http://localhost:3000/_next/static/chunks/1-li_next_dist_0it2jl7._.js:776
[  282955ms] [LOG] [Fast Refresh] done in 2055ms @ http://localhost:3000/_next/static/chunks/1-li_next_dist_0it2jl7._.js:776
[  283045ms] [LOG] [Fast Refresh] done in 2055ms @ http://localhost:3000/_next/static/chunks/1-li_next_dist_0it2jl7._.js:776
[  283105ms] [LOG] [Fast Refresh] done in 2055ms @ http://localhost:3000/_next/static/chunks/1-li_next_dist_0it2jl7._.js:776
[  283159ms] [LOG] [Fast Refresh] done in 2055ms @ http://localhost:3000/_next/static/chunks/1-li_next_dist_0it2jl7._.js:776
[  283224ms] [LOG] [Fast Refresh] done in 2055ms @ http://localhost:3000/_next/static/chunks/1-li_next_dist_0it2jl7._.js:776
[  283293ms] [LOG] [Fast Refresh] done in 2055ms @ http://localhost:3000/_next/static/chunks/1-li_next_dist_0it2jl7._.js:776
[  283348ms] [LOG] [Fast Refresh] done in 2055ms @ http://localhost:3000/_next/static/chunks/1-li_next_dist_0it2jl7._.js:776
[  283414ms] [LOG] [Fast Refresh] done in 2055ms @ http://localhost:3000/_next/static/chunks/1-li_next_dist_0it2jl7._.js:776
[  283474ms] [LOG] [Fast Refresh] done in 2055ms @ http://localhost:3000/_next/static/chunks/1-li_next_dist_0it2jl7._.js:776
[  283537ms] [LOG] [Fast Refresh] done in 2055ms @ http://localhost:3000/_next/static/chunks/1-li_next_dist_0it2jl7._.js:776
[  283598ms] [LOG] [Fast Refresh] done in 2055ms @ http://localhost:3000/_next/static/chunks/1-li_next_dist_0it2jl7._.js:776
[  283659ms] [LOG] [Fast Refresh] done in 2055ms @ http://localhost:3000/_next/static/chunks/1-li_next_dist_0it2jl7._.js:776
[  283724ms] [LOG] [Fast Refresh] done in 2055ms @ http://localhost:3000/_next/static/chunks/1-li_next_dist_0it2jl7._.js:776
[  283784ms] [LOG] [Fast Refresh] done in 2055ms @ http://localhost:3000/_next/static/chunks/1-li_next_dist_0it2jl7._.js:776
[  283843ms] [LOG] [Fast Refresh] done in 2055ms @ http://localhost:3000/_next/static/chunks/1-li_next_dist_0it2jl7._.js:776
[  283908ms] [LOG] [Fast Refresh] done in 2055ms @ http://localhost:3000/_next/static/chunks/1-li_next_dist_0it2jl7._.js:776
[  283968ms] [LOG] [Fast Refresh] done in 2055ms @ http://localhost:3000/_next/static/chunks/1-li_next_dist_0it2jl7._.js:776
[  284028ms] [LOG] [Fast Refresh] done in 2055ms @ http://localhost:3000/_next/static/chunks/1-li_next_dist_0it2jl7._.js:776
[  284093ms] [LOG] [Fast Refresh] done in 2055ms @ http://localhost:3000/_next/static/chunks/1-li_next_dist_0it2jl7._.js:776
[  284154ms] [LOG] [Fast Refresh] done in 2055ms @ http://localhost:3000/_next/static/chunks/1-li_next_dist_0it2jl7._.js:776
[  284216ms] [LOG] [Fast Refresh] done in 2055ms @ http://localhost:3000/_next/static/chunks/1-li_next_dist_0it2jl7._.js:776
[  284277ms] [LOG] [Fast Refresh] done in 2055ms @ http://localhost:3000/_next/static/chunks/1-li_next_dist_0it2jl7._.js:776
[  284341ms] [LOG] [Fast Refresh] done in 2055ms @ http://localhost:3000/_next/static/chunks/1-li_next_dist_0it2jl7._.js:776
[  284407ms] [LOG] [Fast Refresh] done in 2055ms @ http://localhost:3000/_next/static/chunks/1-li_next_dist_0it2jl7._.js:776
[  284467ms] [LOG] [Fast Refresh] done in 2055ms @ http://localhost:3000/_next/static/chunks/1-li_next_dist_0it2jl7._.js:776
[  284523ms] [LOG] [Fast Refresh] done in 2055ms @ http://localhost:3000/_next/static/chunks/1-li_next_dist_0it2jl7._.js:776
[  284585ms] [LOG] [Fast Refresh] done in 2055ms @ http://localhost:3000/_next/static/chunks/1-li_next_dist_0it2jl7._.js:776
[  284647ms] [LOG] [Fast Refresh] done in 2055ms @ http://localhost:3000/_next/static/chunks/1-li_next_dist_0it2jl7._.js:776
[  284707ms] [LOG] [Fast Refresh] done in 2055ms @ http://localhost:3000/_next/static/chunks/1-li_next_dist_0it2jl7._.js:776
[  284768ms] [LOG] [Fast Refresh] done in 2055ms @ http://localhost:3000/_next/static/chunks/1-li_next_dist_0it2jl7._.js:776
[  284832ms] [LOG] [Fast Refresh] done in 2055ms @ http://localhost:3000/_next/static/chunks/1-li_next_dist_0it2jl7._.js:776
[  284893ms] [LOG] [Fast Refresh] done in 2055ms @ http://localhost:3000/_next/static/chunks/1-li_next_dist_0it2jl7._.js:776
[  284955ms] [LOG] [Fast Refresh] done in 2055ms @ http://localhost:3000/_next/static/chunks/1-li_next_dist_0it2jl7._.js:776
[  285019ms] [LOG] [Fast Refresh] done in 2055ms @ http://localhost:3000/_next/static/chunks/1-li_next_dist_0it2jl7._.js:776
[  285078ms] [LOG] [Fast Refresh] done in 2055ms @ http://localhost:3000/_next/static/chunks/1-li_next_dist_0it2jl7._.js:776
[  285142ms] [LOG] [Fast Refresh] done in 2055ms @ http://localhost:3000/_next/static/chunks/1-li_next_dist_0it2jl7._.js:776
[  285204ms] [LOG] [Fast Refresh] done in 2055ms @ http://localhost:3000/_next/static/chunks/1-li_next_dist_0it2jl7._.js:776
[  285265ms] [LOG] [Fast Refresh] done in 2055ms @ http://localhost:3000/_next/static/chunks/1-li_next_dist_0it2jl7._.js:776
[  285331ms] [LOG] [Fast Refresh] done in 2055ms @ http://localhost:3000/_next/static/chunks/1-li_next_dist_0it2jl7._.js:776
[  285392ms] [LOG] [Fast Refresh] done in 2055ms @ http://localhost:3000/_next/static/chunks/1-li_next_dist_0it2jl7._.js:776
[  285454ms] [LOG] [Fast Refresh] done in 2055ms @ http://localhost:3000/_next/static/chunks/1-li_next_dist_0it2jl7._.js:776
[  285517ms] [LOG] [Fast Refresh] done in 2055ms @ http://localhost:3000/_next/static/chunks/1-li_next_dist_0it2jl7._.js:776
[  285585ms] [LOG] [Fast Refresh] done in 2055ms @ http://localhost:3000/_next/static/chunks/1-li_next_dist_0it2jl7._.js:776
[  285646ms] [LOG] [Fast Refresh] done in 2055ms @ http://localhost:3000/_next/static/chunks/1-li_next_dist_0it2jl7._.js:776
[  285705ms] [LOG] [Fast Refresh] done in 2055ms @ http://localhost:3000/_next/static/chunks/1-li_next_dist_0it2jl7._.js:776
[  285772ms] [LOG] [Fast Refresh] done in 2055ms @ http://localhost:3000/_next/static/chunks/1-li_next_dist_0it2jl7._.js:776
[  285842ms] [LOG] [Fast Refresh] done in 2055ms @ http://localhost:3000/_next/static/chunks/1-li_next_dist_0it2jl7._.js:776
[  285912ms] [LOG] [Fast Refresh] done in 2055ms @ http://localhost:3000/_next/static/chunks/1-li_next_dist_0it2jl7._.js:776
[  285990ms] [LOG] [Fast Refresh] done in 2055ms @ http://localhost:3000/_next/static/chunks/1-li_next_dist_0it2jl7._.js:776
[  286047ms] [LOG] [Fast Refresh] done in 2055ms @ http://localhost:3000/_next/static/chunks/1-li_next_dist_0it2jl7._.js:776
[  286113ms] [LOG] [Fast Refresh] done in 2055ms @ http://localhost:3000/_next/static/chunks/1-li_next_dist_0it2jl7._.js:776
[  286178ms] [LOG] [Fast Refresh] done in 2055ms @ http://localhost:3000/_next/static/chunks/1-li_next_dist_0it2jl7._.js:776
[  286233ms] [LOG] [Fast Refresh] done in 2055ms @ http://localhost:3000/_next/static/chunks/1-li_next_dist_0it2jl7._.js:776
[  286296ms] [LOG] [Fast Refresh] done in 2055ms @ http://localhost:3000/_next/static/chunks/1-li_next_dist_0it2jl7._.js:776
[  286367ms] [LOG] [Fast Refresh] done in 2055ms @ http://localhost:3000/_next/static/chunks/1-li_next_dist_0it2jl7._.js:776
[  286445ms] [LOG] [Fast Refresh] done in 2055ms @ http://localhost:3000/_next/static/chunks/1-li_next_dist_0it2jl7._.js:776
[  286514ms] [LOG] [Fast Refresh] done in 2055ms @ http://localhost:3000/_next/static/chunks/1-li_next_dist_0it2jl7._.js:776
[  286576ms] [LOG] [Fast Refresh] done in 2055ms @ http://localhost:3000/_next/static/chunks/1-li_next_dist_0it2jl7._.js:776
[  286634ms] [LOG] [Fast Refresh] done in 2055ms @ http://localhost:3000/_next/static/chunks/1-li_next_dist_0it2jl7._.js:776
[  286705ms] [LOG] [Fast Refresh] done in 2055ms @ http://localhost:3000/_next/static/chunks/1-li_next_dist_0it2jl7._.js:776
[  286781ms] [LOG] [Fast Refresh] done in 2055ms @ http://localhost:3000/_next/static/chunks/1-li_next_dist_0it2jl7._.js:776
[  286857ms] [LOG] [Fast Refresh] done in 2055ms @ http://localhost:3000/_next/static/chunks/1-li_next_dist_0it2jl7._.js:776
[  286935ms] [LOG] [Fast Refresh] done in 2055ms @ http://localhost:3000/_next/static/chunks/1-li_next_dist_0it2jl7._.js:776
[  287016ms] [LOG] [Fast Refresh] done in 2055ms @ http://localhost:3000/_next/static/chunks/1-li_next_dist_0it2jl7._.js:776
[  287092ms] [LOG] [Fast Refresh] done in 2055ms @ http://localhost:3000/_next/static/chunks/1-li_next_dist_0it2jl7._.js:776
[  287151ms] [LOG] [Fast Refresh] done in 2055ms @ http://localhost:3000/_next/static/chunks/1-li_next_dist_0it2jl7._.js:776
[  287215ms] [LOG] [Fast Refresh] done in 2055ms @ http://localhost:3000/_next/static/chunks/1-li_next_dist_0it2jl7._.js:776
[  287274ms] [LOG] [Fast Refresh] done in 2055ms @ http://localhost:3000/_next/static/chunks/1-li_next_dist_0it2jl7._.js:776
[  287338ms] [LOG] [Fast Refresh] done in 2055ms @ http://localhost:3000/_next/static/chunks/1-li_next_dist_0it2jl7._.js:776
[  287399ms] [LOG] [Fast Refresh] done in 2055ms @ http://localhost:3000/_next/static/chunks/1-li_next_dist_0it2jl7._.js:776
[  287462ms] [LOG] [Fast Refresh] done in 2055ms @ http://localhost:3000/_next/static/chunks/1-li_next_dist_0it2jl7._.js:776
[  287523ms] [LOG] [Fast Refresh] done in 2055ms @ http://localhost:3000/_next/static/chunks/1-li_next_dist_0it2jl7._.js:776
[  287584ms] [LOG] [Fast Refresh] done in 2055ms @ http://localhost:3000/_next/static/chunks/1-li_next_dist_0it2jl7._.js:776
[  287650ms] [LOG] [Fast Refresh] done in 2055ms @ http://localhost:3000/_next/static/chunks/1-li_next_dist_0it2jl7._.js:776
[  287710ms] [LOG] [Fast Refresh] done in 2055ms @ http://localhost:3000/_next/static/chunks/1-li_next_dist_0it2jl7._.js:776
[  287775ms] [LOG] [Fast Refresh] done in 2055ms @ http://localhost:3000/_next/static/chunks/1-li_next_dist_0it2jl7._.js:776
[  287851ms] [LOG] [Fast Refresh] done in 2055ms @ http://localhost:3000/_next/static/chunks/1-li_next_dist_0it2jl7._.js:776
[  287912ms] [LOG] [Fast Refresh] done in 2055ms @ http://localhost:3000/_next/static/chunks/1-li_next_dist_0it2jl7._.js:776
[  287974ms] [LOG] [Fast Refresh] done in 2055ms @ http://localhost:3000/_next/static/chunks/1-li_next_dist_0it2jl7._.js:776
[  288039ms] [LOG] [Fast Refresh] done in 2055ms @ http://localhost:3000/_next/static/chunks/1-li_next_dist_0it2jl7._.js:776
[  288097ms] [LOG] [Fast Refresh] done in 2055ms @ http://localhost:3000/_next/static/chunks/1-li_next_dist_0it2jl7._.js:776
[  288158ms] [LOG] [Fast Refresh] done in 2055ms @ http://localhost:3000/_next/static/chunks/1-li_next_dist_0it2jl7._.js:776
[  288220ms] [LOG] [Fast Refresh] done in 2055ms @ http://localhost:3000/_next/static/chunks/1-li_next_dist_0it2jl7._.js:776
[  288283ms] [LOG] [Fast Refresh] done in 2055ms @ http://localhost:3000/_next/static/chunks/1-li_next_dist_0it2jl7._.js:776
[  288345ms] [LOG] [Fast Refresh] done in 2055ms @ http://localhost:3000/_next/static/chunks/1-li_next_dist_0it2jl7._.js:776
[  288406ms] [LOG] [Fast Refresh] done in 2055ms @ http://localhost:3000/_next/static/chunks/1-li_next_dist_0it2jl7._.js:776
[  288468ms] [LOG] [Fast Refresh] done in 2055ms @ http://localhost:3000/_next/static/chunks/1-li_next_dist_0it2jl7._.js:776
[  288534ms] [LOG] [Fast Refresh] done in 2055ms @ http://localhost:3000/_next/static/chunks/1-li_next_dist_0it2jl7._.js:776
[  288612ms] [LOG] [Fast Refresh] done in 2055ms @ http://localhost:3000/_next/static/chunks/1-li_next_dist_0it2jl7._.js:776
[  288675ms] [LOG] [Fast Refresh] done in 2055ms @ http://localhost:3000/_next/static/chunks/1-li_next_dist_0it2jl7._.js:776
[  288745ms] [LOG] [Fast Refresh] done in 2055ms @ http://localhost:3000/_next/static/chunks/1-li_next_dist_0it2jl7._.js:776
[  288810ms] [LOG] [Fast Refresh] done in 2055ms @ http://localhost:3000/_next/static/chunks/1-li_next_dist_0it2jl7._.js:776
[  288875ms] [LOG] [Fast Refresh] done in 2055ms @ http://localhost:3000/_next/static/chunks/1-li_next_dist_0it2jl7._.js:776
[  288935ms] [LOG] [Fast Refresh] done in 2055ms @ http://localhost:3000/_next/static/chunks/1-li_next_dist_0it2jl7._.js:776
[  288996ms] [LOG] [Fast Refresh] done in 2055ms @ http://localhost:3000/_next/static/chunks/1-li_next_dist_0it2jl7._.js:776
[  289063ms] [LOG] [Fast Refresh] done in 2055ms @ http://localhost:3000/_next/static/chunks/1-li_next_dist_0it2jl7._.js:776
[  289118ms] [LOG] [Fast Refresh] done in 2055ms @ http://localhost:3000/_next/static/chunks/1-li_next_dist_0it2jl7._.js:776
[  289187ms] [LOG] [Fast Refresh] done in 2055ms @ http://localhost:3000/_next/static/chunks/1-li_next_dist_0it2jl7._.js:776
[  289246ms] [LOG] [Fast Refresh] done in 2055ms @ http://localhost:3000/_next/static/chunks/1-li_next_dist_0it2jl7._.js:776
[  289312ms] [LOG] [Fast Refresh] done in 2055ms @ http://localhost:3000/_next/static/chunks/1-li_next_dist_0it2jl7._.js:776
[  289389ms] [LOG] [Fast Refresh] done in 2055ms @ http://localhost:3000/_next/static/chunks/1-li_next_dist_0it2jl7._.js:776
[  289450ms] [LOG] [Fast Refresh] done in 2055ms @ http://localhost:3000/_next/static/chunks/1-li_next_dist_0it2jl7._.js:776
[  289528ms] [LOG] [Fast Refresh] done in 2055ms @ http://localhost:3000/_next/static/chunks/1-li_next_dist_0it2jl7._.js:776
[  289590ms] [LOG] [Fast Refresh] done in 2055ms @ http://localhost:3000/_next/static/chunks/1-li_next_dist_0it2jl7._.js:776
[  289649ms] [LOG] [Fast Refresh] done in 2055ms @ http://localhost:3000/_next/static/chunks/1-li_next_dist_0it2jl7._.js:776
[  289711ms] [LOG] [Fast Refresh] done in 2055ms @ http://localhost:3000/_next/static/chunks/1-li_next_dist_0it2jl7._.js:776
[  289774ms] [LOG] [Fast Refresh] done in 2055ms @ http://localhost:3000/_next/static/chunks/1-li_next_dist_0it2jl7._.js:776
[  289833ms] [LOG] [Fast Refresh] done in 2055ms @ http://localhost:3000/_next/static/chunks/1-li_next_dist_0it2jl7._.js:776
[  289899ms] [LOG] [Fast Refresh] done in 2055ms @ http://localhost:3000/_next/static/chunks/1-li_next_dist_0it2jl7._.js:776
[  289973ms] [LOG] [Fast Refresh] done in 2055ms @ http://localhost:3000/_next/static/chunks/1-li_next_dist_0it2jl7._.js:776
[  290036ms] [LOG] [Fast Refresh] done in 2055ms @ http://localhost:3000/_next/static/chunks/1-li_next_dist_0it2jl7._.js:776
[  290098ms] [LOG] [Fast Refresh] done in 2055ms @ http://localhost:3000/_next/static/chunks/1-li_next_dist_0it2jl7._.js:776
[  290159ms] [LOG] [Fast Refresh] done in 2055ms @ http://localhost:3000/_next/static/chunks/1-li_next_dist_0it2jl7._.js:776
[  290221ms] [LOG] [Fast Refresh] done in 2055ms @ http://localhost:3000/_next/static/chunks/1-li_next_dist_0it2jl7._.js:776
[  290284ms] [LOG] [Fast Refresh] done in 2055ms @ http://localhost:3000/_next/static/chunks/1-li_next_dist_0it2jl7._.js:776
[  290346ms] [LOG] [Fast Refresh] done in 2055ms @ http://localhost:3000/_next/static/chunks/1-li_next_dist_0it2jl7._.js:776
[  290410ms] [LOG] [Fast Refresh] done in 2055ms @ http://localhost:3000/_next/static/chunks/1-li_next_dist_0it2jl7._.js:776
[  290471ms] [LOG] [Fast Refresh] done in 2055ms @ http://localhost:3000/_next/static/chunks/1-li_next_dist_0it2jl7._.js:776
[  290533ms] [LOG] [Fast Refresh] done in 2055ms @ http://localhost:3000/_next/static/chunks/1-li_next_dist_0it2jl7._.js:776
[  290595ms] [LOG] [Fast Refresh] done in 2055ms @ http://localhost:3000/_next/static/chunks/1-li_next_dist_0it2jl7._.js:776
[  290655ms] [LOG] [Fast Refresh] done in 2055ms @ http://localhost:3000/_next/static/chunks/1-li_next_dist_0it2jl7._.js:776
[  290718ms] [LOG] [Fast Refresh] done in 2055ms @ http://localhost:3000/_next/static/chunks/1-li_next_dist_0it2jl7._.js:776
[  290781ms] [LOG] [Fast Refresh] done in 2055ms @ http://localhost:3000/_next/static/chunks/1-li_next_dist_0it2jl7._.js:776
[  290843ms] [LOG] [Fast Refresh] done in 2055ms @ http://localhost:3000/_next/static/chunks/1-li_next_dist_0it2jl7._.js:776
[  290907ms] [LOG] [Fast Refresh] done in 2055ms @ http://localhost:3000/_next/static/chunks/1-li_next_dist_0it2jl7._.js:776
[  290969ms] [LOG] [Fast Refresh] done in 2055ms @ http://localhost:3000/_next/static/chunks/1-li_next_dist_0it2jl7._.js:776
[  291032ms] [LOG] [Fast Refresh] done in 2055ms @ http://localhost:3000/_next/static/chunks/1-li_next_dist_0it2jl7._.js:776
[  291093ms] [LOG] [Fast Refresh] done in 2055ms @ http://localhost:3000/_next/static/chunks/1-li_next_dist_0it2jl7._.js:776
[  291156ms] [LOG] [Fast Refresh] done in 2055ms @ http://localhost:3000/_next/static/chunks/1-li_next_dist_0it2jl7._.js:776
[  291218ms] [LOG] [Fast Refresh] done in 2055ms @ http://localhost:3000/_next/static/chunks/1-li_next_dist_0it2jl7._.js:776
[  291280ms] [LOG] [Fast Refresh] done in 2055ms @ http://localhost:3000/_next/static/chunks/1-li_next_dist_0it2jl7._.js:776
[  291342ms] [LOG] [Fast Refresh] done in 2055ms @ http://localhost:3000/_next/static/chunks/1-li_next_dist_0it2jl7._.js:776
[  291407ms] [LOG] [Fast Refresh] done in 2055ms @ http://localhost:3000/_next/static/chunks/1-li_next_dist_0it2jl7._.js:776
[  291469ms] [LOG] [Fast Refresh] done in 2055ms @ http://localhost:3000/_next/static/chunks/1-li_next_dist_0it2jl7._.js:776
[  291531ms] [LOG] [Fast Refresh] done in 2055ms @ http://localhost:3000/_next/static/chunks/1-li_next_dist_0it2jl7._.js:776
[  291593ms] [LOG] [Fast Refresh] done in 2055ms @ http://localhost:3000/_next/static/chunks/1-li_next_dist_0it2jl7._.js:776
[  291653ms] [LOG] [Fast Refresh] done in 2055ms @ http://localhost:3000/_next/static/chunks/1-li_next_dist_0it2jl7._.js:776
[  291716ms] [LOG] [Fast Refresh] done in 2055ms @ http://localhost:3000/_next/static/chunks/1-li_next_dist_0it2jl7._.js:776
[  291778ms] [LOG] [Fast Refresh] done in 2055ms @ http://localhost:3000/_next/static/chunks/1-li_next_dist_0it2jl7._.js:776
[  291844ms] [LOG] [Fast Refresh] done in 2055ms @ http://localhost:3000/_next/static/chunks/1-li_next_dist_0it2jl7._.js:776
[  291902ms] [LOG] [Fast Refresh] done in 2055ms @ http://localhost:3000/_next/static/chunks/1-li_next_dist_0it2jl7._.js:776
[  291964ms] [LOG] [Fast Refresh] done in 2055ms @ http://localhost:3000/_next/static/chunks/1-li_next_dist_0it2jl7._.js:776
[  292027ms] [LOG] [Fast Refresh] done in 2055ms @ http://localhost:3000/_next/static/chunks/1-li_next_dist_0it2jl7._.js:776
[  292092ms] [LOG] [Fast Refresh] done in 2055ms @ http://localhost:3000/_next/static/chunks/1-li_next_dist_0it2jl7._.js:776
[  292151ms] [LOG] [Fast Refresh] done in 2055ms @ http://localhost:3000/_next/static/chunks/1-li_next_dist_0it2jl7._.js:776
[  292217ms] [LOG] [Fast Refresh] done in 2055ms @ http://localhost:3000/_next/static/chunks/1-li_next_dist_0it2jl7._.js:776
[  292274ms] [LOG] [Fast Refresh] done in 2055ms @ http://localhost:3000/_next/static/chunks/1-li_next_dist_0it2jl7._.js:776
[  292337ms] [LOG] [Fast Refresh] done in 2055ms @ http://localhost:3000/_next/static/chunks/1-li_next_dist_0it2jl7._.js:776
[  292399ms] [LOG] [Fast Refresh] done in 2055ms @ http://localhost:3000/_next/static/chunks/1-li_next_dist_0it2jl7._.js:776
[  292462ms] [LOG] [Fast Refresh] done in 2055ms @ http://localhost:3000/_next/static/chunks/1-li_next_dist_0it2jl7._.js:776
[  293342ms] [LOG] [Fast Refresh] done in 2055ms @ http://localhost:3000/_next/static/chunks/1-li_next_dist_0it2jl7._.js:776
[  293438ms] [LOG] [Fast Refresh] done in 2055ms @ http://localhost:3000/_next/static/chunks/1-li_next_dist_0it2jl7._.js:776
[  293540ms] [LOG] [Fast Refresh] done in 2055ms @ http://localhost:3000/_next/static/chunks/1-li_next_dist_0it2jl7._.js:776
[  293654ms] [LOG] [Fast Refresh] done in 2055ms @ http://localhost:3000/_next/static/chunks/1-li_next_dist_0it2jl7._.js:776
[  293743ms] [LOG] [Fast Refresh] done in 2055ms @ http://localhost:3000/_next/static/chunks/1-li_next_dist_0it2jl7._.js:776
[  293836ms] [LOG] [Fast Refresh] done in 2055ms @ http://localhost:3000/_next/static/chunks/1-li_next_dist_0it2jl7._.js:776
[  293918ms] [LOG] [Fast Refresh] done in 2055ms @ http://localhost:3000/_next/static/chunks/1-li_next_dist_0it2jl7._.js:776
[  293994ms] [LOG] [Fast Refresh] done in 2055ms @ http://localhost:3000/_next/static/chunks/1-li_next_dist_0it2jl7._.js:776
[  294071ms] [LOG] [Fast Refresh] done in 2055ms @ http://localhost:3000/_next/static/chunks/1-li_next_dist_0it2jl7._.js:776
[  294144ms] [LOG] [Fast Refresh] done in 2055ms @ http://localhost:3000/_next/static/chunks/1-li_next_dist_0it2jl7._.js:776
[  294211ms] [LOG] [Fast Refresh] done in 2055ms @ http://localhost:3000/_next/static/chunks/1-li_next_dist_0it2jl7._.js:776
[  294282ms] [LOG] [Fast Refresh] done in 2055ms @ http://localhost:3000/_next/static/chunks/1-li_next_dist_0it2jl7._.js:776
[  294357ms] [LOG] [Fast Refresh] done in 2055ms @ http://localhost:3000/_next/static/chunks/1-li_next_dist_0it2jl7._.js:776
[  294418ms] [LOG] [Fast Refresh] done in 2055ms @ http://localhost:3000/_next/static/chunks/1-li_next_dist_0it2jl7._.js:776
[  294479ms] [LOG] [Fast Refresh] done in 2055ms @ http://localhost:3000/_next/static/chunks/1-li_next_dist_0it2jl7._.js:776
[  294545ms] [LOG] [Fast Refresh] done in 2055ms @ http://localhost:3000/_next/static/chunks/1-li_next_dist_0it2jl7._.js:776
[  294628ms] [LOG] [Fast Refresh] done in 2055ms @ http://localhost:3000/_next/static/chunks/1-li_next_dist_0it2jl7._.js:776
[  294693ms] [LOG] [Fast Refresh] done in 2055ms @ http://localhost:3000/_next/static/chunks/1-li_next_dist_0it2jl7._.js:776
[  294755ms] [LOG] [Fast Refresh] done in 2055ms @ http://localhost:3000/_next/static/chunks/1-li_next_dist_0it2jl7._.js:776
[  294818ms] [LOG] [Fast Refresh] done in 2055ms @ http://localhost:3000/_next/static/chunks/1-li_next_dist_0it2jl7._.js:776
[  294878ms] [LOG] [Fast Refresh] done in 2055ms @ http://localhost:3000/_next/static/chunks/1-li_next_dist_0it2jl7._.js:776
[  294943ms] [LOG] [Fast Refresh] done in 2055ms @ http://localhost:3000/_next/static/chunks/1-li_next_dist_0it2jl7._.js:776
[  295000ms] [LOG] [Fast Refresh] done in 2055ms @ http://localhost:3000/_next/static/chunks/1-li_next_dist_0it2jl7._.js:776
[  295065ms] [LOG] [Fast Refresh] done in 2055ms @ http://localhost:3000/_next/static/chunks/1-li_next_dist_0it2jl7._.js:776
[  295127ms] [LOG] [Fast Refresh] done in 2055ms @ http://localhost:3000/_next/static/chunks/1-li_next_dist_0it2jl7._.js:776
[  295187ms] [LOG] [Fast Refresh] done in 2055ms @ http://localhost:3000/_next/static/chunks/1-li_next_dist_0it2jl7._.js:776
[  295250ms] [LOG] [Fast Refresh] done in 2055ms @ http://localhost:3000/_next/static/chunks/1-li_next_dist_0it2jl7._.js:776
[  295316ms] [LOG] [Fast Refresh] done in 2055ms @ http://localhost:3000/_next/static/chunks/1-li_next_dist_0it2jl7._.js:776
[  295385ms] [LOG] [Fast Refresh] done in 2055ms @ http://localhost:3000/_next/static/chunks/1-li_next_dist_0it2jl7._.js:776
[  295448ms] [LOG] [Fast Refresh] done in 2055ms @ http://localhost:3000/_next/static/chunks/1-li_next_dist_0it2jl7._.js:776
[  295511ms] [LOG] [Fast Refresh] done in 2055ms @ http://localhost:3000/_next/static/chunks/1-li_next_dist_0it2jl7._.js:776
[  295571ms] [LOG] [Fast Refresh] done in 2055ms @ http://localhost:3000/_next/static/chunks/1-li_next_dist_0it2jl7._.js:776
[  295653ms] [LOG] [Fast Refresh] done in 2055ms @ http://localhost:3000/_next/static/chunks/1-li_next_dist_0it2jl7._.js:776
[  295714ms] [LOG] [Fast Refresh] done in 2055ms @ http://localhost:3000/_next/static/chunks/1-li_next_dist_0it2jl7._.js:776
[  295776ms] [LOG] [Fast Refresh] done in 2055ms @ http://localhost:3000/_next/static/chunks/1-li_next_dist_0it2jl7._.js:776
[  295838ms] [LOG] [Fast Refresh] done in 2055ms @ http://localhost:3000/_next/static/chunks/1-li_next_dist_0it2jl7._.js:776
[  295899ms] [LOG] [Fast Refresh] done in 2055ms @ http://localhost:3000/_next/static/chunks/1-li_next_dist_0it2jl7._.js:776
[  295961ms] [LOG] [Fast Refresh] done in 2055ms @ http://localhost:3000/_next/static/chunks/1-li_next_dist_0it2jl7._.js:776
[  296022ms] [LOG] [Fast Refresh] done in 2055ms @ http://localhost:3000/_next/static/chunks/1-li_next_dist_0it2jl7._.js:776
[  296085ms] [LOG] [Fast Refresh] done in 2055ms @ http://localhost:3000/_next/static/chunks/1-li_next_dist_0it2jl7._.js:776
[  296148ms] [LOG] [Fast Refresh] done in 2055ms @ http://localhost:3000/_next/static/chunks/1-li_next_dist_0it2jl7._.js:776
[  296210ms] [LOG] [Fast Refresh] done in 2055ms @ http://localhost:3000/_next/static/chunks/1-li_next_dist_0it2jl7._.js:776
[  296270ms] [LOG] [Fast Refresh] done in 2055ms @ http://localhost:3000/_next/static/chunks/1-li_next_dist_0it2jl7._.js:776
[  296336ms] [LOG] [Fast Refresh] done in 2055ms @ http://localhost:3000/_next/static/chunks/1-li_next_dist_0it2jl7._.js:776
[  296395ms] [LOG] [Fast Refresh] done in 2055ms @ http://localhost:3000/_next/static/chunks/1-li_next_dist_0it2jl7._.js:776
[  296459ms] [LOG] [Fast Refresh] done in 2055ms @ http://localhost:3000/_next/static/chunks/1-li_next_dist_0it2jl7._.js:776
[  296519ms] [LOG] [Fast Refresh] done in 2055ms @ http://localhost:3000/_next/static/chunks/1-li_next_dist_0it2jl7._.js:776
[  296584ms] [LOG] [Fast Refresh] done in 2055ms @ http://localhost:3000/_next/static/chunks/1-li_next_dist_0it2jl7._.js:776
[  296659ms] [LOG] [Fast Refresh] done in 2055ms @ http://localhost:3000/_next/static/chunks/1-li_next_dist_0it2jl7._.js:776
[  296725ms] [LOG] [Fast Refresh] done in 2055ms @ http://localhost:3000/_next/static/chunks/1-li_next_dist_0it2jl7._.js:776
[  296801ms] [LOG] [Fast Refresh] done in 2055ms @ http://localhost:3000/_next/static/chunks/1-li_next_dist_0it2jl7._.js:776
[  296863ms] [LOG] [Fast Refresh] done in 2055ms @ http://localhost:3000/_next/static/chunks/1-li_next_dist_0it2jl7._.js:776
[  296927ms] [LOG] [Fast Refresh] done in 2055ms @ http://localhost:3000/_next/static/chunks/1-li_next_dist_0it2jl7._.js:776
[  296984ms] [LOG] [Fast Refresh] done in 2055ms @ http://localhost:3000/_next/static/chunks/1-li_next_dist_0it2jl7._.js:776
[  297049ms] [LOG] [Fast Refresh] done in 2055ms @ http://localhost:3000/_next/static/chunks/1-li_next_dist_0it2jl7._.js:776
[  297111ms] [LOG] [Fast Refresh] done in 2055ms @ http://localhost:3000/_next/static/chunks/1-li_next_dist_0it2jl7._.js:776
[  297190ms] [LOG] [Fast Refresh] done in 2055ms @ http://localhost:3000/_next/static/chunks/1-li_next_dist_0it2jl7._.js:776
[  297265ms] [LOG] [Fast Refresh] done in 2055ms @ http://localhost:3000/_next/static/chunks/1-li_next_dist_0it2jl7._.js:776
[  297330ms] [LOG] [Fast Refresh] done in 2055ms @ http://localhost:3000/_next/static/chunks/1-li_next_dist_0it2jl7._.js:776
[  297388ms] [LOG] [Fast Refresh] done in 2055ms @ http://localhost:3000/_next/static/chunks/1-li_next_dist_0it2jl7._.js:776
[  297457ms] [LOG] [Fast Refresh] done in 2055ms @ http://localhost:3000/_next/static/chunks/1-li_next_dist_0it2jl7._.js:776
[  297544ms] [LOG] [Fast Refresh] done in 2055ms @ http://localhost:3000/_next/static/chunks/1-li_next_dist_0it2jl7._.js:776
[  297627ms] [LOG] [Fast Refresh] done in 2055ms @ http://localhost:3000/_next/static/chunks/1-li_next_dist_0it2jl7._.js:776
[  297704ms] [LOG] [Fast Refresh] done in 2055ms @ http://localhost:3000/_next/static/chunks/1-li_next_dist_0it2jl7._.js:776
[  297770ms] [LOG] [Fast Refresh] done in 2055ms @ http://localhost:3000/_next/static/chunks/1-li_next_dist_0it2jl7._.js:776
[  297846ms] [LOG] [Fast Refresh] done in 2055ms @ http://localhost:3000/_next/static/chunks/1-li_next_dist_0it2jl7._.js:776
[  297917ms] [LOG] [Fast Refresh] done in 2055ms @ http://localhost:3000/_next/static/chunks/1-li_next_dist_0it2jl7._.js:776
[  297978ms] [LOG] [Fast Refresh] done in 2055ms @ http://localhost:3000/_next/static/chunks/1-li_next_dist_0it2jl7._.js:776
[  298042ms] [LOG] [Fast Refresh] done in 2055ms @ http://localhost:3000/_next/static/chunks/1-li_next_dist_0it2jl7._.js:776
[  298102ms] [LOG] [Fast Refresh] done in 2055ms @ http://localhost:3000/_next/static/chunks/1-li_next_dist_0it2jl7._.js:776
[  298164ms] [LOG] [Fast Refresh] done in 2055ms @ http://localhost:3000/_next/static/chunks/1-li_next_dist_0it2jl7._.js:776
[  298224ms] [LOG] [Fast Refresh] done in 2055ms @ http://localhost:3000/_next/static/chunks/1-li_next_dist_0it2jl7._.js:776
[  298287ms] [LOG] [Fast Refresh] done in 2055ms @ http://localhost:3000/_next/static/chunks/1-li_next_dist_0it2jl7._.js:776
[  298348ms] [LOG] [Fast Refresh] done in 2055ms @ http://localhost:3000/_next/static/chunks/1-li_next_dist_0it2jl7._.js:776
[  298412ms] [LOG] [Fast Refresh] done in 2055ms @ http://localhost:3000/_next/static/chunks/1-li_next_dist_0it2jl7._.js:776
[  298472ms] [LOG] [Fast Refresh] done in 2055ms @ http://localhost:3000/_next/static/chunks/1-li_next_dist_0it2jl7._.js:776
[  298537ms] [LOG] [Fast Refresh] done in 2055ms @ http://localhost:3000/_next/static/chunks/1-li_next_dist_0it2jl7._.js:776
[  298599ms] [LOG] [Fast Refresh] done in 2055ms @ http://localhost:3000/_next/static/chunks/1-li_next_dist_0it2jl7._.js:776
[  298660ms] [LOG] [Fast Refresh] done in 2055ms @ http://localhost:3000/_next/static/chunks/1-li_next_dist_0it2jl7._.js:776
[  298723ms] [LOG] [Fast Refresh] done in 2055ms @ http://localhost:3000/_next/static/chunks/1-li_next_dist_0it2jl7._.js:776
[  298787ms] [LOG] [Fast Refresh] done in 2055ms @ http://localhost:3000/_next/static/chunks/1-li_next_dist_0it2jl7._.js:776
[  298852ms] [LOG] [Fast Refresh] done in 2055ms @ http://localhost:3000/_next/static/chunks/1-li_next_dist_0it2jl7._.js:776
[  298911ms] [LOG] [Fast Refresh] done in 2055ms @ http://localhost:3000/_next/static/chunks/1-li_next_dist_0it2jl7._.js:776
[  298974ms] [LOG] [Fast Refresh] done in 2055ms @ http://localhost:3000/_next/static/chunks/1-li_next_dist_0it2jl7._.js:776
[  299041ms] [LOG] [Fast Refresh] done in 2055ms @ http://localhost:3000/_next/static/chunks/1-li_next_dist_0it2jl7._.js:776
[  299101ms] [LOG] [Fast Refresh] done in 2055ms @ http://localhost:3000/_next/static/chunks/1-li_next_dist_0it2jl7._.js:776
[  299162ms] [LOG] [Fast Refresh] done in 2055ms @ http://localhost:3000/_next/static/chunks/1-li_next_dist_0it2jl7._.js:776
[  299223ms] [LOG] [Fast Refresh] done in 2055ms @ http://localhost:3000/_next/static/chunks/1-li_next_dist_0it2jl7._.js:776
[  299284ms] [LOG] [Fast Refresh] done in 2055ms @ http://localhost:3000/_next/static/chunks/1-li_next_dist_0it2jl7._.js:776
[  299343ms] [LOG] [Fast Refresh] done in 2055ms @ http://localhost:3000/_next/static/chunks/1-li_next_dist_0it2jl7._.js:776
[  299406ms] [LOG] [Fast Refresh] done in 2055ms @ http://localhost:3000/_next/static/chunks/1-li_next_dist_0it2jl7._.js:776
[  299468ms] [LOG] [Fast Refresh] done in 2055ms @ http://localhost:3000/_next/static/chunks/1-li_next_dist_0it2jl7._.js:776
[  299531ms] [LOG] [Fast Refresh] done in 2055ms @ http://localhost:3000/_next/static/chunks/1-li_next_dist_0it2jl7._.js:776
[  299603ms] [LOG] [Fast Refresh] done in 2055ms @ http://localhost:3000/_next/static/chunks/1-li_next_dist_0it2jl7._.js:776
[  299683ms] [LOG] [Fast Refresh] done in 2055ms @ http://localhost:3000/_next/static/chunks/1-li_next_dist_0it2jl7._.js:776
[  299754ms] [LOG] [Fast Refresh] done in 2055ms @ http://localhost:3000/_next/static/chunks/1-li_next_dist_0it2jl7._.js:776
[  299813ms] [LOG] [Fast Refresh] done in 2055ms @ http://localhost:3000/_next/static/chunks/1-li_next_dist_0it2jl7._.js:776
[  299876ms] [LOG] [Fast Refresh] done in 2055ms @ http://localhost:3000/_next/static/chunks/1-li_next_dist_0it2jl7._.js:776
[  299938ms] [LOG] [Fast Refresh] done in 2055ms @ http://localhost:3000/_next/static/chunks/1-li_next_dist_0it2jl7._.js:776
[  299997ms] [LOG] [Fast Refresh] done in 2055ms @ http://localhost:3000/_next/static/chunks/1-li_next_dist_0it2jl7._.js:776
[  300057ms] [LOG] [Fast Refresh] done in 2055ms @ http://localhost:3000/_next/static/chunks/1-li_next_dist_0it2jl7._.js:776
[  300124ms] [LOG] [Fast Refresh] done in 2055ms @ http://localhost:3000/_next/static/chunks/1-li_next_dist_0it2jl7._.js:776
[  300187ms] [LOG] [Fast Refresh] done in 2055ms @ http://localhost:3000/_next/static/chunks/1-li_next_dist_0it2jl7._.js:776
[  300262ms] [LOG] [Fast Refresh] done in 2055ms @ http://localhost:3000/_next/static/chunks/1-li_next_dist_0it2jl7._.js:776
[  300334ms] [LOG] [Fast Refresh] done in 2055ms @ http://localhost:3000/_next/static/chunks/1-li_next_dist_0it2jl7._.js:776
[  300397ms] [LOG] [Fast Refresh] done in 2055ms @ http://localhost:3000/_next/static/chunks/1-li_next_dist_0it2jl7._.js:776
[  300459ms] [LOG] [Fast Refresh] done in 2055ms @ http://localhost:3000/_next/static/chunks/1-li_next_dist_0it2jl7._.js:776
[  300521ms] [LOG] [Fast Refresh] done in 2055ms @ http://localhost:3000/_next/static/chunks/1-li_next_dist_0it2jl7._.js:776
[  300583ms] [LOG] [Fast Refresh] done in 2055ms @ http://localhost:3000/_next/static/chunks/1-li_next_dist_0it2jl7._.js:776
[  300646ms] [LOG] [Fast Refresh] done in 2055ms @ http://localhost:3000/_next/static/chunks/1-li_next_dist_0it2jl7._.js:776
[  300708ms] [LOG] [Fast Refresh] done in 2055ms @ http://localhost:3000/_next/static/chunks/1-li_next_dist_0it2jl7._.js:776
[  300772ms] [LOG] [Fast Refresh] done in 2055ms @ http://localhost:3000/_next/static/chunks/1-li_next_dist_0it2jl7._.js:776
[  300836ms] [LOG] [Fast Refresh] done in 2055ms @ http://localhost:3000/_next/static/chunks/1-li_next_dist_0it2jl7._.js:776
[  300899ms] [LOG] [Fast Refresh] done in 2055ms @ http://localhost:3000/_next/static/chunks/1-li_next_dist_0it2jl7._.js:776
[  300959ms] [LOG] [Fast Refresh] done in 2055ms @ http://localhost:3000/_next/static/chunks/1-li_next_dist_0it2jl7._.js:776
[  301020ms] [LOG] [Fast Refresh] done in 2055ms @ http://localhost:3000/_next/static/chunks/1-li_next_dist_0it2jl7._.js:776
[  301086ms] [LOG] [Fast Refresh] done in 2055ms @ http://localhost:3000/_next/static/chunks/1-li_next_dist_0it2jl7._.js:776
[  301159ms] [LOG] [Fast Refresh] done in 2055ms @ http://localhost:3000/_next/static/chunks/1-li_next_dist_0it2jl7._.js:776
[  301222ms] [LOG] [Fast Refresh] done in 2055ms @ http://localhost:3000/_next/static/chunks/1-li_next_dist_0it2jl7._.js:776
[  301324ms] [LOG] [Fast Refresh] done in 2055ms @ http://localhost:3000/_next/static/chunks/1-li_next_dist_0it2jl7._.js:776
[  301405ms] [LOG] [Fast Refresh] done in 2055ms @ http://localhost:3000/_next/static/chunks/1-li_next_dist_0it2jl7._.js:776
[  301472ms] [LOG] [Fast Refresh] done in 2055ms @ http://localhost:3000/_next/static/chunks/1-li_next_dist_0it2jl7._.js:776
[  301552ms] [LOG] [Fast Refresh] done in 2055ms @ http://localhost:3000/_next/static/chunks/1-li_next_dist_0it2jl7._.js:776
[  301674ms] [LOG] [Fast Refresh] done in 2055ms @ http://localhost:3000/_next/static/chunks/1-li_next_dist_0it2jl7._.js:776
[  301748ms] [LOG] [Fast Refresh] done in 2055ms @ http://localhost:3000/_next/static/chunks/1-li_next_dist_0it2jl7._.js:776
[  301811ms] [LOG] [Fast Refresh] done in 2055ms @ http://localhost:3000/_next/static/chunks/1-li_next_dist_0it2jl7._.js:776
[  301870ms] [LOG] [Fast Refresh] done in 2055ms @ http://localhost:3000/_next/static/chunks/1-li_next_dist_0it2jl7._.js:776
[  301936ms] [LOG] [Fast Refresh] done in 2055ms @ http://localhost:3000/_next/static/chunks/1-li_next_dist_0it2jl7._.js:776
[  301993ms] [LOG] [Fast Refresh] done in 2055ms @ http://localhost:3000/_next/static/chunks/1-li_next_dist_0it2jl7._.js:776
[  302056ms] [LOG] [Fast Refresh] done in 2055ms @ http://localhost:3000/_next/static/chunks/1-li_next_dist_0it2jl7._.js:776
[  302122ms] [LOG] [Fast Refresh] done in 2055ms @ http://localhost:3000/_next/static/chunks/1-li_next_dist_0it2jl7._.js:776
[  302182ms] [LOG] [Fast Refresh] done in 2055ms @ http://localhost:3000/_next/static/chunks/1-li_next_dist_0it2jl7._.js:776
[  302243ms] [LOG] [Fast Refresh] done in 2055ms @ http://localhost:3000/_next/static/chunks/1-li_next_dist_0it2jl7._.js:776
[  302304ms] [LOG] [Fast Refresh] done in 2055ms @ http://localhost:3000/_next/static/chunks/1-li_next_dist_0it2jl7._.js:776
[  302365ms] [LOG] [Fast Refresh] done in 2055ms @ http://localhost:3000/_next/static/chunks/1-li_next_dist_0it2jl7._.js:776
[  302428ms] [LOG] [Fast Refresh] done in 2055ms @ http://localhost:3000/_next/static/chunks/1-li_next_dist_0it2jl7._.js:776
[  302490ms] [LOG] [Fast Refresh] done in 2055ms @ http://localhost:3000/_next/static/chunks/1-li_next_dist_0it2jl7._.js:776
[  302551ms] [LOG] [Fast Refresh] done in 2055ms @ http://localhost:3000/_next/static/chunks/1-li_next_dist_0it2jl7._.js:776
[  302615ms] [LOG] [Fast Refresh] done in 2055ms @ http://localhost:3000/_next/static/chunks/1-li_next_dist_0it2jl7._.js:776
[  302676ms] [LOG] [Fast Refresh] done in 2055ms @ http://localhost:3000/_next/static/chunks/1-li_next_dist_0it2jl7._.js:776
[  302739ms] [LOG] [Fast Refresh] done in 2055ms @ http://localhost:3000/_next/static/chunks/1-li_next_dist_0it2jl7._.js:776
[  302801ms] [LOG] [Fast Refresh] done in 2055ms @ http://localhost:3000/_next/static/chunks/1-li_next_dist_0it2jl7._.js:776
[  302861ms] [LOG] [Fast Refresh] done in 2055ms @ http://localhost:3000/_next/static/chunks/1-li_next_dist_0it2jl7._.js:776
[  302924ms] [LOG] [Fast Refresh] done in 2055ms @ http://localhost:3000/_next/static/chunks/1-li_next_dist_0it2jl7._.js:776
[  302987ms] [LOG] [Fast Refresh] done in 2055ms @ http://localhost:3000/_next/static/chunks/1-li_next_dist_0it2jl7._.js:776
[  303049ms] [LOG] [Fast Refresh] done in 2055ms @ http://localhost:3000/_next/static/chunks/1-li_next_dist_0it2jl7._.js:776
[  303113ms] [LOG] [Fast Refresh] done in 2055ms @ http://localhost:3000/_next/static/chunks/1-li_next_dist_0it2jl7._.js:776
[  303173ms] [LOG] [Fast Refresh] done in 2055ms @ http://localhost:3000/_next/static/chunks/1-li_next_dist_0it2jl7._.js:776
[  303237ms] [LOG] [Fast Refresh] done in 2055ms @ http://localhost:3000/_next/static/chunks/1-li_next_dist_0it2jl7._.js:776
[  303300ms] [LOG] [Fast Refresh] done in 2055ms @ http://localhost:3000/_next/static/chunks/1-li_next_dist_0it2jl7._.js:776
[  303362ms] [LOG] [Fast Refresh] done in 2055ms @ http://localhost:3000/_next/static/chunks/1-li_next_dist_0it2jl7._.js:776
[  303424ms] [LOG] [Fast Refresh] done in 2055ms @ http://localhost:3000/_next/static/chunks/1-li_next_dist_0it2jl7._.js:776
[  303485ms] [LOG] [Fast Refresh] done in 2055ms @ http://localhost:3000/_next/static/chunks/1-li_next_dist_0it2jl7._.js:776
[  303548ms] [LOG] [Fast Refresh] done in 2055ms @ http://localhost:3000/_next/static/chunks/1-li_next_dist_0it2jl7._.js:776
[  303611ms] [LOG] [Fast Refresh] done in 2055ms @ http://localhost:3000/_next/static/chunks/1-li_next_dist_0it2jl7._.js:776
[  303674ms] [LOG] [Fast Refresh] done in 2055ms @ http://localhost:3000/_next/static/chunks/1-li_next_dist_0it2jl7._.js:776
[  303735ms] [LOG] [Fast Refresh] done in 2055ms @ http://localhost:3000/_next/static/chunks/1-li_next_dist_0it2jl7._.js:776
[  303798ms] [LOG] [Fast Refresh] done in 2055ms @ http://localhost:3000/_next/static/chunks/1-li_next_dist_0it2jl7._.js:776
[  303860ms] [LOG] [Fast Refresh] done in 2055ms @ http://localhost:3000/_next/static/chunks/1-li_next_dist_0it2jl7._.js:776
[  303922ms] [LOG] [Fast Refresh] done in 2055ms @ http://localhost:3000/_next/static/chunks/1-li_next_dist_0it2jl7._.js:776
[  303983ms] [LOG] [Fast Refresh] done in 2055ms @ http://localhost:3000/_next/static/chunks/1-li_next_dist_0it2jl7._.js:776
[  304044ms] [LOG] [Fast Refresh] done in 2055ms @ http://localhost:3000/_next/static/chunks/1-li_next_dist_0it2jl7._.js:776
[  304106ms] [LOG] [Fast Refresh] done in 2055ms @ http://localhost:3000/_next/static/chunks/1-li_next_dist_0it2jl7._.js:776
[  304168ms] [LOG] [Fast Refresh] done in 2055ms @ http://localhost:3000/_next/static/chunks/1-li_next_dist_0it2jl7._.js:776
[  304230ms] [LOG] [Fast Refresh] done in 2055ms @ http://localhost:3000/_next/static/chunks/1-li_next_dist_0it2jl7._.js:776
[  304293ms] [LOG] [Fast Refresh] done in 2055ms @ http://localhost:3000/_next/static/chunks/1-li_next_dist_0it2jl7._.js:776
[  304356ms] [LOG] [Fast Refresh] done in 2055ms @ http://localhost:3000/_next/static/chunks/1-li_next_dist_0it2jl7._.js:776
[  304419ms] [LOG] [Fast Refresh] done in 2055ms @ http://localhost:3000/_next/static/chunks/1-li_next_dist_0it2jl7._.js:776
[  304480ms] [LOG] [Fast Refresh] done in 2055ms @ http://localhost:3000/_next/static/chunks/1-li_next_dist_0it2jl7._.js:776
[  304542ms] [LOG] [Fast Refresh] done in 2055ms @ http://localhost:3000/_next/static/chunks/1-li_next_dist_0it2jl7._.js:776
[  304605ms] [LOG] [Fast Refresh] done in 2055ms @ http://localhost:3000/_next/static/chunks/1-li_next_dist_0it2jl7._.js:776
[  304668ms] [LOG] [Fast Refresh] done in 2055ms @ http://localhost:3000/_next/static/chunks/1-li_next_dist_0it2jl7._.js:776
[  304730ms] [LOG] [Fast Refresh] done in 2055ms @ http://localhost:3000/_next/static/chunks/1-li_next_dist_0it2jl7._.js:776
[  304793ms] [LOG] [Fast Refresh] done in 2055ms @ http://localhost:3000/_next/static/chunks/1-li_next_dist_0it2jl7._.js:776
[  304856ms] [LOG] [Fast Refresh] done in 2055ms @ http://localhost:3000/_next/static/chunks/1-li_next_dist_0it2jl7._.js:776
[  304918ms] [LOG] [Fast Refresh] done in 2055ms @ http://localhost:3000/_next/static/chunks/1-li_next_dist_0it2jl7._.js:776
[  304980ms] [LOG] [Fast Refresh] done in 2055ms @ http://localhost:3000/_next/static/chunks/1-li_next_dist_0it2jl7._.js:776
[  305042ms] [LOG] [Fast Refresh] done in 2055ms @ http://localhost:3000/_next/static/chunks/1-li_next_dist_0it2jl7._.js:776
[  305104ms] [LOG] [Fast Refresh] done in 2055ms @ http://localhost:3000/_next/static/chunks/1-li_next_dist_0it2jl7._.js:776
[  305167ms] [LOG] [Fast Refresh] done in 2055ms @ http://localhost:3000/_next/static/chunks/1-li_next_dist_0it2jl7._.js:776
[  305228ms] [LOG] [Fast Refresh] done in 2055ms @ http://localhost:3000/_next/static/chunks/1-li_next_dist_0it2jl7._.js:776
[  305291ms] [LOG] [Fast Refresh] done in 2055ms @ http://localhost:3000/_next/static/chunks/1-li_next_dist_0it2jl7._.js:776
[  305352ms] [LOG] [Fast Refresh] done in 2055ms @ http://localhost:3000/_next/static/chunks/1-li_next_dist_0it2jl7._.js:776
[  305415ms] [LOG] [Fast Refresh] done in 2055ms @ http://localhost:3000/_next/static/chunks/1-li_next_dist_0it2jl7._.js:776
[  305477ms] [LOG] [Fast Refresh] done in 2055ms @ http://localhost:3000/_next/static/chunks/1-li_next_dist_0it2jl7._.js:776
[  305539ms] [LOG] [Fast Refresh] done in 2055ms @ http://localhost:3000/_next/static/chunks/1-li_next_dist_0it2jl7._.js:776
[  305601ms] [LOG] [Fast Refresh] done in 2055ms @ http://localhost:3000/_next/static/chunks/1-li_next_dist_0it2jl7._.js:776
[  305663ms] [LOG] [Fast Refresh] done in 2055ms @ http://localhost:3000/_next/static/chunks/1-li_next_dist_0it2jl7._.js:776
[  305724ms] [LOG] [Fast Refresh] done in 2055ms @ http://localhost:3000/_next/static/chunks/1-li_next_dist_0it2jl7._.js:776
[  305786ms] [LOG] [Fast Refresh] done in 2055ms @ http://localhost:3000/_next/static/chunks/1-li_next_dist_0it2jl7._.js:776
[  305848ms] [LOG] [Fast Refresh] done in 2055ms @ http://localhost:3000/_next/static/chunks/1-li_next_dist_0it2jl7._.js:776
[  305912ms] [LOG] [Fast Refresh] done in 2055ms @ http://localhost:3000/_next/static/chunks/1-li_next_dist_0it2jl7._.js:776
[  305975ms] [LOG] [Fast Refresh] done in 2055ms @ http://localhost:3000/_next/static/chunks/1-li_next_dist_0it2jl7._.js:776
[  306038ms] [LOG] [Fast Refresh] done in 2055ms @ http://localhost:3000/_next/static/chunks/1-li_next_dist_0it2jl7._.js:776
[  306099ms] [LOG] [Fast Refresh] done in 2055ms @ http://localhost:3000/_next/static/chunks/1-li_next_dist_0it2jl7._.js:776
[  306161ms] [LOG] [Fast Refresh] done in 2055ms @ http://localhost:3000/_next/static/chunks/1-li_next_dist_0it2jl7._.js:776
[  306223ms] [LOG] [Fast Refresh] done in 2055ms @ http://localhost:3000/_next/static/chunks/1-li_next_dist_0it2jl7._.js:776
[  306287ms] [LOG] [Fast Refresh] done in 2055ms @ http://localhost:3000/_next/static/chunks/1-li_next_dist_0it2jl7._.js:776
[  306349ms] [LOG] [Fast Refresh] done in 2055ms @ http://localhost:3000/_next/static/chunks/1-li_next_dist_0it2jl7._.js:776
[  306410ms] [LOG] [Fast Refresh] done in 2055ms @ http://localhost:3000/_next/static/chunks/1-li_next_dist_0it2jl7._.js:776
[  306474ms] [LOG] [Fast Refresh] done in 2055ms @ http://localhost:3000/_next/static/chunks/1-li_next_dist_0it2jl7._.js:776
[  306536ms] [LOG] [Fast Refresh] done in 2055ms @ http://localhost:3000/_next/static/chunks/1-li_next_dist_0it2jl7._.js:776
[  306599ms] [LOG] [Fast Refresh] done in 2055ms @ http://localhost:3000/_next/static/chunks/1-li_next_dist_0it2jl7._.js:776
[  306660ms] [LOG] [Fast Refresh] done in 2055ms @ http://localhost:3000/_next/static/chunks/1-li_next_dist_0it2jl7._.js:776
[  306723ms] [LOG] [Fast Refresh] done in 2055ms @ http://localhost:3000/_next/static/chunks/1-li_next_dist_0it2jl7._.js:776
[  306785ms] [LOG] [Fast Refresh] done in 2055ms @ http://localhost:3000/_next/static/chunks/1-li_next_dist_0it2jl7._.js:776
[  306847ms] [LOG] [Fast Refresh] done in 2055ms @ http://localhost:3000/_next/static/chunks/1-li_next_dist_0it2jl7._.js:776
[  306908ms] [LOG] [Fast Refresh] done in 2055ms @ http://localhost:3000/_next/static/chunks/1-li_next_dist_0it2jl7._.js:776
[  306972ms] [LOG] [Fast Refresh] done in 2055ms @ http://localhost:3000/_next/static/chunks/1-li_next_dist_0it2jl7._.js:776
[  307034ms] [LOG] [Fast Refresh] done in 2055ms @ http://localhost:3000/_next/static/chunks/1-li_next_dist_0it2jl7._.js:776
[  307094ms] [LOG] [Fast Refresh] done in 2055ms @ http://localhost:3000/_next/static/chunks/1-li_next_dist_0it2jl7._.js:776
[  307156ms] [LOG] [Fast Refresh] done in 2055ms @ http://localhost:3000/_next/static/chunks/1-li_next_dist_0it2jl7._.js:776
[  307219ms] [LOG] [Fast Refresh] done in 2055ms @ http://localhost:3000/_next/static/chunks/1-li_next_dist_0it2jl7._.js:776
[  307281ms] [LOG] [Fast Refresh] done in 2055ms @ http://localhost:3000/_next/static/chunks/1-li_next_dist_0it2jl7._.js:776
[  307342ms] [LOG] [Fast Refresh] done in 2055ms @ http://localhost:3000/_next/static/chunks/1-li_next_dist_0it2jl7._.js:776
[  307403ms] [LOG] [Fast Refresh] done in 2055ms @ http://localhost:3000/_next/static/chunks/1-li_next_dist_0it2jl7._.js:776
[  307465ms] [LOG] [Fast Refresh] done in 2055ms @ http://localhost:3000/_next/static/chunks/1-li_next_dist_0it2jl7._.js:776
[  307528ms] [LOG] [Fast Refresh] done in 2055ms @ http://localhost:3000/_next/static/chunks/1-li_next_dist_0it2jl7._.js:776
[  307590ms] [LOG] [Fast Refresh] done in 2055ms @ http://localhost:3000/_next/static/chunks/1-li_next_dist_0it2jl7._.js:776
[  307653ms] [LOG] [Fast Refresh] done in 2055ms @ http://localhost:3000/_next/static/chunks/1-li_next_dist_0it2jl7._.js:776
[  307715ms] [LOG] [Fast Refresh] done in 2055ms @ http://localhost:3000/_next/static/chunks/1-li_next_dist_0it2jl7._.js:776
[  307777ms] [LOG] [Fast Refresh] done in 2055ms @ http://localhost:3000/_next/static/chunks/1-li_next_dist_0it2jl7._.js:776
[  307838ms] [LOG] [Fast Refresh] done in 2055ms @ http://localhost:3000/_next/static/chunks/1-li_next_dist_0it2jl7._.js:776
[  307900ms] [LOG] [Fast Refresh] done in 2055ms @ http://localhost:3000/_next/static/chunks/1-li_next_dist_0it2jl7._.js:776
[  307962ms] [LOG] [Fast Refresh] done in 2055ms @ http://localhost:3000/_next/static/chunks/1-li_next_dist_0it2jl7._.js:776
[  308026ms] [LOG] [Fast Refresh] done in 2055ms @ http://localhost:3000/_next/static/chunks/1-li_next_dist_0it2jl7._.js:776
[  308088ms] [LOG] [Fast Refresh] done in 2055ms @ http://localhost:3000/_next/static/chunks/1-li_next_dist_0it2jl7._.js:776
[  308149ms] [LOG] [Fast Refresh] done in 2055ms @ http://localhost:3000/_next/static/chunks/1-li_next_dist_0it2jl7._.js:776
[  308212ms] [LOG] [Fast Refresh] done in 2055ms @ http://localhost:3000/_next/static/chunks/1-li_next_dist_0it2jl7._.js:776
[  308274ms] [LOG] [Fast Refresh] done in 2055ms @ http://localhost:3000/_next/static/chunks/1-li_next_dist_0it2jl7._.js:776
[  308336ms] [LOG] [Fast Refresh] done in 2055ms @ http://localhost:3000/_next/static/chunks/1-li_next_dist_0it2jl7._.js:776
[  308399ms] [LOG] [Fast Refresh] done in 2055ms @ http://localhost:3000/_next/static/chunks/1-li_next_dist_0it2jl7._.js:776
[  308463ms] [LOG] [Fast Refresh] done in 2055ms @ http://localhost:3000/_next/static/chunks/1-li_next_dist_0it2jl7._.js:776
[  308524ms] [LOG] [Fast Refresh] done in 2055ms @ http://localhost:3000/_next/static/chunks/1-li_next_dist_0it2jl7._.js:776
[  308586ms] [LOG] [Fast Refresh] done in 2055ms @ http://localhost:3000/_next/static/chunks/1-li_next_dist_0it2jl7._.js:776
[  308648ms] [LOG] [Fast Refresh] done in 2055ms @ http://localhost:3000/_next/static/chunks/1-li_next_dist_0it2jl7._.js:776
[  308709ms] [LOG] [Fast Refresh] done in 2055ms @ http://localhost:3000/_next/static/chunks/1-li_next_dist_0it2jl7._.js:776
[  308772ms] [LOG] [Fast Refresh] done in 2055ms @ http://localhost:3000/_next/static/chunks/1-li_next_dist_0it2jl7._.js:776
[  308833ms] [LOG] [Fast Refresh] done in 2055ms @ http://localhost:3000/_next/static/chunks/1-li_next_dist_0it2jl7._.js:776
[  308896ms] [LOG] [Fast Refresh] done in 2055ms @ http://localhost:3000/_next/static/chunks/1-li_next_dist_0it2jl7._.js:776
[  308958ms] [LOG] [Fast Refresh] done in 2055ms @ http://localhost:3000/_next/static/chunks/1-li_next_dist_0it2jl7._.js:776
[  309020ms] [LOG] [Fast Refresh] done in 2055ms @ http://localhost:3000/_next/static/chunks/1-li_next_dist_0it2jl7._.js:776
[  309082ms] [LOG] [Fast Refresh] done in 2055ms @ http://localhost:3000/_next/static/chunks/1-li_next_dist_0it2jl7._.js:776
[  309145ms] [LOG] [Fast Refresh] done in 2055ms @ http://localhost:3000/_next/static/chunks/1-li_next_dist_0it2jl7._.js:776
[  309207ms] [LOG] [Fast Refresh] done in 2055ms @ http://localhost:3000/_next/static/chunks/1-li_next_dist_0it2jl7._.js:776
[  309269ms] [LOG] [Fast Refresh] done in 2055ms @ http://localhost:3000/_next/static/chunks/1-li_next_dist_0it2jl7._.js:776
[  309334ms] [LOG] [Fast Refresh] done in 2055ms @ http://localhost:3000/_next/static/chunks/1-li_next_dist_0it2jl7._.js:776
[  309392ms] [LOG] [Fast Refresh] done in 2055ms @ http://localhost:3000/_next/static/chunks/1-li_next_dist_0it2jl7._.js:776
[  309455ms] [LOG] [Fast Refresh] done in 2055ms @ http://localhost:3000/_next/static/chunks/1-li_next_dist_0it2jl7._.js:776
[  309516ms] [LOG] [Fast Refresh] done in 2055ms @ http://localhost:3000/_next/static/chunks/1-li_next_dist_0it2jl7._.js:776
[  309577ms] [LOG] [Fast Refresh] done in 2055ms @ http://localhost:3000/_next/static/chunks/1-li_next_dist_0it2jl7._.js:776
[  309639ms] [LOG] [Fast Refresh] done in 2055ms @ http://localhost:3000/_next/static/chunks/1-li_next_dist_0it2jl7._.js:776
[  309700ms] [LOG] [Fast Refresh] done in 2055ms @ http://localhost:3000/_next/static/chunks/1-li_next_dist_0it2jl7._.js:776
[  309761ms] [LOG] [Fast Refresh] done in 2055ms @ http://localhost:3000/_next/static/chunks/1-li_next_dist_0it2jl7._.js:776
[  309823ms] [LOG] [Fast Refresh] done in 2055ms @ http://localhost:3000/_next/static/chunks/1-li_next_dist_0it2jl7._.js:776
[  309886ms] [LOG] [Fast Refresh] done in 2055ms @ http://localhost:3000/_next/static/chunks/1-li_next_dist_0it2jl7._.js:776
[  309948ms] [LOG] [Fast Refresh] done in 2055ms @ http://localhost:3000/_next/static/chunks/1-li_next_dist_0it2jl7._.js:776
[  310011ms] [LOG] [Fast Refresh] done in 2055ms @ http://localhost:3000/_next/static/chunks/1-li_next_dist_0it2jl7._.js:776
[  310071ms] [LOG] [Fast Refresh] done in 2055ms @ http://localhost:3000/_next/static/chunks/1-li_next_dist_0it2jl7._.js:776
[  310133ms] [LOG] [Fast Refresh] done in 2055ms @ http://localhost:3000/_next/static/chunks/1-li_next_dist_0it2jl7._.js:776
[  310195ms] [LOG] [Fast Refresh] done in 2055ms @ http://localhost:3000/_next/static/chunks/1-li_next_dist_0it2jl7._.js:776
[  310257ms] [LOG] [Fast Refresh] done in 2055ms @ http://localhost:3000/_next/static/chunks/1-li_next_dist_0it2jl7._.js:776
[  310318ms] [LOG] [Fast Refresh] done in 2055ms @ http://localhost:3000/_next/static/chunks/1-li_next_dist_0it2jl7._.js:776
[  310379ms] [LOG] [Fast Refresh] done in 2055ms @ http://localhost:3000/_next/static/chunks/1-li_next_dist_0it2jl7._.js:776
[  310441ms] [LOG] [Fast Refresh] done in 2055ms @ http://localhost:3000/_next/static/chunks/1-li_next_dist_0it2jl7._.js:776
[  310504ms] [LOG] [Fast Refresh] done in 2055ms @ http://localhost:3000/_next/static/chunks/1-li_next_dist_0it2jl7._.js:776
[  310566ms] [LOG] [Fast Refresh] done in 2055ms @ http://localhost:3000/_next/static/chunks/1-li_next_dist_0it2jl7._.js:776
[  310628ms] [LOG] [Fast Refresh] done in 2055ms @ http://localhost:3000/_next/static/chunks/1-li_next_dist_0it2jl7._.js:776
[  310690ms] [LOG] [Fast Refresh] done in 2055ms @ http://localhost:3000/_next/static/chunks/1-li_next_dist_0it2jl7._.js:776
[  310753ms] [LOG] [Fast Refresh] done in 2055ms @ http://localhost:3000/_next/static/chunks/1-li_next_dist_0it2jl7._.js:776
[  310814ms] [LOG] [Fast Refresh] done in 2055ms @ http://localhost:3000/_next/static/chunks/1-li_next_dist_0it2jl7._.js:776
[  310875ms] [LOG] [Fast Refresh] done in 2055ms @ http://localhost:3000/_next/static/chunks/1-li_next_dist_0it2jl7._.js:776
[  310938ms] [LOG] [Fast Refresh] done in 2055ms @ http://localhost:3000/_next/static/chunks/1-li_next_dist_0it2jl7._.js:776
[  311000ms] [LOG] [Fast Refresh] done in 2055ms @ http://localhost:3000/_next/static/chunks/1-li_next_dist_0it2jl7._.js:776
[  311062ms] [LOG] [Fast Refresh] done in 2055ms @ http://localhost:3000/_next/static/chunks/1-li_next_dist_0it2jl7._.js:776
[  311124ms] [LOG] [Fast Refresh] done in 2055ms @ http://localhost:3000/_next/static/chunks/1-li_next_dist_0it2jl7._.js:776
[  311185ms] [LOG] [Fast Refresh] done in 2055ms @ http://localhost:3000/_next/static/chunks/1-li_next_dist_0it2jl7._.js:776
[  311248ms] [LOG] [Fast Refresh] done in 2055ms @ http://localhost:3000/_next/static/chunks/1-li_next_dist_0it2jl7._.js:776
[  311311ms] [LOG] [Fast Refresh] done in 2055ms @ http://localhost:3000/_next/static/chunks/1-li_next_dist_0it2jl7._.js:776
[  311374ms] [LOG] [Fast Refresh] done in 2055ms @ http://localhost:3000/_next/static/chunks/1-li_next_dist_0it2jl7._.js:776
[  311437ms] [LOG] [Fast Refresh] done in 2055ms @ http://localhost:3000/_next/static/chunks/1-li_next_dist_0it2jl7._.js:776
[  311499ms] [LOG] [Fast Refresh] done in 2055ms @ http://localhost:3000/_next/static/chunks/1-li_next_dist_0it2jl7._.js:776
[  311559ms] [LOG] [Fast Refresh] done in 2055ms @ http://localhost:3000/_next/static/chunks/1-li_next_dist_0it2jl7._.js:776
[  311622ms] [LOG] [Fast Refresh] done in 2055ms @ http://localhost:3000/_next/static/chunks/1-li_next_dist_0it2jl7._.js:776
[  311684ms] [LOG] [Fast Refresh] done in 2055ms @ http://localhost:3000/_next/static/chunks/1-li_next_dist_0it2jl7._.js:776
[  311747ms] [LOG] [Fast Refresh] done in 2055ms @ http://localhost:3000/_next/static/chunks/1-li_next_dist_0it2jl7._.js:776
[  311809ms] [LOG] [Fast Refresh] done in 2055ms @ http://localhost:3000/_next/static/chunks/1-li_next_dist_0it2jl7._.js:776
[  311871ms] [LOG] [Fast Refresh] done in 2055ms @ http://localhost:3000/_next/static/chunks/1-li_next_dist_0it2jl7._.js:776
[  311933ms] [LOG] [Fast Refresh] done in 2055ms @ http://localhost:3000/_next/static/chunks/1-li_next_dist_0it2jl7._.js:776
[  311996ms] [LOG] [Fast Refresh] done in 2055ms @ http://localhost:3000/_next/static/chunks/1-li_next_dist_0it2jl7._.js:776
[  312057ms] [LOG] [Fast Refresh] done in 2055ms @ http://localhost:3000/_next/static/chunks/1-li_next_dist_0it2jl7._.js:776
[  312118ms] [LOG] [Fast Refresh] done in 2055ms @ http://localhost:3000/_next/static/chunks/1-li_next_dist_0it2jl7._.js:776
[  312181ms] [LOG] [Fast Refresh] done in 2055ms @ http://localhost:3000/_next/static/chunks/1-li_next_dist_0it2jl7._.js:776
[  312242ms] [LOG] [Fast Refresh] done in 2055ms @ http://localhost:3000/_next/static/chunks/1-li_next_dist_0it2jl7._.js:776
[  312306ms] [LOG] [Fast Refresh] done in 2055ms @ http://localhost:3000/_next/static/chunks/1-li_next_dist_0it2jl7._.js:776
[  312368ms] [LOG] [Fast Refresh] done in 2055ms @ http://localhost:3000/_next/static/chunks/1-li_next_dist_0it2jl7._.js:776
[  312429ms] [LOG] [Fast Refresh] done in 2055ms @ http://localhost:3000/_next/static/chunks/1-li_next_dist_0it2jl7._.js:776
[  312491ms] [LOG] [Fast Refresh] done in 2055ms @ http://localhost:3000/_next/static/chunks/1-li_next_dist_0it2jl7._.js:776
[  312554ms] [LOG] [Fast Refresh] done in 2055ms @ http://localhost:3000/_next/static/chunks/1-li_next_dist_0it2jl7._.js:776
[  312615ms] [LOG] [Fast Refresh] done in 2055ms @ http://localhost:3000/_next/static/chunks/1-li_next_dist_0it2jl7._.js:776
[  312677ms] [LOG] [Fast Refresh] done in 2055ms @ http://localhost:3000/_next/static/chunks/1-li_next_dist_0it2jl7._.js:776
[  312739ms] [LOG] [Fast Refresh] done in 2055ms @ http://localhost:3000/_next/static/chunks/1-li_next_dist_0it2jl7._.js:776
[  312803ms] [LOG] [Fast Refresh] done in 2055ms @ http://localhost:3000/_next/static/chunks/1-li_next_dist_0it2jl7._.js:776
[  312863ms] [LOG] [Fast Refresh] done in 2055ms @ http://localhost:3000/_next/static/chunks/1-li_next_dist_0it2jl7._.js:776
[  312925ms] [LOG] [Fast Refresh] done in 2055ms @ http://localhost:3000/_next/static/chunks/1-li_next_dist_0it2jl7._.js:776
[  312988ms] [LOG] [Fast Refresh] done in 2055ms @ http://localhost:3000/_next/static/chunks/1-li_next_dist_0it2jl7._.js:776
[  313050ms] [LOG] [Fast Refresh] done in 2055ms @ http://localhost:3000/_next/static/chunks/1-li_next_dist_0it2jl7._.js:776
[  313111ms] [LOG] [Fast Refresh] done in 2055ms @ http://localhost:3000/_next/static/chunks/1-li_next_dist_0it2jl7._.js:776
[  313174ms] [LOG] [Fast Refresh] done in 2055ms @ http://localhost:3000/_next/static/chunks/1-li_next_dist_0it2jl7._.js:776
[  313235ms] [LOG] [Fast Refresh] done in 2055ms @ http://localhost:3000/_next/static/chunks/1-li_next_dist_0it2jl7._.js:776
[  313296ms] [LOG] [Fast Refresh] done in 2055ms @ http://localhost:3000/_next/static/chunks/1-li_next_dist_0it2jl7._.js:776
[  313358ms] [LOG] [Fast Refresh] done in 2055ms @ http://localhost:3000/_next/static/chunks/1-li_next_dist_0it2jl7._.js:776
[  313419ms] [LOG] [Fast Refresh] done in 2055ms @ http://localhost:3000/_next/static/chunks/1-li_next_dist_0it2jl7._.js:776
[  313482ms] [LOG] [Fast Refresh] done in 2055ms @ http://localhost:3000/_next/static/chunks/1-li_next_dist_0it2jl7._.js:776
[  313543ms] [LOG] [Fast Refresh] done in 2055ms @ http://localhost:3000/_next/static/chunks/1-li_next_dist_0it2jl7._.js:776
[  313606ms] [LOG] [Fast Refresh] done in 2055ms @ http://localhost:3000/_next/static/chunks/1-li_next_dist_0it2jl7._.js:776
[  313669ms] [LOG] [Fast Refresh] done in 2055ms @ http://localhost:3000/_next/static/chunks/1-li_next_dist_0it2jl7._.js:776
[  313731ms] [LOG] [Fast Refresh] done in 2055ms @ http://localhost:3000/_next/static/chunks/1-li_next_dist_0it2jl7._.js:776
[  313792ms] [LOG] [Fast Refresh] done in 2055ms @ http://localhost:3000/_next/static/chunks/1-li_next_dist_0it2jl7._.js:776
[  313854ms] [LOG] [Fast Refresh] done in 2055ms @ http://localhost:3000/_next/static/chunks/1-li_next_dist_0it2jl7._.js:776
[  313917ms] [LOG] [Fast Refresh] done in 2055ms @ http://localhost:3000/_next/static/chunks/1-li_next_dist_0it2jl7._.js:776
[  313979ms] [LOG] [Fast Refresh] done in 2055ms @ http://localhost:3000/_next/static/chunks/1-li_next_dist_0it2jl7._.js:776
[  314041ms] [LOG] [Fast Refresh] done in 2055ms @ http://localhost:3000/_next/static/chunks/1-li_next_dist_0it2jl7._.js:776
[  314103ms] [LOG] [Fast Refresh] done in 2055ms @ http://localhost:3000/_next/static/chunks/1-li_next_dist_0it2jl7._.js:776
[  314165ms] [LOG] [Fast Refresh] done in 2055ms @ http://localhost:3000/_next/static/chunks/1-li_next_dist_0it2jl7._.js:776
[  314226ms] [LOG] [Fast Refresh] done in 2055ms @ http://localhost:3000/_next/static/chunks/1-li_next_dist_0it2jl7._.js:776
[  314286ms] [LOG] [Fast Refresh] done in 2055ms @ http://localhost:3000/_next/static/chunks/1-li_next_dist_0it2jl7._.js:776
[  314349ms] [LOG] [Fast Refresh] done in 2055ms @ http://localhost:3000/_next/static/chunks/1-li_next_dist_0it2jl7._.js:776
[  314411ms] [LOG] [Fast Refresh] done in 2055ms @ http://localhost:3000/_next/static/chunks/1-li_next_dist_0it2jl7._.js:776
[  314480ms] [LOG] [Fast Refresh] done in 2055ms @ http://localhost:3000/_next/static/chunks/1-li_next_dist_0it2jl7._.js:776
[  314566ms] [LOG] [Fast Refresh] done in 2055ms @ http://localhost:3000/_next/static/chunks/1-li_next_dist_0it2jl7._.js:776
[  314628ms] [LOG] [Fast Refresh] done in 2055ms @ http://localhost:3000/_next/static/chunks/1-li_next_dist_0it2jl7._.js:776
[  314690ms] [LOG] [Fast Refresh] done in 2055ms @ http://localhost:3000/_next/static/chunks/1-li_next_dist_0it2jl7._.js:776
[  314753ms] [LOG] [Fast Refresh] done in 2055ms @ http://localhost:3000/_next/static/chunks/1-li_next_dist_0it2jl7._.js:776
[  314814ms] [LOG] [Fast Refresh] done in 2055ms @ http://localhost:3000/_next/static/chunks/1-li_next_dist_0it2jl7._.js:776
[  314876ms] [LOG] [Fast Refresh] done in 2055ms @ http://localhost:3000/_next/static/chunks/1-li_next_dist_0it2jl7._.js:776
[  314939ms] [LOG] [Fast Refresh] done in 2055ms @ http://localhost:3000/_next/static/chunks/1-li_next_dist_0it2jl7._.js:776
[  315002ms] [LOG] [Fast Refresh] done in 2055ms @ http://localhost:3000/_next/static/chunks/1-li_next_dist_0it2jl7._.js:776
[  315066ms] [LOG] [Fast Refresh] done in 2055ms @ http://localhost:3000/_next/static/chunks/1-li_next_dist_0it2jl7._.js:776
[  315126ms] [LOG] [Fast Refresh] done in 2055ms @ http://localhost:3000/_next/static/chunks/1-li_next_dist_0it2jl7._.js:776
[  315188ms] [LOG] [Fast Refresh] done in 2055ms @ http://localhost:3000/_next/static/chunks/1-li_next_dist_0it2jl7._.js:776
[  315250ms] [LOG] [Fast Refresh] done in 2055ms @ http://localhost:3000/_next/static/chunks/1-li_next_dist_0it2jl7._.js:776
[  315311ms] [LOG] [Fast Refresh] done in 2055ms @ http://localhost:3000/_next/static/chunks/1-li_next_dist_0it2jl7._.js:776
[  315372ms] [LOG] [Fast Refresh] done in 2055ms @ http://localhost:3000/_next/static/chunks/1-li_next_dist_0it2jl7._.js:776
[  315435ms] [LOG] [Fast Refresh] done in 2055ms @ http://localhost:3000/_next/static/chunks/1-li_next_dist_0it2jl7._.js:776
[  315498ms] [LOG] [Fast Refresh] done in 2055ms @ http://localhost:3000/_next/static/chunks/1-li_next_dist_0it2jl7._.js:776
[  315562ms] [LOG] [Fast Refresh] done in 2055ms @ http://localhost:3000/_next/static/chunks/1-li_next_dist_0it2jl7._.js:776
[  315621ms] [LOG] [Fast Refresh] done in 2055ms @ http://localhost:3000/_next/static/chunks/1-li_next_dist_0it2jl7._.js:776
[  315683ms] [LOG] [Fast Refresh] done in 2055ms @ http://localhost:3000/_next/static/chunks/1-li_next_dist_0it2jl7._.js:776
[  315745ms] [LOG] [Fast Refresh] done in 2055ms @ http://localhost:3000/_next/static/chunks/1-li_next_dist_0it2jl7._.js:776
[  315808ms] [LOG] [Fast Refresh] done in 2055ms @ http://localhost:3000/_next/static/chunks/1-li_next_dist_0it2jl7._.js:776
[  315870ms] [LOG] [Fast Refresh] done in 2055ms @ http://localhost:3000/_next/static/chunks/1-li_next_dist_0it2jl7._.js:776
[  315933ms] [LOG] [Fast Refresh] done in 2055ms @ http://localhost:3000/_next/static/chunks/1-li_next_dist_0it2jl7._.js:776
[  315994ms] [LOG] [Fast Refresh] done in 2055ms @ http://localhost:3000/_next/static/chunks/1-li_next_dist_0it2jl7._.js:776
[  316057ms] [LOG] [Fast Refresh] done in 2055ms @ http://localhost:3000/_next/static/chunks/1-li_next_dist_0it2jl7._.js:776
[  316119ms] [LOG] [Fast Refresh] done in 2055ms @ http://localhost:3000/_next/static/chunks/1-li_next_dist_0it2jl7._.js:776
[  316180ms] [LOG] [Fast Refresh] done in 2055ms @ http://localhost:3000/_next/static/chunks/1-li_next_dist_0it2jl7._.js:776
[  316243ms] [LOG] [Fast Refresh] done in 2055ms @ http://localhost:3000/_next/static/chunks/1-li_next_dist_0it2jl7._.js:776
[  316305ms] [LOG] [Fast Refresh] done in 2055ms @ http://localhost:3000/_next/static/chunks/1-li_next_dist_0it2jl7._.js:776
[  316366ms] [LOG] [Fast Refresh] done in 2055ms @ http://localhost:3000/_next/static/chunks/1-li_next_dist_0it2jl7._.js:776
[  316430ms] [LOG] [Fast Refresh] done in 2055ms @ http://localhost:3000/_next/static/chunks/1-li_next_dist_0it2jl7._.js:776
[  316491ms] [LOG] [Fast Refresh] done in 2055ms @ http://localhost:3000/_next/static/chunks/1-li_next_dist_0it2jl7._.js:776
[  316552ms] [LOG] [Fast Refresh] done in 2055ms @ http://localhost:3000/_next/static/chunks/1-li_next_dist_0it2jl7._.js:776
[  316614ms] [LOG] [Fast Refresh] done in 2055ms @ http://localhost:3000/_next/static/chunks/1-li_next_dist_0it2jl7._.js:776
[  316676ms] [LOG] [Fast Refresh] done in 2055ms @ http://localhost:3000/_next/static/chunks/1-li_next_dist_0it2jl7._.js:776
[  316740ms] [LOG] [Fast Refresh] done in 2055ms @ http://localhost:3000/_next/static/chunks/1-li_next_dist_0it2jl7._.js:776
[  316802ms] [LOG] [Fast Refresh] done in 2055ms @ http://localhost:3000/_next/static/chunks/1-li_next_dist_0it2jl7._.js:776
[  316862ms] [LOG] [Fast Refresh] done in 2055ms @ http://localhost:3000/_next/static/chunks/1-li_next_dist_0it2jl7._.js:776
[  316925ms] [LOG] [Fast Refresh] done in 2055ms @ http://localhost:3000/_next/static/chunks/1-li_next_dist_0it2jl7._.js:776
[  316987ms] [LOG] [Fast Refresh] done in 2055ms @ http://localhost:3000/_next/static/chunks/1-li_next_dist_0it2jl7._.js:776
[  317049ms] [LOG] [Fast Refresh] done in 2055ms @ http://localhost:3000/_next/static/chunks/1-li_next_dist_0it2jl7._.js:776
[  317110ms] [LOG] [Fast Refresh] done in 2055ms @ http://localhost:3000/_next/static/chunks/1-li_next_dist_0it2jl7._.js:776
[  317172ms] [LOG] [Fast Refresh] done in 2055ms @ http://localhost:3000/_next/static/chunks/1-li_next_dist_0it2jl7._.js:776
[  317236ms] [LOG] [Fast Refresh] done in 2055ms @ http://localhost:3000/_next/static/chunks/1-li_next_dist_0it2jl7._.js:776
[  317296ms] [LOG] [Fast Refresh] done in 2055ms @ http://localhost:3000/_next/static/chunks/1-li_next_dist_0it2jl7._.js:776
[  317358ms] [LOG] [Fast Refresh] done in 2055ms @ http://localhost:3000/_next/static/chunks/1-li_next_dist_0it2jl7._.js:776
[  317423ms] [LOG] [Fast Refresh] done in 2055ms @ http://localhost:3000/_next/static/chunks/1-li_next_dist_0it2jl7._.js:776
[  317485ms] [LOG] [Fast Refresh] done in 2055ms @ http://localhost:3000/_next/static/chunks/1-li_next_dist_0it2jl7._.js:776
[  317548ms] [LOG] [Fast Refresh] done in 2055ms @ http://localhost:3000/_next/static/chunks/1-li_next_dist_0it2jl7._.js:776
[  317610ms] [LOG] [Fast Refresh] done in 2055ms @ http://localhost:3000/_next/static/chunks/1-li_next_dist_0it2jl7._.js:776
[  317672ms] [LOG] [Fast Refresh] done in 2055ms @ http://localhost:3000/_next/static/chunks/1-li_next_dist_0it2jl7._.js:776
[  317734ms] [LOG] [Fast Refresh] done in 2055ms @ http://localhost:3000/_next/static/chunks/1-li_next_dist_0it2jl7._.js:776
[  317797ms] [LOG] [Fast Refresh] done in 2055ms @ http://localhost:3000/_next/static/chunks/1-li_next_dist_0it2jl7._.js:776
[  317859ms] [LOG] [Fast Refresh] done in 2055ms @ http://localhost:3000/_next/static/chunks/1-li_next_dist_0it2jl7._.js:776
[  317920ms] [LOG] [Fast Refresh] done in 2055ms @ http://localhost:3000/_next/static/chunks/1-li_next_dist_0it2jl7._.js:776
[  317983ms] [LOG] [Fast Refresh] done in 2055ms @ http://localhost:3000/_next/static/chunks/1-li_next_dist_0it2jl7._.js:776
[  318045ms] [LOG] [Fast Refresh] done in 2055ms @ http://localhost:3000/_next/static/chunks/1-li_next_dist_0it2jl7._.js:776
[  318106ms] [LOG] [Fast Refresh] done in 2055ms @ http://localhost:3000/_next/static/chunks/1-li_next_dist_0it2jl7._.js:776
[  318169ms] [LOG] [Fast Refresh] done in 2055ms @ http://localhost:3000/_next/static/chunks/1-li_next_dist_0it2jl7._.js:776
[  318231ms] [LOG] [Fast Refresh] done in 2055ms @ http://localhost:3000/_next/static/chunks/1-li_next_dist_0it2jl7._.js:776
[  318293ms] [LOG] [Fast Refresh] done in 2055ms @ http://localhost:3000/_next/static/chunks/1-li_next_dist_0it2jl7._.js:776
[  318355ms] [LOG] [Fast Refresh] done in 2055ms @ http://localhost:3000/_next/static/chunks/1-li_next_dist_0it2jl7._.js:776
[  318418ms] [LOG] [Fast Refresh] done in 2055ms @ http://localhost:3000/_next/static/chunks/1-li_next_dist_0it2jl7._.js:776
[  318480ms] [LOG] [Fast Refresh] done in 2055ms @ http://localhost:3000/_next/static/chunks/1-li_next_dist_0it2jl7._.js:776
[  318543ms] [LOG] [Fast Refresh] done in 2055ms @ http://localhost:3000/_next/static/chunks/1-li_next_dist_0it2jl7._.js:776
[  318606ms] [LOG] [Fast Refresh] done in 2055ms @ http://localhost:3000/_next/static/chunks/1-li_next_dist_0it2jl7._.js:776
[  318666ms] [LOG] [Fast Refresh] done in 2055ms @ http://localhost:3000/_next/static/chunks/1-li_next_dist_0it2jl7._.js:776
[  318728ms] [LOG] [Fast Refresh] done in 2055ms @ http://localhost:3000/_next/static/chunks/1-li_next_dist_0it2jl7._.js:776
[  318791ms] [LOG] [Fast Refresh] done in 2055ms @ http://localhost:3000/_next/static/chunks/1-li_next_dist_0it2jl7._.js:776
[  318853ms] [LOG] [Fast Refresh] done in 2055ms @ http://localhost:3000/_next/static/chunks/1-li_next_dist_0it2jl7._.js:776
[  318914ms] [LOG] [Fast Refresh] done in 2055ms @ http://localhost:3000/_next/static/chunks/1-li_next_dist_0it2jl7._.js:776
[  318976ms] [LOG] [Fast Refresh] done in 2055ms @ http://localhost:3000/_next/static/chunks/1-li_next_dist_0it2jl7._.js:776
[  319038ms] [LOG] [Fast Refresh] done in 2055ms @ http://localhost:3000/_next/static/chunks/1-li_next_dist_0it2jl7._.js:776
[  319100ms] [LOG] [Fast Refresh] done in 2055ms @ http://localhost:3000/_next/static/chunks/1-li_next_dist_0it2jl7._.js:776
[  319160ms] [LOG] [Fast Refresh] done in 2055ms @ http://localhost:3000/_next/static/chunks/1-li_next_dist_0it2jl7._.js:776
[  319222ms] [LOG] [Fast Refresh] done in 2055ms @ http://localhost:3000/_next/static/chunks/1-li_next_dist_0it2jl7._.js:776
[  319283ms] [LOG] [Fast Refresh] done in 2055ms @ http://localhost:3000/_next/static/chunks/1-li_next_dist_0it2jl7._.js:776
[  319346ms] [LOG] [Fast Refresh] done in 2055ms @ http://localhost:3000/_next/static/chunks/1-li_next_dist_0it2jl7._.js:776
[  319407ms] [LOG] [Fast Refresh] done in 2055ms @ http://localhost:3000/_next/static/chunks/1-li_next_dist_0it2jl7._.js:776
[  319469ms] [LOG] [Fast Refresh] done in 2055ms @ http://localhost:3000/_next/static/chunks/1-li_next_dist_0it2jl7._.js:776
[  319532ms] [LOG] [Fast Refresh] done in 2055ms @ http://localhost:3000/_next/static/chunks/1-li_next_dist_0it2jl7._.js:776
[  319592ms] [LOG] [Fast Refresh] done in 2055ms @ http://localhost:3000/_next/static/chunks/1-li_next_dist_0it2jl7._.js:776
[  319653ms] [LOG] [Fast Refresh] done in 2055ms @ http://localhost:3000/_next/static/chunks/1-li_next_dist_0it2jl7._.js:776
[  319714ms] [LOG] [Fast Refresh] done in 2055ms @ http://localhost:3000/_next/static/chunks/1-li_next_dist_0it2jl7._.js:776
[  319777ms] [LOG] [Fast Refresh] done in 2055ms @ http://localhost:3000/_next/static/chunks/1-li_next_dist_0it2jl7._.js:776
[  319840ms] [LOG] [Fast Refresh] done in 2055ms @ http://localhost:3000/_next/static/chunks/1-li_next_dist_0it2jl7._.js:776
[  319902ms] [LOG] [Fast Refresh] done in 2055ms @ http://localhost:3000/_next/static/chunks/1-li_next_dist_0it2jl7._.js:776
[  319964ms] [LOG] [Fast Refresh] done in 2055ms @ http://localhost:3000/_next/static/chunks/1-li_next_dist_0it2jl7._.js:776
[  320027ms] [LOG] [Fast Refresh] done in 2055ms @ http://localhost:3000/_next/static/chunks/1-li_next_dist_0it2jl7._.js:776
[  320088ms] [LOG] [Fast Refresh] done in 2055ms @ http://localhost:3000/_next/static/chunks/1-li_next_dist_0it2jl7._.js:776
[  320149ms] [LOG] [Fast Refresh] done in 2055ms @ http://localhost:3000/_next/static/chunks/1-li_next_dist_0it2jl7._.js:776
[  320212ms] [LOG] [Fast Refresh] done in 2055ms @ http://localhost:3000/_next/static/chunks/1-li_next_dist_0it2jl7._.js:776
[  320275ms] [LOG] [Fast Refresh] done in 2055ms @ http://localhost:3000/_next/static/chunks/1-li_next_dist_0it2jl7._.js:776
[  320338ms] [LOG] [Fast Refresh] done in 2055ms @ http://localhost:3000/_next/static/chunks/1-li_next_dist_0it2jl7._.js:776
[  320401ms] [LOG] [Fast Refresh] done in 2055ms @ http://localhost:3000/_next/static/chunks/1-li_next_dist_0it2jl7._.js:776
[  320463ms] [LOG] [Fast Refresh] done in 2055ms @ http://localhost:3000/_next/static/chunks/1-li_next_dist_0it2jl7._.js:776
[  320524ms] [LOG] [Fast Refresh] done in 2055ms @ http://localhost:3000/_next/static/chunks/1-li_next_dist_0it2jl7._.js:776
[  320587ms] [LOG] [Fast Refresh] done in 2055ms @ http://localhost:3000/_next/static/chunks/1-li_next_dist_0it2jl7._.js:776
[  320649ms] [LOG] [Fast Refresh] done in 2055ms @ http://localhost:3000/_next/static/chunks/1-li_next_dist_0it2jl7._.js:776
[  320711ms] [LOG] [Fast Refresh] done in 2055ms @ http://localhost:3000/_next/static/chunks/1-li_next_dist_0it2jl7._.js:776
[  320773ms] [LOG] [Fast Refresh] done in 2055ms @ http://localhost:3000/_next/static/chunks/1-li_next_dist_0it2jl7._.js:776
[  320835ms] [LOG] [Fast Refresh] done in 2055ms @ http://localhost:3000/_next/static/chunks/1-li_next_dist_0it2jl7._.js:776
[  320898ms] [LOG] [Fast Refresh] done in 2055ms @ http://localhost:3000/_next/static/chunks/1-li_next_dist_0it2jl7._.js:776
[  320960ms] [LOG] [Fast Refresh] done in 2055ms @ http://localhost:3000/_next/static/chunks/1-li_next_dist_0it2jl7._.js:776
[  321023ms] [LOG] [Fast Refresh] done in 2055ms @ http://localhost:3000/_next/static/chunks/1-li_next_dist_0it2jl7._.js:776
[  321085ms] [LOG] [Fast Refresh] done in 2055ms @ http://localhost:3000/_next/static/chunks/1-li_next_dist_0it2jl7._.js:776
[  321147ms] [LOG] [Fast Refresh] done in 2055ms @ http://localhost:3000/_next/static/chunks/1-li_next_dist_0it2jl7._.js:776
[  321209ms] [LOG] [Fast Refresh] done in 2055ms @ http://localhost:3000/_next/static/chunks/1-li_next_dist_0it2jl7._.js:776
[  321269ms] [LOG] [Fast Refresh] done in 2055ms @ http://localhost:3000/_next/static/chunks/1-li_next_dist_0it2jl7._.js:776
[  321331ms] [LOG] [Fast Refresh] done in 2055ms @ http://localhost:3000/_next/static/chunks/1-li_next_dist_0it2jl7._.js:776
[  321392ms] [LOG] [Fast Refresh] done in 2055ms @ http://localhost:3000/_next/static/chunks/1-li_next_dist_0it2jl7._.js:776
[  321455ms] [LOG] [Fast Refresh] done in 2055ms @ http://localhost:3000/_next/static/chunks/1-li_next_dist_0it2jl7._.js:776
[  321568ms] [LOG] [Fast Refresh] done in 2055ms @ http://localhost:3000/_next/static/chunks/1-li_next_dist_0it2jl7._.js:776
[  321624ms] [LOG] [Fast Refresh] done in 2055ms @ http://localhost:3000/_next/static/chunks/1-li_next_dist_0it2jl7._.js:776
[  321685ms] [LOG] [Fast Refresh] done in 2055ms @ http://localhost:3000/_next/static/chunks/1-li_next_dist_0it2jl7._.js:776
[  321748ms] [LOG] [Fast Refresh] done in 2055ms @ http://localhost:3000/_next/static/chunks/1-li_next_dist_0it2jl7._.js:776
[  321841ms] [LOG] [Fast Refresh] done in 2055ms @ http://localhost:3000/_next/static/chunks/1-li_next_dist_0it2jl7._.js:776
[  335402ms] [LOG] [Fast Refresh] rebuilding @ http://localhost:3000/_next/static/chunks/1-li_next_dist_0it2jl7._.js:776
[  335436ms] [WARNING] [Fast Refresh] performing full reload

Fast Refresh will perform a full reload when you edit a file that's imported by modules outside of the React rendering tree.
You might have a file which exports a React component but also exports a value that is imported by a non-React component file.
Consider migrating the non-React component export to a separate file and importing it into both files.

It is also possible the parent component of the component you edited is a class component, which disables Fast Refresh.
Fast Refresh requires at least one parent function component in your React tree. @ chrome-extension://fmkadmapgofadopljbjfkapdkoienihi/build/installHook.js:0
[  335479ms] [LOG] [Fast Refresh] done in 455ms @ http://localhost:3000/_next/static/chunks/1-li_next_dist_0it2jl7._.js:776
[  335588ms] [LOG] [Fast Refresh] done in 455ms @ http://localhost:3000/_next/static/chunks/1-li_next_dist_0it2jl7._.js:776
[  343869ms] [LOG] [HMR] connected @ http://localhost:3000/_next/static/chunks/1-li_next_dist_0it2jl7._.js:776
[  344971ms] [LOG] [HMR] connected @ http://localhost:3000/_next/static/chunks/1-li_next_dist_0it2jl7._.js:776
[  495776ms] [LOG] [Fast Refresh] rebuilding @ http://localhost:3000/_next/static/chunks/1-li_next_dist_0it2jl7._.js:776
[  495993ms] [WARNING] [Fast Refresh] performing full reload

Fast Refresh will perform a full reload when you edit a file that's imported by modules outside of the React rendering tree.
You might have a file which exports a React component but also exports a value that is imported by a non-React component file.
Consider migrating the non-React component export to a separate file and importing it into both files.

It is also possible the parent component of the component you edited is a class component, which disables Fast Refresh.
Fast Refresh requires at least one parent function component in your React tree. @ chrome-extension://fmkadmapgofadopljbjfkapdkoienihi/build/installHook.js:0
[  496046ms] [LOG] [Fast Refresh] done in 337ms @ http://localhost:3000/_next/static/chunks/1-li_next_dist_0it2jl7._.js:776
[  496195ms] [LOG] [Fast Refresh] done in 337ms @ http://localhost:3000/_next/static/chunks/1-li_next_dist_0it2jl7._.js:776
[  496299ms] [LOG] [Fast Refresh] done in 337ms @ http://localhost:3000/_next/static/chunks/1-li_next_dist_0it2jl7._.js:776
[  502095ms] [LOG] [HMR] connected @ http://localhost:3000/_next/static/chunks/1-li_next_dist_0it2jl7._.js:776
[  505912ms] [LOG] [HMR] connected @ http://localhost:3000/_next/static/chunks/1-li_next_dist_0it2jl7._.js:776
[  518265ms] [LOG] [HMR] connected @ http://localhost:3000/_next/static/chunks/1-li_next_dist_0it2jl7._.js:776
[  549714ms] [LOG] [HMR] connected @ http://localhost:3000/_next/static/chunks/1-li_next_dist_0it2jl7._.js:776
[  568716ms] [LOG] [HMR] connected @ http://localhost:3000/_next/static/chunks/1-li_next_dist_0it2jl7._.js:776
[  589206ms] [LOG] [HMR] connected @ http://localhost:3000/_next/static/chunks/1-li_next_dist_0it2jl7._.js:776
