[     507ms] [LOG] [HMR] connected @ http://localhost:3000/_next/static/chunks/1-li_next_dist_0it2jl7._.js:776
[   18252ms] [LOG] [HMR] connected @ http://localhost:3000/_next/static/chunks/1-li_next_dist_0it2jl7._.js:776
[   38879ms] [LOG] [Fast Refresh] rebuilding @ http://localhost:3000/_next/static/chunks/1-li_next_dist_0it2jl7._.js:776
[   38952ms] [WARNING] [Fast Refresh] performing full reload

Fast Refresh will perform a full reload when you edit a file that's imported by modules outside of the React rendering tree.
You might have a file which exports a React component but also exports a value that is imported by a non-React component file.
Consider migrating the non-React component export to a separate file and importing it into both files.

It is also possible the parent component of the component you edited is a class component, which disables Fast Refresh.
Fast Refresh requires at least one parent function component in your React tree. @ chrome-extension://fmkadmapgofadopljbjfkapdkoienihi/build/installHook.js:0
[   38967ms] [LOG] [Fast Refresh] done in 435ms @ http://localhost:3000/_next/static/chunks/1-li_next_dist_0it2jl7._.js:776
[   39095ms] [LOG] [Fast Refresh] done in 435ms @ http://localhost:3000/_next/static/chunks/1-li_next_dist_0it2jl7._.js:776
[   41948ms] [LOG] [HMR] connected @ http://localhost:3000/_next/static/chunks/1-li_next_dist_0it2jl7._.js:776
[   47881ms] [LOG] [Fast Refresh] rebuilding @ http://localhost:3000/_next/static/chunks/1-li_next_dist_0it2jl7._.js:776
[   47952ms] [WARNING] [Fast Refresh] performing full reload

Fast Refresh will perform a full reload when you edit a file that's imported by modules outside of the React rendering tree.
You might have a file which exports a React component but also exports a value that is imported by a non-React component file.
Consider migrating the non-React component export to a separate file and importing it into both files.

It is also possible the parent component of the component you edited is a class component, which disables Fast Refresh.
Fast Refresh requires at least one parent function component in your React tree. @ chrome-extension://fmkadmapgofadopljbjfkapdkoienihi/build/installHook.js:0
[   47962ms] [LOG] [Fast Refresh] done in 369ms @ http://localhost:3000/_next/static/chunks/1-li_next_dist_0it2jl7._.js:776
[   48082ms] [LOG] [Fast Refresh] done in 369ms @ http://localhost:3000/_next/static/chunks/1-li_next_dist_0it2jl7._.js:776
[   50848ms] [LOG] [HMR] connected @ http://localhost:3000/_next/static/chunks/1-li_next_dist_0it2jl7._.js:776
[   56664ms] [LOG] [HMR] connected @ http://localhost:3000/_next/static/chunks/1-li_next_dist_0it2jl7._.js:776
[  202960ms] [LOG] [Fast Refresh] rebuilding @ http://localhost:3000/_next/static/chunks/1-li_next_dist_0it2jl7._.js:776
[  203234ms] [WARNING] [Fast Refresh] performing full reload

Fast Refresh will perform a full reload when you edit a file that's imported by modules outside of the React rendering tree.
You might have a file which exports a React component but also exports a value that is imported by a non-React component file.
Consider migrating the non-React component export to a separate file and importing it into both files.

It is also possible the parent component of the component you edited is a class component, which disables Fast Refresh.
Fast Refresh requires at least one parent function component in your React tree. @ chrome-extension://fmkadmapgofadopljbjfkapdkoienihi/build/installHook.js:0
[  203272ms] [LOG] [Fast Refresh] done in 537ms @ http://localhost:3000/_next/static/chunks/1-li_next_dist_0it2jl7._.js:776
[  203272ms] [LOG] [Fast Refresh] done in 537ms @ http://localhost:3000/_next/static/chunks/1-li_next_dist_0it2jl7._.js:776
[  203643ms] [LOG] [Fast Refresh] done in 537ms @ http://localhost:3000/_next/static/chunks/1-li_next_dist_0it2jl7._.js:776
[  203645ms] [LOG] [Fast Refresh] done in 537ms @ http://localhost:3000/_next/static/chunks/1-li_next_dist_0it2jl7._.js:776
[  203646ms] [LOG] [Fast Refresh] done in 537ms @ http://localhost:3000/_next/static/chunks/1-li_next_dist_0it2jl7._.js:776
[  203717ms] [LOG] [Fast Refresh] done in 537ms @ http://localhost:3000/_next/static/chunks/1-li_next_dist_0it2jl7._.js:776
[  203789ms] [LOG] [Fast Refresh] done in 537ms @ http://localhost:3000/_next/static/chunks/1-li_next_dist_0it2jl7._.js:776
[  206295ms] [LOG] [HMR] connected @ http://localhost:3000/_next/static/chunks/1-li_next_dist_0it2jl7._.js:776
[  222303ms] [LOG] [Fast Refresh] rebuilding @ http://localhost:3000/_next/static/chunks/1-li_next_dist_0it2jl7._.js:776
[  222404ms] [LOG] [Fast Refresh] done in 355ms @ http://localhost:3000/_next/static/chunks/1-li_next_dist_0it2jl7._.js:776
[  223048ms] [LOG] [Fast Refresh] rebuilding @ http://localhost:3000/_next/static/chunks/1-li_next_dist_0it2jl7._.js:776
[  223777ms] [LOG] [Fast Refresh] done in 1219ms @ http://localhost:3000/_next/static/chunks/1-li_next_dist_0it2jl7._.js:776
[  223777ms] [LOG] [Fast Refresh] done in 1219ms @ http://localhost:3000/_next/static/chunks/1-li_next_dist_0it2jl7._.js:776
[  237041ms] [LOG] [Fast Refresh] rebuilding @ http://localhost:3000/_next/static/chunks/1-li_next_dist_0it2jl7._.js:776
[  237291ms] [LOG] [Fast Refresh] done in 320ms @ http://localhost:3000/_next/static/chunks/1-li_next_dist_0it2jl7._.js:776
[  250624ms] [LOG] [Fast Refresh] rebuilding @ http://localhost:3000/_next/static/chunks/1-li_next_dist_0it2jl7._.js:776
[  250691ms] [LOG] [Fast Refresh] done in 322ms @ http://localhost:3000/_next/static/chunks/1-li_next_dist_0it2jl7._.js:776
[  253551ms] [LOG] [Fast Refresh] rebuilding @ http://localhost:3000/_next/static/chunks/1-li_next_dist_0it2jl7._.js:776
[  253791ms] [LOG] [Fast Refresh] done in 148ms @ http://localhost:3000/_next/static/chunks/1-li_next_dist_0it2jl7._.js:776
[  253791ms] [LOG] [Fast Refresh] done in 148ms @ http://localhost:3000/_next/static/chunks/1-li_next_dist_0it2jl7._.js:776
[  253935ms] [LOG] [Fast Refresh] done in 148ms @ http://localhost:3000/_next/static/chunks/1-li_next_dist_0it2jl7._.js:776
[  254002ms] [LOG] [Fast Refresh] done in 148ms @ http://localhost:3000/_next/static/chunks/1-li_next_dist_0it2jl7._.js:776
[  254065ms] [LOG] [Fast Refresh] done in 148ms @ http://localhost:3000/_next/static/chunks/1-li_next_dist_0it2jl7._.js:776
[  254137ms] [LOG] [Fast Refresh] done in 148ms @ http://localhost:3000/_next/static/chunks/1-li_next_dist_0it2jl7._.js:776
[  254205ms] [LOG] [Fast Refresh] done in 148ms @ http://localhost:3000/_next/static/chunks/1-li_next_dist_0it2jl7._.js:776
[  254268ms] [LOG] [Fast Refresh] done in 148ms @ http://localhost:3000/_next/static/chunks/1-li_next_dist_0it2jl7._.js:776
[  254338ms] [LOG] [Fast Refresh] done in 148ms @ http://localhost:3000/_next/static/chunks/1-li_next_dist_0it2jl7._.js:776
[  254413ms] [LOG] [Fast Refresh] done in 148ms @ http://localhost:3000/_next/static/chunks/1-li_next_dist_0it2jl7._.js:776
[  254474ms] [LOG] [Fast Refresh] done in 148ms @ http://localhost:3000/_next/static/chunks/1-li_next_dist_0it2jl7._.js:776
[  254550ms] [LOG] [Fast Refresh] done in 148ms @ http://localhost:3000/_next/static/chunks/1-li_next_dist_0it2jl7._.js:776
[  254660ms] [LOG] [Fast Refresh] done in 148ms @ http://localhost:3000/_next/static/chunks/1-li_next_dist_0it2jl7._.js:776
[  254732ms] [LOG] [Fast Refresh] done in 148ms @ http://localhost:3000/_next/static/chunks/1-li_next_dist_0it2jl7._.js:776
[  254806ms] [LOG] [Fast Refresh] done in 148ms @ http://localhost:3000/_next/static/chunks/1-li_next_dist_0it2jl7._.js:776
[  254872ms] [LOG] [Fast Refresh] done in 148ms @ http://localhost:3000/_next/static/chunks/1-li_next_dist_0it2jl7._.js:776
[  254931ms] [LOG] [Fast Refresh] done in 148ms @ http://localhost:3000/_next/static/chunks/1-li_next_dist_0it2jl7._.js:776
[  254993ms] [LOG] [Fast Refresh] done in 148ms @ http://localhost:3000/_next/static/chunks/1-li_next_dist_0it2jl7._.js:776
[  255053ms] [LOG] [Fast Refresh] done in 148ms @ http://localhost:3000/_next/static/chunks/1-li_next_dist_0it2jl7._.js:776
[  255116ms] [LOG] [Fast Refresh] done in 148ms @ http://localhost:3000/_next/static/chunks/1-li_next_dist_0it2jl7._.js:776
[  255176ms] [LOG] [Fast Refresh] done in 148ms @ http://localhost:3000/_next/static/chunks/1-li_next_dist_0it2jl7._.js:776
[  255238ms] [LOG] [Fast Refresh] done in 148ms @ http://localhost:3000/_next/static/chunks/1-li_next_dist_0it2jl7._.js:776
[  255301ms] [LOG] [Fast Refresh] done in 148ms @ http://localhost:3000/_next/static/chunks/1-li_next_dist_0it2jl7._.js:776
[  255361ms] [LOG] [Fast Refresh] done in 148ms @ http://localhost:3000/_next/static/chunks/1-li_next_dist_0it2jl7._.js:776
[  255422ms] [LOG] [Fast Refresh] done in 148ms @ http://localhost:3000/_next/static/chunks/1-li_next_dist_0it2jl7._.js:776
[  255483ms] [LOG] [Fast Refresh] done in 148ms @ http://localhost:3000/_next/static/chunks/1-li_next_dist_0it2jl7._.js:776
[  255544ms] [LOG] [Fast Refresh] done in 148ms @ http://localhost:3000/_next/static/chunks/1-li_next_dist_0it2jl7._.js:776
[  255607ms] [LOG] [Fast Refresh] done in 148ms @ http://localhost:3000/_next/static/chunks/1-li_next_dist_0it2jl7._.js:776
[  255668ms] [LOG] [Fast Refresh] done in 148ms @ http://localhost:3000/_next/static/chunks/1-li_next_dist_0it2jl7._.js:776
[  255731ms] [LOG] [Fast Refresh] done in 148ms @ http://localhost:3000/_next/static/chunks/1-li_next_dist_0it2jl7._.js:776
[  255791ms] [LOG] [Fast Refresh] done in 148ms @ http://localhost:3000/_next/static/chunks/1-li_next_dist_0it2jl7._.js:776
[  255855ms] [LOG] [Fast Refresh] done in 148ms @ http://localhost:3000/_next/static/chunks/1-li_next_dist_0it2jl7._.js:776
[  255917ms] [LOG] [Fast Refresh] done in 148ms @ http://localhost:3000/_next/static/chunks/1-li_next_dist_0it2jl7._.js:776
[  255979ms] [LOG] [Fast Refresh] done in 148ms @ http://localhost:3000/_next/static/chunks/1-li_next_dist_0it2jl7._.js:776
[  256040ms] [LOG] [Fast Refresh] done in 148ms @ http://localhost:3000/_next/static/chunks/1-li_next_dist_0it2jl7._.js:776
[  256102ms] [LOG] [Fast Refresh] done in 148ms @ http://localhost:3000/_next/static/chunks/1-li_next_dist_0it2jl7._.js:776
[  256163ms] [LOG] [Fast Refresh] done in 148ms @ http://localhost:3000/_next/static/chunks/1-li_next_dist_0it2jl7._.js:776
[  256227ms] [LOG] [Fast Refresh] done in 148ms @ http://localhost:3000/_next/static/chunks/1-li_next_dist_0it2jl7._.js:776
[  256287ms] [LOG] [Fast Refresh] done in 148ms @ http://localhost:3000/_next/static/chunks/1-li_next_dist_0it2jl7._.js:776
[  256349ms] [LOG] [Fast Refresh] done in 148ms @ http://localhost:3000/_next/static/chunks/1-li_next_dist_0it2jl7._.js:776
[  256412ms] [LOG] [Fast Refresh] done in 148ms @ http://localhost:3000/_next/static/chunks/1-li_next_dist_0it2jl7._.js:776
[  256473ms] [LOG] [Fast Refresh] done in 148ms @ http://localhost:3000/_next/static/chunks/1-li_next_dist_0it2jl7._.js:776
[  256535ms] [LOG] [Fast Refresh] done in 148ms @ http://localhost:3000/_next/static/chunks/1-li_next_dist_0it2jl7._.js:776
[  256598ms] [LOG] [Fast Refresh] done in 148ms @ http://localhost:3000/_next/static/chunks/1-li_next_dist_0it2jl7._.js:776
[  256653ms] [LOG] [Fast Refresh] done in 148ms @ http://localhost:3000/_next/static/chunks/1-li_next_dist_0it2jl7._.js:776
[  256907ms] [LOG] [Fast Refresh] rebuilding @ http://localhost:3000/_next/static/chunks/1-li_next_dist_0it2jl7._.js:776
[  256964ms] [LOG] [Fast Refresh] done in 142ms @ http://localhost:3000/_next/static/chunks/1-li_next_dist_0it2jl7._.js:776
[  257150ms] [LOG] [Fast Refresh] done in 142ms @ http://localhost:3000/_next/static/chunks/1-li_next_dist_0it2jl7._.js:776
[  257282ms] [LOG] [Fast Refresh] done in 142ms @ http://localhost:3000/_next/static/chunks/1-li_next_dist_0it2jl7._.js:776
[  257354ms] [LOG] [Fast Refresh] done in 142ms @ http://localhost:3000/_next/static/chunks/1-li_next_dist_0it2jl7._.js:776
[  257423ms] [LOG] [Fast Refresh] done in 142ms @ http://localhost:3000/_next/static/chunks/1-li_next_dist_0it2jl7._.js:776
[  257487ms] [LOG] [Fast Refresh] done in 142ms @ http://localhost:3000/_next/static/chunks/1-li_next_dist_0it2jl7._.js:776
[  257547ms] [LOG] [Fast Refresh] done in 142ms @ http://localhost:3000/_next/static/chunks/1-li_next_dist_0it2jl7._.js:776
[  257608ms] [LOG] [Fast Refresh] done in 142ms @ http://localhost:3000/_next/static/chunks/1-li_next_dist_0it2jl7._.js:776
[  257667ms] [LOG] [Fast Refresh] done in 142ms @ http://localhost:3000/_next/static/chunks/1-li_next_dist_0it2jl7._.js:776
[  257729ms] [LOG] [Fast Refresh] done in 142ms @ http://localhost:3000/_next/static/chunks/1-li_next_dist_0it2jl7._.js:776
[  257787ms] [LOG] [Fast Refresh] done in 142ms @ http://localhost:3000/_next/static/chunks/1-li_next_dist_0it2jl7._.js:776
[  257873ms] [LOG] [Fast Refresh] done in 142ms @ http://localhost:3000/_next/static/chunks/1-li_next_dist_0it2jl7._.js:776
[  257945ms] [LOG] [Fast Refresh] done in 142ms @ http://localhost:3000/_next/static/chunks/1-li_next_dist_0it2jl7._.js:776
[  258007ms] [LOG] [Fast Refresh] done in 142ms @ http://localhost:3000/_next/static/chunks/1-li_next_dist_0it2jl7._.js:776
[  258064ms] [LOG] [Fast Refresh] done in 142ms @ http://localhost:3000/_next/static/chunks/1-li_next_dist_0it2jl7._.js:776
[  258127ms] [LOG] [Fast Refresh] done in 142ms @ http://localhost:3000/_next/static/chunks/1-li_next_dist_0it2jl7._.js:776
[  258188ms] [LOG] [Fast Refresh] done in 142ms @ http://localhost:3000/_next/static/chunks/1-li_next_dist_0it2jl7._.js:776
[  258250ms] [LOG] [Fast Refresh] done in 142ms @ http://localhost:3000/_next/static/chunks/1-li_next_dist_0it2jl7._.js:776
[  258312ms] [LOG] [Fast Refresh] done in 142ms @ http://localhost:3000/_next/static/chunks/1-li_next_dist_0it2jl7._.js:776
[  258374ms] [LOG] [Fast Refresh] done in 142ms @ http://localhost:3000/_next/static/chunks/1-li_next_dist_0it2jl7._.js:776
[  258438ms] [LOG] [Fast Refresh] done in 142ms @ http://localhost:3000/_next/static/chunks/1-li_next_dist_0it2jl7._.js:776
[  258499ms] [LOG] [Fast Refresh] done in 142ms @ http://localhost:3000/_next/static/chunks/1-li_next_dist_0it2jl7._.js:776
[  258563ms] [LOG] [Fast Refresh] done in 142ms @ http://localhost:3000/_next/static/chunks/1-li_next_dist_0it2jl7._.js:776
[  258625ms] [LOG] [Fast Refresh] done in 142ms @ http://localhost:3000/_next/static/chunks/1-li_next_dist_0it2jl7._.js:776
[  258687ms] [LOG] [Fast Refresh] done in 142ms @ http://localhost:3000/_next/static/chunks/1-li_next_dist_0it2jl7._.js:776
[  258750ms] [LOG] [Fast Refresh] done in 142ms @ http://localhost:3000/_next/static/chunks/1-li_next_dist_0it2jl7._.js:776
[  258811ms] [LOG] [Fast Refresh] done in 142ms @ http://localhost:3000/_next/static/chunks/1-li_next_dist_0it2jl7._.js:776
[  258872ms] [LOG] [Fast Refresh] done in 142ms @ http://localhost:3000/_next/static/chunks/1-li_next_dist_0it2jl7._.js:776
[  258935ms] [LOG] [Fast Refresh] done in 142ms @ http://localhost:3000/_next/static/chunks/1-li_next_dist_0it2jl7._.js:776
[  258997ms] [LOG] [Fast Refresh] done in 142ms @ http://localhost:3000/_next/static/chunks/1-li_next_dist_0it2jl7._.js:776
[  259059ms] [LOG] [Fast Refresh] done in 142ms @ http://localhost:3000/_next/static/chunks/1-li_next_dist_0it2jl7._.js:776
[  259121ms] [LOG] [Fast Refresh] done in 142ms @ http://localhost:3000/_next/static/chunks/1-li_next_dist_0it2jl7._.js:776
[  259181ms] [LOG] [Fast Refresh] done in 142ms @ http://localhost:3000/_next/static/chunks/1-li_next_dist_0it2jl7._.js:776
[  259244ms] [LOG] [Fast Refresh] done in 142ms @ http://localhost:3000/_next/static/chunks/1-li_next_dist_0it2jl7._.js:776
[  259305ms] [LOG] [Fast Refresh] done in 142ms @ http://localhost:3000/_next/static/chunks/1-li_next_dist_0it2jl7._.js:776
[  259367ms] [LOG] [Fast Refresh] done in 142ms @ http://localhost:3000/_next/static/chunks/1-li_next_dist_0it2jl7._.js:776
[  259430ms] [LOG] [Fast Refresh] done in 142ms @ http://localhost:3000/_next/static/chunks/1-li_next_dist_0it2jl7._.js:776
[  259492ms] [LOG] [Fast Refresh] done in 142ms @ http://localhost:3000/_next/static/chunks/1-li_next_dist_0it2jl7._.js:776
[  259554ms] [LOG] [Fast Refresh] done in 142ms @ http://localhost:3000/_next/static/chunks/1-li_next_dist_0it2jl7._.js:776
[  259616ms] [LOG] [Fast Refresh] done in 142ms @ http://localhost:3000/_next/static/chunks/1-li_next_dist_0it2jl7._.js:776
[  259678ms] [LOG] [Fast Refresh] done in 142ms @ http://localhost:3000/_next/static/chunks/1-li_next_dist_0it2jl7._.js:776
[  259739ms] [LOG] [Fast Refresh] done in 142ms @ http://localhost:3000/_next/static/chunks/1-li_next_dist_0it2jl7._.js:776
[  259803ms] [LOG] [Fast Refresh] done in 142ms @ http://localhost:3000/_next/static/chunks/1-li_next_dist_0it2jl7._.js:776
[  259865ms] [LOG] [Fast Refresh] done in 142ms @ http://localhost:3000/_next/static/chunks/1-li_next_dist_0it2jl7._.js:776
[  259926ms] [LOG] [Fast Refresh] done in 142ms @ http://localhost:3000/_next/static/chunks/1-li_next_dist_0it2jl7._.js:776
[  259988ms] [LOG] [Fast Refresh] done in 142ms @ http://localhost:3000/_next/static/chunks/1-li_next_dist_0it2jl7._.js:776
[  260051ms] [LOG] [Fast Refresh] done in 142ms @ http://localhost:3000/_next/static/chunks/1-li_next_dist_0it2jl7._.js:776
[  260112ms] [LOG] [Fast Refresh] done in 142ms @ http://localhost:3000/_next/static/chunks/1-li_next_dist_0it2jl7._.js:776
[  260175ms] [LOG] [Fast Refresh] done in 142ms @ http://localhost:3000/_next/static/chunks/1-li_next_dist_0it2jl7._.js:776
[  260237ms] [LOG] [Fast Refresh] done in 142ms @ http://localhost:3000/_next/static/chunks/1-li_next_dist_0it2jl7._.js:776
[  260299ms] [LOG] [Fast Refresh] done in 142ms @ http://localhost:3000/_next/static/chunks/1-li_next_dist_0it2jl7._.js:776
[  260364ms] [LOG] [Fast Refresh] done in 142ms @ http://localhost:3000/_next/static/chunks/1-li_next_dist_0it2jl7._.js:776
[  260425ms] [LOG] [Fast Refresh] done in 142ms @ http://localhost:3000/_next/static/chunks/1-li_next_dist_0it2jl7._.js:776
[  260485ms] [LOG] [Fast Refresh] done in 142ms @ http://localhost:3000/_next/static/chunks/1-li_next_dist_0it2jl7._.js:776
[  260547ms] [LOG] [Fast Refresh] done in 142ms @ http://localhost:3000/_next/static/chunks/1-li_next_dist_0it2jl7._.js:776
[  260608ms] [LOG] [Fast Refresh] done in 142ms @ http://localhost:3000/_next/static/chunks/1-li_next_dist_0it2jl7._.js:776
[  260671ms] [LOG] [Fast Refresh] done in 142ms @ http://localhost:3000/_next/static/chunks/1-li_next_dist_0it2jl7._.js:776
[  260732ms] [LOG] [Fast Refresh] done in 142ms @ http://localhost:3000/_next/static/chunks/1-li_next_dist_0it2jl7._.js:776
[  260794ms] [LOG] [Fast Refresh] done in 142ms @ http://localhost:3000/_next/static/chunks/1-li_next_dist_0it2jl7._.js:776
[  260858ms] [LOG] [Fast Refresh] done in 142ms @ http://localhost:3000/_next/static/chunks/1-li_next_dist_0it2jl7._.js:776
[  260920ms] [LOG] [Fast Refresh] done in 142ms @ http://localhost:3000/_next/static/chunks/1-li_next_dist_0it2jl7._.js:776
[  260982ms] [LOG] [Fast Refresh] done in 142ms @ http://localhost:3000/_next/static/chunks/1-li_next_dist_0it2jl7._.js:776
[  261046ms] [LOG] [Fast Refresh] done in 142ms @ http://localhost:3000/_next/static/chunks/1-li_next_dist_0it2jl7._.js:776
[  261105ms] [LOG] [Fast Refresh] done in 142ms @ http://localhost:3000/_next/static/chunks/1-li_next_dist_0it2jl7._.js:776
[  261167ms] [LOG] [Fast Refresh] done in 142ms @ http://localhost:3000/_next/static/chunks/1-li_next_dist_0it2jl7._.js:776
[  261229ms] [LOG] [Fast Refresh] done in 142ms @ http://localhost:3000/_next/static/chunks/1-li_next_dist_0it2jl7._.js:776
[  261289ms] [LOG] [Fast Refresh] done in 142ms @ http://localhost:3000/_next/static/chunks/1-li_next_dist_0it2jl7._.js:776
[  261353ms] [LOG] [Fast Refresh] done in 142ms @ http://localhost:3000/_next/static/chunks/1-li_next_dist_0it2jl7._.js:776
[  261412ms] [LOG] [Fast Refresh] done in 142ms @ http://localhost:3000/_next/static/chunks/1-li_next_dist_0it2jl7._.js:776
[  261475ms] [LOG] [Fast Refresh] done in 142ms @ http://localhost:3000/_next/static/chunks/1-li_next_dist_0it2jl7._.js:776
[  261535ms] [LOG] [Fast Refresh] done in 142ms @ http://localhost:3000/_next/static/chunks/1-li_next_dist_0it2jl7._.js:776
[  261597ms] [LOG] [Fast Refresh] done in 142ms @ http://localhost:3000/_next/static/chunks/1-li_next_dist_0it2jl7._.js:776
[  261662ms] [LOG] [Fast Refresh] done in 142ms @ http://localhost:3000/_next/static/chunks/1-li_next_dist_0it2jl7._.js:776
[  261722ms] [LOG] [Fast Refresh] done in 142ms @ http://localhost:3000/_next/static/chunks/1-li_next_dist_0it2jl7._.js:776
[  261786ms] [LOG] [Fast Refresh] done in 142ms @ http://localhost:3000/_next/static/chunks/1-li_next_dist_0it2jl7._.js:776
[  261848ms] [LOG] [Fast Refresh] done in 142ms @ http://localhost:3000/_next/static/chunks/1-li_next_dist_0it2jl7._.js:776
[  261909ms] [LOG] [Fast Refresh] done in 142ms @ http://localhost:3000/_next/static/chunks/1-li_next_dist_0it2jl7._.js:776
[  261972ms] [LOG] [Fast Refresh] done in 142ms @ http://localhost:3000/_next/static/chunks/1-li_next_dist_0it2jl7._.js:776
[  262033ms] [LOG] [Fast Refresh] done in 142ms @ http://localhost:3000/_next/static/chunks/1-li_next_dist_0it2jl7._.js:776
[  262095ms] [LOG] [Fast Refresh] done in 142ms @ http://localhost:3000/_next/static/chunks/1-li_next_dist_0it2jl7._.js:776
[  262155ms] [LOG] [Fast Refresh] done in 142ms @ http://localhost:3000/_next/static/chunks/1-li_next_dist_0it2jl7._.js:776
[  262217ms] [LOG] [Fast Refresh] done in 142ms @ http://localhost:3000/_next/static/chunks/1-li_next_dist_0it2jl7._.js:776
[  262279ms] [LOG] [Fast Refresh] done in 142ms @ http://localhost:3000/_next/static/chunks/1-li_next_dist_0it2jl7._.js:776
[  262342ms] [LOG] [Fast Refresh] done in 142ms @ http://localhost:3000/_next/static/chunks/1-li_next_dist_0it2jl7._.js:776
[  262405ms] [LOG] [Fast Refresh] done in 142ms @ http://localhost:3000/_next/static/chunks/1-li_next_dist_0it2jl7._.js:776
[  262468ms] [LOG] [Fast Refresh] done in 142ms @ http://localhost:3000/_next/static/chunks/1-li_next_dist_0it2jl7._.js:776
[  262529ms] [LOG] [Fast Refresh] done in 142ms @ http://localhost:3000/_next/static/chunks/1-li_next_dist_0it2jl7._.js:776
[  262593ms] [LOG] [Fast Refresh] done in 142ms @ http://localhost:3000/_next/static/chunks/1-li_next_dist_0it2jl7._.js:776
[  262656ms] [LOG] [Fast Refresh] done in 142ms @ http://localhost:3000/_next/static/chunks/1-li_next_dist_0it2jl7._.js:776
[  262716ms] [LOG] [Fast Refresh] done in 142ms @ http://localhost:3000/_next/static/chunks/1-li_next_dist_0it2jl7._.js:776
[  262778ms] [LOG] [Fast Refresh] done in 142ms @ http://localhost:3000/_next/static/chunks/1-li_next_dist_0it2jl7._.js:776
[  262840ms] [LOG] [Fast Refresh] done in 142ms @ http://localhost:3000/_next/static/chunks/1-li_next_dist_0it2jl7._.js:776
[  262903ms] [LOG] [Fast Refresh] done in 142ms @ http://localhost:3000/_next/static/chunks/1-li_next_dist_0it2jl7._.js:776
[  262965ms] [LOG] [Fast Refresh] done in 142ms @ http://localhost:3000/_next/static/chunks/1-li_next_dist_0it2jl7._.js:776
[  263028ms] [LOG] [Fast Refresh] done in 142ms @ http://localhost:3000/_next/static/chunks/1-li_next_dist_0it2jl7._.js:776
[  263092ms] [LOG] [Fast Refresh] done in 142ms @ http://localhost:3000/_next/static/chunks/1-li_next_dist_0it2jl7._.js:776
[  263154ms] [LOG] [Fast Refresh] done in 142ms @ http://localhost:3000/_next/static/chunks/1-li_next_dist_0it2jl7._.js:776
[  263215ms] [LOG] [Fast Refresh] done in 142ms @ http://localhost:3000/_next/static/chunks/1-li_next_dist_0it2jl7._.js:776
[  263278ms] [LOG] [Fast Refresh] done in 142ms @ http://localhost:3000/_next/static/chunks/1-li_next_dist_0it2jl7._.js:776
[  263340ms] [LOG] [Fast Refresh] done in 142ms @ http://localhost:3000/_next/static/chunks/1-li_next_dist_0it2jl7._.js:776
[  263401ms] [LOG] [Fast Refresh] done in 142ms @ http://localhost:3000/_next/static/chunks/1-li_next_dist_0it2jl7._.js:776
[  263464ms] [LOG] [Fast Refresh] done in 142ms @ http://localhost:3000/_next/static/chunks/1-li_next_dist_0it2jl7._.js:776
[  263529ms] [LOG] [Fast Refresh] done in 142ms @ http://localhost:3000/_next/static/chunks/1-li_next_dist_0it2jl7._.js:776
[  263590ms] [LOG] [Fast Refresh] done in 142ms @ http://localhost:3000/_next/static/chunks/1-li_next_dist_0it2jl7._.js:776
[  263651ms] [LOG] [Fast Refresh] done in 142ms @ http://localhost:3000/_next/static/chunks/1-li_next_dist_0it2jl7._.js:776
[  263713ms] [LOG] [Fast Refresh] done in 142ms @ http://localhost:3000/_next/static/chunks/1-li_next_dist_0it2jl7._.js:776
[  263775ms] [LOG] [Fast Refresh] done in 142ms @ http://localhost:3000/_next/static/chunks/1-li_next_dist_0it2jl7._.js:776
[  263837ms] [LOG] [Fast Refresh] done in 142ms @ http://localhost:3000/_next/static/chunks/1-li_next_dist_0it2jl7._.js:776
[  263899ms] [LOG] [Fast Refresh] done in 142ms @ http://localhost:3000/_next/static/chunks/1-li_next_dist_0it2jl7._.js:776
[  263961ms] [LOG] [Fast Refresh] done in 142ms @ http://localhost:3000/_next/static/chunks/1-li_next_dist_0it2jl7._.js:776
[  264023ms] [LOG] [Fast Refresh] done in 142ms @ http://localhost:3000/_next/static/chunks/1-li_next_dist_0it2jl7._.js:776
[  264088ms] [LOG] [Fast Refresh] done in 142ms @ http://localhost:3000/_next/static/chunks/1-li_next_dist_0it2jl7._.js:776
[  264149ms] [LOG] [Fast Refresh] done in 142ms @ http://localhost:3000/_next/static/chunks/1-li_next_dist_0it2jl7._.js:776
[  264211ms] [LOG] [Fast Refresh] done in 142ms @ http://localhost:3000/_next/static/chunks/1-li_next_dist_0it2jl7._.js:776
[  264273ms] [LOG] [Fast Refresh] done in 142ms @ http://localhost:3000/_next/static/chunks/1-li_next_dist_0it2jl7._.js:776
[  264334ms] [LOG] [Fast Refresh] done in 142ms @ http://localhost:3000/_next/static/chunks/1-li_next_dist_0it2jl7._.js:776
[  264396ms] [LOG] [Fast Refresh] done in 142ms @ http://localhost:3000/_next/static/chunks/1-li_next_dist_0it2jl7._.js:776
[  264459ms] [LOG] [Fast Refresh] done in 142ms @ http://localhost:3000/_next/static/chunks/1-li_next_dist_0it2jl7._.js:776
[  264522ms] [LOG] [Fast Refresh] done in 142ms @ http://localhost:3000/_next/static/chunks/1-li_next_dist_0it2jl7._.js:776
[  264583ms] [LOG] [Fast Refresh] done in 142ms @ http://localhost:3000/_next/static/chunks/1-li_next_dist_0it2jl7._.js:776
[  264648ms] [LOG] [Fast Refresh] done in 142ms @ http://localhost:3000/_next/static/chunks/1-li_next_dist_0it2jl7._.js:776
[  264709ms] [LOG] [Fast Refresh] done in 142ms @ http://localhost:3000/_next/static/chunks/1-li_next_dist_0it2jl7._.js:776
[  264769ms] [LOG] [Fast Refresh] done in 142ms @ http://localhost:3000/_next/static/chunks/1-li_next_dist_0it2jl7._.js:776
[  264832ms] [LOG] [Fast Refresh] done in 142ms @ http://localhost:3000/_next/static/chunks/1-li_next_dist_0it2jl7._.js:776
[  264895ms] [LOG] [Fast Refresh] done in 142ms @ http://localhost:3000/_next/static/chunks/1-li_next_dist_0it2jl7._.js:776
[  264958ms] [LOG] [Fast Refresh] done in 142ms @ http://localhost:3000/_next/static/chunks/1-li_next_dist_0it2jl7._.js:776
[  265019ms] [LOG] [Fast Refresh] done in 142ms @ http://localhost:3000/_next/static/chunks/1-li_next_dist_0it2jl7._.js:776
[  265080ms] [LOG] [Fast Refresh] done in 142ms @ http://localhost:3000/_next/static/chunks/1-li_next_dist_0it2jl7._.js:776
[  265142ms] [LOG] [Fast Refresh] done in 142ms @ http://localhost:3000/_next/static/chunks/1-li_next_dist_0it2jl7._.js:776
[  265204ms] [LOG] [Fast Refresh] done in 142ms @ http://localhost:3000/_next/static/chunks/1-li_next_dist_0it2jl7._.js:776
[  265267ms] [LOG] [Fast Refresh] done in 142ms @ http://localhost:3000/_next/static/chunks/1-li_next_dist_0it2jl7._.js:776
[  265329ms] [LOG] [Fast Refresh] done in 142ms @ http://localhost:3000/_next/static/chunks/1-li_next_dist_0it2jl7._.js:776
[  265391ms] [LOG] [Fast Refresh] done in 142ms @ http://localhost:3000/_next/static/chunks/1-li_next_dist_0it2jl7._.js:776
[  265453ms] [LOG] [Fast Refresh] done in 142ms @ http://localhost:3000/_next/static/chunks/1-li_next_dist_0it2jl7._.js:776
[  265515ms] [LOG] [Fast Refresh] done in 142ms @ http://localhost:3000/_next/static/chunks/1-li_next_dist_0it2jl7._.js:776
[  265579ms] [LOG] [Fast Refresh] done in 142ms @ http://localhost:3000/_next/static/chunks/1-li_next_dist_0it2jl7._.js:776
[  265640ms] [LOG] [Fast Refresh] done in 142ms @ http://localhost:3000/_next/static/chunks/1-li_next_dist_0it2jl7._.js:776
[  265703ms] [LOG] [Fast Refresh] done in 142ms @ http://localhost:3000/_next/static/chunks/1-li_next_dist_0it2jl7._.js:776
[  265766ms] [LOG] [Fast Refresh] done in 142ms @ http://localhost:3000/_next/static/chunks/1-li_next_dist_0it2jl7._.js:776
[  265828ms] [LOG] [Fast Refresh] done in 142ms @ http://localhost:3000/_next/static/chunks/1-li_next_dist_0it2jl7._.js:776
[  265891ms] [LOG] [Fast Refresh] done in 142ms @ http://localhost:3000/_next/static/chunks/1-li_next_dist_0it2jl7._.js:776
[  265951ms] [LOG] [Fast Refresh] done in 142ms @ http://localhost:3000/_next/static/chunks/1-li_next_dist_0it2jl7._.js:776
[  266013ms] [LOG] [Fast Refresh] done in 142ms @ http://localhost:3000/_next/static/chunks/1-li_next_dist_0it2jl7._.js:776
[  266075ms] [LOG] [Fast Refresh] done in 142ms @ http://localhost:3000/_next/static/chunks/1-li_next_dist_0it2jl7._.js:776
[  266138ms] [LOG] [Fast Refresh] done in 142ms @ http://localhost:3000/_next/static/chunks/1-li_next_dist_0it2jl7._.js:776
[  266201ms] [LOG] [Fast Refresh] done in 142ms @ http://localhost:3000/_next/static/chunks/1-li_next_dist_0it2jl7._.js:776
[  266262ms] [LOG] [Fast Refresh] done in 142ms @ http://localhost:3000/_next/static/chunks/1-li_next_dist_0it2jl7._.js:776
[  266322ms] [LOG] [Fast Refresh] done in 142ms @ http://localhost:3000/_next/static/chunks/1-li_next_dist_0it2jl7._.js:776
[  266387ms] [LOG] [Fast Refresh] done in 142ms @ http://localhost:3000/_next/static/chunks/1-li_next_dist_0it2jl7._.js:776
[  266446ms] [LOG] [Fast Refresh] done in 142ms @ http://localhost:3000/_next/static/chunks/1-li_next_dist_0it2jl7._.js:776
[  266508ms] [LOG] [Fast Refresh] done in 142ms @ http://localhost:3000/_next/static/chunks/1-li_next_dist_0it2jl7._.js:776
[  266572ms] [LOG] [Fast Refresh] done in 142ms @ http://localhost:3000/_next/static/chunks/1-li_next_dist_0it2jl7._.js:776
[  266633ms] [LOG] [Fast Refresh] done in 142ms @ http://localhost:3000/_next/static/chunks/1-li_next_dist_0it2jl7._.js:776
[  266696ms] [LOG] [Fast Refresh] done in 142ms @ http://localhost:3000/_next/static/chunks/1-li_next_dist_0it2jl7._.js:776
[  266759ms] [LOG] [Fast Refresh] done in 142ms @ http://localhost:3000/_next/static/chunks/1-li_next_dist_0it2jl7._.js:776
[  266822ms] [LOG] [Fast Refresh] done in 142ms @ http://localhost:3000/_next/static/chunks/1-li_next_dist_0it2jl7._.js:776
[  266886ms] [LOG] [Fast Refresh] done in 142ms @ http://localhost:3000/_next/static/chunks/1-li_next_dist_0it2jl7._.js:776
[  266948ms] [LOG] [Fast Refresh] done in 142ms @ http://localhost:3000/_next/static/chunks/1-li_next_dist_0it2jl7._.js:776
[  267010ms] [LOG] [Fast Refresh] done in 142ms @ http://localhost:3000/_next/static/chunks/1-li_next_dist_0it2jl7._.js:776
[  267072ms] [LOG] [Fast Refresh] done in 142ms @ http://localhost:3000/_next/static/chunks/1-li_next_dist_0it2jl7._.js:776
[  267134ms] [LOG] [Fast Refresh] done in 142ms @ http://localhost:3000/_next/static/chunks/1-li_next_dist_0it2jl7._.js:776
[  267196ms] [LOG] [Fast Refresh] done in 142ms @ http://localhost:3000/_next/static/chunks/1-li_next_dist_0it2jl7._.js:776
[  267261ms] [LOG] [Fast Refresh] done in 142ms @ http://localhost:3000/_next/static/chunks/1-li_next_dist_0it2jl7._.js:776
[  267320ms] [LOG] [Fast Refresh] done in 142ms @ http://localhost:3000/_next/static/chunks/1-li_next_dist_0it2jl7._.js:776
[  267381ms] [LOG] [Fast Refresh] done in 142ms @ http://localhost:3000/_next/static/chunks/1-li_next_dist_0it2jl7._.js:776
[  267446ms] [LOG] [Fast Refresh] done in 142ms @ http://localhost:3000/_next/static/chunks/1-li_next_dist_0it2jl7._.js:776
[  267509ms] [LOG] [Fast Refresh] done in 142ms @ http://localhost:3000/_next/static/chunks/1-li_next_dist_0it2jl7._.js:776
[  267569ms] [LOG] [Fast Refresh] done in 142ms @ http://localhost:3000/_next/static/chunks/1-li_next_dist_0it2jl7._.js:776
[  267631ms] [LOG] [Fast Refresh] done in 142ms @ http://localhost:3000/_next/static/chunks/1-li_next_dist_0it2jl7._.js:776
[  267693ms] [LOG] [Fast Refresh] done in 142ms @ http://localhost:3000/_next/static/chunks/1-li_next_dist_0it2jl7._.js:776
[  267756ms] [LOG] [Fast Refresh] done in 142ms @ http://localhost:3000/_next/static/chunks/1-li_next_dist_0it2jl7._.js:776
[  267820ms] [LOG] [Fast Refresh] done in 142ms @ http://localhost:3000/_next/static/chunks/1-li_next_dist_0it2jl7._.js:776
[  267883ms] [LOG] [Fast Refresh] done in 142ms @ http://localhost:3000/_next/static/chunks/1-li_next_dist_0it2jl7._.js:776
[  267946ms] [LOG] [Fast Refresh] done in 142ms @ http://localhost:3000/_next/static/chunks/1-li_next_dist_0it2jl7._.js:776
[  268008ms] [LOG] [Fast Refresh] done in 142ms @ http://localhost:3000/_next/static/chunks/1-li_next_dist_0it2jl7._.js:776
[  268069ms] [LOG] [Fast Refresh] done in 142ms @ http://localhost:3000/_next/static/chunks/1-li_next_dist_0it2jl7._.js:776
[  268130ms] [LOG] [Fast Refresh] done in 142ms @ http://localhost:3000/_next/static/chunks/1-li_next_dist_0it2jl7._.js:776
[  268193ms] [LOG] [Fast Refresh] done in 142ms @ http://localhost:3000/_next/static/chunks/1-li_next_dist_0it2jl7._.js:776
[  268256ms] [LOG] [Fast Refresh] done in 142ms @ http://localhost:3000/_next/static/chunks/1-li_next_dist_0it2jl7._.js:776
[  268318ms] [LOG] [Fast Refresh] done in 142ms @ http://localhost:3000/_next/static/chunks/1-li_next_dist_0it2jl7._.js:776
[  268382ms] [LOG] [Fast Refresh] done in 142ms @ http://localhost:3000/_next/static/chunks/1-li_next_dist_0it2jl7._.js:776
[  268442ms] [LOG] [Fast Refresh] done in 142ms @ http://localhost:3000/_next/static/chunks/1-li_next_dist_0it2jl7._.js:776
[  268509ms] [LOG] [Fast Refresh] done in 142ms @ http://localhost:3000/_next/static/chunks/1-li_next_dist_0it2jl7._.js:776
[  268887ms] [LOG] [Fast Refresh] done in 142ms @ http://localhost:3000/_next/static/chunks/1-li_next_dist_0it2jl7._.js:776
[  268992ms] [LOG] [Fast Refresh] done in 142ms @ http://localhost:3000/_next/static/chunks/1-li_next_dist_0it2jl7._.js:776
[  269052ms] [LOG] [Fast Refresh] done in 142ms @ http://localhost:3000/_next/static/chunks/1-li_next_dist_0it2jl7._.js:776
[  269130ms] [LOG] [Fast Refresh] done in 142ms @ http://localhost:3000/_next/static/chunks/1-li_next_dist_0it2jl7._.js:776
[  269188ms] [LOG] [Fast Refresh] done in 142ms @ http://localhost:3000/_next/static/chunks/1-li_next_dist_0it2jl7._.js:776
[  269252ms] [LOG] [Fast Refresh] done in 142ms @ http://localhost:3000/_next/static/chunks/1-li_next_dist_0it2jl7._.js:776
[  269314ms] [LOG] [Fast Refresh] done in 142ms @ http://localhost:3000/_next/static/chunks/1-li_next_dist_0it2jl7._.js:776
[  269376ms] [LOG] [Fast Refresh] done in 142ms @ http://localhost:3000/_next/static/chunks/1-li_next_dist_0it2jl7._.js:776
[  269438ms] [LOG] [Fast Refresh] done in 142ms @ http://localhost:3000/_next/static/chunks/1-li_next_dist_0it2jl7._.js:776
[  269501ms] [LOG] [Fast Refresh] done in 142ms @ http://localhost:3000/_next/static/chunks/1-li_next_dist_0it2jl7._.js:776
[  269566ms] [LOG] [Fast Refresh] done in 142ms @ http://localhost:3000/_next/static/chunks/1-li_next_dist_0it2jl7._.js:776
[  269624ms] [LOG] [Fast Refresh] done in 142ms @ http://localhost:3000/_next/static/chunks/1-li_next_dist_0it2jl7._.js:776
[  269686ms] [LOG] [Fast Refresh] done in 142ms @ http://localhost:3000/_next/static/chunks/1-li_next_dist_0it2jl7._.js:776
[  269749ms] [LOG] [Fast Refresh] done in 142ms @ http://localhost:3000/_next/static/chunks/1-li_next_dist_0it2jl7._.js:776
[  269810ms] [LOG] [Fast Refresh] done in 142ms @ http://localhost:3000/_next/static/chunks/1-li_next_dist_0it2jl7._.js:776
[  269872ms] [LOG] [Fast Refresh] done in 142ms @ http://localhost:3000/_next/static/chunks/1-li_next_dist_0it2jl7._.js:776
[  269935ms] [LOG] [Fast Refresh] done in 142ms @ http://localhost:3000/_next/static/chunks/1-li_next_dist_0it2jl7._.js:776
[  269997ms] [LOG] [Fast Refresh] done in 142ms @ http://localhost:3000/_next/static/chunks/1-li_next_dist_0it2jl7._.js:776
[  270060ms] [LOG] [Fast Refresh] done in 142ms @ http://localhost:3000/_next/static/chunks/1-li_next_dist_0it2jl7._.js:776
[  270122ms] [LOG] [Fast Refresh] done in 142ms @ http://localhost:3000/_next/static/chunks/1-li_next_dist_0it2jl7._.js:776
[  270184ms] [LOG] [Fast Refresh] done in 142ms @ http://localhost:3000/_next/static/chunks/1-li_next_dist_0it2jl7._.js:776
[  270246ms] [LOG] [Fast Refresh] done in 142ms @ http://localhost:3000/_next/static/chunks/1-li_next_dist_0it2jl7._.js:776
[  270307ms] [LOG] [Fast Refresh] done in 142ms @ http://localhost:3000/_next/static/chunks/1-li_next_dist_0it2jl7._.js:776
[  270369ms] [LOG] [Fast Refresh] done in 142ms @ http://localhost:3000/_next/static/chunks/1-li_next_dist_0it2jl7._.js:776
[  270430ms] [LOG] [Fast Refresh] done in 142ms @ http://localhost:3000/_next/static/chunks/1-li_next_dist_0it2jl7._.js:776
[  270494ms] [LOG] [Fast Refresh] done in 142ms @ http://localhost:3000/_next/static/chunks/1-li_next_dist_0it2jl7._.js:776
[  270556ms] [LOG] [Fast Refresh] done in 142ms @ http://localhost:3000/_next/static/chunks/1-li_next_dist_0it2jl7._.js:776
[  270618ms] [LOG] [Fast Refresh] done in 142ms @ http://localhost:3000/_next/static/chunks/1-li_next_dist_0it2jl7._.js:776
[  270713ms] [LOG] [Fast Refresh] done in 142ms @ http://localhost:3000/_next/static/chunks/1-li_next_dist_0it2jl7._.js:776
[  270773ms] [LOG] [Fast Refresh] done in 142ms @ http://localhost:3000/_next/static/chunks/1-li_next_dist_0it2jl7._.js:776
[  270836ms] [LOG] [Fast Refresh] done in 142ms @ http://localhost:3000/_next/static/chunks/1-li_next_dist_0it2jl7._.js:776
[  270900ms] [LOG] [Fast Refresh] done in 142ms @ http://localhost:3000/_next/static/chunks/1-li_next_dist_0it2jl7._.js:776
[  270960ms] [LOG] [Fast Refresh] done in 142ms @ http://localhost:3000/_next/static/chunks/1-li_next_dist_0it2jl7._.js:776
[  271022ms] [LOG] [Fast Refresh] done in 142ms @ http://localhost:3000/_next/static/chunks/1-li_next_dist_0it2jl7._.js:776
[  271084ms] [LOG] [Fast Refresh] done in 142ms @ http://localhost:3000/_next/static/chunks/1-li_next_dist_0it2jl7._.js:776
[  271146ms] [LOG] [Fast Refresh] done in 142ms @ http://localhost:3000/_next/static/chunks/1-li_next_dist_0it2jl7._.js:776
[  271211ms] [LOG] [Fast Refresh] done in 142ms @ http://localhost:3000/_next/static/chunks/1-li_next_dist_0it2jl7._.js:776
[  271271ms] [LOG] [Fast Refresh] done in 142ms @ http://localhost:3000/_next/static/chunks/1-li_next_dist_0it2jl7._.js:776
[  271333ms] [LOG] [Fast Refresh] done in 142ms @ http://localhost:3000/_next/static/chunks/1-li_next_dist_0it2jl7._.js:776
[  271395ms] [LOG] [Fast Refresh] done in 142ms @ http://localhost:3000/_next/static/chunks/1-li_next_dist_0it2jl7._.js:776
[  271456ms] [LOG] [Fast Refresh] done in 142ms @ http://localhost:3000/_next/static/chunks/1-li_next_dist_0it2jl7._.js:776
[  271518ms] [LOG] [Fast Refresh] done in 142ms @ http://localhost:3000/_next/static/chunks/1-li_next_dist_0it2jl7._.js:776
[  271581ms] [LOG] [Fast Refresh] done in 142ms @ http://localhost:3000/_next/static/chunks/1-li_next_dist_0it2jl7._.js:776
[  271641ms] [LOG] [Fast Refresh] done in 142ms @ http://localhost:3000/_next/static/chunks/1-li_next_dist_0it2jl7._.js:776
[  271703ms] [LOG] [Fast Refresh] done in 142ms @ http://localhost:3000/_next/static/chunks/1-li_next_dist_0it2jl7._.js:776
[  271766ms] [LOG] [Fast Refresh] done in 142ms @ http://localhost:3000/_next/static/chunks/1-li_next_dist_0it2jl7._.js:776
[  271828ms] [LOG] [Fast Refresh] done in 142ms @ http://localhost:3000/_next/static/chunks/1-li_next_dist_0it2jl7._.js:776
[  271889ms] [LOG] [Fast Refresh] done in 142ms @ http://localhost:3000/_next/static/chunks/1-li_next_dist_0it2jl7._.js:776
[  271952ms] [LOG] [Fast Refresh] done in 142ms @ http://localhost:3000/_next/static/chunks/1-li_next_dist_0it2jl7._.js:776
[  272017ms] [LOG] [Fast Refresh] done in 142ms @ http://localhost:3000/_next/static/chunks/1-li_next_dist_0it2jl7._.js:776
[  272076ms] [LOG] [Fast Refresh] done in 142ms @ http://localhost:3000/_next/static/chunks/1-li_next_dist_0it2jl7._.js:776
[  272138ms] [LOG] [Fast Refresh] done in 142ms @ http://localhost:3000/_next/static/chunks/1-li_next_dist_0it2jl7._.js:776
[  272201ms] [LOG] [Fast Refresh] done in 142ms @ http://localhost:3000/_next/static/chunks/1-li_next_dist_0it2jl7._.js:776
[  272263ms] [LOG] [Fast Refresh] done in 142ms @ http://localhost:3000/_next/static/chunks/1-li_next_dist_0it2jl7._.js:776
[  272324ms] [LOG] [Fast Refresh] done in 142ms @ http://localhost:3000/_next/static/chunks/1-li_next_dist_0it2jl7._.js:776
[  272385ms] [LOG] [Fast Refresh] done in 142ms @ http://localhost:3000/_next/static/chunks/1-li_next_dist_0it2jl7._.js:776
[  272446ms] [LOG] [Fast Refresh] done in 142ms @ http://localhost:3000/_next/static/chunks/1-li_next_dist_0it2jl7._.js:776
[  272510ms] [LOG] [Fast Refresh] done in 142ms @ http://localhost:3000/_next/static/chunks/1-li_next_dist_0it2jl7._.js:776
[  272570ms] [LOG] [Fast Refresh] done in 142ms @ http://localhost:3000/_next/static/chunks/1-li_next_dist_0it2jl7._.js:776
[  272631ms] [LOG] [Fast Refresh] done in 142ms @ http://localhost:3000/_next/static/chunks/1-li_next_dist_0it2jl7._.js:776
[  272693ms] [LOG] [Fast Refresh] done in 142ms @ http://localhost:3000/_next/static/chunks/1-li_next_dist_0it2jl7._.js:776
[  272753ms] [LOG] [Fast Refresh] done in 142ms @ http://localhost:3000/_next/static/chunks/1-li_next_dist_0it2jl7._.js:776
[  272815ms] [LOG] [Fast Refresh] done in 142ms @ http://localhost:3000/_next/static/chunks/1-li_next_dist_0it2jl7._.js:776
[  272878ms] [LOG] [Fast Refresh] done in 142ms @ http://localhost:3000/_next/static/chunks/1-li_next_dist_0it2jl7._.js:776
[  272939ms] [LOG] [Fast Refresh] done in 142ms @ http://localhost:3000/_next/static/chunks/1-li_next_dist_0it2jl7._.js:776
[  273001ms] [LOG] [Fast Refresh] done in 142ms @ http://localhost:3000/_next/static/chunks/1-li_next_dist_0it2jl7._.js:776
[  273064ms] [LOG] [Fast Refresh] done in 142ms @ http://localhost:3000/_next/static/chunks/1-li_next_dist_0it2jl7._.js:776
[  273128ms] [LOG] [Fast Refresh] done in 142ms @ http://localhost:3000/_next/static/chunks/1-li_next_dist_0it2jl7._.js:776
[  273190ms] [LOG] [Fast Refresh] done in 142ms @ http://localhost:3000/_next/static/chunks/1-li_next_dist_0it2jl7._.js:776
[  273252ms] [LOG] [Fast Refresh] done in 142ms @ http://localhost:3000/_next/static/chunks/1-li_next_dist_0it2jl7._.js:776
[  273316ms] [LOG] [Fast Refresh] done in 142ms @ http://localhost:3000/_next/static/chunks/1-li_next_dist_0it2jl7._.js:776
[  273376ms] [LOG] [Fast Refresh] done in 142ms @ http://localhost:3000/_next/static/chunks/1-li_next_dist_0it2jl7._.js:776
[  273437ms] [LOG] [Fast Refresh] done in 142ms @ http://localhost:3000/_next/static/chunks/1-li_next_dist_0it2jl7._.js:776
[  273498ms] [LOG] [Fast Refresh] done in 142ms @ http://localhost:3000/_next/static/chunks/1-li_next_dist_0it2jl7._.js:776
[  273562ms] [LOG] [Fast Refresh] done in 142ms @ http://localhost:3000/_next/static/chunks/1-li_next_dist_0it2jl7._.js:776
[  273624ms] [LOG] [Fast Refresh] done in 142ms @ http://localhost:3000/_next/static/chunks/1-li_next_dist_0it2jl7._.js:776
[  273686ms] [LOG] [Fast Refresh] done in 142ms @ http://localhost:3000/_next/static/chunks/1-li_next_dist_0it2jl7._.js:776
[  273748ms] [LOG] [Fast Refresh] done in 142ms @ http://localhost:3000/_next/static/chunks/1-li_next_dist_0it2jl7._.js:776
[  273809ms] [LOG] [Fast Refresh] done in 142ms @ http://localhost:3000/_next/static/chunks/1-li_next_dist_0it2jl7._.js:776
[  273871ms] [LOG] [Fast Refresh] done in 142ms @ http://localhost:3000/_next/static/chunks/1-li_next_dist_0it2jl7._.js:776
[  273933ms] [LOG] [Fast Refresh] done in 142ms @ http://localhost:3000/_next/static/chunks/1-li_next_dist_0it2jl7._.js:776
[  273996ms] [LOG] [Fast Refresh] done in 142ms @ http://localhost:3000/_next/static/chunks/1-li_next_dist_0it2jl7._.js:776
[  274058ms] [LOG] [Fast Refresh] done in 142ms @ http://localhost:3000/_next/static/chunks/1-li_next_dist_0it2jl7._.js:776
[  274118ms] [LOG] [Fast Refresh] done in 142ms @ http://localhost:3000/_next/static/chunks/1-li_next_dist_0it2jl7._.js:776
[  274181ms] [LOG] [Fast Refresh] done in 142ms @ http://localhost:3000/_next/static/chunks/1-li_next_dist_0it2jl7._.js:776
[  274243ms] [LOG] [Fast Refresh] done in 142ms @ http://localhost:3000/_next/static/chunks/1-li_next_dist_0it2jl7._.js:776
[  274303ms] [LOG] [Fast Refresh] done in 142ms @ http://localhost:3000/_next/static/chunks/1-li_next_dist_0it2jl7._.js:776
[  274365ms] [LOG] [Fast Refresh] done in 142ms @ http://localhost:3000/_next/static/chunks/1-li_next_dist_0it2jl7._.js:776
[  274426ms] [LOG] [Fast Refresh] done in 142ms @ http://localhost:3000/_next/static/chunks/1-li_next_dist_0it2jl7._.js:776
[  274489ms] [LOG] [Fast Refresh] done in 142ms @ http://localhost:3000/_next/static/chunks/1-li_next_dist_0it2jl7._.js:776
[  274552ms] [LOG] [Fast Refresh] done in 142ms @ http://localhost:3000/_next/static/chunks/1-li_next_dist_0it2jl7._.js:776
[  274614ms] [LOG] [Fast Refresh] done in 142ms @ http://localhost:3000/_next/static/chunks/1-li_next_dist_0it2jl7._.js:776
[  274677ms] [LOG] [Fast Refresh] done in 142ms @ http://localhost:3000/_next/static/chunks/1-li_next_dist_0it2jl7._.js:776
[  274738ms] [LOG] [Fast Refresh] done in 142ms @ http://localhost:3000/_next/static/chunks/1-li_next_dist_0it2jl7._.js:776
[  274800ms] [LOG] [Fast Refresh] done in 142ms @ http://localhost:3000/_next/static/chunks/1-li_next_dist_0it2jl7._.js:776
[  274862ms] [LOG] [Fast Refresh] done in 142ms @ http://localhost:3000/_next/static/chunks/1-li_next_dist_0it2jl7._.js:776
[  274923ms] [LOG] [Fast Refresh] done in 142ms @ http://localhost:3000/_next/static/chunks/1-li_next_dist_0it2jl7._.js:776
[  274986ms] [LOG] [Fast Refresh] done in 142ms @ http://localhost:3000/_next/static/chunks/1-li_next_dist_0it2jl7._.js:776
[  275047ms] [LOG] [Fast Refresh] done in 142ms @ http://localhost:3000/_next/static/chunks/1-li_next_dist_0it2jl7._.js:776
[  275110ms] [LOG] [Fast Refresh] done in 142ms @ http://localhost:3000/_next/static/chunks/1-li_next_dist_0it2jl7._.js:776
[  275172ms] [LOG] [Fast Refresh] done in 142ms @ http://localhost:3000/_next/static/chunks/1-li_next_dist_0it2jl7._.js:776
[  275233ms] [LOG] [Fast Refresh] done in 142ms @ http://localhost:3000/_next/static/chunks/1-li_next_dist_0it2jl7._.js:776
[  275294ms] [LOG] [Fast Refresh] done in 142ms @ http://localhost:3000/_next/static/chunks/1-li_next_dist_0it2jl7._.js:776
[  275355ms] [LOG] [Fast Refresh] done in 142ms @ http://localhost:3000/_next/static/chunks/1-li_next_dist_0it2jl7._.js:776
[  275416ms] [LOG] [Fast Refresh] done in 142ms @ http://localhost:3000/_next/static/chunks/1-li_next_dist_0it2jl7._.js:776
[  275479ms] [LOG] [Fast Refresh] done in 142ms @ http://localhost:3000/_next/static/chunks/1-li_next_dist_0it2jl7._.js:776
[  275540ms] [LOG] [Fast Refresh] done in 142ms @ http://localhost:3000/_next/static/chunks/1-li_next_dist_0it2jl7._.js:776
[  275601ms] [LOG] [Fast Refresh] done in 142ms @ http://localhost:3000/_next/static/chunks/1-li_next_dist_0it2jl7._.js:776
[  275663ms] [LOG] [Fast Refresh] done in 142ms @ http://localhost:3000/_next/static/chunks/1-li_next_dist_0it2jl7._.js:776
[  275725ms] [LOG] [Fast Refresh] done in 142ms @ http://localhost:3000/_next/static/chunks/1-li_next_dist_0it2jl7._.js:776
[  275787ms] [LOG] [Fast Refresh] done in 142ms @ http://localhost:3000/_next/static/chunks/1-li_next_dist_0it2jl7._.js:776
[  275848ms] [LOG] [Fast Refresh] done in 142ms @ http://localhost:3000/_next/static/chunks/1-li_next_dist_0it2jl7._.js:776
[  275911ms] [LOG] [Fast Refresh] done in 142ms @ http://localhost:3000/_next/static/chunks/1-li_next_dist_0it2jl7._.js:776
[  275972ms] [LOG] [Fast Refresh] done in 142ms @ http://localhost:3000/_next/static/chunks/1-li_next_dist_0it2jl7._.js:776
[  276034ms] [LOG] [Fast Refresh] done in 142ms @ http://localhost:3000/_next/static/chunks/1-li_next_dist_0it2jl7._.js:776
[  276096ms] [LOG] [Fast Refresh] done in 142ms @ http://localhost:3000/_next/static/chunks/1-li_next_dist_0it2jl7._.js:776
[  276158ms] [LOG] [Fast Refresh] done in 142ms @ http://localhost:3000/_next/static/chunks/1-li_next_dist_0it2jl7._.js:776
[  276220ms] [LOG] [Fast Refresh] done in 142ms @ http://localhost:3000/_next/static/chunks/1-li_next_dist_0it2jl7._.js:776
[  276281ms] [LOG] [Fast Refresh] done in 142ms @ http://localhost:3000/_next/static/chunks/1-li_next_dist_0it2jl7._.js:776
[  276346ms] [LOG] [Fast Refresh] done in 142ms @ http://localhost:3000/_next/static/chunks/1-li_next_dist_0it2jl7._.js:776
[  276406ms] [LOG] [Fast Refresh] done in 142ms @ http://localhost:3000/_next/static/chunks/1-li_next_dist_0it2jl7._.js:776
[  276468ms] [LOG] [Fast Refresh] done in 142ms @ http://localhost:3000/_next/static/chunks/1-li_next_dist_0it2jl7._.js:776
[  276531ms] [LOG] [Fast Refresh] done in 142ms @ http://localhost:3000/_next/static/chunks/1-li_next_dist_0it2jl7._.js:776
[  276591ms] [LOG] [Fast Refresh] done in 142ms @ http://localhost:3000/_next/static/chunks/1-li_next_dist_0it2jl7._.js:776
[  276654ms] [LOG] [Fast Refresh] done in 142ms @ http://localhost:3000/_next/static/chunks/1-li_next_dist_0it2jl7._.js:776
[  276715ms] [LOG] [Fast Refresh] done in 142ms @ http://localhost:3000/_next/static/chunks/1-li_next_dist_0it2jl7._.js:776
[  276778ms] [LOG] [Fast Refresh] done in 142ms @ http://localhost:3000/_next/static/chunks/1-li_next_dist_0it2jl7._.js:776
[  276840ms] [LOG] [Fast Refresh] done in 142ms @ http://localhost:3000/_next/static/chunks/1-li_next_dist_0it2jl7._.js:776
[  276901ms] [LOG] [Fast Refresh] done in 142ms @ http://localhost:3000/_next/static/chunks/1-li_next_dist_0it2jl7._.js:776
[  276963ms] [LOG] [Fast Refresh] done in 142ms @ http://localhost:3000/_next/static/chunks/1-li_next_dist_0it2jl7._.js:776
[  277026ms] [LOG] [Fast Refresh] done in 142ms @ http://localhost:3000/_next/static/chunks/1-li_next_dist_0it2jl7._.js:776
[  277087ms] [LOG] [Fast Refresh] done in 142ms @ http://localhost:3000/_next/static/chunks/1-li_next_dist_0it2jl7._.js:776
[  277150ms] [LOG] [Fast Refresh] done in 142ms @ http://localhost:3000/_next/static/chunks/1-li_next_dist_0it2jl7._.js:776
[  277211ms] [LOG] [Fast Refresh] done in 142ms @ http://localhost:3000/_next/static/chunks/1-li_next_dist_0it2jl7._.js:776
[  277272ms] [LOG] [Fast Refresh] done in 142ms @ http://localhost:3000/_next/static/chunks/1-li_next_dist_0it2jl7._.js:776
[  277333ms] [LOG] [Fast Refresh] done in 142ms @ http://localhost:3000/_next/static/chunks/1-li_next_dist_0it2jl7._.js:776
[  277396ms] [LOG] [Fast Refresh] done in 142ms @ http://localhost:3000/_next/static/chunks/1-li_next_dist_0it2jl7._.js:776
[  277458ms] [LOG] [Fast Refresh] done in 142ms @ http://localhost:3000/_next/static/chunks/1-li_next_dist_0it2jl7._.js:776
[  277520ms] [LOG] [Fast Refresh] done in 142ms @ http://localhost:3000/_next/static/chunks/1-li_next_dist_0it2jl7._.js:776
[  277583ms] [LOG] [Fast Refresh] done in 142ms @ http://localhost:3000/_next/static/chunks/1-li_next_dist_0it2jl7._.js:776
[  277646ms] [LOG] [Fast Refresh] done in 142ms @ http://localhost:3000/_next/static/chunks/1-li_next_dist_0it2jl7._.js:776
[  277706ms] [LOG] [Fast Refresh] done in 142ms @ http://localhost:3000/_next/static/chunks/1-li_next_dist_0it2jl7._.js:776
[  277768ms] [LOG] [Fast Refresh] done in 142ms @ http://localhost:3000/_next/static/chunks/1-li_next_dist_0it2jl7._.js:776
[  277829ms] [LOG] [Fast Refresh] done in 142ms @ http://localhost:3000/_next/static/chunks/1-li_next_dist_0it2jl7._.js:776
[  277890ms] [LOG] [Fast Refresh] done in 142ms @ http://localhost:3000/_next/static/chunks/1-li_next_dist_0it2jl7._.js:776
[  277952ms] [LOG] [Fast Refresh] done in 142ms @ http://localhost:3000/_next/static/chunks/1-li_next_dist_0it2jl7._.js:776
[  278012ms] [LOG] [Fast Refresh] done in 142ms @ http://localhost:3000/_next/static/chunks/1-li_next_dist_0it2jl7._.js:776
[  278074ms] [LOG] [Fast Refresh] done in 142ms @ http://localhost:3000/_next/static/chunks/1-li_next_dist_0it2jl7._.js:776
[  278138ms] [LOG] [Fast Refresh] done in 142ms @ http://localhost:3000/_next/static/chunks/1-li_next_dist_0it2jl7._.js:776
[  278203ms] [LOG] [Fast Refresh] done in 142ms @ http://localhost:3000/_next/static/chunks/1-li_next_dist_0it2jl7._.js:776
[  278263ms] [LOG] [Fast Refresh] done in 142ms @ http://localhost:3000/_next/static/chunks/1-li_next_dist_0it2jl7._.js:776
[  278323ms] [LOG] [Fast Refresh] done in 142ms @ http://localhost:3000/_next/static/chunks/1-li_next_dist_0it2jl7._.js:776
[  278385ms] [LOG] [Fast Refresh] done in 142ms @ http://localhost:3000/_next/static/chunks/1-li_next_dist_0it2jl7._.js:776
[  280073ms] [LOG] [Fast Refresh] done in 142ms @ http://localhost:3000/_next/static/chunks/1-li_next_dist_0it2jl7._.js:776
[  280208ms] [LOG] [Fast Refresh] done in 142ms @ http://localhost:3000/_next/static/chunks/1-li_next_dist_0it2jl7._.js:776
[  280293ms] [LOG] [Fast Refresh] done in 142ms @ http://localhost:3000/_next/static/chunks/1-li_next_dist_0it2jl7._.js:776
[  280408ms] [LOG] [Fast Refresh] done in 142ms @ http://localhost:3000/_next/static/chunks/1-li_next_dist_0it2jl7._.js:776
[  280606ms] [LOG] [Fast Refresh] done in 142ms @ http://localhost:3000/_next/static/chunks/1-li_next_dist_0it2jl7._.js:776
[  280709ms] [LOG] [Fast Refresh] done in 142ms @ http://localhost:3000/_next/static/chunks/1-li_next_dist_0it2jl7._.js:776
[  280774ms] [LOG] [Fast Refresh] done in 142ms @ http://localhost:3000/_next/static/chunks/1-li_next_dist_0it2jl7._.js:776
[  280839ms] [LOG] [Fast Refresh] done in 142ms @ http://localhost:3000/_next/static/chunks/1-li_next_dist_0it2jl7._.js:776
[  280896ms] [LOG] [Fast Refresh] done in 142ms @ http://localhost:3000/_next/static/chunks/1-li_next_dist_0it2jl7._.js:776
[  280957ms] [LOG] [Fast Refresh] done in 142ms @ http://localhost:3000/_next/static/chunks/1-li_next_dist_0it2jl7._.js:776
[  281023ms] [LOG] [Fast Refresh] done in 142ms @ http://localhost:3000/_next/static/chunks/1-li_next_dist_0it2jl7._.js:776
[  281097ms] [LOG] [Fast Refresh] done in 142ms @ http://localhost:3000/_next/static/chunks/1-li_next_dist_0it2jl7._.js:776
[  282114ms] [LOG] [HMR] connected @ http://localhost:3000/_next/static/chunks/1-li_next_dist_0it2jl7._.js:776
[  297038ms] [LOG] [Fast Refresh] rebuilding @ http://localhost:3000/_next/static/chunks/1-li_next_dist_0it2jl7._.js:776
[  298334ms] [ERROR] IntlError: MISSING_MESSAGE: Could not resolve `workspace.graph.showLess` in messages for locale `pt-BR`.
    at getFallbackFromErrorAndNotify (http://localhost:3000/_next/static/chunks/node_modules__pnpm_0_wrnyg._.js:3900:23)
    at translateBaseFn (http://localhost:3000/_next/static/chunks/node_modules__pnpm_0_wrnyg._.js:3930:28)
    at translateFn (http://localhost:3000/_next/static/chunks/node_modules__pnpm_0_wrnyg._.js:3958:24)
    at GraphWorkspace (http://localhost:3000/_next/static/chunks/src_components_workspace-content_tsx_1i7atlc._.js?id=%255Bproject%255D/src/components/workspace-content.tsx+%255Bapp-client%255D+(ecmascript):6335:47)
    at Object.react_stack_bottom_frame (http://localhost:3000/_next/static/chunks/1-li_next_dist_compiled_react-dom_1ip2p43._.js:14894:24)
    at renderWithHooks (http://localhost:3000/_next/static/chunks/1-li_next_dist_compiled_react-dom_1ip2p43._.js:4425:24)
    at updateFunctionComponent (http://localhost:3000/_next/static/chunks/1-li_next_dist_compiled_react-dom_1ip2p43._.js:5892:21)
    at beginWork (http://localhost:3000/_next/static/chunks/1-li_next_dist_compiled_react-dom_1ip2p43._.js:6518:24)
    at runWithFiberInDEV (http://localhost:3000/_next/static/chunks/1-li_next_dist_compiled_react-dom_1ip2p43._.js:761:74)
    at performUnitOfWork (http://localhost:3000/_next/static/chunks/1-li_next_dist_compiled_react-dom_1ip2p43._.js:9385:97)
    at workLoopSync (http://localhost:3000/_next/static/chunks/1-li_next_dist_compiled_react-dom_1ip2p43._.js:9279:40)
    at renderRootSync (http://localhost:3000/_next/static/chunks/1-li_next_dist_compiled_react-dom_1ip2p43._.js:9263:13)
    at performWorkOnRoot (http://localhost:3000/_next/static/chunks/1-li_next_dist_compiled_react-dom_1ip2p43._.js:8891:186)
    at performSyncWorkOnRoot (http://localhost:3000/_next/static/chunks/1-li_next_dist_compiled_react-dom_1ip2p43._.js:10093:9)
    at flushSyncWorkAcrossRoots_impl (http://localhost:3000/_next/static/chunks/1-li_next_dist_compiled_react-dom_1ip2p43._.js:10009:316)
    at flushSyncWork$1 (http://localhost:3000/_next/static/chunks/1-li_next_dist_compiled_react-dom_1ip2p43._.js:9060:86)
    at scheduleRefresh (http://localhost:3000/_next/static/chunks/1-li_next_dist_compiled_react-dom_1ip2p43._.js:82:13)
    at S.scheduleRefresh (chrome-extension://fmkadmapgofadopljbjfkapdkoienihi/build/installHook.js:1:86461)
    at http://localhost:3000/_next/static/chunks/1-li_next_dist_compiled_1hfzz2n._.js:589:33
    at Set.forEach (<anonymous>)
    at Object.performReactRefresh (http://localhost:3000/_next/static/chunks/1-li_next_dist_compiled_1hfzz2n._.js:582:38)
    at applyUpdate (http://localhost:3000/_next/static/chunks/1-li_next_dist_compiled_1hfzz2n._.js:137:31)
    at http://localhost:3000/_next/static/chunks/1-li_next_dist_compiled_1hfzz2n._.js:145:13 @ chrome-extension://fmkadmapgofadopljbjfkapdkoienihi/build/installHook.js:0
[  298423ms] [ERROR] IntlError: MISSING_MESSAGE: Could not resolve `workspace.graph.showLess` in messages for locale `pt-BR`.
    at getFallbackFromErrorAndNotify (http://localhost:3000/_next/static/chunks/node_modules__pnpm_0_wrnyg._.js:3900:23)
    at translateBaseFn (http://localhost:3000/_next/static/chunks/node_modules__pnpm_0_wrnyg._.js:3930:28)
    at translateFn (http://localhost:3000/_next/static/chunks/node_modules__pnpm_0_wrnyg._.js:3958:24)
    at GraphWorkspace (http://localhost:3000/_next/static/chunks/src_components_workspace-content_tsx_1i7atlc._.js?id=%255Bproject%255D/src/components/workspace-content.tsx+%255Bapp-client%255D+(ecmascript):6346:37)
    at Object.react_stack_bottom_frame (http://localhost:3000/_next/static/chunks/1-li_next_dist_compiled_react-dom_1ip2p43._.js:14894:24)
    at renderWithHooks (http://localhost:3000/_next/static/chunks/1-li_next_dist_compiled_react-dom_1ip2p43._.js:4425:24)
    at updateFunctionComponent (http://localhost:3000/_next/static/chunks/1-li_next_dist_compiled_react-dom_1ip2p43._.js:5892:21)
    at beginWork (http://localhost:3000/_next/static/chunks/1-li_next_dist_compiled_react-dom_1ip2p43._.js:6518:24)
    at runWithFiberInDEV (http://localhost:3000/_next/static/chunks/1-li_next_dist_compiled_react-dom_1ip2p43._.js:761:74)
    at performUnitOfWork (http://localhost:3000/_next/static/chunks/1-li_next_dist_compiled_react-dom_1ip2p43._.js:9385:97)
    at workLoopSync (http://localhost:3000/_next/static/chunks/1-li_next_dist_compiled_react-dom_1ip2p43._.js:9279:40)
    at renderRootSync (http://localhost:3000/_next/static/chunks/1-li_next_dist_compiled_react-dom_1ip2p43._.js:9263:13)
    at performWorkOnRoot (http://localhost:3000/_next/static/chunks/1-li_next_dist_compiled_react-dom_1ip2p43._.js:8891:186)
    at performSyncWorkOnRoot (http://localhost:3000/_next/static/chunks/1-li_next_dist_compiled_react-dom_1ip2p43._.js:10093:9)
    at flushSyncWorkAcrossRoots_impl (http://localhost:3000/_next/static/chunks/1-li_next_dist_compiled_react-dom_1ip2p43._.js:10009:316)
    at flushSyncWork$1 (http://localhost:3000/_next/static/chunks/1-li_next_dist_compiled_react-dom_1ip2p43._.js:9060:86)
    at scheduleRefresh (http://localhost:3000/_next/static/chunks/1-li_next_dist_compiled_react-dom_1ip2p43._.js:82:13)
    at S.scheduleRefresh (chrome-extension://fmkadmapgofadopljbjfkapdkoienihi/build/installHook.js:1:86461)
    at http://localhost:3000/_next/static/chunks/1-li_next_dist_compiled_1hfzz2n._.js:589:33
    at Set.forEach (<anonymous>)
    at Object.performReactRefresh (http://localhost:3000/_next/static/chunks/1-li_next_dist_compiled_1hfzz2n._.js:582:38)
    at applyUpdate (http://localhost:3000/_next/static/chunks/1-li_next_dist_compiled_1hfzz2n._.js:137:31)
    at http://localhost:3000/_next/static/chunks/1-li_next_dist_compiled_1hfzz2n._.js:145:13 @ chrome-extension://fmkadmapgofadopljbjfkapdkoienihi/build/installHook.js:0
[  298428ms] [ERROR] IntlError: MISSING_MESSAGE: Could not resolve `workspace.graph.showMore` in messages for locale `pt-BR`.
    at getFallbackFromErrorAndNotify (http://localhost:3000/_next/static/chunks/node_modules__pnpm_0_wrnyg._.js:3900:23)
    at translateBaseFn (http://localhost:3000/_next/static/chunks/node_modules__pnpm_0_wrnyg._.js:3930:28)
    at translateFn (http://localhost:3000/_next/static/chunks/node_modules__pnpm_0_wrnyg._.js:3958:24)
    at GraphWorkspace (http://localhost:3000/_next/static/chunks/src_components_workspace-content_tsx_1i7atlc._.js?id=%255Bproject%255D/src/components/workspace-content.tsx+%255Bapp-client%255D+(ecmascript):6355:47)
    at Object.react_stack_bottom_frame (http://localhost:3000/_next/static/chunks/1-li_next_dist_compiled_react-dom_1ip2p43._.js:14894:24)
    at renderWithHooks (http://localhost:3000/_next/static/chunks/1-li_next_dist_compiled_react-dom_1ip2p43._.js:4425:24)
    at updateFunctionComponent (http://localhost:3000/_next/static/chunks/1-li_next_dist_compiled_react-dom_1ip2p43._.js:5892:21)
    at beginWork (http://localhost:3000/_next/static/chunks/1-li_next_dist_compiled_react-dom_1ip2p43._.js:6518:24)
    at runWithFiberInDEV (http://localhost:3000/_next/static/chunks/1-li_next_dist_compiled_react-dom_1ip2p43._.js:761:74)
    at performUnitOfWork (http://localhost:3000/_next/static/chunks/1-li_next_dist_compiled_react-dom_1ip2p43._.js:9385:97)
    at workLoopSync (http://localhost:3000/_next/static/chunks/1-li_next_dist_compiled_react-dom_1ip2p43._.js:9279:40)
    at renderRootSync (http://localhost:3000/_next/static/chunks/1-li_next_dist_compiled_react-dom_1ip2p43._.js:9263:13)
    at performWorkOnRoot (http://localhost:3000/_next/static/chunks/1-li_next_dist_compiled_react-dom_1ip2p43._.js:8891:186)
    at performSyncWorkOnRoot (http://localhost:3000/_next/static/chunks/1-li_next_dist_compiled_react-dom_1ip2p43._.js:10093:9)
    at flushSyncWorkAcrossRoots_impl (http://localhost:3000/_next/static/chunks/1-li_next_dist_compiled_react-dom_1ip2p43._.js:10009:316)
    at flushSyncWork$1 (http://localhost:3000/_next/static/chunks/1-li_next_dist_compiled_react-dom_1ip2p43._.js:9060:86)
    at scheduleRefresh (http://localhost:3000/_next/static/chunks/1-li_next_dist_compiled_react-dom_1ip2p43._.js:82:13)
    at S.scheduleRefresh (chrome-extension://fmkadmapgofadopljbjfkapdkoienihi/build/installHook.js:1:86461)
    at http://localhost:3000/_next/static/chunks/1-li_next_dist_compiled_1hfzz2n._.js:589:33
    at Set.forEach (<anonymous>)
    at Object.performReactRefresh (http://localhost:3000/_next/static/chunks/1-li_next_dist_compiled_1hfzz2n._.js:582:38)
    at applyUpdate (http://localhost:3000/_next/static/chunks/1-li_next_dist_compiled_1hfzz2n._.js:137:31)
    at http://localhost:3000/_next/static/chunks/1-li_next_dist_compiled_1hfzz2n._.js:145:13 @ chrome-extension://fmkadmapgofadopljbjfkapdkoienihi/build/installHook.js:0
[  298431ms] [ERROR] IntlError: MISSING_MESSAGE: Could not resolve `workspace.graph.showMore` in messages for locale `pt-BR`.
    at getFallbackFromErrorAndNotify (http://localhost:3000/_next/static/chunks/node_modules__pnpm_0_wrnyg._.js:3900:23)
    at translateBaseFn (http://localhost:3000/_next/static/chunks/node_modules__pnpm_0_wrnyg._.js:3930:28)
    at translateFn (http://localhost:3000/_next/static/chunks/node_modules__pnpm_0_wrnyg._.js:3958:24)
    at GraphWorkspace (http://localhost:3000/_next/static/chunks/src_components_workspace-content_tsx_1i7atlc._.js?id=%255Bproject%255D/src/components/workspace-content.tsx+%255Bapp-client%255D+(ecmascript):6366:37)
    at Object.react_stack_bottom_frame (http://localhost:3000/_next/static/chunks/1-li_next_dist_compiled_react-dom_1ip2p43._.js:14894:24)
    at renderWithHooks (http://localhost:3000/_next/static/chunks/1-li_next_dist_compiled_react-dom_1ip2p43._.js:4425:24)
    at updateFunctionComponent (http://localhost:3000/_next/static/chunks/1-li_next_dist_compiled_react-dom_1ip2p43._.js:5892:21)
    at beginWork (http://localhost:3000/_next/static/chunks/1-li_next_dist_compiled_react-dom_1ip2p43._.js:6518:24)
    at runWithFiberInDEV (http://localhost:3000/_next/static/chunks/1-li_next_dist_compiled_react-dom_1ip2p43._.js:761:74)
    at performUnitOfWork (http://localhost:3000/_next/static/chunks/1-li_next_dist_compiled_react-dom_1ip2p43._.js:9385:97)
    at workLoopSync (http://localhost:3000/_next/static/chunks/1-li_next_dist_compiled_react-dom_1ip2p43._.js:9279:40)
    at renderRootSync (http://localhost:3000/_next/static/chunks/1-li_next_dist_compiled_react-dom_1ip2p43._.js:9263:13)
    at performWorkOnRoot (http://localhost:3000/_next/static/chunks/1-li_next_dist_compiled_react-dom_1ip2p43._.js:8891:186)
    at performSyncWorkOnRoot (http://localhost:3000/_next/static/chunks/1-li_next_dist_compiled_react-dom_1ip2p43._.js:10093:9)
    at flushSyncWorkAcrossRoots_impl (http://localhost:3000/_next/static/chunks/1-li_next_dist_compiled_react-dom_1ip2p43._.js:10009:316)
    at flushSyncWork$1 (http://localhost:3000/_next/static/chunks/1-li_next_dist_compiled_react-dom_1ip2p43._.js:9060:86)
    at scheduleRefresh (http://localhost:3000/_next/static/chunks/1-li_next_dist_compiled_react-dom_1ip2p43._.js:82:13)
    at S.scheduleRefresh (chrome-extension://fmkadmapgofadopljbjfkapdkoienihi/build/installHook.js:1:86461)
    at http://localhost:3000/_next/static/chunks/1-li_next_dist_compiled_1hfzz2n._.js:589:33
    at Set.forEach (<anonymous>)
    at Object.performReactRefresh (http://localhost:3000/_next/static/chunks/1-li_next_dist_compiled_1hfzz2n._.js:582:38)
    at applyUpdate (http://localhost:3000/_next/static/chunks/1-li_next_dist_compiled_1hfzz2n._.js:137:31)
    at http://localhost:3000/_next/static/chunks/1-li_next_dist_compiled_1hfzz2n._.js:145:13 @ chrome-extension://fmkadmapgofadopljbjfkapdkoienihi/build/installHook.js:0
[  298433ms] [ERROR] IntlError: MISSING_MESSAGE: Could not resolve `workspace.graph.settings` in messages for locale `pt-BR`.
    at getFallbackFromErrorAndNotify (http://localhost:3000/_next/static/chunks/node_modules__pnpm_0_wrnyg._.js:3900:23)
    at translateBaseFn (http://localhost:3000/_next/static/chunks/node_modules__pnpm_0_wrnyg._.js:3930:28)
    at translateFn (http://localhost:3000/_next/static/chunks/node_modules__pnpm_0_wrnyg._.js:3958:24)
    at GraphWorkspace (http://localhost:3000/_next/static/chunks/src_components_workspace-content_tsx_1i7atlc._.js?id=%255Bproject%255D/src/components/workspace-content.tsx+%255Bapp-client%255D+(ecmascript):6389:59)
    at Object.react_stack_bottom_frame (http://localhost:3000/_next/static/chunks/1-li_next_dist_compiled_react-dom_1ip2p43._.js:14894:24)
    at renderWithHooks (http://localhost:3000/_next/static/chunks/1-li_next_dist_compiled_react-dom_1ip2p43._.js:4425:24)
    at updateFunctionComponent (http://localhost:3000/_next/static/chunks/1-li_next_dist_compiled_react-dom_1ip2p43._.js:5892:21)
    at beginWork (http://localhost:3000/_next/static/chunks/1-li_next_dist_compiled_react-dom_1ip2p43._.js:6518:24)
    at runWithFiberInDEV (http://localhost:3000/_next/static/chunks/1-li_next_dist_compiled_react-dom_1ip2p43._.js:761:74)
    at performUnitOfWork (http://localhost:3000/_next/static/chunks/1-li_next_dist_compiled_react-dom_1ip2p43._.js:9385:97)
    at workLoopSync (http://localhost:3000/_next/static/chunks/1-li_next_dist_compiled_react-dom_1ip2p43._.js:9279:40)
    at renderRootSync (http://localhost:3000/_next/static/chunks/1-li_next_dist_compiled_react-dom_1ip2p43._.js:9263:13)
    at performWorkOnRoot (http://localhost:3000/_next/static/chunks/1-li_next_dist_compiled_react-dom_1ip2p43._.js:8891:186)
    at performSyncWorkOnRoot (http://localhost:3000/_next/static/chunks/1-li_next_dist_compiled_react-dom_1ip2p43._.js:10093:9)
    at flushSyncWorkAcrossRoots_impl (http://localhost:3000/_next/static/chunks/1-li_next_dist_compiled_react-dom_1ip2p43._.js:10009:316)
    at flushSyncWork$1 (http://localhost:3000/_next/static/chunks/1-li_next_dist_compiled_react-dom_1ip2p43._.js:9060:86)
    at scheduleRefresh (http://localhost:3000/_next/static/chunks/1-li_next_dist_compiled_react-dom_1ip2p43._.js:82:13)
    at S.scheduleRefresh (chrome-extension://fmkadmapgofadopljbjfkapdkoienihi/build/installHook.js:1:86461)
    at http://localhost:3000/_next/static/chunks/1-li_next_dist_compiled_1hfzz2n._.js:589:33
    at Set.forEach (<anonymous>)
    at Object.performReactRefresh (http://localhost:3000/_next/static/chunks/1-li_next_dist_compiled_1hfzz2n._.js:582:38)
    at applyUpdate (http://localhost:3000/_next/static/chunks/1-li_next_dist_compiled_1hfzz2n._.js:137:31)
    at http://localhost:3000/_next/static/chunks/1-li_next_dist_compiled_1hfzz2n._.js:145:13 @ chrome-extension://fmkadmapgofadopljbjfkapdkoienihi/build/installHook.js:0
[  298435ms] [ERROR] IntlError: MISSING_MESSAGE: Could not resolve `workspace.graph.excludeObjectTypes` in messages for locale `pt-BR`.
    at getFallbackFromErrorAndNotify (http://localhost:3000/_next/static/chunks/node_modules__pnpm_0_wrnyg._.js:3900:23)
    at translateBaseFn (http://localhost:3000/_next/static/chunks/node_modules__pnpm_0_wrnyg._.js:3930:28)
    at translateFn (http://localhost:3000/_next/static/chunks/node_modules__pnpm_0_wrnyg._.js:3958:24)
    at GraphWorkspace (http://localhost:3000/_next/static/chunks/src_components_workspace-content_tsx_1i7atlc._.js?id=%255Bproject%255D/src/components/workspace-content.tsx+%255Bapp-client%255D+(ecmascript):6416:59)
    at Object.react_stack_bottom_frame (http://localhost:3000/_next/static/chunks/1-li_next_dist_compiled_react-dom_1ip2p43._.js:14894:24)
    at renderWithHooks (http://localhost:3000/_next/static/chunks/1-li_next_dist_compiled_react-dom_1ip2p43._.js:4425:24)
    at updateFunctionComponent (http://localhost:3000/_next/static/chunks/1-li_next_dist_compiled_react-dom_1ip2p43._.js:5892:21)
    at beginWork (http://localhost:3000/_next/static/chunks/1-li_next_dist_compiled_react-dom_1ip2p43._.js:6518:24)
    at runWithFiberInDEV (http://localhost:3000/_next/static/chunks/1-li_next_dist_compiled_react-dom_1ip2p43._.js:761:74)
    at performUnitOfWork (http://localhost:3000/_next/static/chunks/1-li_next_dist_compiled_react-dom_1ip2p43._.js:9385:97)
    at workLoopSync (http://localhost:3000/_next/static/chunks/1-li_next_dist_compiled_react-dom_1ip2p43._.js:9279:40)
    at renderRootSync (http://localhost:3000/_next/static/chunks/1-li_next_dist_compiled_react-dom_1ip2p43._.js:9263:13)
    at performWorkOnRoot (http://localhost:3000/_next/static/chunks/1-li_next_dist_compiled_react-dom_1ip2p43._.js:8891:186)
    at performSyncWorkOnRoot (http://localhost:3000/_next/static/chunks/1-li_next_dist_compiled_react-dom_1ip2p43._.js:10093:9)
    at flushSyncWorkAcrossRoots_impl (http://localhost:3000/_next/static/chunks/1-li_next_dist_compiled_react-dom_1ip2p43._.js:10009:316)
    at flushSyncWork$1 (http://localhost:3000/_next/static/chunks/1-li_next_dist_compiled_react-dom_1ip2p43._.js:9060:86)
    at scheduleRefresh (http://localhost:3000/_next/static/chunks/1-li_next_dist_compiled_react-dom_1ip2p43._.js:82:13)
    at S.scheduleRefresh (chrome-extension://fmkadmapgofadopljbjfkapdkoienihi/build/installHook.js:1:86461)
    at http://localhost:3000/_next/static/chunks/1-li_next_dist_compiled_1hfzz2n._.js:589:33
    at Set.forEach (<anonymous>)
    at Object.performReactRefresh (http://localhost:3000/_next/static/chunks/1-li_next_dist_compiled_1hfzz2n._.js:582:38)
    at applyUpdate (http://localhost:3000/_next/static/chunks/1-li_next_dist_compiled_1hfzz2n._.js:137:31)
    at http://localhost:3000/_next/static/chunks/1-li_next_dist_compiled_1hfzz2n._.js:145:13 @ chrome-extension://fmkadmapgofadopljbjfkapdkoienihi/build/installHook.js:0
[  298437ms] [ERROR] IntlError: MISSING_MESSAGE: Could not resolve `workspace.graph.completedTasks` in messages for locale `pt-BR`.
    at getFallbackFromErrorAndNotify (http://localhost:3000/_next/static/chunks/node_modules__pnpm_0_wrnyg._.js:3900:23)
    at translateBaseFn (http://localhost:3000/_next/static/chunks/node_modules__pnpm_0_wrnyg._.js:3930:28)
    at translateFn (http://localhost:3000/_next/static/chunks/node_modules__pnpm_0_wrnyg._.js:3958:24)
    at eval (http://localhost:3000/_next/static/chunks/src_components_workspace-content_tsx_1i7atlc._.js?id=%255Bproject%255D/src/components/workspace-content.tsx+%255Bapp-client%255D+(ecmascript):6443:71)
    at Array.map (<anonymous>)
    at GraphWorkspace (http://localhost:3000/_next/static/chunks/src_components_workspace-content_tsx_1i7atlc._.js?id=%255Bproject%255D/src/components/workspace-content.tsx+%255Bapp-client%255D+(ecmascript):6439:47)
    at Object.react_stack_bottom_frame (http://localhost:3000/_next/static/chunks/1-li_next_dist_compiled_react-dom_1ip2p43._.js:14894:24)
    at renderWithHooks (http://localhost:3000/_next/static/chunks/1-li_next_dist_compiled_react-dom_1ip2p43._.js:4425:24)
    at updateFunctionComponent (http://localhost:3000/_next/static/chunks/1-li_next_dist_compiled_react-dom_1ip2p43._.js:5892:21)
    at beginWork (http://localhost:3000/_next/static/chunks/1-li_next_dist_compiled_react-dom_1ip2p43._.js:6518:24)
    at runWithFiberInDEV (http://localhost:3000/_next/static/chunks/1-li_next_dist_compiled_react-dom_1ip2p43._.js:761:74)
    at performUnitOfWork (http://localhost:3000/_next/static/chunks/1-li_next_dist_compiled_react-dom_1ip2p43._.js:9385:97)
    at workLoopSync (http://localhost:3000/_next/static/chunks/1-li_next_dist_compiled_react-dom_1ip2p43._.js:9279:40)
    at renderRootSync (http://localhost:3000/_next/static/chunks/1-li_next_dist_compiled_react-dom_1ip2p43._.js:9263:13)
    at performWorkOnRoot (http://localhost:3000/_next/static/chunks/1-li_next_dist_compiled_react-dom_1ip2p43._.js:8891:186)
    at performSyncWorkOnRoot (http://localhost:3000/_next/static/chunks/1-li_next_dist_compiled_react-dom_1ip2p43._.js:10093:9)
    at flushSyncWorkAcrossRoots_impl (http://localhost:3000/_next/static/chunks/1-li_next_dist_compiled_react-dom_1ip2p43._.js:10009:316)
    at flushSyncWork$1 (http://localhost:3000/_next/static/chunks/1-li_next_dist_compiled_react-dom_1ip2p43._.js:9060:86)
    at scheduleRefresh (http://localhost:3000/_next/static/chunks/1-li_next_dist_compiled_react-dom_1ip2p43._.js:82:13)
    at S.scheduleRefresh (chrome-extension://fmkadmapgofadopljbjfkapdkoienihi/build/installHook.js:1:86461)
    at http://localhost:3000/_next/static/chunks/1-li_next_dist_compiled_1hfzz2n._.js:589:33
    at Set.forEach (<anonymous>)
    at Object.performReactRefresh (http://localhost:3000/_next/static/chunks/1-li_next_dist_compiled_1hfzz2n._.js:582:38)
    at applyUpdate (http://localhost:3000/_next/static/chunks/1-li_next_dist_compiled_1hfzz2n._.js:137:31)
    at http://localhost:3000/_next/static/chunks/1-li_next_dist_compiled_1hfzz2n._.js:145:13 @ chrome-extension://fmkadmapgofadopljbjfkapdkoienihi/build/installHook.js:0
[  298438ms] [ERROR] IntlError: MISSING_MESSAGE: Could not resolve `workspace.graph.highLinkObjects` in messages for locale `pt-BR`.
    at getFallbackFromErrorAndNotify (http://localhost:3000/_next/static/chunks/node_modules__pnpm_0_wrnyg._.js:3900:23)
    at translateBaseFn (http://localhost:3000/_next/static/chunks/node_modules__pnpm_0_wrnyg._.js:3930:28)
    at translateFn (http://localhost:3000/_next/static/chunks/node_modules__pnpm_0_wrnyg._.js:3958:24)
    at eval (http://localhost:3000/_next/static/chunks/src_components_workspace-content_tsx_1i7atlc._.js?id=%255Bproject%255D/src/components/workspace-content.tsx+%255Bapp-client%255D+(ecmascript):6443:71)
    at Array.map (<anonymous>)
    at GraphWorkspace (http://localhost:3000/_next/static/chunks/src_components_workspace-content_tsx_1i7atlc._.js?id=%255Bproject%255D/src/components/workspace-content.tsx+%255Bapp-client%255D+(ecmascript):6439:47)
    at Object.react_stack_bottom_frame (http://localhost:3000/_next/static/chunks/1-li_next_dist_compiled_react-dom_1ip2p43._.js:14894:24)
    at renderWithHooks (http://localhost:3000/_next/static/chunks/1-li_next_dist_compiled_react-dom_1ip2p43._.js:4425:24)
    at updateFunctionComponent (http://localhost:3000/_next/static/chunks/1-li_next_dist_compiled_react-dom_1ip2p43._.js:5892:21)
    at beginWork (http://localhost:3000/_next/static/chunks/1-li_next_dist_compiled_react-dom_1ip2p43._.js:6518:24)
    at runWithFiberInDEV (http://localhost:3000/_next/static/chunks/1-li_next_dist_compiled_react-dom_1ip2p43._.js:761:74)
    at performUnitOfWork (http://localhost:3000/_next/static/chunks/1-li_next_dist_compiled_react-dom_1ip2p43._.js:9385:97)
    at workLoopSync (http://localhost:3000/_next/static/chunks/1-li_next_dist_compiled_react-dom_1ip2p43._.js:9279:40)
    at renderRootSync (http://localhost:3000/_next/static/chunks/1-li_next_dist_compiled_react-dom_1ip2p43._.js:9263:13)
    at performWorkOnRoot (http://localhost:3000/_next/static/chunks/1-li_next_dist_compiled_react-dom_1ip2p43._.js:8891:186)
    at performSyncWorkOnRoot (http://localhost:3000/_next/static/chunks/1-li_next_dist_compiled_react-dom_1ip2p43._.js:10093:9)
    at flushSyncWorkAcrossRoots_impl (http://localhost:3000/_next/static/chunks/1-li_next_dist_compiled_react-dom_1ip2p43._.js:10009:316)
    at flushSyncWork$1 (http://localhost:3000/_next/static/chunks/1-li_next_dist_compiled_react-dom_1ip2p43._.js:9060:86)
    at scheduleRefresh (http://localhost:3000/_next/static/chunks/1-li_next_dist_compiled_react-dom_1ip2p43._.js:82:13)
    at S.scheduleRefresh (chrome-extension://fmkadmapgofadopljbjfkapdkoienihi/build/installHook.js:1:86461)
    at http://localhost:3000/_next/static/chunks/1-li_next_dist_compiled_1hfzz2n._.js:589:33
    at Set.forEach (<anonymous>)
    at Object.performReactRefresh (http://localhost:3000/_next/static/chunks/1-li_next_dist_compiled_1hfzz2n._.js:582:38)
    at applyUpdate (http://localhost:3000/_next/static/chunks/1-li_next_dist_compiled_1hfzz2n._.js:137:31)
    at http://localhost:3000/_next/static/chunks/1-li_next_dist_compiled_1hfzz2n._.js:145:13 @ chrome-extension://fmkadmapgofadopljbjfkapdkoienihi/build/installHook.js:0
[  298440ms] [ERROR] IntlError: MISSING_MESSAGE: Could not resolve `workspace.graph.dates` in messages for locale `pt-BR`.
    at getFallbackFromErrorAndNotify (http://localhost:3000/_next/static/chunks/node_modules__pnpm_0_wrnyg._.js:3900:23)
    at translateBaseFn (http://localhost:3000/_next/static/chunks/node_modules__pnpm_0_wrnyg._.js:3930:28)
    at translateFn (http://localhost:3000/_next/static/chunks/node_modules__pnpm_0_wrnyg._.js:3958:24)
    at eval (http://localhost:3000/_next/static/chunks/src_components_workspace-content_tsx_1i7atlc._.js?id=%255Bproject%255D/src/components/workspace-content.tsx+%255Bapp-client%255D+(ecmascript):6443:71)
    at Array.map (<anonymous>)
    at GraphWorkspace (http://localhost:3000/_next/static/chunks/src_components_workspace-content_tsx_1i7atlc._.js?id=%255Bproject%255D/src/components/workspace-content.tsx+%255Bapp-client%255D+(ecmascript):6439:47)
    at Object.react_stack_bottom_frame (http://localhost:3000/_next/static/chunks/1-li_next_dist_compiled_react-dom_1ip2p43._.js:14894:24)
    at renderWithHooks (http://localhost:3000/_next/static/chunks/1-li_next_dist_compiled_react-dom_1ip2p43._.js:4425:24)
    at updateFunctionComponent (http://localhost:3000/_next/static/chunks/1-li_next_dist_compiled_react-dom_1ip2p43._.js:5892:21)
    at beginWork (http://localhost:3000/_next/static/chunks/1-li_next_dist_compiled_react-dom_1ip2p43._.js:6518:24)
    at runWithFiberInDEV (http://localhost:3000/_next/static/chunks/1-li_next_dist_compiled_react-dom_1ip2p43._.js:761:74)
    at performUnitOfWork (http://localhost:3000/_next/static/chunks/1-li_next_dist_compiled_react-dom_1ip2p43._.js:9385:97)
    at workLoopSync (http://localhost:3000/_next/static/chunks/1-li_next_dist_compiled_react-dom_1ip2p43._.js:9279:40)
    at renderRootSync (http://localhost:3000/_next/static/chunks/1-li_next_dist_compiled_react-dom_1ip2p43._.js:9263:13)
    at performWorkOnRoot (http://localhost:3000/_next/static/chunks/1-li_next_dist_compiled_react-dom_1ip2p43._.js:8891:186)
    at performSyncWorkOnRoot (http://localhost:3000/_next/static/chunks/1-li_next_dist_compiled_react-dom_1ip2p43._.js:10093:9)
    at flushSyncWorkAcrossRoots_impl (http://localhost:3000/_next/static/chunks/1-li_next_dist_compiled_react-dom_1ip2p43._.js:10009:316)
    at flushSyncWork$1 (http://localhost:3000/_next/static/chunks/1-li_next_dist_compiled_react-dom_1ip2p43._.js:9060:86)
    at scheduleRefresh (http://localhost:3000/_next/static/chunks/1-li_next_dist_compiled_react-dom_1ip2p43._.js:82:13)
    at S.scheduleRefresh (chrome-extension://fmkadmapgofadopljbjfkapdkoienihi/build/installHook.js:1:86461)
    at http://localhost:3000/_next/static/chunks/1-li_next_dist_compiled_1hfzz2n._.js:589:33
    at Set.forEach (<anonymous>)
    at Object.performReactRefresh (http://localhost:3000/_next/static/chunks/1-li_next_dist_compiled_1hfzz2n._.js:582:38)
    at applyUpdate (http://localhost:3000/_next/static/chunks/1-li_next_dist_compiled_1hfzz2n._.js:137:31)
    at http://localhost:3000/_next/static/chunks/1-li_next_dist_compiled_1hfzz2n._.js:145:13 @ chrome-extension://fmkadmapgofadopljbjfkapdkoienihi/build/installHook.js:0
[  298442ms] [ERROR] IntlError: MISSING_MESSAGE: Could not resolve `workspace.graph.simplified` in messages for locale `pt-BR`.
    at getFallbackFromErrorAndNotify (http://localhost:3000/_next/static/chunks/node_modules__pnpm_0_wrnyg._.js:3900:23)
    at translateBaseFn (http://localhost:3000/_next/static/chunks/node_modules__pnpm_0_wrnyg._.js:3930:28)
    at translateFn (http://localhost:3000/_next/static/chunks/node_modules__pnpm_0_wrnyg._.js:3958:24)
    at eval (http://localhost:3000/_next/static/chunks/src_components_workspace-content_tsx_1i7atlc._.js?id=%255Bproject%255D/src/components/workspace-content.tsx+%255Bapp-client%255D+(ecmascript):6443:71)
    at Array.map (<anonymous>)
    at GraphWorkspace (http://localhost:3000/_next/static/chunks/src_components_workspace-content_tsx_1i7atlc._.js?id=%255Bproject%255D/src/components/workspace-content.tsx+%255Bapp-client%255D+(ecmascript):6439:47)
    at Object.react_stack_bottom_frame (http://localhost:3000/_next/static/chunks/1-li_next_dist_compiled_react-dom_1ip2p43._.js:14894:24)
    at renderWithHooks (http://localhost:3000/_next/static/chunks/1-li_next_dist_compiled_react-dom_1ip2p43._.js:4425:24)
    at updateFunctionComponent (http://localhost:3000/_next/static/chunks/1-li_next_dist_compiled_react-dom_1ip2p43._.js:5892:21)
    at beginWork (http://localhost:3000/_next/static/chunks/1-li_next_dist_compiled_react-dom_1ip2p43._.js:6518:24)
    at runWithFiberInDEV (http://localhost:3000/_next/static/chunks/1-li_next_dist_compiled_react-dom_1ip2p43._.js:761:74)
    at performUnitOfWork (http://localhost:3000/_next/static/chunks/1-li_next_dist_compiled_react-dom_1ip2p43._.js:9385:97)
    at workLoopSync (http://localhost:3000/_next/static/chunks/1-li_next_dist_compiled_react-dom_1ip2p43._.js:9279:40)
    at renderRootSync (http://localhost:3000/_next/static/chunks/1-li_next_dist_compiled_react-dom_1ip2p43._.js:9263:13)
    at performWorkOnRoot (http://localhost:3000/_next/static/chunks/1-li_next_dist_compiled_react-dom_1ip2p43._.js:8891:186)
    at performSyncWorkOnRoot (http://localhost:3000/_next/static/chunks/1-li_next_dist_compiled_react-dom_1ip2p43._.js:10093:9)
    at flushSyncWorkAcrossRoots_impl (http://localhost:3000/_next/static/chunks/1-li_next_dist_compiled_react-dom_1ip2p43._.js:10009:316)
    at flushSyncWork$1 (http://localhost:3000/_next/static/chunks/1-li_next_dist_compiled_react-dom_1ip2p43._.js:9060:86)
    at scheduleRefresh (http://localhost:3000/_next/static/chunks/1-li_next_dist_compiled_react-dom_1ip2p43._.js:82:13)
    at S.scheduleRefresh (chrome-extension://fmkadmapgofadopljbjfkapdkoienihi/build/installHook.js:1:86461)
    at http://localhost:3000/_next/static/chunks/1-li_next_dist_compiled_1hfzz2n._.js:589:33
    at Set.forEach (<anonymous>)
    at Object.performReactRefresh (http://localhost:3000/_next/static/chunks/1-li_next_dist_compiled_1hfzz2n._.js:582:38)
    at applyUpdate (http://localhost:3000/_next/static/chunks/1-li_next_dist_compiled_1hfzz2n._.js:137:31)
    at http://localhost:3000/_next/static/chunks/1-li_next_dist_compiled_1hfzz2n._.js:145:13 @ chrome-extension://fmkadmapgofadopljbjfkapdkoienihi/build/installHook.js:0
[  298445ms] [ERROR] IntlError: MISSING_MESSAGE: Could not resolve `workspace.graph.fit` in messages for locale `pt-BR`.
    at getFallbackFromErrorAndNotify (http://localhost:3000/_next/static/chunks/node_modules__pnpm_0_wrnyg._.js:3900:23)
    at translateBaseFn (http://localhost:3000/_next/static/chunks/node_modules__pnpm_0_wrnyg._.js:3930:28)
    at translateFn (http://localhost:3000/_next/static/chunks/node_modules__pnpm_0_wrnyg._.js:3958:24)
    at GraphWorkspace (http://localhost:3000/_next/static/chunks/src_components_workspace-content_tsx_1i7atlc._.js?id=%255Bproject%255D/src/components/workspace-content.tsx+%255Bapp-client%255D+(ecmascript):6479:47)
    at Object.react_stack_bottom_frame (http://localhost:3000/_next/static/chunks/1-li_next_dist_compiled_react-dom_1ip2p43._.js:14894:24)
    at renderWithHooks (http://localhost:3000/_next/static/chunks/1-li_next_dist_compiled_react-dom_1ip2p43._.js:4425:24)
    at updateFunctionComponent (http://localhost:3000/_next/static/chunks/1-li_next_dist_compiled_react-dom_1ip2p43._.js:5892:21)
    at beginWork (http://localhost:3000/_next/static/chunks/1-li_next_dist_compiled_react-dom_1ip2p43._.js:6518:24)
    at runWithFiberInDEV (http://localhost:3000/_next/static/chunks/1-li_next_dist_compiled_react-dom_1ip2p43._.js:761:74)
    at performUnitOfWork (http://localhost:3000/_next/static/chunks/1-li_next_dist_compiled_react-dom_1ip2p43._.js:9385:97)
    at workLoopSync (http://localhost:3000/_next/static/chunks/1-li_next_dist_compiled_react-dom_1ip2p43._.js:9279:40)
    at renderRootSync (http://localhost:3000/_next/static/chunks/1-li_next_dist_compiled_react-dom_1ip2p43._.js:9263:13)
    at performWorkOnRoot (http://localhost:3000/_next/static/chunks/1-li_next_dist_compiled_react-dom_1ip2p43._.js:8891:186)
    at performSyncWorkOnRoot (http://localhost:3000/_next/static/chunks/1-li_next_dist_compiled_react-dom_1ip2p43._.js:10093:9)
    at flushSyncWorkAcrossRoots_impl (http://localhost:3000/_next/static/chunks/1-li_next_dist_compiled_react-dom_1ip2p43._.js:10009:316)
    at flushSyncWork$1 (http://localhost:3000/_next/static/chunks/1-li_next_dist_compiled_react-dom_1ip2p43._.js:9060:86)
    at scheduleRefresh (http://localhost:3000/_next/static/chunks/1-li_next_dist_compiled_react-dom_1ip2p43._.js:82:13)
    at S.scheduleRefresh (chrome-extension://fmkadmapgofadopljbjfkapdkoienihi/build/installHook.js:1:86461)
    at http://localhost:3000/_next/static/chunks/1-li_next_dist_compiled_1hfzz2n._.js:589:33
    at Set.forEach (<anonymous>)
    at Object.performReactRefresh (http://localhost:3000/_next/static/chunks/1-li_next_dist_compiled_1hfzz2n._.js:582:38)
    at applyUpdate (http://localhost:3000/_next/static/chunks/1-li_next_dist_compiled_1hfzz2n._.js:137:31)
    at http://localhost:3000/_next/static/chunks/1-li_next_dist_compiled_1hfzz2n._.js:145:13 @ chrome-extension://fmkadmapgofadopljbjfkapdkoienihi/build/installHook.js:0
[  298450ms] [ERROR] IntlError: MISSING_MESSAGE: Could not resolve `workspace.graph.zoomOut` in messages for locale `pt-BR`.
    at getFallbackFromErrorAndNotify (http://localhost:3000/_next/static/chunks/node_modules__pnpm_0_wrnyg._.js:3900:23)
    at translateBaseFn (http://localhost:3000/_next/static/chunks/node_modules__pnpm_0_wrnyg._.js:3930:28)
    at translateFn (http://localhost:3000/_next/static/chunks/node_modules__pnpm_0_wrnyg._.js:3958:24)
    at GraphWorkspace (http://localhost:3000/_next/static/chunks/src_components_workspace-content_tsx_1i7atlc._.js?id=%255Bproject%255D/src/components/workspace-content.tsx+%255Bapp-client%255D+(ecmascript):6496:47)
    at Object.react_stack_bottom_frame (http://localhost:3000/_next/static/chunks/1-li_next_dist_compiled_react-dom_1ip2p43._.js:14894:24)
    at renderWithHooks (http://localhost:3000/_next/static/chunks/1-li_next_dist_compiled_react-dom_1ip2p43._.js:4425:24)
    at updateFunctionComponent (http://localhost:3000/_next/static/chunks/1-li_next_dist_compiled_react-dom_1ip2p43._.js:5892:21)
    at beginWork (http://localhost:3000/_next/static/chunks/1-li_next_dist_compiled_react-dom_1ip2p43._.js:6518:24)
    at runWithFiberInDEV (http://localhost:3000/_next/static/chunks/1-li_next_dist_compiled_react-dom_1ip2p43._.js:761:74)
    at performUnitOfWork (http://localhost:3000/_next/static/chunks/1-li_next_dist_compiled_react-dom_1ip2p43._.js:9385:97)
    at workLoopSync (http://localhost:3000/_next/static/chunks/1-li_next_dist_compiled_react-dom_1ip2p43._.js:9279:40)
    at renderRootSync (http://localhost:3000/_next/static/chunks/1-li_next_dist_compiled_react-dom_1ip2p43._.js:9263:13)
    at performWorkOnRoot (http://localhost:3000/_next/static/chunks/1-li_next_dist_compiled_react-dom_1ip2p43._.js:8891:186)
    at performSyncWorkOnRoot (http://localhost:3000/_next/static/chunks/1-li_next_dist_compiled_react-dom_1ip2p43._.js:10093:9)
    at flushSyncWorkAcrossRoots_impl (http://localhost:3000/_next/static/chunks/1-li_next_dist_compiled_react-dom_1ip2p43._.js:10009:316)
    at flushSyncWork$1 (http://localhost:3000/_next/static/chunks/1-li_next_dist_compiled_react-dom_1ip2p43._.js:9060:86)
    at scheduleRefresh (http://localhost:3000/_next/static/chunks/1-li_next_dist_compiled_react-dom_1ip2p43._.js:82:13)
    at S.scheduleRefresh (chrome-extension://fmkadmapgofadopljbjfkapdkoienihi/build/installHook.js:1:86461)
    at http://localhost:3000/_next/static/chunks/1-li_next_dist_compiled_1hfzz2n._.js:589:33
    at Set.forEach (<anonymous>)
    at Object.performReactRefresh (http://localhost:3000/_next/static/chunks/1-li_next_dist_compiled_1hfzz2n._.js:582:38)
    at applyUpdate (http://localhost:3000/_next/static/chunks/1-li_next_dist_compiled_1hfzz2n._.js:137:31)
    at http://localhost:3000/_next/static/chunks/1-li_next_dist_compiled_1hfzz2n._.js:145:13 @ chrome-extension://fmkadmapgofadopljbjfkapdkoienihi/build/installHook.js:0
[  298453ms] [ERROR] IntlError: MISSING_MESSAGE: Could not resolve `workspace.graph.zoomIn` in messages for locale `pt-BR`.
    at getFallbackFromErrorAndNotify (http://localhost:3000/_next/static/chunks/node_modules__pnpm_0_wrnyg._.js:3900:23)
    at translateBaseFn (http://localhost:3000/_next/static/chunks/node_modules__pnpm_0_wrnyg._.js:3930:28)
    at translateFn (http://localhost:3000/_next/static/chunks/node_modules__pnpm_0_wrnyg._.js:3958:24)
    at GraphWorkspace (http://localhost:3000/_next/static/chunks/src_components_workspace-content_tsx_1i7atlc._.js?id=%255Bproject%255D/src/components/workspace-content.tsx+%255Bapp-client%255D+(ecmascript):6513:47)
    at Object.react_stack_bottom_frame (http://localhost:3000/_next/static/chunks/1-li_next_dist_compiled_react-dom_1ip2p43._.js:14894:24)
    at renderWithHooks (http://localhost:3000/_next/static/chunks/1-li_next_dist_compiled_react-dom_1ip2p43._.js:4425:24)
    at updateFunctionComponent (http://localhost:3000/_next/static/chunks/1-li_next_dist_compiled_react-dom_1ip2p43._.js:5892:21)
    at beginWork (http://localhost:3000/_next/static/chunks/1-li_next_dist_compiled_react-dom_1ip2p43._.js:6518:24)
    at runWithFiberInDEV (http://localhost:3000/_next/static/chunks/1-li_next_dist_compiled_react-dom_1ip2p43._.js:761:74)
    at performUnitOfWork (http://localhost:3000/_next/static/chunks/1-li_next_dist_compiled_react-dom_1ip2p43._.js:9385:97)
    at workLoopSync (http://localhost:3000/_next/static/chunks/1-li_next_dist_compiled_react-dom_1ip2p43._.js:9279:40)
    at renderRootSync (http://localhost:3000/_next/static/chunks/1-li_next_dist_compiled_react-dom_1ip2p43._.js:9263:13)
    at performWorkOnRoot (http://localhost:3000/_next/static/chunks/1-li_next_dist_compiled_react-dom_1ip2p43._.js:8891:186)
    at performSyncWorkOnRoot (http://localhost:3000/_next/static/chunks/1-li_next_dist_compiled_react-dom_1ip2p43._.js:10093:9)
    at flushSyncWorkAcrossRoots_impl (http://localhost:3000/_next/static/chunks/1-li_next_dist_compiled_react-dom_1ip2p43._.js:10009:316)
    at flushSyncWork$1 (http://localhost:3000/_next/static/chunks/1-li_next_dist_compiled_react-dom_1ip2p43._.js:9060:86)
    at scheduleRefresh (http://localhost:3000/_next/static/chunks/1-li_next_dist_compiled_react-dom_1ip2p43._.js:82:13)
    at S.scheduleRefresh (chrome-extension://fmkadmapgofadopljbjfkapdkoienihi/build/installHook.js:1:86461)
    at http://localhost:3000/_next/static/chunks/1-li_next_dist_compiled_1hfzz2n._.js:589:33
    at Set.forEach (<anonymous>)
    at Object.performReactRefresh (http://localhost:3000/_next/static/chunks/1-li_next_dist_compiled_1hfzz2n._.js:582:38)
    at applyUpdate (http://localhost:3000/_next/static/chunks/1-li_next_dist_compiled_1hfzz2n._.js:137:31)
    at http://localhost:3000/_next/static/chunks/1-li_next_dist_compiled_1hfzz2n._.js:145:13 @ chrome-extension://fmkadmapgofadopljbjfkapdkoienihi/build/installHook.js:0
[  298456ms] [ERROR] [2;38;2;124;124;124m%s[0m Error: MISSING_MESSAGE: Could not resolve `workspace.graph.showLess` in messages for locale `pt-BR`. @ chrome-extension://fmkadmapgofadopljbjfkapdkoienihi/build/installHook.js:0
[  298460ms] [ERROR] [2;38;2;124;124;124m%s[0m Error: MISSING_MESSAGE: Could not resolve `workspace.graph.showLess` in messages for locale `pt-BR`. @ chrome-extension://fmkadmapgofadopljbjfkapdkoienihi/build/installHook.js:0
[  298463ms] [ERROR] [2;38;2;124;124;124m%s[0m Error: MISSING_MESSAGE: Could not resolve `workspace.graph.showMore` in messages for locale `pt-BR`. @ chrome-extension://fmkadmapgofadopljbjfkapdkoienihi/build/installHook.js:0
[  298466ms] [ERROR] [2;38;2;124;124;124m%s[0m Error: MISSING_MESSAGE: Could not resolve `workspace.graph.showMore` in messages for locale `pt-BR`. @ chrome-extension://fmkadmapgofadopljbjfkapdkoienihi/build/installHook.js:0
[  298469ms] [ERROR] [2;38;2;124;124;124m%s[0m Error: MISSING_MESSAGE: Could not resolve `workspace.graph.settings` in messages for locale `pt-BR`. @ chrome-extension://fmkadmapgofadopljbjfkapdkoienihi/build/installHook.js:0
[  298471ms] [ERROR] [2;38;2;124;124;124m%s[0m Error: MISSING_MESSAGE: Could not resolve `workspace.graph.excludeObjectTypes` in messages for locale `pt-BR`. @ chrome-extension://fmkadmapgofadopljbjfkapdkoienihi/build/installHook.js:0
[  298475ms] [ERROR] [2;38;2;124;124;124m%s[0m Error: MISSING_MESSAGE: Could not resolve `workspace.graph.completedTasks` in messages for locale `pt-BR`. @ chrome-extension://fmkadmapgofadopljbjfkapdkoienihi/build/installHook.js:0
[  298479ms] [ERROR] [2;38;2;124;124;124m%s[0m Error: MISSING_MESSAGE: Could not resolve `workspace.graph.highLinkObjects` in messages for locale `pt-BR`. @ chrome-extension://fmkadmapgofadopljbjfkapdkoienihi/build/installHook.js:0
[  298481ms] [ERROR] [2;38;2;124;124;124m%s[0m Error: MISSING_MESSAGE: Could not resolve `workspace.graph.dates` in messages for locale `pt-BR`. @ chrome-extension://fmkadmapgofadopljbjfkapdkoienihi/build/installHook.js:0
[  298483ms] [ERROR] [2;38;2;124;124;124m%s[0m Error: MISSING_MESSAGE: Could not resolve `workspace.graph.simplified` in messages for locale `pt-BR`. @ chrome-extension://fmkadmapgofadopljbjfkapdkoienihi/build/installHook.js:0
[  298486ms] [ERROR] [2;38;2;124;124;124m%s[0m Error: MISSING_MESSAGE: Could not resolve `workspace.graph.fit` in messages for locale `pt-BR`. @ chrome-extension://fmkadmapgofadopljbjfkapdkoienihi/build/installHook.js:0
[  298488ms] [ERROR] [2;38;2;124;124;124m%s[0m Error: MISSING_MESSAGE: Could not resolve `workspace.graph.zoomOut` in messages for locale `pt-BR`. @ chrome-extension://fmkadmapgofadopljbjfkapdkoienihi/build/installHook.js:0
[  298491ms] [ERROR] [2;38;2;124;124;124m%s[0m Error: MISSING_MESSAGE: Could not resolve `workspace.graph.zoomIn` in messages for locale `pt-BR`. @ chrome-extension://fmkadmapgofadopljbjfkapdkoienihi/build/installHook.js:0
[  298767ms] [LOG] [Fast Refresh] done in 1960ms @ http://localhost:3000/_next/static/chunks/1-li_next_dist_0it2jl7._.js:776
[  300334ms] [ERROR] IntlError: MISSING_MESSAGE: Could not resolve `workspace.graph.showLess` in messages for locale `pt-BR`.
    at getFallbackFromErrorAndNotify (http://localhost:3000/_next/static/chunks/node_modules__pnpm_0_wrnyg._.js:3900:23)
    at translateBaseFn (http://localhost:3000/_next/static/chunks/node_modules__pnpm_0_wrnyg._.js:3930:28)
    at translateFn (http://localhost:3000/_next/static/chunks/node_modules__pnpm_0_wrnyg._.js:3958:24)
    at GraphWorkspace (http://localhost:3000/_next/static/chunks/src_components_workspace-content_tsx_1i7atlc._.js?id=%255Bproject%255D/src/components/workspace-content.tsx+%255Bapp-client%255D+(ecmascript):6335:47)
    at Object.react_stack_bottom_frame (http://localhost:3000/_next/static/chunks/1-li_next_dist_compiled_react-dom_1ip2p43._.js:14894:24)
    at renderWithHooks (http://localhost:3000/_next/static/chunks/1-li_next_dist_compiled_react-dom_1ip2p43._.js:4425:24)
    at updateFunctionComponent (http://localhost:3000/_next/static/chunks/1-li_next_dist_compiled_react-dom_1ip2p43._.js:5892:21)
    at beginWork (http://localhost:3000/_next/static/chunks/1-li_next_dist_compiled_react-dom_1ip2p43._.js:6518:24)
    at runWithFiberInDEV (http://localhost:3000/_next/static/chunks/1-li_next_dist_compiled_react-dom_1ip2p43._.js:761:74)
    at performUnitOfWork (http://localhost:3000/_next/static/chunks/1-li_next_dist_compiled_react-dom_1ip2p43._.js:9385:97)
    at workLoopConcurrentByScheduler (http://localhost:3000/_next/static/chunks/1-li_next_dist_compiled_react-dom_1ip2p43._.js:9381:58)
    at renderRootConcurrent (http://localhost:3000/_next/static/chunks/1-li_next_dist_compiled_react-dom_1ip2p43._.js:9364:71)
    at performWorkOnRoot (http://localhost:3000/_next/static/chunks/1-li_next_dist_compiled_react-dom_1ip2p43._.js:8891:150)
    at performWorkOnRootViaSchedulerTask (http://localhost:3000/_next/static/chunks/1-li_next_dist_compiled_react-dom_1ip2p43._.js:10085:9)
    at MessagePort.performWorkUntilDeadline (http://localhost:3000/_next/static/chunks/1-li_next_dist_compiled_1hfzz2n._.js:2647:64) @ chrome-extension://fmkadmapgofadopljbjfkapdkoienihi/build/installHook.js:0
[  300337ms] [ERROR] IntlError: MISSING_MESSAGE: Could not resolve `workspace.graph.showLess` in messages for locale `pt-BR`.
    at getFallbackFromErrorAndNotify (http://localhost:3000/_next/static/chunks/node_modules__pnpm_0_wrnyg._.js:3900:23)
    at translateBaseFn (http://localhost:3000/_next/static/chunks/node_modules__pnpm_0_wrnyg._.js:3930:28)
    at translateFn (http://localhost:3000/_next/static/chunks/node_modules__pnpm_0_wrnyg._.js:3958:24)
    at GraphWorkspace (http://localhost:3000/_next/static/chunks/src_components_workspace-content_tsx_1i7atlc._.js?id=%255Bproject%255D/src/components/workspace-content.tsx+%255Bapp-client%255D+(ecmascript):6346:37)
    at Object.react_stack_bottom_frame (http://localhost:3000/_next/static/chunks/1-li_next_dist_compiled_react-dom_1ip2p43._.js:14894:24)
    at renderWithHooks (http://localhost:3000/_next/static/chunks/1-li_next_dist_compiled_react-dom_1ip2p43._.js:4425:24)
    at updateFunctionComponent (http://localhost:3000/_next/static/chunks/1-li_next_dist_compiled_react-dom_1ip2p43._.js:5892:21)
    at beginWork (http://localhost:3000/_next/static/chunks/1-li_next_dist_compiled_react-dom_1ip2p43._.js:6518:24)
    at runWithFiberInDEV (http://localhost:3000/_next/static/chunks/1-li_next_dist_compiled_react-dom_1ip2p43._.js:761:74)
    at performUnitOfWork (http://localhost:3000/_next/static/chunks/1-li_next_dist_compiled_react-dom_1ip2p43._.js:9385:97)
    at workLoopConcurrentByScheduler (http://localhost:3000/_next/static/chunks/1-li_next_dist_compiled_react-dom_1ip2p43._.js:9381:58)
    at renderRootConcurrent (http://localhost:3000/_next/static/chunks/1-li_next_dist_compiled_react-dom_1ip2p43._.js:9364:71)
    at performWorkOnRoot (http://localhost:3000/_next/static/chunks/1-li_next_dist_compiled_react-dom_1ip2p43._.js:8891:150)
    at performWorkOnRootViaSchedulerTask (http://localhost:3000/_next/static/chunks/1-li_next_dist_compiled_react-dom_1ip2p43._.js:10085:9)
    at MessagePort.performWorkUntilDeadline (http://localhost:3000/_next/static/chunks/1-li_next_dist_compiled_1hfzz2n._.js:2647:64) @ chrome-extension://fmkadmapgofadopljbjfkapdkoienihi/build/installHook.js:0
[  300342ms] [ERROR] IntlError: MISSING_MESSAGE: Could not resolve `workspace.graph.showMore` in messages for locale `pt-BR`.
    at getFallbackFromErrorAndNotify (http://localhost:3000/_next/static/chunks/node_modules__pnpm_0_wrnyg._.js:3900:23)
    at translateBaseFn (http://localhost:3000/_next/static/chunks/node_modules__pnpm_0_wrnyg._.js:3930:28)
    at translateFn (http://localhost:3000/_next/static/chunks/node_modules__pnpm_0_wrnyg._.js:3958:24)
    at GraphWorkspace (http://localhost:3000/_next/static/chunks/src_components_workspace-content_tsx_1i7atlc._.js?id=%255Bproject%255D/src/components/workspace-content.tsx+%255Bapp-client%255D+(ecmascript):6355:47)
    at Object.react_stack_bottom_frame (http://localhost:3000/_next/static/chunks/1-li_next_dist_compiled_react-dom_1ip2p43._.js:14894:24)
    at renderWithHooks (http://localhost:3000/_next/static/chunks/1-li_next_dist_compiled_react-dom_1ip2p43._.js:4425:24)
    at updateFunctionComponent (http://localhost:3000/_next/static/chunks/1-li_next_dist_compiled_react-dom_1ip2p43._.js:5892:21)
    at beginWork (http://localhost:3000/_next/static/chunks/1-li_next_dist_compiled_react-dom_1ip2p43._.js:6518:24)
    at runWithFiberInDEV (http://localhost:3000/_next/static/chunks/1-li_next_dist_compiled_react-dom_1ip2p43._.js:761:74)
    at performUnitOfWork (http://localhost:3000/_next/static/chunks/1-li_next_dist_compiled_react-dom_1ip2p43._.js:9385:97)
    at workLoopConcurrentByScheduler (http://localhost:3000/_next/static/chunks/1-li_next_dist_compiled_react-dom_1ip2p43._.js:9381:58)
    at renderRootConcurrent (http://localhost:3000/_next/static/chunks/1-li_next_dist_compiled_react-dom_1ip2p43._.js:9364:71)
    at performWorkOnRoot (http://localhost:3000/_next/static/chunks/1-li_next_dist_compiled_react-dom_1ip2p43._.js:8891:150)
    at performWorkOnRootViaSchedulerTask (http://localhost:3000/_next/static/chunks/1-li_next_dist_compiled_react-dom_1ip2p43._.js:10085:9)
    at MessagePort.performWorkUntilDeadline (http://localhost:3000/_next/static/chunks/1-li_next_dist_compiled_1hfzz2n._.js:2647:64) @ chrome-extension://fmkadmapgofadopljbjfkapdkoienihi/build/installHook.js:0
[  300346ms] [ERROR] IntlError: MISSING_MESSAGE: Could not resolve `workspace.graph.showMore` in messages for locale `pt-BR`.
    at getFallbackFromErrorAndNotify (http://localhost:3000/_next/static/chunks/node_modules__pnpm_0_wrnyg._.js:3900:23)
    at translateBaseFn (http://localhost:3000/_next/static/chunks/node_modules__pnpm_0_wrnyg._.js:3930:28)
    at translateFn (http://localhost:3000/_next/static/chunks/node_modules__pnpm_0_wrnyg._.js:3958:24)
    at GraphWorkspace (http://localhost:3000/_next/static/chunks/src_components_workspace-content_tsx_1i7atlc._.js?id=%255Bproject%255D/src/components/workspace-content.tsx+%255Bapp-client%255D+(ecmascript):6366:37)
    at Object.react_stack_bottom_frame (http://localhost:3000/_next/static/chunks/1-li_next_dist_compiled_react-dom_1ip2p43._.js:14894:24)
    at renderWithHooks (http://localhost:3000/_next/static/chunks/1-li_next_dist_compiled_react-dom_1ip2p43._.js:4425:24)
    at updateFunctionComponent (http://localhost:3000/_next/static/chunks/1-li_next_dist_compiled_react-dom_1ip2p43._.js:5892:21)
    at beginWork (http://localhost:3000/_next/static/chunks/1-li_next_dist_compiled_react-dom_1ip2p43._.js:6518:24)
    at runWithFiberInDEV (http://localhost:3000/_next/static/chunks/1-li_next_dist_compiled_react-dom_1ip2p43._.js:761:74)
    at performUnitOfWork (http://localhost:3000/_next/static/chunks/1-li_next_dist_compiled_react-dom_1ip2p43._.js:9385:97)
    at workLoopConcurrentByScheduler (http://localhost:3000/_next/static/chunks/1-li_next_dist_compiled_react-dom_1ip2p43._.js:9381:58)
    at renderRootConcurrent (http://localhost:3000/_next/static/chunks/1-li_next_dist_compiled_react-dom_1ip2p43._.js:9364:71)
    at performWorkOnRoot (http://localhost:3000/_next/static/chunks/1-li_next_dist_compiled_react-dom_1ip2p43._.js:8891:150)
    at performWorkOnRootViaSchedulerTask (http://localhost:3000/_next/static/chunks/1-li_next_dist_compiled_react-dom_1ip2p43._.js:10085:9)
    at MessagePort.performWorkUntilDeadline (http://localhost:3000/_next/static/chunks/1-li_next_dist_compiled_1hfzz2n._.js:2647:64) @ chrome-extension://fmkadmapgofadopljbjfkapdkoienihi/build/installHook.js:0
[  300349ms] [ERROR] IntlError: MISSING_MESSAGE: Could not resolve `workspace.graph.settings` in messages for locale `pt-BR`.
    at getFallbackFromErrorAndNotify (http://localhost:3000/_next/static/chunks/node_modules__pnpm_0_wrnyg._.js:3900:23)
    at translateBaseFn (http://localhost:3000/_next/static/chunks/node_modules__pnpm_0_wrnyg._.js:3930:28)
    at translateFn (http://localhost:3000/_next/static/chunks/node_modules__pnpm_0_wrnyg._.js:3958:24)
    at GraphWorkspace (http://localhost:3000/_next/static/chunks/src_components_workspace-content_tsx_1i7atlc._.js?id=%255Bproject%255D/src/components/workspace-content.tsx+%255Bapp-client%255D+(ecmascript):6389:59)
    at Object.react_stack_bottom_frame (http://localhost:3000/_next/static/chunks/1-li_next_dist_compiled_react-dom_1ip2p43._.js:14894:24)
    at renderWithHooks (http://localhost:3000/_next/static/chunks/1-li_next_dist_compiled_react-dom_1ip2p43._.js:4425:24)
    at updateFunctionComponent (http://localhost:3000/_next/static/chunks/1-li_next_dist_compiled_react-dom_1ip2p43._.js:5892:21)
    at beginWork (http://localhost:3000/_next/static/chunks/1-li_next_dist_compiled_react-dom_1ip2p43._.js:6518:24)
    at runWithFiberInDEV (http://localhost:3000/_next/static/chunks/1-li_next_dist_compiled_react-dom_1ip2p43._.js:761:74)
    at performUnitOfWork (http://localhost:3000/_next/static/chunks/1-li_next_dist_compiled_react-dom_1ip2p43._.js:9385:97)
    at workLoopConcurrentByScheduler (http://localhost:3000/_next/static/chunks/1-li_next_dist_compiled_react-dom_1ip2p43._.js:9381:58)
    at renderRootConcurrent (http://localhost:3000/_next/static/chunks/1-li_next_dist_compiled_react-dom_1ip2p43._.js:9364:71)
    at performWorkOnRoot (http://localhost:3000/_next/static/chunks/1-li_next_dist_compiled_react-dom_1ip2p43._.js:8891:150)
    at performWorkOnRootViaSchedulerTask (http://localhost:3000/_next/static/chunks/1-li_next_dist_compiled_react-dom_1ip2p43._.js:10085:9)
    at MessagePort.performWorkUntilDeadline (http://localhost:3000/_next/static/chunks/1-li_next_dist_compiled_1hfzz2n._.js:2647:64) @ chrome-extension://fmkadmapgofadopljbjfkapdkoienihi/build/installHook.js:0
[  300354ms] [ERROR] IntlError: MISSING_MESSAGE: Could not resolve `workspace.graph.excludeObjectTypes` in messages for locale `pt-BR`.
    at getFallbackFromErrorAndNotify (http://localhost:3000/_next/static/chunks/node_modules__pnpm_0_wrnyg._.js:3900:23)
    at translateBaseFn (http://localhost:3000/_next/static/chunks/node_modules__pnpm_0_wrnyg._.js:3930:28)
    at translateFn (http://localhost:3000/_next/static/chunks/node_modules__pnpm_0_wrnyg._.js:3958:24)
    at GraphWorkspace (http://localhost:3000/_next/static/chunks/src_components_workspace-content_tsx_1i7atlc._.js?id=%255Bproject%255D/src/components/workspace-content.tsx+%255Bapp-client%255D+(ecmascript):6416:59)
    at Object.react_stack_bottom_frame (http://localhost:3000/_next/static/chunks/1-li_next_dist_compiled_react-dom_1ip2p43._.js:14894:24)
    at renderWithHooks (http://localhost:3000/_next/static/chunks/1-li_next_dist_compiled_react-dom_1ip2p43._.js:4425:24)
    at updateFunctionComponent (http://localhost:3000/_next/static/chunks/1-li_next_dist_compiled_react-dom_1ip2p43._.js:5892:21)
    at beginWork (http://localhost:3000/_next/static/chunks/1-li_next_dist_compiled_react-dom_1ip2p43._.js:6518:24)
    at runWithFiberInDEV (http://localhost:3000/_next/static/chunks/1-li_next_dist_compiled_react-dom_1ip2p43._.js:761:74)
    at performUnitOfWork (http://localhost:3000/_next/static/chunks/1-li_next_dist_compiled_react-dom_1ip2p43._.js:9385:97)
    at workLoopConcurrentByScheduler (http://localhost:3000/_next/static/chunks/1-li_next_dist_compiled_react-dom_1ip2p43._.js:9381:58)
    at renderRootConcurrent (http://localhost:3000/_next/static/chunks/1-li_next_dist_compiled_react-dom_1ip2p43._.js:9364:71)
    at performWorkOnRoot (http://localhost:3000/_next/static/chunks/1-li_next_dist_compiled_react-dom_1ip2p43._.js:8891:150)
    at performWorkOnRootViaSchedulerTask (http://localhost:3000/_next/static/chunks/1-li_next_dist_compiled_react-dom_1ip2p43._.js:10085:9)
    at MessagePort.performWorkUntilDeadline (http://localhost:3000/_next/static/chunks/1-li_next_dist_compiled_1hfzz2n._.js:2647:64) @ chrome-extension://fmkadmapgofadopljbjfkapdkoienihi/build/installHook.js:0
[  300356ms] [ERROR] IntlError: MISSING_MESSAGE: Could not resolve `workspace.graph.completedTasks` in messages for locale `pt-BR`.
    at getFallbackFromErrorAndNotify (http://localhost:3000/_next/static/chunks/node_modules__pnpm_0_wrnyg._.js:3900:23)
    at translateBaseFn (http://localhost:3000/_next/static/chunks/node_modules__pnpm_0_wrnyg._.js:3930:28)
    at translateFn (http://localhost:3000/_next/static/chunks/node_modules__pnpm_0_wrnyg._.js:3958:24)
    at eval (http://localhost:3000/_next/static/chunks/src_components_workspace-content_tsx_1i7atlc._.js?id=%255Bproject%255D/src/components/workspace-content.tsx+%255Bapp-client%255D+(ecmascript):6443:71)
    at Array.map (<anonymous>)
    at GraphWorkspace (http://localhost:3000/_next/static/chunks/src_components_workspace-content_tsx_1i7atlc._.js?id=%255Bproject%255D/src/components/workspace-content.tsx+%255Bapp-client%255D+(ecmascript):6439:47)
    at Object.react_stack_bottom_frame (http://localhost:3000/_next/static/chunks/1-li_next_dist_compiled_react-dom_1ip2p43._.js:14894:24)
    at renderWithHooks (http://localhost:3000/_next/static/chunks/1-li_next_dist_compiled_react-dom_1ip2p43._.js:4425:24)
    at updateFunctionComponent (http://localhost:3000/_next/static/chunks/1-li_next_dist_compiled_react-dom_1ip2p43._.js:5892:21)
    at beginWork (http://localhost:3000/_next/static/chunks/1-li_next_dist_compiled_react-dom_1ip2p43._.js:6518:24)
    at runWithFiberInDEV (http://localhost:3000/_next/static/chunks/1-li_next_dist_compiled_react-dom_1ip2p43._.js:761:74)
    at performUnitOfWork (http://localhost:3000/_next/static/chunks/1-li_next_dist_compiled_react-dom_1ip2p43._.js:9385:97)
    at workLoopConcurrentByScheduler (http://localhost:3000/_next/static/chunks/1-li_next_dist_compiled_react-dom_1ip2p43._.js:9381:58)
    at renderRootConcurrent (http://localhost:3000/_next/static/chunks/1-li_next_dist_compiled_react-dom_1ip2p43._.js:9364:71)
    at performWorkOnRoot (http://localhost:3000/_next/static/chunks/1-li_next_dist_compiled_react-dom_1ip2p43._.js:8891:150)
    at performWorkOnRootViaSchedulerTask (http://localhost:3000/_next/static/chunks/1-li_next_dist_compiled_react-dom_1ip2p43._.js:10085:9)
    at MessagePort.performWorkUntilDeadline (http://localhost:3000/_next/static/chunks/1-li_next_dist_compiled_1hfzz2n._.js:2647:64) @ chrome-extension://fmkadmapgofadopljbjfkapdkoienihi/build/installHook.js:0
[  300360ms] [ERROR] IntlError: MISSING_MESSAGE: Could not resolve `workspace.graph.highLinkObjects` in messages for locale `pt-BR`.
    at getFallbackFromErrorAndNotify (http://localhost:3000/_next/static/chunks/node_modules__pnpm_0_wrnyg._.js:3900:23)
    at translateBaseFn (http://localhost:3000/_next/static/chunks/node_modules__pnpm_0_wrnyg._.js:3930:28)
    at translateFn (http://localhost:3000/_next/static/chunks/node_modules__pnpm_0_wrnyg._.js:3958:24)
    at eval (http://localhost:3000/_next/static/chunks/src_components_workspace-content_tsx_1i7atlc._.js?id=%255Bproject%255D/src/components/workspace-content.tsx+%255Bapp-client%255D+(ecmascript):6443:71)
    at Array.map (<anonymous>)
    at GraphWorkspace (http://localhost:3000/_next/static/chunks/src_components_workspace-content_tsx_1i7atlc._.js?id=%255Bproject%255D/src/components/workspace-content.tsx+%255Bapp-client%255D+(ecmascript):6439:47)
    at Object.react_stack_bottom_frame (http://localhost:3000/_next/static/chunks/1-li_next_dist_compiled_react-dom_1ip2p43._.js:14894:24)
    at renderWithHooks (http://localhost:3000/_next/static/chunks/1-li_next_dist_compiled_react-dom_1ip2p43._.js:4425:24)
    at updateFunctionComponent (http://localhost:3000/_next/static/chunks/1-li_next_dist_compiled_react-dom_1ip2p43._.js:5892:21)
    at beginWork (http://localhost:3000/_next/static/chunks/1-li_next_dist_compiled_react-dom_1ip2p43._.js:6518:24)
    at runWithFiberInDEV (http://localhost:3000/_next/static/chunks/1-li_next_dist_compiled_react-dom_1ip2p43._.js:761:74)
    at performUnitOfWork (http://localhost:3000/_next/static/chunks/1-li_next_dist_compiled_react-dom_1ip2p43._.js:9385:97)
    at workLoopConcurrentByScheduler (http://localhost:3000/_next/static/chunks/1-li_next_dist_compiled_react-dom_1ip2p43._.js:9381:58)
    at renderRootConcurrent (http://localhost:3000/_next/static/chunks/1-li_next_dist_compiled_react-dom_1ip2p43._.js:9364:71)
    at performWorkOnRoot (http://localhost:3000/_next/static/chunks/1-li_next_dist_compiled_react-dom_1ip2p43._.js:8891:150)
    at performWorkOnRootViaSchedulerTask (http://localhost:3000/_next/static/chunks/1-li_next_dist_compiled_react-dom_1ip2p43._.js:10085:9)
    at MessagePort.performWorkUntilDeadline (http://localhost:3000/_next/static/chunks/1-li_next_dist_compiled_1hfzz2n._.js:2647:64) @ chrome-extension://fmkadmapgofadopljbjfkapdkoienihi/build/installHook.js:0
[  300376ms] [ERROR] IntlError: MISSING_MESSAGE: Could not resolve `workspace.graph.dates` in messages for locale `pt-BR`.
    at getFallbackFromErrorAndNotify (http://localhost:3000/_next/static/chunks/node_modules__pnpm_0_wrnyg._.js:3900:23)
    at translateBaseFn (http://localhost:3000/_next/static/chunks/node_modules__pnpm_0_wrnyg._.js:3930:28)
    at translateFn (http://localhost:3000/_next/static/chunks/node_modules__pnpm_0_wrnyg._.js:3958:24)
    at eval (http://localhost:3000/_next/static/chunks/src_components_workspace-content_tsx_1i7atlc._.js?id=%255Bproject%255D/src/components/workspace-content.tsx+%255Bapp-client%255D+(ecmascript):6443:71)
    at Array.map (<anonymous>)
    at GraphWorkspace (http://localhost:3000/_next/static/chunks/src_components_workspace-content_tsx_1i7atlc._.js?id=%255Bproject%255D/src/components/workspace-content.tsx+%255Bapp-client%255D+(ecmascript):6439:47)
    at Object.react_stack_bottom_frame (http://localhost:3000/_next/static/chunks/1-li_next_dist_compiled_react-dom_1ip2p43._.js:14894:24)
    at renderWithHooks (http://localhost:3000/_next/static/chunks/1-li_next_dist_compiled_react-dom_1ip2p43._.js:4425:24)
    at updateFunctionComponent (http://localhost:3000/_next/static/chunks/1-li_next_dist_compiled_react-dom_1ip2p43._.js:5892:21)
    at beginWork (http://localhost:3000/_next/static/chunks/1-li_next_dist_compiled_react-dom_1ip2p43._.js:6518:24)
    at runWithFiberInDEV (http://localhost:3000/_next/static/chunks/1-li_next_dist_compiled_react-dom_1ip2p43._.js:761:74)
    at performUnitOfWork (http://localhost:3000/_next/static/chunks/1-li_next_dist_compiled_react-dom_1ip2p43._.js:9385:97)
    at workLoopConcurrentByScheduler (http://localhost:3000/_next/static/chunks/1-li_next_dist_compiled_react-dom_1ip2p43._.js:9381:58)
    at renderRootConcurrent (http://localhost:3000/_next/static/chunks/1-li_next_dist_compiled_react-dom_1ip2p43._.js:9364:71)
    at performWorkOnRoot (http://localhost:3000/_next/static/chunks/1-li_next_dist_compiled_react-dom_1ip2p43._.js:8891:150)
    at performWorkOnRootViaSchedulerTask (http://localhost:3000/_next/static/chunks/1-li_next_dist_compiled_react-dom_1ip2p43._.js:10085:9)
    at MessagePort.performWorkUntilDeadline (http://localhost:3000/_next/static/chunks/1-li_next_dist_compiled_1hfzz2n._.js:2647:64) @ chrome-extension://fmkadmapgofadopljbjfkapdkoienihi/build/installHook.js:0
[  300380ms] [ERROR] IntlError: MISSING_MESSAGE: Could not resolve `workspace.graph.simplified` in messages for locale `pt-BR`.
    at getFallbackFromErrorAndNotify (http://localhost:3000/_next/static/chunks/node_modules__pnpm_0_wrnyg._.js:3900:23)
    at translateBaseFn (http://localhost:3000/_next/static/chunks/node_modules__pnpm_0_wrnyg._.js:3930:28)
    at translateFn (http://localhost:3000/_next/static/chunks/node_modules__pnpm_0_wrnyg._.js:3958:24)
    at eval (http://localhost:3000/_next/static/chunks/src_components_workspace-content_tsx_1i7atlc._.js?id=%255Bproject%255D/src/components/workspace-content.tsx+%255Bapp-client%255D+(ecmascript):6443:71)
    at Array.map (<anonymous>)
    at GraphWorkspace (http://localhost:3000/_next/static/chunks/src_components_workspace-content_tsx_1i7atlc._.js?id=%255Bproject%255D/src/components/workspace-content.tsx+%255Bapp-client%255D+(ecmascript):6439:47)
    at Object.react_stack_bottom_frame (http://localhost:3000/_next/static/chunks/1-li_next_dist_compiled_react-dom_1ip2p43._.js:14894:24)
    at renderWithHooks (http://localhost:3000/_next/static/chunks/1-li_next_dist_compiled_react-dom_1ip2p43._.js:4425:24)
    at updateFunctionComponent (http://localhost:3000/_next/static/chunks/1-li_next_dist_compiled_react-dom_1ip2p43._.js:5892:21)
    at beginWork (http://localhost:3000/_next/static/chunks/1-li_next_dist_compiled_react-dom_1ip2p43._.js:6518:24)
    at runWithFiberInDEV (http://localhost:3000/_next/static/chunks/1-li_next_dist_compiled_react-dom_1ip2p43._.js:761:74)
    at performUnitOfWork (http://localhost:3000/_next/static/chunks/1-li_next_dist_compiled_react-dom_1ip2p43._.js:9385:97)
    at workLoopConcurrentByScheduler (http://localhost:3000/_next/static/chunks/1-li_next_dist_compiled_react-dom_1ip2p43._.js:9381:58)
    at renderRootConcurrent (http://localhost:3000/_next/static/chunks/1-li_next_dist_compiled_react-dom_1ip2p43._.js:9364:71)
    at performWorkOnRoot (http://localhost:3000/_next/static/chunks/1-li_next_dist_compiled_react-dom_1ip2p43._.js:8891:150)
    at performWorkOnRootViaSchedulerTask (http://localhost:3000/_next/static/chunks/1-li_next_dist_compiled_react-dom_1ip2p43._.js:10085:9)
    at MessagePort.performWorkUntilDeadline (http://localhost:3000/_next/static/chunks/1-li_next_dist_compiled_1hfzz2n._.js:2647:64) @ chrome-extension://fmkadmapgofadopljbjfkapdkoienihi/build/installHook.js:0
[  300385ms] [ERROR] IntlError: MISSING_MESSAGE: Could not resolve `workspace.graph.fit` in messages for locale `pt-BR`.
    at getFallbackFromErrorAndNotify (http://localhost:3000/_next/static/chunks/node_modules__pnpm_0_wrnyg._.js:3900:23)
    at translateBaseFn (http://localhost:3000/_next/static/chunks/node_modules__pnpm_0_wrnyg._.js:3930:28)
    at translateFn (http://localhost:3000/_next/static/chunks/node_modules__pnpm_0_wrnyg._.js:3958:24)
    at GraphWorkspace (http://localhost:3000/_next/static/chunks/src_components_workspace-content_tsx_1i7atlc._.js?id=%255Bproject%255D/src/components/workspace-content.tsx+%255Bapp-client%255D+(ecmascript):6479:47)
    at Object.react_stack_bottom_frame (http://localhost:3000/_next/static/chunks/1-li_next_dist_compiled_react-dom_1ip2p43._.js:14894:24)
    at renderWithHooks (http://localhost:3000/_next/static/chunks/1-li_next_dist_compiled_react-dom_1ip2p43._.js:4425:24)
    at updateFunctionComponent (http://localhost:3000/_next/static/chunks/1-li_next_dist_compiled_react-dom_1ip2p43._.js:5892:21)
    at beginWork (http://localhost:3000/_next/static/chunks/1-li_next_dist_compiled_react-dom_1ip2p43._.js:6518:24)
    at runWithFiberInDEV (http://localhost:3000/_next/static/chunks/1-li_next_dist_compiled_react-dom_1ip2p43._.js:761:74)
    at performUnitOfWork (http://localhost:3000/_next/static/chunks/1-li_next_dist_compiled_react-dom_1ip2p43._.js:9385:97)
    at workLoopConcurrentByScheduler (http://localhost:3000/_next/static/chunks/1-li_next_dist_compiled_react-dom_1ip2p43._.js:9381:58)
    at renderRootConcurrent (http://localhost:3000/_next/static/chunks/1-li_next_dist_compiled_react-dom_1ip2p43._.js:9364:71)
    at performWorkOnRoot (http://localhost:3000/_next/static/chunks/1-li_next_dist_compiled_react-dom_1ip2p43._.js:8891:150)
    at performWorkOnRootViaSchedulerTask (http://localhost:3000/_next/static/chunks/1-li_next_dist_compiled_react-dom_1ip2p43._.js:10085:9)
    at MessagePort.performWorkUntilDeadline (http://localhost:3000/_next/static/chunks/1-li_next_dist_compiled_1hfzz2n._.js:2647:64) @ chrome-extension://fmkadmapgofadopljbjfkapdkoienihi/build/installHook.js:0
[  300388ms] [ERROR] IntlError: MISSING_MESSAGE: Could not resolve `workspace.graph.zoomOut` in messages for locale `pt-BR`.
    at getFallbackFromErrorAndNotify (http://localhost:3000/_next/static/chunks/node_modules__pnpm_0_wrnyg._.js:3900:23)
    at translateBaseFn (http://localhost:3000/_next/static/chunks/node_modules__pnpm_0_wrnyg._.js:3930:28)
    at translateFn (http://localhost:3000/_next/static/chunks/node_modules__pnpm_0_wrnyg._.js:3958:24)
    at GraphWorkspace (http://localhost:3000/_next/static/chunks/src_components_workspace-content_tsx_1i7atlc._.js?id=%255Bproject%255D/src/components/workspace-content.tsx+%255Bapp-client%255D+(ecmascript):6496:47)
    at Object.react_stack_bottom_frame (http://localhost:3000/_next/static/chunks/1-li_next_dist_compiled_react-dom_1ip2p43._.js:14894:24)
    at renderWithHooks (http://localhost:3000/_next/static/chunks/1-li_next_dist_compiled_react-dom_1ip2p43._.js:4425:24)
    at updateFunctionComponent (http://localhost:3000/_next/static/chunks/1-li_next_dist_compiled_react-dom_1ip2p43._.js:5892:21)
    at beginWork (http://localhost:3000/_next/static/chunks/1-li_next_dist_compiled_react-dom_1ip2p43._.js:6518:24)
    at runWithFiberInDEV (http://localhost:3000/_next/static/chunks/1-li_next_dist_compiled_react-dom_1ip2p43._.js:761:74)
    at performUnitOfWork (http://localhost:3000/_next/static/chunks/1-li_next_dist_compiled_react-dom_1ip2p43._.js:9385:97)
    at workLoopConcurrentByScheduler (http://localhost:3000/_next/static/chunks/1-li_next_dist_compiled_react-dom_1ip2p43._.js:9381:58)
    at renderRootConcurrent (http://localhost:3000/_next/static/chunks/1-li_next_dist_compiled_react-dom_1ip2p43._.js:9364:71)
    at performWorkOnRoot (http://localhost:3000/_next/static/chunks/1-li_next_dist_compiled_react-dom_1ip2p43._.js:8891:150)
    at performWorkOnRootViaSchedulerTask (http://localhost:3000/_next/static/chunks/1-li_next_dist_compiled_react-dom_1ip2p43._.js:10085:9)
    at MessagePort.performWorkUntilDeadline (http://localhost:3000/_next/static/chunks/1-li_next_dist_compiled_1hfzz2n._.js:2647:64) @ chrome-extension://fmkadmapgofadopljbjfkapdkoienihi/build/installHook.js:0
[  300390ms] [ERROR] IntlError: MISSING_MESSAGE: Could not resolve `workspace.graph.zoomIn` in messages for locale `pt-BR`.
    at getFallbackFromErrorAndNotify (http://localhost:3000/_next/static/chunks/node_modules__pnpm_0_wrnyg._.js:3900:23)
    at translateBaseFn (http://localhost:3000/_next/static/chunks/node_modules__pnpm_0_wrnyg._.js:3930:28)
    at translateFn (http://localhost:3000/_next/static/chunks/node_modules__pnpm_0_wrnyg._.js:3958:24)
    at GraphWorkspace (http://localhost:3000/_next/static/chunks/src_components_workspace-content_tsx_1i7atlc._.js?id=%255Bproject%255D/src/components/workspace-content.tsx+%255Bapp-client%255D+(ecmascript):6513:47)
    at Object.react_stack_bottom_frame (http://localhost:3000/_next/static/chunks/1-li_next_dist_compiled_react-dom_1ip2p43._.js:14894:24)
    at renderWithHooks (http://localhost:3000/_next/static/chunks/1-li_next_dist_compiled_react-dom_1ip2p43._.js:4425:24)
    at updateFunctionComponent (http://localhost:3000/_next/static/chunks/1-li_next_dist_compiled_react-dom_1ip2p43._.js:5892:21)
    at beginWork (http://localhost:3000/_next/static/chunks/1-li_next_dist_compiled_react-dom_1ip2p43._.js:6518:24)
    at runWithFiberInDEV (http://localhost:3000/_next/static/chunks/1-li_next_dist_compiled_react-dom_1ip2p43._.js:761:74)
    at performUnitOfWork (http://localhost:3000/_next/static/chunks/1-li_next_dist_compiled_react-dom_1ip2p43._.js:9385:97)
    at workLoopConcurrentByScheduler (http://localhost:3000/_next/static/chunks/1-li_next_dist_compiled_react-dom_1ip2p43._.js:9381:58)
    at renderRootConcurrent (http://localhost:3000/_next/static/chunks/1-li_next_dist_compiled_react-dom_1ip2p43._.js:9364:71)
    at performWorkOnRoot (http://localhost:3000/_next/static/chunks/1-li_next_dist_compiled_react-dom_1ip2p43._.js:8891:150)
    at performWorkOnRootViaSchedulerTask (http://localhost:3000/_next/static/chunks/1-li_next_dist_compiled_react-dom_1ip2p43._.js:10085:9)
    at MessagePort.performWorkUntilDeadline (http://localhost:3000/_next/static/chunks/1-li_next_dist_compiled_1hfzz2n._.js:2647:64) @ chrome-extension://fmkadmapgofadopljbjfkapdkoienihi/build/installHook.js:0
[  300395ms] [ERROR] [2;38;2;124;124;124m%s[0m Error: MISSING_MESSAGE: Could not resolve `workspace.graph.showLess` in messages for locale `pt-BR`. @ chrome-extension://fmkadmapgofadopljbjfkapdkoienihi/build/installHook.js:0
[  300398ms] [ERROR] [2;38;2;124;124;124m%s[0m Error: MISSING_MESSAGE: Could not resolve `workspace.graph.showLess` in messages for locale `pt-BR`. @ chrome-extension://fmkadmapgofadopljbjfkapdkoienihi/build/installHook.js:0
[  300400ms] [ERROR] [2;38;2;124;124;124m%s[0m Error: MISSING_MESSAGE: Could not resolve `workspace.graph.showMore` in messages for locale `pt-BR`. @ chrome-extension://fmkadmapgofadopljbjfkapdkoienihi/build/installHook.js:0
[  300403ms] [ERROR] [2;38;2;124;124;124m%s[0m Error: MISSING_MESSAGE: Could not resolve `workspace.graph.showMore` in messages for locale `pt-BR`. @ chrome-extension://fmkadmapgofadopljbjfkapdkoienihi/build/installHook.js:0
[  300404ms] [ERROR] [2;38;2;124;124;124m%s[0m Error: MISSING_MESSAGE: Could not resolve `workspace.graph.settings` in messages for locale `pt-BR`. @ chrome-extension://fmkadmapgofadopljbjfkapdkoienihi/build/installHook.js:0
[  300408ms] [ERROR] [2;38;2;124;124;124m%s[0m Error: MISSING_MESSAGE: Could not resolve `workspace.graph.excludeObjectTypes` in messages for locale `pt-BR`. @ chrome-extension://fmkadmapgofadopljbjfkapdkoienihi/build/installHook.js:0
[  300410ms] [ERROR] [2;38;2;124;124;124m%s[0m Error: MISSING_MESSAGE: Could not resolve `workspace.graph.completedTasks` in messages for locale `pt-BR`. @ chrome-extension://fmkadmapgofadopljbjfkapdkoienihi/build/installHook.js:0
[  300412ms] [ERROR] [2;38;2;124;124;124m%s[0m Error: MISSING_MESSAGE: Could not resolve `workspace.graph.highLinkObjects` in messages for locale `pt-BR`. @ chrome-extension://fmkadmapgofadopljbjfkapdkoienihi/build/installHook.js:0
[  300415ms] [ERROR] [2;38;2;124;124;124m%s[0m Error: MISSING_MESSAGE: Could not resolve `workspace.graph.dates` in messages for locale `pt-BR`. @ chrome-extension://fmkadmapgofadopljbjfkapdkoienihi/build/installHook.js:0
[  300424ms] [ERROR] [2;38;2;124;124;124m%s[0m Error: MISSING_MESSAGE: Could not resolve `workspace.graph.simplified` in messages for locale `pt-BR`. @ chrome-extension://fmkadmapgofadopljbjfkapdkoienihi/build/installHook.js:0
[  300427ms] [ERROR] [2;38;2;124;124;124m%s[0m Error: MISSING_MESSAGE: Could not resolve `workspace.graph.fit` in messages for locale `pt-BR`. @ chrome-extension://fmkadmapgofadopljbjfkapdkoienihi/build/installHook.js:0
[  300431ms] [ERROR] [2;38;2;124;124;124m%s[0m Error: MISSING_MESSAGE: Could not resolve `workspace.graph.zoomOut` in messages for locale `pt-BR`. @ chrome-extension://fmkadmapgofadopljbjfkapdkoienihi/build/installHook.js:0
[  300436ms] [ERROR] [2;38;2;124;124;124m%s[0m Error: MISSING_MESSAGE: Could not resolve `workspace.graph.zoomIn` in messages for locale `pt-BR`. @ chrome-extension://fmkadmapgofadopljbjfkapdkoienihi/build/installHook.js:0
[  301037ms] [LOG] [Fast Refresh] rebuilding @ http://localhost:3000/_next/static/chunks/1-li_next_dist_0it2jl7._.js:776
[  301377ms] [LOG] [Fast Refresh] done in 1116ms @ http://localhost:3000/_next/static/chunks/1-li_next_dist_0it2jl7._.js:776
[  304427ms] [ERROR] IntlError: MISSING_MESSAGE: Could not resolve `workspace.graph.showLess` in messages for locale `pt-BR`.
    at getFallbackFromErrorAndNotify (http://localhost:3000/_next/static/chunks/node_modules__pnpm_0_wrnyg._.js:3900:23)
    at translateBaseFn (http://localhost:3000/_next/static/chunks/node_modules__pnpm_0_wrnyg._.js:3930:28)
    at translateFn (http://localhost:3000/_next/static/chunks/node_modules__pnpm_0_wrnyg._.js:3958:24)
    at GraphWorkspace (http://localhost:3000/_next/static/chunks/src_components_workspace-content_tsx_1i7atlc._.js?id=%255Bproject%255D/src/components/workspace-content.tsx+%255Bapp-client%255D+(ecmascript):6335:47)
    at Object.react_stack_bottom_frame (http://localhost:3000/_next/static/chunks/1-li_next_dist_compiled_react-dom_1ip2p43._.js:14894:24)
    at renderWithHooks (http://localhost:3000/_next/static/chunks/1-li_next_dist_compiled_react-dom_1ip2p43._.js:4425:24)
    at updateFunctionComponent (http://localhost:3000/_next/static/chunks/1-li_next_dist_compiled_react-dom_1ip2p43._.js:5892:21)
    at beginWork (http://localhost:3000/_next/static/chunks/1-li_next_dist_compiled_react-dom_1ip2p43._.js:6518:24)
    at runWithFiberInDEV (http://localhost:3000/_next/static/chunks/1-li_next_dist_compiled_react-dom_1ip2p43._.js:761:74)
    at performUnitOfWork (http://localhost:3000/_next/static/chunks/1-li_next_dist_compiled_react-dom_1ip2p43._.js:9385:97)
    at workLoopSync (http://localhost:3000/_next/static/chunks/1-li_next_dist_compiled_react-dom_1ip2p43._.js:9279:40)
    at renderRootSync (http://localhost:3000/_next/static/chunks/1-li_next_dist_compiled_react-dom_1ip2p43._.js:9263:13)
    at performWorkOnRoot (http://localhost:3000/_next/static/chunks/1-li_next_dist_compiled_react-dom_1ip2p43._.js:8891:186)
    at performSyncWorkOnRoot (http://localhost:3000/_next/static/chunks/1-li_next_dist_compiled_react-dom_1ip2p43._.js:10093:9)
    at flushSyncWorkAcrossRoots_impl (http://localhost:3000/_next/static/chunks/1-li_next_dist_compiled_react-dom_1ip2p43._.js:10009:316)
    at processRootScheduleInMicrotask (http://localhost:3000/_next/static/chunks/1-li_next_dist_compiled_react-dom_1ip2p43._.js:10030:106)
    at http://localhost:3000/_next/static/chunks/1-li_next_dist_compiled_react-dom_1ip2p43._.js:10104:158 @ chrome-extension://fmkadmapgofadopljbjfkapdkoienihi/build/installHook.js:0
[  304428ms] [ERROR] IntlError: MISSING_MESSAGE: Could not resolve `workspace.graph.showLess` in messages for locale `pt-BR`.
    at getFallbackFromErrorAndNotify (http://localhost:3000/_next/static/chunks/node_modules__pnpm_0_wrnyg._.js:3900:23)
    at translateBaseFn (http://localhost:3000/_next/static/chunks/node_modules__pnpm_0_wrnyg._.js:3930:28)
    at translateFn (http://localhost:3000/_next/static/chunks/node_modules__pnpm_0_wrnyg._.js:3958:24)
    at GraphWorkspace (http://localhost:3000/_next/static/chunks/src_components_workspace-content_tsx_1i7atlc._.js?id=%255Bproject%255D/src/components/workspace-content.tsx+%255Bapp-client%255D+(ecmascript):6346:37)
    at Object.react_stack_bottom_frame (http://localhost:3000/_next/static/chunks/1-li_next_dist_compiled_react-dom_1ip2p43._.js:14894:24)
    at renderWithHooks (http://localhost:3000/_next/static/chunks/1-li_next_dist_compiled_react-dom_1ip2p43._.js:4425:24)
    at updateFunctionComponent (http://localhost:3000/_next/static/chunks/1-li_next_dist_compiled_react-dom_1ip2p43._.js:5892:21)
    at beginWork (http://localhost:3000/_next/static/chunks/1-li_next_dist_compiled_react-dom_1ip2p43._.js:6518:24)
    at runWithFiberInDEV (http://localhost:3000/_next/static/chunks/1-li_next_dist_compiled_react-dom_1ip2p43._.js:761:74)
    at performUnitOfWork (http://localhost:3000/_next/static/chunks/1-li_next_dist_compiled_react-dom_1ip2p43._.js:9385:97)
    at workLoopSync (http://localhost:3000/_next/static/chunks/1-li_next_dist_compiled_react-dom_1ip2p43._.js:9279:40)
    at renderRootSync (http://localhost:3000/_next/static/chunks/1-li_next_dist_compiled_react-dom_1ip2p43._.js:9263:13)
    at performWorkOnRoot (http://localhost:3000/_next/static/chunks/1-li_next_dist_compiled_react-dom_1ip2p43._.js:8891:186)
    at performSyncWorkOnRoot (http://localhost:3000/_next/static/chunks/1-li_next_dist_compiled_react-dom_1ip2p43._.js:10093:9)
    at flushSyncWorkAcrossRoots_impl (http://localhost:3000/_next/static/chunks/1-li_next_dist_compiled_react-dom_1ip2p43._.js:10009:316)
    at processRootScheduleInMicrotask (http://localhost:3000/_next/static/chunks/1-li_next_dist_compiled_react-dom_1ip2p43._.js:10030:106)
    at http://localhost:3000/_next/static/chunks/1-li_next_dist_compiled_react-dom_1ip2p43._.js:10104:158 @ chrome-extension://fmkadmapgofadopljbjfkapdkoienihi/build/installHook.js:0
[  304429ms] [ERROR] IntlError: MISSING_MESSAGE: Could not resolve `workspace.graph.showMore` in messages for locale `pt-BR`.
    at getFallbackFromErrorAndNotify (http://localhost:3000/_next/static/chunks/node_modules__pnpm_0_wrnyg._.js:3900:23)
    at translateBaseFn (http://localhost:3000/_next/static/chunks/node_modules__pnpm_0_wrnyg._.js:3930:28)
    at translateFn (http://localhost:3000/_next/static/chunks/node_modules__pnpm_0_wrnyg._.js:3958:24)
    at GraphWorkspace (http://localhost:3000/_next/static/chunks/src_components_workspace-content_tsx_1i7atlc._.js?id=%255Bproject%255D/src/components/workspace-content.tsx+%255Bapp-client%255D+(ecmascript):6355:47)
    at Object.react_stack_bottom_frame (http://localhost:3000/_next/static/chunks/1-li_next_dist_compiled_react-dom_1ip2p43._.js:14894:24)
    at renderWithHooks (http://localhost:3000/_next/static/chunks/1-li_next_dist_compiled_react-dom_1ip2p43._.js:4425:24)
    at updateFunctionComponent (http://localhost:3000/_next/static/chunks/1-li_next_dist_compiled_react-dom_1ip2p43._.js:5892:21)
    at beginWork (http://localhost:3000/_next/static/chunks/1-li_next_dist_compiled_react-dom_1ip2p43._.js:6518:24)
    at runWithFiberInDEV (http://localhost:3000/_next/static/chunks/1-li_next_dist_compiled_react-dom_1ip2p43._.js:761:74)
    at performUnitOfWork (http://localhost:3000/_next/static/chunks/1-li_next_dist_compiled_react-dom_1ip2p43._.js:9385:97)
    at workLoopSync (http://localhost:3000/_next/static/chunks/1-li_next_dist_compiled_react-dom_1ip2p43._.js:9279:40)
    at renderRootSync (http://localhost:3000/_next/static/chunks/1-li_next_dist_compiled_react-dom_1ip2p43._.js:9263:13)
    at performWorkOnRoot (http://localhost:3000/_next/static/chunks/1-li_next_dist_compiled_react-dom_1ip2p43._.js:8891:186)
    at performSyncWorkOnRoot (http://localhost:3000/_next/static/chunks/1-li_next_dist_compiled_react-dom_1ip2p43._.js:10093:9)
    at flushSyncWorkAcrossRoots_impl (http://localhost:3000/_next/static/chunks/1-li_next_dist_compiled_react-dom_1ip2p43._.js:10009:316)
    at processRootScheduleInMicrotask (http://localhost:3000/_next/static/chunks/1-li_next_dist_compiled_react-dom_1ip2p43._.js:10030:106)
    at http://localhost:3000/_next/static/chunks/1-li_next_dist_compiled_react-dom_1ip2p43._.js:10104:158 @ chrome-extension://fmkadmapgofadopljbjfkapdkoienihi/build/installHook.js:0
[  304430ms] [ERROR] IntlError: MISSING_MESSAGE: Could not resolve `workspace.graph.showMore` in messages for locale `pt-BR`.
    at getFallbackFromErrorAndNotify (http://localhost:3000/_next/static/chunks/node_modules__pnpm_0_wrnyg._.js:3900:23)
    at translateBaseFn (http://localhost:3000/_next/static/chunks/node_modules__pnpm_0_wrnyg._.js:3930:28)
    at translateFn (http://localhost:3000/_next/static/chunks/node_modules__pnpm_0_wrnyg._.js:3958:24)
    at GraphWorkspace (http://localhost:3000/_next/static/chunks/src_components_workspace-content_tsx_1i7atlc._.js?id=%255Bproject%255D/src/components/workspace-content.tsx+%255Bapp-client%255D+(ecmascript):6366:37)
    at Object.react_stack_bottom_frame (http://localhost:3000/_next/static/chunks/1-li_next_dist_compiled_react-dom_1ip2p43._.js:14894:24)
    at renderWithHooks (http://localhost:3000/_next/static/chunks/1-li_next_dist_compiled_react-dom_1ip2p43._.js:4425:24)
    at updateFunctionComponent (http://localhost:3000/_next/static/chunks/1-li_next_dist_compiled_react-dom_1ip2p43._.js:5892:21)
    at beginWork (http://localhost:3000/_next/static/chunks/1-li_next_dist_compiled_react-dom_1ip2p43._.js:6518:24)
    at runWithFiberInDEV (http://localhost:3000/_next/static/chunks/1-li_next_dist_compiled_react-dom_1ip2p43._.js:761:74)
    at performUnitOfWork (http://localhost:3000/_next/static/chunks/1-li_next_dist_compiled_react-dom_1ip2p43._.js:9385:97)
    at workLoopSync (http://localhost:3000/_next/static/chunks/1-li_next_dist_compiled_react-dom_1ip2p43._.js:9279:40)
    at renderRootSync (http://localhost:3000/_next/static/chunks/1-li_next_dist_compiled_react-dom_1ip2p43._.js:9263:13)
    at performWorkOnRoot (http://localhost:3000/_next/static/chunks/1-li_next_dist_compiled_react-dom_1ip2p43._.js:8891:186)
    at performSyncWorkOnRoot (http://localhost:3000/_next/static/chunks/1-li_next_dist_compiled_react-dom_1ip2p43._.js:10093:9)
    at flushSyncWorkAcrossRoots_impl (http://localhost:3000/_next/static/chunks/1-li_next_dist_compiled_react-dom_1ip2p43._.js:10009:316)
    at processRootScheduleInMicrotask (http://localhost:3000/_next/static/chunks/1-li_next_dist_compiled_react-dom_1ip2p43._.js:10030:106)
    at http://localhost:3000/_next/static/chunks/1-li_next_dist_compiled_react-dom_1ip2p43._.js:10104:158 @ chrome-extension://fmkadmapgofadopljbjfkapdkoienihi/build/installHook.js:0
[  304431ms] [ERROR] IntlError: MISSING_MESSAGE: Could not resolve `workspace.graph.settings` in messages for locale `pt-BR`.
    at getFallbackFromErrorAndNotify (http://localhost:3000/_next/static/chunks/node_modules__pnpm_0_wrnyg._.js:3900:23)
    at translateBaseFn (http://localhost:3000/_next/static/chunks/node_modules__pnpm_0_wrnyg._.js:3930:28)
    at translateFn (http://localhost:3000/_next/static/chunks/node_modules__pnpm_0_wrnyg._.js:3958:24)
    at GraphWorkspace (http://localhost:3000/_next/static/chunks/src_components_workspace-content_tsx_1i7atlc._.js?id=%255Bproject%255D/src/components/workspace-content.tsx+%255Bapp-client%255D+(ecmascript):6389:59)
    at Object.react_stack_bottom_frame (http://localhost:3000/_next/static/chunks/1-li_next_dist_compiled_react-dom_1ip2p43._.js:14894:24)
    at renderWithHooks (http://localhost:3000/_next/static/chunks/1-li_next_dist_compiled_react-dom_1ip2p43._.js:4425:24)
    at updateFunctionComponent (http://localhost:3000/_next/static/chunks/1-li_next_dist_compiled_react-dom_1ip2p43._.js:5892:21)
    at beginWork (http://localhost:3000/_next/static/chunks/1-li_next_dist_compiled_react-dom_1ip2p43._.js:6518:24)
    at runWithFiberInDEV (http://localhost:3000/_next/static/chunks/1-li_next_dist_compiled_react-dom_1ip2p43._.js:761:74)
    at performUnitOfWork (http://localhost:3000/_next/static/chunks/1-li_next_dist_compiled_react-dom_1ip2p43._.js:9385:97)
    at workLoopSync (http://localhost:3000/_next/static/chunks/1-li_next_dist_compiled_react-dom_1ip2p43._.js:9279:40)
    at renderRootSync (http://localhost:3000/_next/static/chunks/1-li_next_dist_compiled_react-dom_1ip2p43._.js:9263:13)
    at performWorkOnRoot (http://localhost:3000/_next/static/chunks/1-li_next_dist_compiled_react-dom_1ip2p43._.js:8891:186)
    at performSyncWorkOnRoot (http://localhost:3000/_next/static/chunks/1-li_next_dist_compiled_react-dom_1ip2p43._.js:10093:9)
    at flushSyncWorkAcrossRoots_impl (http://localhost:3000/_next/static/chunks/1-li_next_dist_compiled_react-dom_1ip2p43._.js:10009:316)
    at processRootScheduleInMicrotask (http://localhost:3000/_next/static/chunks/1-li_next_dist_compiled_react-dom_1ip2p43._.js:10030:106)
    at http://localhost:3000/_next/static/chunks/1-li_next_dist_compiled_react-dom_1ip2p43._.js:10104:158 @ chrome-extension://fmkadmapgofadopljbjfkapdkoienihi/build/installHook.js:0
[  304432ms] [ERROR] IntlError: MISSING_MESSAGE: Could not resolve `workspace.graph.excludeObjectTypes` in messages for locale `pt-BR`.
    at getFallbackFromErrorAndNotify (http://localhost:3000/_next/static/chunks/node_modules__pnpm_0_wrnyg._.js:3900:23)
    at translateBaseFn (http://localhost:3000/_next/static/chunks/node_modules__pnpm_0_wrnyg._.js:3930:28)
    at translateFn (http://localhost:3000/_next/static/chunks/node_modules__pnpm_0_wrnyg._.js:3958:24)
    at GraphWorkspace (http://localhost:3000/_next/static/chunks/src_components_workspace-content_tsx_1i7atlc._.js?id=%255Bproject%255D/src/components/workspace-content.tsx+%255Bapp-client%255D+(ecmascript):6416:59)
    at Object.react_stack_bottom_frame (http://localhost:3000/_next/static/chunks/1-li_next_dist_compiled_react-dom_1ip2p43._.js:14894:24)
    at renderWithHooks (http://localhost:3000/_next/static/chunks/1-li_next_dist_compiled_react-dom_1ip2p43._.js:4425:24)
    at updateFunctionComponent (http://localhost:3000/_next/static/chunks/1-li_next_dist_compiled_react-dom_1ip2p43._.js:5892:21)
    at beginWork (http://localhost:3000/_next/static/chunks/1-li_next_dist_compiled_react-dom_1ip2p43._.js:6518:24)
    at runWithFiberInDEV (http://localhost:3000/_next/static/chunks/1-li_next_dist_compiled_react-dom_1ip2p43._.js:761:74)
    at performUnitOfWork (http://localhost:3000/_next/static/chunks/1-li_next_dist_compiled_react-dom_1ip2p43._.js:9385:97)
    at workLoopSync (http://localhost:3000/_next/static/chunks/1-li_next_dist_compiled_react-dom_1ip2p43._.js:9279:40)
    at renderRootSync (http://localhost:3000/_next/static/chunks/1-li_next_dist_compiled_react-dom_1ip2p43._.js:9263:13)
    at performWorkOnRoot (http://localhost:3000/_next/static/chunks/1-li_next_dist_compiled_react-dom_1ip2p43._.js:8891:186)
    at performSyncWorkOnRoot (http://localhost:3000/_next/static/chunks/1-li_next_dist_compiled_react-dom_1ip2p43._.js:10093:9)
    at flushSyncWorkAcrossRoots_impl (http://localhost:3000/_next/static/chunks/1-li_next_dist_compiled_react-dom_1ip2p43._.js:10009:316)
    at processRootScheduleInMicrotask (http://localhost:3000/_next/static/chunks/1-li_next_dist_compiled_react-dom_1ip2p43._.js:10030:106)
    at http://localhost:3000/_next/static/chunks/1-li_next_dist_compiled_react-dom_1ip2p43._.js:10104:158 @ chrome-extension://fmkadmapgofadopljbjfkapdkoienihi/build/installHook.js:0
[  304433ms] [ERROR] IntlError: MISSING_MESSAGE: Could not resolve `workspace.graph.completedTasks` in messages for locale `pt-BR`.
    at getFallbackFromErrorAndNotify (http://localhost:3000/_next/static/chunks/node_modules__pnpm_0_wrnyg._.js:3900:23)
    at translateBaseFn (http://localhost:3000/_next/static/chunks/node_modules__pnpm_0_wrnyg._.js:3930:28)
    at translateFn (http://localhost:3000/_next/static/chunks/node_modules__pnpm_0_wrnyg._.js:3958:24)
    at eval (http://localhost:3000/_next/static/chunks/src_components_workspace-content_tsx_1i7atlc._.js?id=%255Bproject%255D/src/components/workspace-content.tsx+%255Bapp-client%255D+(ecmascript):6443:71)
    at Array.map (<anonymous>)
    at GraphWorkspace (http://localhost:3000/_next/static/chunks/src_components_workspace-content_tsx_1i7atlc._.js?id=%255Bproject%255D/src/components/workspace-content.tsx+%255Bapp-client%255D+(ecmascript):6439:47)
    at Object.react_stack_bottom_frame (http://localhost:3000/_next/static/chunks/1-li_next_dist_compiled_react-dom_1ip2p43._.js:14894:24)
    at renderWithHooks (http://localhost:3000/_next/static/chunks/1-li_next_dist_compiled_react-dom_1ip2p43._.js:4425:24)
    at updateFunctionComponent (http://localhost:3000/_next/static/chunks/1-li_next_dist_compiled_react-dom_1ip2p43._.js:5892:21)
    at beginWork (http://localhost:3000/_next/static/chunks/1-li_next_dist_compiled_react-dom_1ip2p43._.js:6518:24)
    at runWithFiberInDEV (http://localhost:3000/_next/static/chunks/1-li_next_dist_compiled_react-dom_1ip2p43._.js:761:74)
    at performUnitOfWork (http://localhost:3000/_next/static/chunks/1-li_next_dist_compiled_react-dom_1ip2p43._.js:9385:97)
    at workLoopSync (http://localhost:3000/_next/static/chunks/1-li_next_dist_compiled_react-dom_1ip2p43._.js:9279:40)
    at renderRootSync (http://localhost:3000/_next/static/chunks/1-li_next_dist_compiled_react-dom_1ip2p43._.js:9263:13)
    at performWorkOnRoot (http://localhost:3000/_next/static/chunks/1-li_next_dist_compiled_react-dom_1ip2p43._.js:8891:186)
    at performSyncWorkOnRoot (http://localhost:3000/_next/static/chunks/1-li_next_dist_compiled_react-dom_1ip2p43._.js:10093:9)
    at flushSyncWorkAcrossRoots_impl (http://localhost:3000/_next/static/chunks/1-li_next_dist_compiled_react-dom_1ip2p43._.js:10009:316)
    at processRootScheduleInMicrotask (http://localhost:3000/_next/static/chunks/1-li_next_dist_compiled_react-dom_1ip2p43._.js:10030:106)
    at http://localhost:3000/_next/static/chunks/1-li_next_dist_compiled_react-dom_1ip2p43._.js:10104:158 @ chrome-extension://fmkadmapgofadopljbjfkapdkoienihi/build/installHook.js:0
[  304435ms] [ERROR] IntlError: MISSING_MESSAGE: Could not resolve `workspace.graph.highLinkObjects` in messages for locale `pt-BR`.
    at getFallbackFromErrorAndNotify (http://localhost:3000/_next/static/chunks/node_modules__pnpm_0_wrnyg._.js:3900:23)
    at translateBaseFn (http://localhost:3000/_next/static/chunks/node_modules__pnpm_0_wrnyg._.js:3930:28)
    at translateFn (http://localhost:3000/_next/static/chunks/node_modules__pnpm_0_wrnyg._.js:3958:24)
    at eval (http://localhost:3000/_next/static/chunks/src_components_workspace-content_tsx_1i7atlc._.js?id=%255Bproject%255D/src/components/workspace-content.tsx+%255Bapp-client%255D+(ecmascript):6443:71)
    at Array.map (<anonymous>)
    at GraphWorkspace (http://localhost:3000/_next/static/chunks/src_components_workspace-content_tsx_1i7atlc._.js?id=%255Bproject%255D/src/components/workspace-content.tsx+%255Bapp-client%255D+(ecmascript):6439:47)
    at Object.react_stack_bottom_frame (http://localhost:3000/_next/static/chunks/1-li_next_dist_compiled_react-dom_1ip2p43._.js:14894:24)
    at renderWithHooks (http://localhost:3000/_next/static/chunks/1-li_next_dist_compiled_react-dom_1ip2p43._.js:4425:24)
    at updateFunctionComponent (http://localhost:3000/_next/static/chunks/1-li_next_dist_compiled_react-dom_1ip2p43._.js:5892:21)
    at beginWork (http://localhost:3000/_next/static/chunks/1-li_next_dist_compiled_react-dom_1ip2p43._.js:6518:24)
    at runWithFiberInDEV (http://localhost:3000/_next/static/chunks/1-li_next_dist_compiled_react-dom_1ip2p43._.js:761:74)
    at performUnitOfWork (http://localhost:3000/_next/static/chunks/1-li_next_dist_compiled_react-dom_1ip2p43._.js:9385:97)
    at workLoopSync (http://localhost:3000/_next/static/chunks/1-li_next_dist_compiled_react-dom_1ip2p43._.js:9279:40)
    at renderRootSync (http://localhost:3000/_next/static/chunks/1-li_next_dist_compiled_react-dom_1ip2p43._.js:9263:13)
    at performWorkOnRoot (http://localhost:3000/_next/static/chunks/1-li_next_dist_compiled_react-dom_1ip2p43._.js:8891:186)
    at performSyncWorkOnRoot (http://localhost:3000/_next/static/chunks/1-li_next_dist_compiled_react-dom_1ip2p43._.js:10093:9)
    at flushSyncWorkAcrossRoots_impl (http://localhost:3000/_next/static/chunks/1-li_next_dist_compiled_react-dom_1ip2p43._.js:10009:316)
    at processRootScheduleInMicrotask (http://localhost:3000/_next/static/chunks/1-li_next_dist_compiled_react-dom_1ip2p43._.js:10030:106)
    at http://localhost:3000/_next/static/chunks/1-li_next_dist_compiled_react-dom_1ip2p43._.js:10104:158 @ chrome-extension://fmkadmapgofadopljbjfkapdkoienihi/build/installHook.js:0
[  304436ms] [ERROR] IntlError: MISSING_MESSAGE: Could not resolve `workspace.graph.dates` in messages for locale `pt-BR`.
    at getFallbackFromErrorAndNotify (http://localhost:3000/_next/static/chunks/node_modules__pnpm_0_wrnyg._.js:3900:23)
    at translateBaseFn (http://localhost:3000/_next/static/chunks/node_modules__pnpm_0_wrnyg._.js:3930:28)
    at translateFn (http://localhost:3000/_next/static/chunks/node_modules__pnpm_0_wrnyg._.js:3958:24)
    at eval (http://localhost:3000/_next/static/chunks/src_components_workspace-content_tsx_1i7atlc._.js?id=%255Bproject%255D/src/components/workspace-content.tsx+%255Bapp-client%255D+(ecmascript):6443:71)
    at Array.map (<anonymous>)
    at GraphWorkspace (http://localhost:3000/_next/static/chunks/src_components_workspace-content_tsx_1i7atlc._.js?id=%255Bproject%255D/src/components/workspace-content.tsx+%255Bapp-client%255D+(ecmascript):6439:47)
    at Object.react_stack_bottom_frame (http://localhost:3000/_next/static/chunks/1-li_next_dist_compiled_react-dom_1ip2p43._.js:14894:24)
    at renderWithHooks (http://localhost:3000/_next/static/chunks/1-li_next_dist_compiled_react-dom_1ip2p43._.js:4425:24)
    at updateFunctionComponent (http://localhost:3000/_next/static/chunks/1-li_next_dist_compiled_react-dom_1ip2p43._.js:5892:21)
    at beginWork (http://localhost:3000/_next/static/chunks/1-li_next_dist_compiled_react-dom_1ip2p43._.js:6518:24)
    at runWithFiberInDEV (http://localhost:3000/_next/static/chunks/1-li_next_dist_compiled_react-dom_1ip2p43._.js:761:74)
    at performUnitOfWork (http://localhost:3000/_next/static/chunks/1-li_next_dist_compiled_react-dom_1ip2p43._.js:9385:97)
    at workLoopSync (http://localhost:3000/_next/static/chunks/1-li_next_dist_compiled_react-dom_1ip2p43._.js:9279:40)
    at renderRootSync (http://localhost:3000/_next/static/chunks/1-li_next_dist_compiled_react-dom_1ip2p43._.js:9263:13)
    at performWorkOnRoot (http://localhost:3000/_next/static/chunks/1-li_next_dist_compiled_react-dom_1ip2p43._.js:8891:186)
    at performSyncWorkOnRoot (http://localhost:3000/_next/static/chunks/1-li_next_dist_compiled_react-dom_1ip2p43._.js:10093:9)
    at flushSyncWorkAcrossRoots_impl (http://localhost:3000/_next/static/chunks/1-li_next_dist_compiled_react-dom_1ip2p43._.js:10009:316)
    at processRootScheduleInMicrotask (http://localhost:3000/_next/static/chunks/1-li_next_dist_compiled_react-dom_1ip2p43._.js:10030:106)
    at http://localhost:3000/_next/static/chunks/1-li_next_dist_compiled_react-dom_1ip2p43._.js:10104:158 @ chrome-extension://fmkadmapgofadopljbjfkapdkoienihi/build/installHook.js:0
[  304437ms] [ERROR] IntlError: MISSING_MESSAGE: Could not resolve `workspace.graph.simplified` in messages for locale `pt-BR`.
    at getFallbackFromErrorAndNotify (http://localhost:3000/_next/static/chunks/node_modules__pnpm_0_wrnyg._.js:3900:23)
    at translateBaseFn (http://localhost:3000/_next/static/chunks/node_modules__pnpm_0_wrnyg._.js:3930:28)
    at translateFn (http://localhost:3000/_next/static/chunks/node_modules__pnpm_0_wrnyg._.js:3958:24)
    at eval (http://localhost:3000/_next/static/chunks/src_components_workspace-content_tsx_1i7atlc._.js?id=%255Bproject%255D/src/components/workspace-content.tsx+%255Bapp-client%255D+(ecmascript):6443:71)
    at Array.map (<anonymous>)
    at GraphWorkspace (http://localhost:3000/_next/static/chunks/src_components_workspace-content_tsx_1i7atlc._.js?id=%255Bproject%255D/src/components/workspace-content.tsx+%255Bapp-client%255D+(ecmascript):6439:47)
    at Object.react_stack_bottom_frame (http://localhost:3000/_next/static/chunks/1-li_next_dist_compiled_react-dom_1ip2p43._.js:14894:24)
    at renderWithHooks (http://localhost:3000/_next/static/chunks/1-li_next_dist_compiled_react-dom_1ip2p43._.js:4425:24)
    at updateFunctionComponent (http://localhost:3000/_next/static/chunks/1-li_next_dist_compiled_react-dom_1ip2p43._.js:5892:21)
    at beginWork (http://localhost:3000/_next/static/chunks/1-li_next_dist_compiled_react-dom_1ip2p43._.js:6518:24)
    at runWithFiberInDEV (http://localhost:3000/_next/static/chunks/1-li_next_dist_compiled_react-dom_1ip2p43._.js:761:74)
    at performUnitOfWork (http://localhost:3000/_next/static/chunks/1-li_next_dist_compiled_react-dom_1ip2p43._.js:9385:97)
    at workLoopSync (http://localhost:3000/_next/static/chunks/1-li_next_dist_compiled_react-dom_1ip2p43._.js:9279:40)
    at renderRootSync (http://localhost:3000/_next/static/chunks/1-li_next_dist_compiled_react-dom_1ip2p43._.js:9263:13)
    at performWorkOnRoot (http://localhost:3000/_next/static/chunks/1-li_next_dist_compiled_react-dom_1ip2p43._.js:8891:186)
    at performSyncWorkOnRoot (http://localhost:3000/_next/static/chunks/1-li_next_dist_compiled_react-dom_1ip2p43._.js:10093:9)
    at flushSyncWorkAcrossRoots_impl (http://localhost:3000/_next/static/chunks/1-li_next_dist_compiled_react-dom_1ip2p43._.js:10009:316)
    at processRootScheduleInMicrotask (http://localhost:3000/_next/static/chunks/1-li_next_dist_compiled_react-dom_1ip2p43._.js:10030:106)
    at http://localhost:3000/_next/static/chunks/1-li_next_dist_compiled_react-dom_1ip2p43._.js:10104:158 @ chrome-extension://fmkadmapgofadopljbjfkapdkoienihi/build/installHook.js:0
[  304439ms] [ERROR] IntlError: MISSING_MESSAGE: Could not resolve `workspace.graph.fit` in messages for locale `pt-BR`.
    at getFallbackFromErrorAndNotify (http://localhost:3000/_next/static/chunks/node_modules__pnpm_0_wrnyg._.js:3900:23)
    at translateBaseFn (http://localhost:3000/_next/static/chunks/node_modules__pnpm_0_wrnyg._.js:3930:28)
    at translateFn (http://localhost:3000/_next/static/chunks/node_modules__pnpm_0_wrnyg._.js:3958:24)
    at GraphWorkspace (http://localhost:3000/_next/static/chunks/src_components_workspace-content_tsx_1i7atlc._.js?id=%255Bproject%255D/src/components/workspace-content.tsx+%255Bapp-client%255D+(ecmascript):6479:47)
    at Object.react_stack_bottom_frame (http://localhost:3000/_next/static/chunks/1-li_next_dist_compiled_react-dom_1ip2p43._.js:14894:24)
    at renderWithHooks (http://localhost:3000/_next/static/chunks/1-li_next_dist_compiled_react-dom_1ip2p43._.js:4425:24)
    at updateFunctionComponent (http://localhost:3000/_next/static/chunks/1-li_next_dist_compiled_react-dom_1ip2p43._.js:5892:21)
    at beginWork (http://localhost:3000/_next/static/chunks/1-li_next_dist_compiled_react-dom_1ip2p43._.js:6518:24)
    at runWithFiberInDEV (http://localhost:3000/_next/static/chunks/1-li_next_dist_compiled_react-dom_1ip2p43._.js:761:74)
    at performUnitOfWork (http://localhost:3000/_next/static/chunks/1-li_next_dist_compiled_react-dom_1ip2p43._.js:9385:97)
    at workLoopSync (http://localhost:3000/_next/static/chunks/1-li_next_dist_compiled_react-dom_1ip2p43._.js:9279:40)
    at renderRootSync (http://localhost:3000/_next/static/chunks/1-li_next_dist_compiled_react-dom_1ip2p43._.js:9263:13)
    at performWorkOnRoot (http://localhost:3000/_next/static/chunks/1-li_next_dist_compiled_react-dom_1ip2p43._.js:8891:186)
    at performSyncWorkOnRoot (http://localhost:3000/_next/static/chunks/1-li_next_dist_compiled_react-dom_1ip2p43._.js:10093:9)
    at flushSyncWorkAcrossRoots_impl (http://localhost:3000/_next/static/chunks/1-li_next_dist_compiled_react-dom_1ip2p43._.js:10009:316)
    at processRootScheduleInMicrotask (http://localhost:3000/_next/static/chunks/1-li_next_dist_compiled_react-dom_1ip2p43._.js:10030:106)
    at http://localhost:3000/_next/static/chunks/1-li_next_dist_compiled_react-dom_1ip2p43._.js:10104:158 @ chrome-extension://fmkadmapgofadopljbjfkapdkoienihi/build/installHook.js:0
[  304440ms] [ERROR] IntlError: MISSING_MESSAGE: Could not resolve `workspace.graph.zoomOut` in messages for locale `pt-BR`.
    at getFallbackFromErrorAndNotify (http://localhost:3000/_next/static/chunks/node_modules__pnpm_0_wrnyg._.js:3900:23)
    at translateBaseFn (http://localhost:3000/_next/static/chunks/node_modules__pnpm_0_wrnyg._.js:3930:28)
    at translateFn (http://localhost:3000/_next/static/chunks/node_modules__pnpm_0_wrnyg._.js:3958:24)
    at GraphWorkspace (http://localhost:3000/_next/static/chunks/src_components_workspace-content_tsx_1i7atlc._.js?id=%255Bproject%255D/src/components/workspace-content.tsx+%255Bapp-client%255D+(ecmascript):6496:47)
    at Object.react_stack_bottom_frame (http://localhost:3000/_next/static/chunks/1-li_next_dist_compiled_react-dom_1ip2p43._.js:14894:24)
    at renderWithHooks (http://localhost:3000/_next/static/chunks/1-li_next_dist_compiled_react-dom_1ip2p43._.js:4425:24)
    at updateFunctionComponent (http://localhost:3000/_next/static/chunks/1-li_next_dist_compiled_react-dom_1ip2p43._.js:5892:21)
    at beginWork (http://localhost:3000/_next/static/chunks/1-li_next_dist_compiled_react-dom_1ip2p43._.js:6518:24)
    at runWithFiberInDEV (http://localhost:3000/_next/static/chunks/1-li_next_dist_compiled_react-dom_1ip2p43._.js:761:74)
    at performUnitOfWork (http://localhost:3000/_next/static/chunks/1-li_next_dist_compiled_react-dom_1ip2p43._.js:9385:97)
    at workLoopSync (http://localhost:3000/_next/static/chunks/1-li_next_dist_compiled_react-dom_1ip2p43._.js:9279:40)
    at renderRootSync (http://localhost:3000/_next/static/chunks/1-li_next_dist_compiled_react-dom_1ip2p43._.js:9263:13)
    at performWorkOnRoot (http://localhost:3000/_next/static/chunks/1-li_next_dist_compiled_react-dom_1ip2p43._.js:8891:186)
    at performSyncWorkOnRoot (http://localhost:3000/_next/static/chunks/1-li_next_dist_compiled_react-dom_1ip2p43._.js:10093:9)
    at flushSyncWorkAcrossRoots_impl (http://localhost:3000/_next/static/chunks/1-li_next_dist_compiled_react-dom_1ip2p43._.js:10009:316)
    at processRootScheduleInMicrotask (http://localhost:3000/_next/static/chunks/1-li_next_dist_compiled_react-dom_1ip2p43._.js:10030:106)
    at http://localhost:3000/_next/static/chunks/1-li_next_dist_compiled_react-dom_1ip2p43._.js:10104:158 @ chrome-extension://fmkadmapgofadopljbjfkapdkoienihi/build/installHook.js:0
[  304441ms] [ERROR] IntlError: MISSING_MESSAGE: Could not resolve `workspace.graph.zoomIn` in messages for locale `pt-BR`.
    at getFallbackFromErrorAndNotify (http://localhost:3000/_next/static/chunks/node_modules__pnpm_0_wrnyg._.js:3900:23)
    at translateBaseFn (http://localhost:3000/_next/static/chunks/node_modules__pnpm_0_wrnyg._.js:3930:28)
    at translateFn (http://localhost:3000/_next/static/chunks/node_modules__pnpm_0_wrnyg._.js:3958:24)
    at GraphWorkspace (http://localhost:3000/_next/static/chunks/src_components_workspace-content_tsx_1i7atlc._.js?id=%255Bproject%255D/src/components/workspace-content.tsx+%255Bapp-client%255D+(ecmascript):6513:47)
    at Object.react_stack_bottom_frame (http://localhost:3000/_next/static/chunks/1-li_next_dist_compiled_react-dom_1ip2p43._.js:14894:24)
    at renderWithHooks (http://localhost:3000/_next/static/chunks/1-li_next_dist_compiled_react-dom_1ip2p43._.js:4425:24)
    at updateFunctionComponent (http://localhost:3000/_next/static/chunks/1-li_next_dist_compiled_react-dom_1ip2p43._.js:5892:21)
    at beginWork (http://localhost:3000/_next/static/chunks/1-li_next_dist_compiled_react-dom_1ip2p43._.js:6518:24)
    at runWithFiberInDEV (http://localhost:3000/_next/static/chunks/1-li_next_dist_compiled_react-dom_1ip2p43._.js:761:74)
    at performUnitOfWork (http://localhost:3000/_next/static/chunks/1-li_next_dist_compiled_react-dom_1ip2p43._.js:9385:97)
    at workLoopSync (http://localhost:3000/_next/static/chunks/1-li_next_dist_compiled_react-dom_1ip2p43._.js:9279:40)
    at renderRootSync (http://localhost:3000/_next/static/chunks/1-li_next_dist_compiled_react-dom_1ip2p43._.js:9263:13)
    at performWorkOnRoot (http://localhost:3000/_next/static/chunks/1-li_next_dist_compiled_react-dom_1ip2p43._.js:8891:186)
    at performSyncWorkOnRoot (http://localhost:3000/_next/static/chunks/1-li_next_dist_compiled_react-dom_1ip2p43._.js:10093:9)
    at flushSyncWorkAcrossRoots_impl (http://localhost:3000/_next/static/chunks/1-li_next_dist_compiled_react-dom_1ip2p43._.js:10009:316)
    at processRootScheduleInMicrotask (http://localhost:3000/_next/static/chunks/1-li_next_dist_compiled_react-dom_1ip2p43._.js:10030:106)
    at http://localhost:3000/_next/static/chunks/1-li_next_dist_compiled_react-dom_1ip2p43._.js:10104:158 @ chrome-extension://fmkadmapgofadopljbjfkapdkoienihi/build/installHook.js:0
[  304442ms] [ERROR] [2;38;2;124;124;124m%s[0m Error: MISSING_MESSAGE: Could not resolve `workspace.graph.showLess` in messages for locale `pt-BR`. @ chrome-extension://fmkadmapgofadopljbjfkapdkoienihi/build/installHook.js:0
[  304443ms] [ERROR] [2;38;2;124;124;124m%s[0m Error: MISSING_MESSAGE: Could not resolve `workspace.graph.showLess` in messages for locale `pt-BR`. @ chrome-extension://fmkadmapgofadopljbjfkapdkoienihi/build/installHook.js:0
[  304445ms] [ERROR] [2;38;2;124;124;124m%s[0m Error: MISSING_MESSAGE: Could not resolve `workspace.graph.showMore` in messages for locale `pt-BR`. @ chrome-extension://fmkadmapgofadopljbjfkapdkoienihi/build/installHook.js:0
[  304446ms] [ERROR] [2;38;2;124;124;124m%s[0m Error: MISSING_MESSAGE: Could not resolve `workspace.graph.showMore` in messages for locale `pt-BR`. @ chrome-extension://fmkadmapgofadopljbjfkapdkoienihi/build/installHook.js:0
[  304447ms] [ERROR] [2;38;2;124;124;124m%s[0m Error: MISSING_MESSAGE: Could not resolve `workspace.graph.settings` in messages for locale `pt-BR`. @ chrome-extension://fmkadmapgofadopljbjfkapdkoienihi/build/installHook.js:0
[  304448ms] [ERROR] [2;38;2;124;124;124m%s[0m Error: MISSING_MESSAGE: Could not resolve `workspace.graph.excludeObjectTypes` in messages for locale `pt-BR`. @ chrome-extension://fmkadmapgofadopljbjfkapdkoienihi/build/installHook.js:0
[  304449ms] [ERROR] [2;38;2;124;124;124m%s[0m Error: MISSING_MESSAGE: Could not resolve `workspace.graph.completedTasks` in messages for locale `pt-BR`. @ chrome-extension://fmkadmapgofadopljbjfkapdkoienihi/build/installHook.js:0
[  304450ms] [ERROR] [2;38;2;124;124;124m%s[0m Error: MISSING_MESSAGE: Could not resolve `workspace.graph.highLinkObjects` in messages for locale `pt-BR`. @ chrome-extension://fmkadmapgofadopljbjfkapdkoienihi/build/installHook.js:0
[  304451ms] [ERROR] [2;38;2;124;124;124m%s[0m Error: MISSING_MESSAGE: Could not resolve `workspace.graph.dates` in messages for locale `pt-BR`. @ chrome-extension://fmkadmapgofadopljbjfkapdkoienihi/build/installHook.js:0
[  304453ms] [ERROR] [2;38;2;124;124;124m%s[0m Error: MISSING_MESSAGE: Could not resolve `workspace.graph.simplified` in messages for locale `pt-BR`. @ chrome-extension://fmkadmapgofadopljbjfkapdkoienihi/build/installHook.js:0
[  304454ms] [ERROR] [2;38;2;124;124;124m%s[0m Error: MISSING_MESSAGE: Could not resolve `workspace.graph.fit` in messages for locale `pt-BR`. @ chrome-extension://fmkadmapgofadopljbjfkapdkoienihi/build/installHook.js:0
[  304456ms] [ERROR] [2;38;2;124;124;124m%s[0m Error: MISSING_MESSAGE: Could not resolve `workspace.graph.zoomOut` in messages for locale `pt-BR`. @ chrome-extension://fmkadmapgofadopljbjfkapdkoienihi/build/installHook.js:0
[  304457ms] [ERROR] [2;38;2;124;124;124m%s[0m Error: MISSING_MESSAGE: Could not resolve `workspace.graph.zoomIn` in messages for locale `pt-BR`. @ chrome-extension://fmkadmapgofadopljbjfkapdkoienihi/build/installHook.js:0
[  319866ms] [LOG] [Fast Refresh] rebuilding @ http://localhost:3000/_next/static/chunks/1-li_next_dist_0it2jl7._.js:776
[  320006ms] [LOG] [Fast Refresh] done in 293ms @ http://localhost:3000/_next/static/chunks/1-li_next_dist_0it2jl7._.js:776
[  320185ms] [LOG] [Fast Refresh] done in 293ms @ http://localhost:3000/_next/static/chunks/1-li_next_dist_0it2jl7._.js:776
[  320305ms] [LOG] [Fast Refresh] done in 293ms @ http://localhost:3000/_next/static/chunks/1-li_next_dist_0it2jl7._.js:776
[  320390ms] [LOG] [Fast Refresh] done in 293ms @ http://localhost:3000/_next/static/chunks/1-li_next_dist_0it2jl7._.js:776
[  320460ms] [LOG] [Fast Refresh] done in 293ms @ http://localhost:3000/_next/static/chunks/1-li_next_dist_0it2jl7._.js:776
[  320546ms] [LOG] [Fast Refresh] done in 293ms @ http://localhost:3000/_next/static/chunks/1-li_next_dist_0it2jl7._.js:776
[  320633ms] [LOG] [Fast Refresh] done in 293ms @ http://localhost:3000/_next/static/chunks/1-li_next_dist_0it2jl7._.js:776
[  320698ms] [LOG] [Fast Refresh] done in 293ms @ http://localhost:3000/_next/static/chunks/1-li_next_dist_0it2jl7._.js:776
[  320757ms] [LOG] [Fast Refresh] done in 293ms @ http://localhost:3000/_next/static/chunks/1-li_next_dist_0it2jl7._.js:776
[  320822ms] [LOG] [Fast Refresh] done in 293ms @ http://localhost:3000/_next/static/chunks/1-li_next_dist_0it2jl7._.js:776
[  320925ms] [LOG] [Fast Refresh] done in 293ms @ http://localhost:3000/_next/static/chunks/1-li_next_dist_0it2jl7._.js:776
[  320990ms] [LOG] [Fast Refresh] done in 293ms @ http://localhost:3000/_next/static/chunks/1-li_next_dist_0it2jl7._.js:776
[  321051ms] [LOG] [Fast Refresh] done in 293ms @ http://localhost:3000/_next/static/chunks/1-li_next_dist_0it2jl7._.js:776
[  321112ms] [LOG] [Fast Refresh] done in 293ms @ http://localhost:3000/_next/static/chunks/1-li_next_dist_0it2jl7._.js:776
[  321203ms] [LOG] [Fast Refresh] done in 293ms @ http://localhost:3000/_next/static/chunks/1-li_next_dist_0it2jl7._.js:776
[  321285ms] [LOG] [Fast Refresh] done in 293ms @ http://localhost:3000/_next/static/chunks/1-li_next_dist_0it2jl7._.js:776
[  321347ms] [LOG] [Fast Refresh] done in 293ms @ http://localhost:3000/_next/static/chunks/1-li_next_dist_0it2jl7._.js:776
[  321411ms] [LOG] [Fast Refresh] done in 293ms @ http://localhost:3000/_next/static/chunks/1-li_next_dist_0it2jl7._.js:776
[  321473ms] [LOG] [Fast Refresh] done in 293ms @ http://localhost:3000/_next/static/chunks/1-li_next_dist_0it2jl7._.js:776
[  321550ms] [LOG] [Fast Refresh] done in 293ms @ http://localhost:3000/_next/static/chunks/1-li_next_dist_0it2jl7._.js:776
[  321608ms] [LOG] [Fast Refresh] done in 293ms @ http://localhost:3000/_next/static/chunks/1-li_next_dist_0it2jl7._.js:776
[  321670ms] [LOG] [Fast Refresh] done in 293ms @ http://localhost:3000/_next/static/chunks/1-li_next_dist_0it2jl7._.js:776
[  321734ms] [LOG] [Fast Refresh] done in 293ms @ http://localhost:3000/_next/static/chunks/1-li_next_dist_0it2jl7._.js:776
[  321793ms] [LOG] [Fast Refresh] done in 293ms @ http://localhost:3000/_next/static/chunks/1-li_next_dist_0it2jl7._.js:776
[  321857ms] [LOG] [Fast Refresh] done in 293ms @ http://localhost:3000/_next/static/chunks/1-li_next_dist_0it2jl7._.js:776
[  321918ms] [LOG] [Fast Refresh] done in 293ms @ http://localhost:3000/_next/static/chunks/1-li_next_dist_0it2jl7._.js:776
[  321980ms] [LOG] [Fast Refresh] done in 293ms @ http://localhost:3000/_next/static/chunks/1-li_next_dist_0it2jl7._.js:776
[  322044ms] [LOG] [Fast Refresh] done in 293ms @ http://localhost:3000/_next/static/chunks/1-li_next_dist_0it2jl7._.js:776
[  322104ms] [LOG] [Fast Refresh] done in 293ms @ http://localhost:3000/_next/static/chunks/1-li_next_dist_0it2jl7._.js:776
[  322166ms] [LOG] [Fast Refresh] done in 293ms @ http://localhost:3000/_next/static/chunks/1-li_next_dist_0it2jl7._.js:776
[  322228ms] [LOG] [Fast Refresh] done in 293ms @ http://localhost:3000/_next/static/chunks/1-li_next_dist_0it2jl7._.js:776
[  322291ms] [LOG] [Fast Refresh] done in 293ms @ http://localhost:3000/_next/static/chunks/1-li_next_dist_0it2jl7._.js:776
[  322351ms] [LOG] [Fast Refresh] done in 293ms @ http://localhost:3000/_next/static/chunks/1-li_next_dist_0it2jl7._.js:776
[  322414ms] [LOG] [Fast Refresh] done in 293ms @ http://localhost:3000/_next/static/chunks/1-li_next_dist_0it2jl7._.js:776
[  322476ms] [LOG] [Fast Refresh] done in 293ms @ http://localhost:3000/_next/static/chunks/1-li_next_dist_0it2jl7._.js:776
[  322540ms] [LOG] [Fast Refresh] done in 293ms @ http://localhost:3000/_next/static/chunks/1-li_next_dist_0it2jl7._.js:776
[  322600ms] [LOG] [Fast Refresh] done in 293ms @ http://localhost:3000/_next/static/chunks/1-li_next_dist_0it2jl7._.js:776
[  322662ms] [LOG] [Fast Refresh] done in 293ms @ http://localhost:3000/_next/static/chunks/1-li_next_dist_0it2jl7._.js:776
[  322724ms] [LOG] [Fast Refresh] done in 293ms @ http://localhost:3000/_next/static/chunks/1-li_next_dist_0it2jl7._.js:776
[  322787ms] [LOG] [Fast Refresh] done in 293ms @ http://localhost:3000/_next/static/chunks/1-li_next_dist_0it2jl7._.js:776
[  322846ms] [LOG] [Fast Refresh] done in 293ms @ http://localhost:3000/_next/static/chunks/1-li_next_dist_0it2jl7._.js:776
[  322914ms] [LOG] [Fast Refresh] done in 293ms @ http://localhost:3000/_next/static/chunks/1-li_next_dist_0it2jl7._.js:776
[  323233ms] [LOG] [Fast Refresh] rebuilding @ http://localhost:3000/_next/static/chunks/1-li_next_dist_0it2jl7._.js:776
[  323301ms] [LOG] [Fast Refresh] done in 213ms @ http://localhost:3000/_next/static/chunks/1-li_next_dist_0it2jl7._.js:776
[  323421ms] [LOG] [Fast Refresh] done in 213ms @ http://localhost:3000/_next/static/chunks/1-li_next_dist_0it2jl7._.js:776
[  323608ms] [LOG] [Fast Refresh] done in 213ms @ http://localhost:3000/_next/static/chunks/1-li_next_dist_0it2jl7._.js:776
[  323726ms] [LOG] [Fast Refresh] done in 213ms @ http://localhost:3000/_next/static/chunks/1-li_next_dist_0it2jl7._.js:776
[  323905ms] [LOG] [Fast Refresh] done in 213ms @ http://localhost:3000/_next/static/chunks/1-li_next_dist_0it2jl7._.js:776
[  324007ms] [LOG] [Fast Refresh] done in 213ms @ http://localhost:3000/_next/static/chunks/1-li_next_dist_0it2jl7._.js:776
[  324107ms] [LOG] [Fast Refresh] done in 213ms @ http://localhost:3000/_next/static/chunks/1-li_next_dist_0it2jl7._.js:776
[  324213ms] [LOG] [Fast Refresh] done in 213ms @ http://localhost:3000/_next/static/chunks/1-li_next_dist_0it2jl7._.js:776
[  324740ms] [LOG] [Fast Refresh] done in 213ms @ http://localhost:3000/_next/static/chunks/1-li_next_dist_0it2jl7._.js:776
[  324873ms] [LOG] [Fast Refresh] done in 213ms @ http://localhost:3000/_next/static/chunks/1-li_next_dist_0it2jl7._.js:776
[  324969ms] [LOG] [Fast Refresh] done in 213ms @ http://localhost:3000/_next/static/chunks/1-li_next_dist_0it2jl7._.js:776
[  325057ms] [LOG] [Fast Refresh] done in 213ms @ http://localhost:3000/_next/static/chunks/1-li_next_dist_0it2jl7._.js:776
[  325138ms] [LOG] [Fast Refresh] done in 213ms @ http://localhost:3000/_next/static/chunks/1-li_next_dist_0it2jl7._.js:776
[  325208ms] [LOG] [Fast Refresh] done in 213ms @ http://localhost:3000/_next/static/chunks/1-li_next_dist_0it2jl7._.js:776
[  325280ms] [LOG] [Fast Refresh] done in 213ms @ http://localhost:3000/_next/static/chunks/1-li_next_dist_0it2jl7._.js:776
[  325362ms] [LOG] [Fast Refresh] done in 213ms @ http://localhost:3000/_next/static/chunks/1-li_next_dist_0it2jl7._.js:776
[  325425ms] [LOG] [Fast Refresh] done in 213ms @ http://localhost:3000/_next/static/chunks/1-li_next_dist_0it2jl7._.js:776
[  325484ms] [LOG] [Fast Refresh] done in 213ms @ http://localhost:3000/_next/static/chunks/1-li_next_dist_0it2jl7._.js:776
[  325549ms] [LOG] [Fast Refresh] done in 213ms @ http://localhost:3000/_next/static/chunks/1-li_next_dist_0it2jl7._.js:776
[  325608ms] [LOG] [Fast Refresh] done in 213ms @ http://localhost:3000/_next/static/chunks/1-li_next_dist_0it2jl7._.js:776
[  325675ms] [LOG] [Fast Refresh] done in 213ms @ http://localhost:3000/_next/static/chunks/1-li_next_dist_0it2jl7._.js:776
[  325732ms] [LOG] [Fast Refresh] done in 213ms @ http://localhost:3000/_next/static/chunks/1-li_next_dist_0it2jl7._.js:776
[  325793ms] [LOG] [Fast Refresh] done in 213ms @ http://localhost:3000/_next/static/chunks/1-li_next_dist_0it2jl7._.js:776
[  325856ms] [LOG] [Fast Refresh] done in 213ms @ http://localhost:3000/_next/static/chunks/1-li_next_dist_0it2jl7._.js:776
[  325919ms] [LOG] [Fast Refresh] done in 213ms @ http://localhost:3000/_next/static/chunks/1-li_next_dist_0it2jl7._.js:776
[  325977ms] [LOG] [Fast Refresh] done in 213ms @ http://localhost:3000/_next/static/chunks/1-li_next_dist_0it2jl7._.js:776
[  326045ms] [LOG] [Fast Refresh] done in 213ms @ http://localhost:3000/_next/static/chunks/1-li_next_dist_0it2jl7._.js:776
[  326101ms] [LOG] [Fast Refresh] done in 213ms @ http://localhost:3000/_next/static/chunks/1-li_next_dist_0it2jl7._.js:776
[  326165ms] [LOG] [Fast Refresh] done in 213ms @ http://localhost:3000/_next/static/chunks/1-li_next_dist_0it2jl7._.js:776
[  326225ms] [LOG] [Fast Refresh] done in 213ms @ http://localhost:3000/_next/static/chunks/1-li_next_dist_0it2jl7._.js:776
[  326287ms] [LOG] [Fast Refresh] done in 213ms @ http://localhost:3000/_next/static/chunks/1-li_next_dist_0it2jl7._.js:776
[  326572ms] [LOG] [Fast Refresh] rebuilding @ http://localhost:3000/_next/static/chunks/1-li_next_dist_0it2jl7._.js:776
[  326863ms] [LOG] [Fast Refresh] done in 163ms @ http://localhost:3000/_next/static/chunks/1-li_next_dist_0it2jl7._.js:776
[  326955ms] [LOG] [Fast Refresh] done in 163ms @ http://localhost:3000/_next/static/chunks/1-li_next_dist_0it2jl7._.js:776
[  327013ms] [LOG] [Fast Refresh] done in 163ms @ http://localhost:3000/_next/static/chunks/1-li_next_dist_0it2jl7._.js:776
[  327074ms] [LOG] [Fast Refresh] done in 163ms @ http://localhost:3000/_next/static/chunks/1-li_next_dist_0it2jl7._.js:776
[  327137ms] [LOG] [Fast Refresh] done in 163ms @ http://localhost:3000/_next/static/chunks/1-li_next_dist_0it2jl7._.js:776
[  327207ms] [LOG] [Fast Refresh] done in 163ms @ http://localhost:3000/_next/static/chunks/1-li_next_dist_0it2jl7._.js:776
[  327292ms] [LOG] [Fast Refresh] done in 163ms @ http://localhost:3000/_next/static/chunks/1-li_next_dist_0it2jl7._.js:776
[  327404ms] [LOG] [Fast Refresh] done in 163ms @ http://localhost:3000/_next/static/chunks/1-li_next_dist_0it2jl7._.js:776
[  327503ms] [LOG] [Fast Refresh] done in 163ms @ http://localhost:3000/_next/static/chunks/1-li_next_dist_0it2jl7._.js:776
[  327585ms] [LOG] [Fast Refresh] done in 163ms @ http://localhost:3000/_next/static/chunks/1-li_next_dist_0it2jl7._.js:776
[  327670ms] [LOG] [Fast Refresh] done in 163ms @ http://localhost:3000/_next/static/chunks/1-li_next_dist_0it2jl7._.js:776
[  327741ms] [LOG] [Fast Refresh] done in 163ms @ http://localhost:3000/_next/static/chunks/1-li_next_dist_0it2jl7._.js:776
[  327805ms] [LOG] [Fast Refresh] done in 163ms @ http://localhost:3000/_next/static/chunks/1-li_next_dist_0it2jl7._.js:776
[  327865ms] [LOG] [Fast Refresh] done in 163ms @ http://localhost:3000/_next/static/chunks/1-li_next_dist_0it2jl7._.js:776
[  327927ms] [LOG] [Fast Refresh] done in 163ms @ http://localhost:3000/_next/static/chunks/1-li_next_dist_0it2jl7._.js:776
[  327987ms] [LOG] [Fast Refresh] done in 163ms @ http://localhost:3000/_next/static/chunks/1-li_next_dist_0it2jl7._.js:776
[  328052ms] [LOG] [Fast Refresh] done in 163ms @ http://localhost:3000/_next/static/chunks/1-li_next_dist_0it2jl7._.js:776
[  328114ms] [LOG] [Fast Refresh] done in 163ms @ http://localhost:3000/_next/static/chunks/1-li_next_dist_0it2jl7._.js:776
[  328174ms] [LOG] [Fast Refresh] done in 163ms @ http://localhost:3000/_next/static/chunks/1-li_next_dist_0it2jl7._.js:776
[  328237ms] [LOG] [Fast Refresh] done in 163ms @ http://localhost:3000/_next/static/chunks/1-li_next_dist_0it2jl7._.js:776
[  328299ms] [LOG] [Fast Refresh] done in 163ms @ http://localhost:3000/_next/static/chunks/1-li_next_dist_0it2jl7._.js:776
[  328363ms] [LOG] [Fast Refresh] done in 163ms @ http://localhost:3000/_next/static/chunks/1-li_next_dist_0it2jl7._.js:776
[  328425ms] [LOG] [Fast Refresh] done in 163ms @ http://localhost:3000/_next/static/chunks/1-li_next_dist_0it2jl7._.js:776
[  328487ms] [LOG] [Fast Refresh] done in 163ms @ http://localhost:3000/_next/static/chunks/1-li_next_dist_0it2jl7._.js:776
[  328547ms] [LOG] [Fast Refresh] done in 163ms @ http://localhost:3000/_next/static/chunks/1-li_next_dist_0it2jl7._.js:776
[  328609ms] [LOG] [Fast Refresh] done in 163ms @ http://localhost:3000/_next/static/chunks/1-li_next_dist_0it2jl7._.js:776
[  328672ms] [LOG] [Fast Refresh] done in 163ms @ http://localhost:3000/_next/static/chunks/1-li_next_dist_0it2jl7._.js:776
[  328734ms] [LOG] [Fast Refresh] done in 163ms @ http://localhost:3000/_next/static/chunks/1-li_next_dist_0it2jl7._.js:776
[  328798ms] [LOG] [Fast Refresh] done in 163ms @ http://localhost:3000/_next/static/chunks/1-li_next_dist_0it2jl7._.js:776
[  328860ms] [LOG] [Fast Refresh] done in 163ms @ http://localhost:3000/_next/static/chunks/1-li_next_dist_0it2jl7._.js:776
[  328922ms] [LOG] [Fast Refresh] done in 163ms @ http://localhost:3000/_next/static/chunks/1-li_next_dist_0it2jl7._.js:776
[  328986ms] [LOG] [Fast Refresh] done in 163ms @ http://localhost:3000/_next/static/chunks/1-li_next_dist_0it2jl7._.js:776
[  329048ms] [LOG] [Fast Refresh] done in 163ms @ http://localhost:3000/_next/static/chunks/1-li_next_dist_0it2jl7._.js:776
[  329111ms] [LOG] [Fast Refresh] done in 163ms @ http://localhost:3000/_next/static/chunks/1-li_next_dist_0it2jl7._.js:776
[  329174ms] [LOG] [Fast Refresh] done in 163ms @ http://localhost:3000/_next/static/chunks/1-li_next_dist_0it2jl7._.js:776
[  329236ms] [LOG] [Fast Refresh] done in 163ms @ http://localhost:3000/_next/static/chunks/1-li_next_dist_0it2jl7._.js:776
[  329299ms] [LOG] [Fast Refresh] done in 163ms @ http://localhost:3000/_next/static/chunks/1-li_next_dist_0it2jl7._.js:776
[  329361ms] [LOG] [Fast Refresh] done in 163ms @ http://localhost:3000/_next/static/chunks/1-li_next_dist_0it2jl7._.js:776
[  329424ms] [LOG] [Fast Refresh] done in 163ms @ http://localhost:3000/_next/static/chunks/1-li_next_dist_0it2jl7._.js:776
[  329486ms] [LOG] [Fast Refresh] done in 163ms @ http://localhost:3000/_next/static/chunks/1-li_next_dist_0it2jl7._.js:776
[  329547ms] [LOG] [Fast Refresh] done in 163ms @ http://localhost:3000/_next/static/chunks/1-li_next_dist_0it2jl7._.js:776
[  329609ms] [LOG] [Fast Refresh] done in 163ms @ http://localhost:3000/_next/static/chunks/1-li_next_dist_0it2jl7._.js:776
[  329675ms] [LOG] [Fast Refresh] done in 163ms @ http://localhost:3000/_next/static/chunks/1-li_next_dist_0it2jl7._.js:776
[  329733ms] [LOG] [Fast Refresh] done in 163ms @ http://localhost:3000/_next/static/chunks/1-li_next_dist_0it2jl7._.js:776
[  329794ms] [LOG] [Fast Refresh] done in 163ms @ http://localhost:3000/_next/static/chunks/1-li_next_dist_0it2jl7._.js:776
[  329857ms] [LOG] [Fast Refresh] done in 163ms @ http://localhost:3000/_next/static/chunks/1-li_next_dist_0it2jl7._.js:776
[  329921ms] [LOG] [Fast Refresh] done in 163ms @ http://localhost:3000/_next/static/chunks/1-li_next_dist_0it2jl7._.js:776
[  329982ms] [LOG] [Fast Refresh] done in 163ms @ http://localhost:3000/_next/static/chunks/1-li_next_dist_0it2jl7._.js:776
[  330045ms] [LOG] [Fast Refresh] done in 163ms @ http://localhost:3000/_next/static/chunks/1-li_next_dist_0it2jl7._.js:776
[  330105ms] [LOG] [Fast Refresh] done in 163ms @ http://localhost:3000/_next/static/chunks/1-li_next_dist_0it2jl7._.js:776
[  330167ms] [LOG] [Fast Refresh] done in 163ms @ http://localhost:3000/_next/static/chunks/1-li_next_dist_0it2jl7._.js:776
[  330228ms] [LOG] [Fast Refresh] done in 163ms @ http://localhost:3000/_next/static/chunks/1-li_next_dist_0it2jl7._.js:776
[  330290ms] [LOG] [Fast Refresh] done in 163ms @ http://localhost:3000/_next/static/chunks/1-li_next_dist_0it2jl7._.js:776
[  330352ms] [LOG] [Fast Refresh] done in 163ms @ http://localhost:3000/_next/static/chunks/1-li_next_dist_0it2jl7._.js:776
[  330415ms] [LOG] [Fast Refresh] done in 163ms @ http://localhost:3000/_next/static/chunks/1-li_next_dist_0it2jl7._.js:776
[  330477ms] [LOG] [Fast Refresh] done in 163ms @ http://localhost:3000/_next/static/chunks/1-li_next_dist_0it2jl7._.js:776
[  330539ms] [LOG] [Fast Refresh] done in 163ms @ http://localhost:3000/_next/static/chunks/1-li_next_dist_0it2jl7._.js:776
[  330601ms] [LOG] [Fast Refresh] done in 163ms @ http://localhost:3000/_next/static/chunks/1-li_next_dist_0it2jl7._.js:776
[  330663ms] [LOG] [Fast Refresh] done in 163ms @ http://localhost:3000/_next/static/chunks/1-li_next_dist_0it2jl7._.js:776
[  330728ms] [LOG] [Fast Refresh] done in 163ms @ http://localhost:3000/_next/static/chunks/1-li_next_dist_0it2jl7._.js:776
[  330788ms] [LOG] [Fast Refresh] done in 163ms @ http://localhost:3000/_next/static/chunks/1-li_next_dist_0it2jl7._.js:776
[  330849ms] [LOG] [Fast Refresh] done in 163ms @ http://localhost:3000/_next/static/chunks/1-li_next_dist_0it2jl7._.js:776
[  330912ms] [LOG] [Fast Refresh] done in 163ms @ http://localhost:3000/_next/static/chunks/1-li_next_dist_0it2jl7._.js:776
[  330974ms] [LOG] [Fast Refresh] done in 163ms @ http://localhost:3000/_next/static/chunks/1-li_next_dist_0it2jl7._.js:776
[  331036ms] [LOG] [Fast Refresh] done in 163ms @ http://localhost:3000/_next/static/chunks/1-li_next_dist_0it2jl7._.js:776
[  331100ms] [LOG] [Fast Refresh] done in 163ms @ http://localhost:3000/_next/static/chunks/1-li_next_dist_0it2jl7._.js:776
[  331161ms] [LOG] [Fast Refresh] done in 163ms @ http://localhost:3000/_next/static/chunks/1-li_next_dist_0it2jl7._.js:776
[  331223ms] [LOG] [Fast Refresh] done in 163ms @ http://localhost:3000/_next/static/chunks/1-li_next_dist_0it2jl7._.js:776
[  331284ms] [LOG] [Fast Refresh] done in 163ms @ http://localhost:3000/_next/static/chunks/1-li_next_dist_0it2jl7._.js:776
[  331346ms] [LOG] [Fast Refresh] done in 163ms @ http://localhost:3000/_next/static/chunks/1-li_next_dist_0it2jl7._.js:776
[  331410ms] [LOG] [Fast Refresh] done in 163ms @ http://localhost:3000/_next/static/chunks/1-li_next_dist_0it2jl7._.js:776
[  331472ms] [LOG] [Fast Refresh] done in 163ms @ http://localhost:3000/_next/static/chunks/1-li_next_dist_0it2jl7._.js:776
[  331532ms] [LOG] [Fast Refresh] done in 163ms @ http://localhost:3000/_next/static/chunks/1-li_next_dist_0it2jl7._.js:776
[  331594ms] [LOG] [Fast Refresh] done in 163ms @ http://localhost:3000/_next/static/chunks/1-li_next_dist_0it2jl7._.js:776
[  331657ms] [LOG] [Fast Refresh] done in 163ms @ http://localhost:3000/_next/static/chunks/1-li_next_dist_0it2jl7._.js:776
[  331720ms] [LOG] [Fast Refresh] done in 163ms @ http://localhost:3000/_next/static/chunks/1-li_next_dist_0it2jl7._.js:776
[  331783ms] [LOG] [Fast Refresh] done in 163ms @ http://localhost:3000/_next/static/chunks/1-li_next_dist_0it2jl7._.js:776
[  331844ms] [LOG] [Fast Refresh] done in 163ms @ http://localhost:3000/_next/static/chunks/1-li_next_dist_0it2jl7._.js:776
[  331906ms] [LOG] [Fast Refresh] done in 163ms @ http://localhost:3000/_next/static/chunks/1-li_next_dist_0it2jl7._.js:776
[  331972ms] [LOG] [Fast Refresh] done in 163ms @ http://localhost:3000/_next/static/chunks/1-li_next_dist_0it2jl7._.js:776
[  332044ms] [LOG] [Fast Refresh] done in 163ms @ http://localhost:3000/_next/static/chunks/1-li_next_dist_0it2jl7._.js:776
[  332110ms] [LOG] [Fast Refresh] done in 163ms @ http://localhost:3000/_next/static/chunks/1-li_next_dist_0it2jl7._.js:776
