[     543ms] [LOG] [HMR] connected @ http://localhost:3000/_next/static/chunks/0brk_next_dist_0dm07mh._.js:776
[   19364ms] [LOG] [Fast Refresh] rebuilding @ http://localhost:3000/_next/static/chunks/0brk_next_dist_0dm07mh._.js:776
[   19366ms] [LOG] [Fast Refresh] done in 104ms @ http://localhost:3000/_next/static/chunks/0brk_next_dist_0dm07mh._.js:776
[  108343ms] [LOG] [Fast Refresh] rebuilding @ http://localhost:3000/_next/static/chunks/0brk_next_dist_0dm07mh._.js:776
[  108610ms] [LOG] [Fast Refresh] done in 360ms @ http://localhost:3000/_next/static/chunks/0brk_next_dist_0dm07mh._.js:776
[  108659ms] [LOG] [Fast Refresh] done in 360ms @ http://localhost:3000/_next/static/chunks/0brk_next_dist_0dm07mh._.js:776
[  108717ms] [LOG] [Fast Refresh] done in 360ms @ http://localhost:3000/_next/static/chunks/0brk_next_dist_0dm07mh._.js:776
[  108778ms] [LOG] [Fast Refresh] done in 360ms @ http://localhost:3000/_next/static/chunks/0brk_next_dist_0dm07mh._.js:776
[  108841ms] [LOG] [Fast Refresh] done in 360ms @ http://localhost:3000/_next/static/chunks/0brk_next_dist_0dm07mh._.js:776
[  108879ms] [LOG] [Fast Refresh] done in 360ms @ http://localhost:3000/_next/static/chunks/0brk_next_dist_0dm07mh._.js:776
[  108941ms] [LOG] [Fast Refresh] done in 360ms @ http://localhost:3000/_next/static/chunks/0brk_next_dist_0dm07mh._.js:776
[  108996ms] [LOG] [Fast Refresh] done in 360ms @ http://localhost:3000/_next/static/chunks/0brk_next_dist_0dm07mh._.js:776
[  109044ms] [LOG] [Fast Refresh] done in 360ms @ http://localhost:3000/_next/static/chunks/0brk_next_dist_0dm07mh._.js:776
[  109096ms] [LOG] [Fast Refresh] done in 360ms @ http://localhost:3000/_next/static/chunks/0brk_next_dist_0dm07mh._.js:776
[  109143ms] [LOG] [Fast Refresh] done in 360ms @ http://localhost:3000/_next/static/chunks/0brk_next_dist_0dm07mh._.js:776
[  109205ms] [LOG] [Fast Refresh] done in 360ms @ http://localhost:3000/_next/static/chunks/0brk_next_dist_0dm07mh._.js:776
[  109266ms] [LOG] [Fast Refresh] done in 360ms @ http://localhost:3000/_next/static/chunks/0brk_next_dist_0dm07mh._.js:776
[  109331ms] [LOG] [Fast Refresh] done in 360ms @ http://localhost:3000/_next/static/chunks/0brk_next_dist_0dm07mh._.js:776
[  109381ms] [LOG] [Fast Refresh] done in 360ms @ http://localhost:3000/_next/static/chunks/0brk_next_dist_0dm07mh._.js:776
[  109435ms] [LOG] [Fast Refresh] done in 360ms @ http://localhost:3000/_next/static/chunks/0brk_next_dist_0dm07mh._.js:776
[  109480ms] [LOG] [Fast Refresh] done in 360ms @ http://localhost:3000/_next/static/chunks/0brk_next_dist_0dm07mh._.js:776
[  109536ms] [LOG] [Fast Refresh] done in 360ms @ http://localhost:3000/_next/static/chunks/0brk_next_dist_0dm07mh._.js:776
[  109581ms] [LOG] [Fast Refresh] done in 360ms @ http://localhost:3000/_next/static/chunks/0brk_next_dist_0dm07mh._.js:776
[  109632ms] [LOG] [Fast Refresh] done in 360ms @ http://localhost:3000/_next/static/chunks/0brk_next_dist_0dm07mh._.js:776
[  109694ms] [LOG] [Fast Refresh] done in 360ms @ http://localhost:3000/_next/static/chunks/0brk_next_dist_0dm07mh._.js:776
[  109746ms] [LOG] [Fast Refresh] done in 360ms @ http://localhost:3000/_next/static/chunks/0brk_next_dist_0dm07mh._.js:776
[  109808ms] [LOG] [Fast Refresh] done in 360ms @ http://localhost:3000/_next/static/chunks/0brk_next_dist_0dm07mh._.js:776
[  109863ms] [LOG] [Fast Refresh] done in 360ms @ http://localhost:3000/_next/static/chunks/0brk_next_dist_0dm07mh._.js:776
[  109929ms] [LOG] [Fast Refresh] done in 360ms @ http://localhost:3000/_next/static/chunks/0brk_next_dist_0dm07mh._.js:776
[  109978ms] [LOG] [Fast Refresh] done in 360ms @ http://localhost:3000/_next/static/chunks/0brk_next_dist_0dm07mh._.js:776
[  110040ms] [LOG] [Fast Refresh] done in 360ms @ http://localhost:3000/_next/static/chunks/0brk_next_dist_0dm07mh._.js:776
[  110094ms] [LOG] [Fast Refresh] done in 360ms @ http://localhost:3000/_next/static/chunks/0brk_next_dist_0dm07mh._.js:776
[  110148ms] [LOG] [Fast Refresh] done in 360ms @ http://localhost:3000/_next/static/chunks/0brk_next_dist_0dm07mh._.js:776
[  110212ms] [LOG] [Fast Refresh] done in 360ms @ http://localhost:3000/_next/static/chunks/0brk_next_dist_0dm07mh._.js:776
[  110260ms] [LOG] [Fast Refresh] done in 360ms @ http://localhost:3000/_next/static/chunks/0brk_next_dist_0dm07mh._.js:776
[  110322ms] [LOG] [Fast Refresh] done in 360ms @ http://localhost:3000/_next/static/chunks/0brk_next_dist_0dm07mh._.js:776
[  110385ms] [LOG] [Fast Refresh] done in 360ms @ http://localhost:3000/_next/static/chunks/0brk_next_dist_0dm07mh._.js:776
[  110448ms] [LOG] [Fast Refresh] done in 360ms @ http://localhost:3000/_next/static/chunks/0brk_next_dist_0dm07mh._.js:776
[  110497ms] [LOG] [Fast Refresh] done in 360ms @ http://localhost:3000/_next/static/chunks/0brk_next_dist_0dm07mh._.js:776
[  110549ms] [LOG] [Fast Refresh] done in 360ms @ http://localhost:3000/_next/static/chunks/0brk_next_dist_0dm07mh._.js:776
[  110628ms] [LOG] [Fast Refresh] done in 360ms @ http://localhost:3000/_next/static/chunks/0brk_next_dist_0dm07mh._.js:776
[  110758ms] [LOG] [Fast Refresh] done in 360ms @ http://localhost:3000/_next/static/chunks/0brk_next_dist_0dm07mh._.js:776
[  111997ms] [LOG] [Fast Refresh] done in 360ms @ http://localhost:3000/_next/static/chunks/0brk_next_dist_0dm07mh._.js:776
[  112069ms] [LOG] [Fast Refresh] done in 360ms @ http://localhost:3000/_next/static/chunks/0brk_next_dist_0dm07mh._.js:776
[  112132ms] [LOG] [Fast Refresh] done in 360ms @ http://localhost:3000/_next/static/chunks/0brk_next_dist_0dm07mh._.js:776
[  112181ms] [LOG] [Fast Refresh] done in 360ms @ http://localhost:3000/_next/static/chunks/0brk_next_dist_0dm07mh._.js:776
[  112244ms] [LOG] [Fast Refresh] done in 360ms @ http://localhost:3000/_next/static/chunks/0brk_next_dist_0dm07mh._.js:776
[  112310ms] [LOG] [Fast Refresh] done in 360ms @ http://localhost:3000/_next/static/chunks/0brk_next_dist_0dm07mh._.js:776
[  112363ms] [LOG] [Fast Refresh] done in 360ms @ http://localhost:3000/_next/static/chunks/0brk_next_dist_0dm07mh._.js:776
[  112426ms] [LOG] [Fast Refresh] done in 360ms @ http://localhost:3000/_next/static/chunks/0brk_next_dist_0dm07mh._.js:776
[  112478ms] [LOG] [Fast Refresh] done in 360ms @ http://localhost:3000/_next/static/chunks/0brk_next_dist_0dm07mh._.js:776
[  112539ms] [LOG] [Fast Refresh] done in 360ms @ http://localhost:3000/_next/static/chunks/0brk_next_dist_0dm07mh._.js:776
[  112586ms] [LOG] [Fast Refresh] done in 360ms @ http://localhost:3000/_next/static/chunks/0brk_next_dist_0dm07mh._.js:776
[  112648ms] [LOG] [Fast Refresh] done in 360ms @ http://localhost:3000/_next/static/chunks/0brk_next_dist_0dm07mh._.js:776
[  112711ms] [LOG] [Fast Refresh] done in 360ms @ http://localhost:3000/_next/static/chunks/0brk_next_dist_0dm07mh._.js:776
[  112860ms] [LOG] [Fast Refresh] done in 360ms @ http://localhost:3000/_next/static/chunks/0brk_next_dist_0dm07mh._.js:776
[  112921ms] [LOG] [Fast Refresh] done in 360ms @ http://localhost:3000/_next/static/chunks/0brk_next_dist_0dm07mh._.js:776
[  112993ms] [LOG] [Fast Refresh] done in 360ms @ http://localhost:3000/_next/static/chunks/0brk_next_dist_0dm07mh._.js:776
[  113245ms] [LOG] [Fast Refresh] done in 360ms @ http://localhost:3000/_next/static/chunks/0brk_next_dist_0dm07mh._.js:776
[  114271ms] [LOG] [Fast Refresh] done in 360ms @ http://localhost:3000/_next/static/chunks/0brk_next_dist_0dm07mh._.js:776
[  114590ms] [LOG] [Fast Refresh] done in 360ms @ http://localhost:3000/_next/static/chunks/0brk_next_dist_0dm07mh._.js:776
[  114655ms] [LOG] [Fast Refresh] done in 360ms @ http://localhost:3000/_next/static/chunks/0brk_next_dist_0dm07mh._.js:776
[  114711ms] [LOG] [Fast Refresh] done in 360ms @ http://localhost:3000/_next/static/chunks/0brk_next_dist_0dm07mh._.js:776
[  114782ms] [LOG] [Fast Refresh] done in 360ms @ http://localhost:3000/_next/static/chunks/0brk_next_dist_0dm07mh._.js:776
[  114844ms] [LOG] [Fast Refresh] done in 360ms @ http://localhost:3000/_next/static/chunks/0brk_next_dist_0dm07mh._.js:776
[  114891ms] [LOG] [Fast Refresh] done in 360ms @ http://localhost:3000/_next/static/chunks/0brk_next_dist_0dm07mh._.js:776
[  114938ms] [LOG] [Fast Refresh] done in 360ms @ http://localhost:3000/_next/static/chunks/0brk_next_dist_0dm07mh._.js:776
[  114996ms] [LOG] [Fast Refresh] done in 360ms @ http://localhost:3000/_next/static/chunks/0brk_next_dist_0dm07mh._.js:776
[  115048ms] [LOG] [Fast Refresh] done in 360ms @ http://localhost:3000/_next/static/chunks/0brk_next_dist_0dm07mh._.js:776
[  115111ms] [LOG] [Fast Refresh] done in 360ms @ http://localhost:3000/_next/static/chunks/0brk_next_dist_0dm07mh._.js:776
[  115163ms] [LOG] [Fast Refresh] done in 360ms @ http://localhost:3000/_next/static/chunks/0brk_next_dist_0dm07mh._.js:776
[  115214ms] [LOG] [Fast Refresh] done in 360ms @ http://localhost:3000/_next/static/chunks/0brk_next_dist_0dm07mh._.js:776
[  115264ms] [LOG] [Fast Refresh] done in 360ms @ http://localhost:3000/_next/static/chunks/0brk_next_dist_0dm07mh._.js:776
[  115326ms] [LOG] [Fast Refresh] done in 360ms @ http://localhost:3000/_next/static/chunks/0brk_next_dist_0dm07mh._.js:776
[  115376ms] [LOG] [Fast Refresh] done in 360ms @ http://localhost:3000/_next/static/chunks/0brk_next_dist_0dm07mh._.js:776
[  115439ms] [LOG] [Fast Refresh] done in 360ms @ http://localhost:3000/_next/static/chunks/0brk_next_dist_0dm07mh._.js:776
[  115509ms] [LOG] [Fast Refresh] done in 360ms @ http://localhost:3000/_next/static/chunks/0brk_next_dist_0dm07mh._.js:776
[  115568ms] [LOG] [Fast Refresh] done in 360ms @ http://localhost:3000/_next/static/chunks/0brk_next_dist_0dm07mh._.js:776
[  115644ms] [LOG] [Fast Refresh] done in 360ms @ http://localhost:3000/_next/static/chunks/0brk_next_dist_0dm07mh._.js:776
[  115711ms] [LOG] [Fast Refresh] done in 360ms @ http://localhost:3000/_next/static/chunks/0brk_next_dist_0dm07mh._.js:776
[  115768ms] [LOG] [Fast Refresh] done in 360ms @ http://localhost:3000/_next/static/chunks/0brk_next_dist_0dm07mh._.js:776
[  115831ms] [LOG] [Fast Refresh] done in 360ms @ http://localhost:3000/_next/static/chunks/0brk_next_dist_0dm07mh._.js:776
[  115891ms] [LOG] [Fast Refresh] done in 360ms @ http://localhost:3000/_next/static/chunks/0brk_next_dist_0dm07mh._.js:776
[  115955ms] [LOG] [Fast Refresh] done in 360ms @ http://localhost:3000/_next/static/chunks/0brk_next_dist_0dm07mh._.js:776
[  116019ms] [LOG] [Fast Refresh] done in 360ms @ http://localhost:3000/_next/static/chunks/0brk_next_dist_0dm07mh._.js:776
[  116078ms] [LOG] [Fast Refresh] done in 360ms @ http://localhost:3000/_next/static/chunks/0brk_next_dist_0dm07mh._.js:776
[  116141ms] [LOG] [Fast Refresh] done in 360ms @ http://localhost:3000/_next/static/chunks/0brk_next_dist_0dm07mh._.js:776
[  116205ms] [LOG] [Fast Refresh] done in 360ms @ http://localhost:3000/_next/static/chunks/0brk_next_dist_0dm07mh._.js:776
[  116265ms] [LOG] [Fast Refresh] done in 360ms @ http://localhost:3000/_next/static/chunks/0brk_next_dist_0dm07mh._.js:776
[  116328ms] [LOG] [Fast Refresh] done in 360ms @ http://localhost:3000/_next/static/chunks/0brk_next_dist_0dm07mh._.js:776
[  116390ms] [LOG] [Fast Refresh] done in 360ms @ http://localhost:3000/_next/static/chunks/0brk_next_dist_0dm07mh._.js:776
[  118040ms] [LOG] [Fast Refresh] done in 360ms @ http://localhost:3000/_next/static/chunks/0brk_next_dist_0dm07mh._.js:776
[  118086ms] [LOG] [Fast Refresh] done in 360ms @ http://localhost:3000/_next/static/chunks/0brk_next_dist_0dm07mh._.js:776
[  118149ms] [LOG] [Fast Refresh] done in 360ms @ http://localhost:3000/_next/static/chunks/0brk_next_dist_0dm07mh._.js:776
[  118198ms] [LOG] [Fast Refresh] done in 360ms @ http://localhost:3000/_next/static/chunks/0brk_next_dist_0dm07mh._.js:776
[  118248ms] [LOG] [Fast Refresh] done in 360ms @ http://localhost:3000/_next/static/chunks/0brk_next_dist_0dm07mh._.js:776
[  118297ms] [LOG] [Fast Refresh] done in 360ms @ http://localhost:3000/_next/static/chunks/0brk_next_dist_0dm07mh._.js:776
[  118344ms] [LOG] [Fast Refresh] done in 360ms @ http://localhost:3000/_next/static/chunks/0brk_next_dist_0dm07mh._.js:776
[  118411ms] [LOG] [Fast Refresh] done in 360ms @ http://localhost:3000/_next/static/chunks/0brk_next_dist_0dm07mh._.js:776
[  118519ms] [LOG] [Fast Refresh] done in 360ms @ http://localhost:3000/_next/static/chunks/0brk_next_dist_0dm07mh._.js:776
[  118571ms] [LOG] [Fast Refresh] done in 360ms @ http://localhost:3000/_next/static/chunks/0brk_next_dist_0dm07mh._.js:776
[  118617ms] [LOG] [Fast Refresh] done in 360ms @ http://localhost:3000/_next/static/chunks/0brk_next_dist_0dm07mh._.js:776
[  118680ms] [LOG] [Fast Refresh] done in 360ms @ http://localhost:3000/_next/static/chunks/0brk_next_dist_0dm07mh._.js:776
[  118732ms] [LOG] [Fast Refresh] done in 360ms @ http://localhost:3000/_next/static/chunks/0brk_next_dist_0dm07mh._.js:776
[  118793ms] [LOG] [Fast Refresh] done in 360ms @ http://localhost:3000/_next/static/chunks/0brk_next_dist_0dm07mh._.js:776
[  118864ms] [LOG] [Fast Refresh] done in 360ms @ http://localhost:3000/_next/static/chunks/0brk_next_dist_0dm07mh._.js:776
[  118925ms] [LOG] [Fast Refresh] done in 360ms @ http://localhost:3000/_next/static/chunks/0brk_next_dist_0dm07mh._.js:776
[  118980ms] [LOG] [Fast Refresh] done in 360ms @ http://localhost:3000/_next/static/chunks/0brk_next_dist_0dm07mh._.js:776
[  120551ms] [LOG] [Fast Refresh] done in 360ms @ http://localhost:3000/_next/static/chunks/0brk_next_dist_0dm07mh._.js:776
[  120667ms] [LOG] [Fast Refresh] done in 360ms @ http://localhost:3000/_next/static/chunks/0brk_next_dist_0dm07mh._.js:776
[  120741ms] [LOG] [Fast Refresh] done in 360ms @ http://localhost:3000/_next/static/chunks/0brk_next_dist_0dm07mh._.js:776
[  120818ms] [LOG] [Fast Refresh] done in 360ms @ http://localhost:3000/_next/static/chunks/0brk_next_dist_0dm07mh._.js:776
[  120879ms] [LOG] [Fast Refresh] done in 360ms @ http://localhost:3000/_next/static/chunks/0brk_next_dist_0dm07mh._.js:776
[  120944ms] [LOG] [Fast Refresh] done in 360ms @ http://localhost:3000/_next/static/chunks/0brk_next_dist_0dm07mh._.js:776
[  121009ms] [LOG] [Fast Refresh] done in 360ms @ http://localhost:3000/_next/static/chunks/0brk_next_dist_0dm07mh._.js:776
[  121071ms] [LOG] [Fast Refresh] done in 360ms @ http://localhost:3000/_next/static/chunks/0brk_next_dist_0dm07mh._.js:776
[  121133ms] [LOG] [Fast Refresh] done in 360ms @ http://localhost:3000/_next/static/chunks/0brk_next_dist_0dm07mh._.js:776
[  121189ms] [LOG] [Fast Refresh] done in 360ms @ http://localhost:3000/_next/static/chunks/0brk_next_dist_0dm07mh._.js:776
[  121236ms] [LOG] [Fast Refresh] done in 360ms @ http://localhost:3000/_next/static/chunks/0brk_next_dist_0dm07mh._.js:776
[  121291ms] [LOG] [Fast Refresh] done in 360ms @ http://localhost:3000/_next/static/chunks/0brk_next_dist_0dm07mh._.js:776
[  121348ms] [LOG] [Fast Refresh] done in 360ms @ http://localhost:3000/_next/static/chunks/0brk_next_dist_0dm07mh._.js:776
[  121397ms] [LOG] [Fast Refresh] done in 360ms @ http://localhost:3000/_next/static/chunks/0brk_next_dist_0dm07mh._.js:776
[  121460ms] [LOG] [Fast Refresh] done in 360ms @ http://localhost:3000/_next/static/chunks/0brk_next_dist_0dm07mh._.js:776
[  121521ms] [LOG] [Fast Refresh] done in 360ms @ http://localhost:3000/_next/static/chunks/0brk_next_dist_0dm07mh._.js:776
[  122784ms] [LOG] [Fast Refresh] done in 360ms @ http://localhost:3000/_next/static/chunks/0brk_next_dist_0dm07mh._.js:776
[  123022ms] [LOG] [Fast Refresh] done in 360ms @ http://localhost:3000/_next/static/chunks/0brk_next_dist_0dm07mh._.js:776
[  123157ms] [LOG] [Fast Refresh] done in 360ms @ http://localhost:3000/_next/static/chunks/0brk_next_dist_0dm07mh._.js:776
[  123248ms] [LOG] [Fast Refresh] done in 360ms @ http://localhost:3000/_next/static/chunks/0brk_next_dist_0dm07mh._.js:776
[  123299ms] [LOG] [Fast Refresh] done in 360ms @ http://localhost:3000/_next/static/chunks/0brk_next_dist_0dm07mh._.js:776
[  123360ms] [LOG] [Fast Refresh] done in 360ms @ http://localhost:3000/_next/static/chunks/0brk_next_dist_0dm07mh._.js:776
[  123402ms] [LOG] [Fast Refresh] done in 360ms @ http://localhost:3000/_next/static/chunks/0brk_next_dist_0dm07mh._.js:776
[  123466ms] [LOG] [Fast Refresh] done in 360ms @ http://localhost:3000/_next/static/chunks/0brk_next_dist_0dm07mh._.js:776
[  123514ms] [LOG] [Fast Refresh] done in 360ms @ http://localhost:3000/_next/static/chunks/0brk_next_dist_0dm07mh._.js:776
[  123563ms] [LOG] [Fast Refresh] done in 360ms @ http://localhost:3000/_next/static/chunks/0brk_next_dist_0dm07mh._.js:776
[  123626ms] [LOG] [Fast Refresh] done in 360ms @ http://localhost:3000/_next/static/chunks/0brk_next_dist_0dm07mh._.js:776
[  123686ms] [LOG] [Fast Refresh] done in 360ms @ http://localhost:3000/_next/static/chunks/0brk_next_dist_0dm07mh._.js:776
[  123740ms] [LOG] [Fast Refresh] done in 360ms @ http://localhost:3000/_next/static/chunks/0brk_next_dist_0dm07mh._.js:776
[  123822ms] [LOG] [Fast Refresh] done in 360ms @ http://localhost:3000/_next/static/chunks/0brk_next_dist_0dm07mh._.js:776
[  123871ms] [LOG] [Fast Refresh] done in 360ms @ http://localhost:3000/_next/static/chunks/0brk_next_dist_0dm07mh._.js:776
[  123950ms] [LOG] [Fast Refresh] done in 360ms @ http://localhost:3000/_next/static/chunks/0brk_next_dist_0dm07mh._.js:776
[  124000ms] [LOG] [Fast Refresh] done in 360ms @ http://localhost:3000/_next/static/chunks/0brk_next_dist_0dm07mh._.js:776
[  124053ms] [LOG] [Fast Refresh] done in 360ms @ http://localhost:3000/_next/static/chunks/0brk_next_dist_0dm07mh._.js:776
[  124110ms] [LOG] [Fast Refresh] done in 360ms @ http://localhost:3000/_next/static/chunks/0brk_next_dist_0dm07mh._.js:776
[  124172ms] [LOG] [Fast Refresh] done in 360ms @ http://localhost:3000/_next/static/chunks/0brk_next_dist_0dm07mh._.js:776
[  124252ms] [LOG] [Fast Refresh] done in 360ms @ http://localhost:3000/_next/static/chunks/0brk_next_dist_0dm07mh._.js:776
[  124318ms] [LOG] [Fast Refresh] done in 360ms @ http://localhost:3000/_next/static/chunks/0brk_next_dist_0dm07mh._.js:776
[  124374ms] [LOG] [Fast Refresh] done in 360ms @ http://localhost:3000/_next/static/chunks/0brk_next_dist_0dm07mh._.js:776
[  124437ms] [LOG] [Fast Refresh] done in 360ms @ http://localhost:3000/_next/static/chunks/0brk_next_dist_0dm07mh._.js:776
[  124528ms] [LOG] [Fast Refresh] done in 360ms @ http://localhost:3000/_next/static/chunks/0brk_next_dist_0dm07mh._.js:776
[  124608ms] [LOG] [Fast Refresh] done in 360ms @ http://localhost:3000/_next/static/chunks/0brk_next_dist_0dm07mh._.js:776
[  124704ms] [LOG] [Fast Refresh] done in 360ms @ http://localhost:3000/_next/static/chunks/0brk_next_dist_0dm07mh._.js:776
[  124750ms] [LOG] [Fast Refresh] done in 360ms @ http://localhost:3000/_next/static/chunks/0brk_next_dist_0dm07mh._.js:776
[  124811ms] [LOG] [Fast Refresh] done in 360ms @ http://localhost:3000/_next/static/chunks/0brk_next_dist_0dm07mh._.js:776
[  124874ms] [LOG] [Fast Refresh] done in 360ms @ http://localhost:3000/_next/static/chunks/0brk_next_dist_0dm07mh._.js:776
[  124939ms] [LOG] [Fast Refresh] done in 360ms @ http://localhost:3000/_next/static/chunks/0brk_next_dist_0dm07mh._.js:776
[  125010ms] [LOG] [Fast Refresh] done in 360ms @ http://localhost:3000/_next/static/chunks/0brk_next_dist_0dm07mh._.js:776
[  125069ms] [LOG] [Fast Refresh] done in 360ms @ http://localhost:3000/_next/static/chunks/0brk_next_dist_0dm07mh._.js:776
[  126438ms] [LOG] [Fast Refresh] done in 360ms @ http://localhost:3000/_next/static/chunks/0brk_next_dist_0dm07mh._.js:776
[  126563ms] [LOG] [Fast Refresh] done in 360ms @ http://localhost:3000/_next/static/chunks/0brk_next_dist_0dm07mh._.js:776
[  126810ms] [LOG] [Fast Refresh] done in 360ms @ http://localhost:3000/_next/static/chunks/0brk_next_dist_0dm07mh._.js:776
[  126884ms] [LOG] [Fast Refresh] done in 360ms @ http://localhost:3000/_next/static/chunks/0brk_next_dist_0dm07mh._.js:776
[  126948ms] [LOG] [Fast Refresh] done in 360ms @ http://localhost:3000/_next/static/chunks/0brk_next_dist_0dm07mh._.js:776
[  127000ms] [LOG] [Fast Refresh] done in 360ms @ http://localhost:3000/_next/static/chunks/0brk_next_dist_0dm07mh._.js:776
[  127062ms] [LOG] [Fast Refresh] done in 360ms @ http://localhost:3000/_next/static/chunks/0brk_next_dist_0dm07mh._.js:776
[  127126ms] [LOG] [Fast Refresh] done in 360ms @ http://localhost:3000/_next/static/chunks/0brk_next_dist_0dm07mh._.js:776
[  127187ms] [LOG] [Fast Refresh] done in 360ms @ http://localhost:3000/_next/static/chunks/0brk_next_dist_0dm07mh._.js:776
[  127248ms] [LOG] [Fast Refresh] done in 360ms @ http://localhost:3000/_next/static/chunks/0brk_next_dist_0dm07mh._.js:776
[  127304ms] [LOG] [Fast Refresh] done in 360ms @ http://localhost:3000/_next/static/chunks/0brk_next_dist_0dm07mh._.js:776
[  127365ms] [LOG] [Fast Refresh] done in 360ms @ http://localhost:3000/_next/static/chunks/0brk_next_dist_0dm07mh._.js:776
[  127430ms] [LOG] [Fast Refresh] done in 360ms @ http://localhost:3000/_next/static/chunks/0brk_next_dist_0dm07mh._.js:776
[  127487ms] [LOG] [Fast Refresh] done in 360ms @ http://localhost:3000/_next/static/chunks/0brk_next_dist_0dm07mh._.js:776
[  127551ms] [LOG] [Fast Refresh] done in 360ms @ http://localhost:3000/_next/static/chunks/0brk_next_dist_0dm07mh._.js:776
[  127610ms] [LOG] [Fast Refresh] done in 360ms @ http://localhost:3000/_next/static/chunks/0brk_next_dist_0dm07mh._.js:776
[  127722ms] [LOG] [Fast Refresh] done in 360ms @ http://localhost:3000/_next/static/chunks/0brk_next_dist_0dm07mh._.js:776
[  128246ms] [LOG] [Fast Refresh] done in 360ms @ http://localhost:3000/_next/static/chunks/0brk_next_dist_0dm07mh._.js:776
[  128414ms] [LOG] [Fast Refresh] done in 360ms @ http://localhost:3000/_next/static/chunks/0brk_next_dist_0dm07mh._.js:776
[  128583ms] [LOG] [Fast Refresh] done in 360ms @ http://localhost:3000/_next/static/chunks/0brk_next_dist_0dm07mh._.js:776
[  128824ms] [LOG] [Fast Refresh] done in 360ms @ http://localhost:3000/_next/static/chunks/0brk_next_dist_0dm07mh._.js:776
[  128881ms] [LOG] [Fast Refresh] done in 360ms @ http://localhost:3000/_next/static/chunks/0brk_next_dist_0dm07mh._.js:776
[  128944ms] [LOG] [Fast Refresh] done in 360ms @ http://localhost:3000/_next/static/chunks/0brk_next_dist_0dm07mh._.js:776
[  129012ms] [LOG] [Fast Refresh] done in 360ms @ http://localhost:3000/_next/static/chunks/0brk_next_dist_0dm07mh._.js:776
[  129075ms] [LOG] [Fast Refresh] done in 360ms @ http://localhost:3000/_next/static/chunks/0brk_next_dist_0dm07mh._.js:776
[  129141ms] [LOG] [Fast Refresh] done in 360ms @ http://localhost:3000/_next/static/chunks/0brk_next_dist_0dm07mh._.js:776
[  129231ms] [LOG] [Fast Refresh] done in 360ms @ http://localhost:3000/_next/static/chunks/0brk_next_dist_0dm07mh._.js:776
[  129303ms] [LOG] [Fast Refresh] done in 360ms @ http://localhost:3000/_next/static/chunks/0brk_next_dist_0dm07mh._.js:776
[  129368ms] [LOG] [Fast Refresh] done in 360ms @ http://localhost:3000/_next/static/chunks/0brk_next_dist_0dm07mh._.js:776
[  129429ms] [LOG] [Fast Refresh] done in 360ms @ http://localhost:3000/_next/static/chunks/0brk_next_dist_0dm07mh._.js:776
[  129490ms] [LOG] [Fast Refresh] done in 360ms @ http://localhost:3000/_next/static/chunks/0brk_next_dist_0dm07mh._.js:776
[  129551ms] [LOG] [Fast Refresh] done in 360ms @ http://localhost:3000/_next/static/chunks/0brk_next_dist_0dm07mh._.js:776
[  129627ms] [LOG] [Fast Refresh] done in 360ms @ http://localhost:3000/_next/static/chunks/0brk_next_dist_0dm07mh._.js:776
[  129675ms] [LOG] [Fast Refresh] done in 360ms @ http://localhost:3000/_next/static/chunks/0brk_next_dist_0dm07mh._.js:776
[  129811ms] [LOG] [Fast Refresh] done in 360ms @ http://localhost:3000/_next/static/chunks/0brk_next_dist_0dm07mh._.js:776
[  129874ms] [LOG] [Fast Refresh] done in 360ms @ http://localhost:3000/_next/static/chunks/0brk_next_dist_0dm07mh._.js:776
[  129936ms] [LOG] [Fast Refresh] done in 360ms @ http://localhost:3000/_next/static/chunks/0brk_next_dist_0dm07mh._.js:776
[  129998ms] [LOG] [Fast Refresh] done in 360ms @ http://localhost:3000/_next/static/chunks/0brk_next_dist_0dm07mh._.js:776
[  130076ms] [LOG] [Fast Refresh] done in 360ms @ http://localhost:3000/_next/static/chunks/0brk_next_dist_0dm07mh._.js:776
[  130138ms] [LOG] [Fast Refresh] done in 360ms @ http://localhost:3000/_next/static/chunks/0brk_next_dist_0dm07mh._.js:776
[  131674ms] [LOG] [Fast Refresh] done in 360ms @ http://localhost:3000/_next/static/chunks/0brk_next_dist_0dm07mh._.js:776
[  131732ms] [LOG] [Fast Refresh] done in 360ms @ http://localhost:3000/_next/static/chunks/0brk_next_dist_0dm07mh._.js:776
[  131782ms] [LOG] [Fast Refresh] done in 360ms @ http://localhost:3000/_next/static/chunks/0brk_next_dist_0dm07mh._.js:776
[  131844ms] [LOG] [Fast Refresh] done in 360ms @ http://localhost:3000/_next/static/chunks/0brk_next_dist_0dm07mh._.js:776
[  131905ms] [LOG] [Fast Refresh] done in 360ms @ http://localhost:3000/_next/static/chunks/0brk_next_dist_0dm07mh._.js:776
[  131967ms] [LOG] [Fast Refresh] done in 360ms @ http://localhost:3000/_next/static/chunks/0brk_next_dist_0dm07mh._.js:776
[  132027ms] [LOG] [Fast Refresh] done in 360ms @ http://localhost:3000/_next/static/chunks/0brk_next_dist_0dm07mh._.js:776
[  132079ms] [LOG] [Fast Refresh] done in 360ms @ http://localhost:3000/_next/static/chunks/0brk_next_dist_0dm07mh._.js:776
[  132140ms] [LOG] [Fast Refresh] done in 360ms @ http://localhost:3000/_next/static/chunks/0brk_next_dist_0dm07mh._.js:776
[  132194ms] [LOG] [Fast Refresh] done in 360ms @ http://localhost:3000/_next/static/chunks/0brk_next_dist_0dm07mh._.js:776
[  132257ms] [LOG] [Fast Refresh] done in 360ms @ http://localhost:3000/_next/static/chunks/0brk_next_dist_0dm07mh._.js:776
[  132319ms] [LOG] [Fast Refresh] done in 360ms @ http://localhost:3000/_next/static/chunks/0brk_next_dist_0dm07mh._.js:776
[  132367ms] [LOG] [Fast Refresh] done in 360ms @ http://localhost:3000/_next/static/chunks/0brk_next_dist_0dm07mh._.js:776
[  132434ms] [LOG] [Fast Refresh] done in 360ms @ http://localhost:3000/_next/static/chunks/0brk_next_dist_0dm07mh._.js:776
[  132496ms] [LOG] [Fast Refresh] done in 360ms @ http://localhost:3000/_next/static/chunks/0brk_next_dist_0dm07mh._.js:776
[  132548ms] [LOG] [Fast Refresh] done in 360ms @ http://localhost:3000/_next/static/chunks/0brk_next_dist_0dm07mh._.js:776
[  132617ms] [LOG] [Fast Refresh] done in 360ms @ http://localhost:3000/_next/static/chunks/0brk_next_dist_0dm07mh._.js:776
[  134370ms] [LOG] [Fast Refresh] done in 360ms @ http://localhost:3000/_next/static/chunks/0brk_next_dist_0dm07mh._.js:776
[  134492ms] [LOG] [Fast Refresh] done in 360ms @ http://localhost:3000/_next/static/chunks/0brk_next_dist_0dm07mh._.js:776
[  134570ms] [LOG] [Fast Refresh] done in 360ms @ http://localhost:3000/_next/static/chunks/0brk_next_dist_0dm07mh._.js:776
[  134629ms] [LOG] [Fast Refresh] done in 360ms @ http://localhost:3000/_next/static/chunks/0brk_next_dist_0dm07mh._.js:776
[  134676ms] [LOG] [Fast Refresh] done in 360ms @ http://localhost:3000/_next/static/chunks/0brk_next_dist_0dm07mh._.js:776
[  134731ms] [LOG] [Fast Refresh] done in 360ms @ http://localhost:3000/_next/static/chunks/0brk_next_dist_0dm07mh._.js:776
[  134791ms] [LOG] [Fast Refresh] done in 360ms @ http://localhost:3000/_next/static/chunks/0brk_next_dist_0dm07mh._.js:776
[  134852ms] [LOG] [Fast Refresh] done in 360ms @ http://localhost:3000/_next/static/chunks/0brk_next_dist_0dm07mh._.js:776
[  134915ms] [LOG] [Fast Refresh] done in 360ms @ http://localhost:3000/_next/static/chunks/0brk_next_dist_0dm07mh._.js:776
[  134977ms] [LOG] [Fast Refresh] done in 360ms @ http://localhost:3000/_next/static/chunks/0brk_next_dist_0dm07mh._.js:776
[  135040ms] [LOG] [Fast Refresh] done in 360ms @ http://localhost:3000/_next/static/chunks/0brk_next_dist_0dm07mh._.js:776
[  135094ms] [LOG] [Fast Refresh] done in 360ms @ http://localhost:3000/_next/static/chunks/0brk_next_dist_0dm07mh._.js:776
[  135156ms] [LOG] [Fast Refresh] done in 360ms @ http://localhost:3000/_next/static/chunks/0brk_next_dist_0dm07mh._.js:776
[  135218ms] [LOG] [Fast Refresh] done in 360ms @ http://localhost:3000/_next/static/chunks/0brk_next_dist_0dm07mh._.js:776
[  135282ms] [LOG] [Fast Refresh] done in 360ms @ http://localhost:3000/_next/static/chunks/0brk_next_dist_0dm07mh._.js:776
[  137253ms] [LOG] [Fast Refresh] done in 360ms @ http://localhost:3000/_next/static/chunks/0brk_next_dist_0dm07mh._.js:776
[  137301ms] [LOG] [Fast Refresh] done in 360ms @ http://localhost:3000/_next/static/chunks/0brk_next_dist_0dm07mh._.js:776
[  137349ms] [LOG] [Fast Refresh] done in 360ms @ http://localhost:3000/_next/static/chunks/0brk_next_dist_0dm07mh._.js:776
[  137409ms] [LOG] [Fast Refresh] done in 360ms @ http://localhost:3000/_next/static/chunks/0brk_next_dist_0dm07mh._.js:776
[  137464ms] [LOG] [Fast Refresh] done in 360ms @ http://localhost:3000/_next/static/chunks/0brk_next_dist_0dm07mh._.js:776
[  137525ms] [LOG] [Fast Refresh] done in 360ms @ http://localhost:3000/_next/static/chunks/0brk_next_dist_0dm07mh._.js:776
[  137572ms] [LOG] [Fast Refresh] done in 360ms @ http://localhost:3000/_next/static/chunks/0brk_next_dist_0dm07mh._.js:776
[  137635ms] [LOG] [Fast Refresh] done in 360ms @ http://localhost:3000/_next/static/chunks/0brk_next_dist_0dm07mh._.js:776
[  137682ms] [LOG] [Fast Refresh] done in 360ms @ http://localhost:3000/_next/static/chunks/0brk_next_dist_0dm07mh._.js:776
[  137746ms] [LOG] [Fast Refresh] done in 360ms @ http://localhost:3000/_next/static/chunks/0brk_next_dist_0dm07mh._.js:776
[  137975ms] [LOG] [Fast Refresh] done in 360ms @ http://localhost:3000/_next/static/chunks/0brk_next_dist_0dm07mh._.js:776
[  139620ms] [LOG] [Fast Refresh] done in 360ms @ http://localhost:3000/_next/static/chunks/0brk_next_dist_0dm07mh._.js:776
[  139681ms] [LOG] [Fast Refresh] done in 360ms @ http://localhost:3000/_next/static/chunks/0brk_next_dist_0dm07mh._.js:776
[  139743ms] [LOG] [Fast Refresh] done in 360ms @ http://localhost:3000/_next/static/chunks/0brk_next_dist_0dm07mh._.js:776
[  139804ms] [LOG] [Fast Refresh] done in 360ms @ http://localhost:3000/_next/static/chunks/0brk_next_dist_0dm07mh._.js:776
[  139868ms] [LOG] [Fast Refresh] done in 360ms @ http://localhost:3000/_next/static/chunks/0brk_next_dist_0dm07mh._.js:776
[  139924ms] [LOG] [Fast Refresh] done in 360ms @ http://localhost:3000/_next/static/chunks/0brk_next_dist_0dm07mh._.js:776
[  139984ms] [LOG] [Fast Refresh] done in 360ms @ http://localhost:3000/_next/static/chunks/0brk_next_dist_0dm07mh._.js:776
[  140049ms] [LOG] [Fast Refresh] done in 360ms @ http://localhost:3000/_next/static/chunks/0brk_next_dist_0dm07mh._.js:776
[  140111ms] [LOG] [Fast Refresh] done in 360ms @ http://localhost:3000/_next/static/chunks/0brk_next_dist_0dm07mh._.js:776
[  140163ms] [LOG] [Fast Refresh] done in 360ms @ http://localhost:3000/_next/static/chunks/0brk_next_dist_0dm07mh._.js:776
[  140225ms] [LOG] [Fast Refresh] done in 360ms @ http://localhost:3000/_next/static/chunks/0brk_next_dist_0dm07mh._.js:776
[  140275ms] [LOG] [Fast Refresh] done in 360ms @ http://localhost:3000/_next/static/chunks/0brk_next_dist_0dm07mh._.js:776
[  140333ms] [LOG] [Fast Refresh] done in 360ms @ http://localhost:3000/_next/static/chunks/0brk_next_dist_0dm07mh._.js:776
[  140383ms] [LOG] [Fast Refresh] done in 360ms @ http://localhost:3000/_next/static/chunks/0brk_next_dist_0dm07mh._.js:776
[  140445ms] [LOG] [Fast Refresh] done in 360ms @ http://localhost:3000/_next/static/chunks/0brk_next_dist_0dm07mh._.js:776
[  140497ms] [LOG] [Fast Refresh] done in 360ms @ http://localhost:3000/_next/static/chunks/0brk_next_dist_0dm07mh._.js:776
[  140559ms] [LOG] [Fast Refresh] done in 360ms @ http://localhost:3000/_next/static/chunks/0brk_next_dist_0dm07mh._.js:776
[  140624ms] [LOG] [Fast Refresh] done in 360ms @ http://localhost:3000/_next/static/chunks/0brk_next_dist_0dm07mh._.js:776
[  140684ms] [LOG] [Fast Refresh] done in 360ms @ http://localhost:3000/_next/static/chunks/0brk_next_dist_0dm07mh._.js:776
[  140746ms] [LOG] [Fast Refresh] done in 360ms @ http://localhost:3000/_next/static/chunks/0brk_next_dist_0dm07mh._.js:776
[  140810ms] [LOG] [Fast Refresh] done in 360ms @ http://localhost:3000/_next/static/chunks/0brk_next_dist_0dm07mh._.js:776
[  140887ms] [LOG] [Fast Refresh] done in 360ms @ http://localhost:3000/_next/static/chunks/0brk_next_dist_0dm07mh._.js:776
[  140952ms] [LOG] [Fast Refresh] done in 360ms @ http://localhost:3000/_next/static/chunks/0brk_next_dist_0dm07mh._.js:776
[  141019ms] [LOG] [Fast Refresh] done in 360ms @ http://localhost:3000/_next/static/chunks/0brk_next_dist_0dm07mh._.js:776
[  141081ms] [LOG] [Fast Refresh] done in 360ms @ http://localhost:3000/_next/static/chunks/0brk_next_dist_0dm07mh._.js:776
[  141145ms] [LOG] [Fast Refresh] done in 360ms @ http://localhost:3000/_next/static/chunks/0brk_next_dist_0dm07mh._.js:776
[  141209ms] [LOG] [Fast Refresh] done in 360ms @ http://localhost:3000/_next/static/chunks/0brk_next_dist_0dm07mh._.js:776
[  141278ms] [LOG] [Fast Refresh] done in 360ms @ http://localhost:3000/_next/static/chunks/0brk_next_dist_0dm07mh._.js:776
[  141352ms] [LOG] [Fast Refresh] done in 360ms @ http://localhost:3000/_next/static/chunks/0brk_next_dist_0dm07mh._.js:776
[  141411ms] [LOG] [Fast Refresh] done in 360ms @ http://localhost:3000/_next/static/chunks/0brk_next_dist_0dm07mh._.js:776
[  141464ms] [LOG] [Fast Refresh] done in 360ms @ http://localhost:3000/_next/static/chunks/0brk_next_dist_0dm07mh._.js:776
[  141522ms] [LOG] [Fast Refresh] done in 360ms @ http://localhost:3000/_next/static/chunks/0brk_next_dist_0dm07mh._.js:776
[  141568ms] [LOG] [Fast Refresh] done in 360ms @ http://localhost:3000/_next/static/chunks/0brk_next_dist_0dm07mh._.js:776
[  141628ms] [LOG] [Fast Refresh] done in 360ms @ http://localhost:3000/_next/static/chunks/0brk_next_dist_0dm07mh._.js:776
[  141682ms] [LOG] [Fast Refresh] done in 360ms @ http://localhost:3000/_next/static/chunks/0brk_next_dist_0dm07mh._.js:776
[  141744ms] [LOG] [Fast Refresh] done in 360ms @ http://localhost:3000/_next/static/chunks/0brk_next_dist_0dm07mh._.js:776
[  141814ms] [LOG] [Fast Refresh] done in 360ms @ http://localhost:3000/_next/static/chunks/0brk_next_dist_0dm07mh._.js:776
[  141874ms] [LOG] [Fast Refresh] done in 360ms @ http://localhost:3000/_next/static/chunks/0brk_next_dist_0dm07mh._.js:776
[  141932ms] [LOG] [Fast Refresh] done in 360ms @ http://localhost:3000/_next/static/chunks/0brk_next_dist_0dm07mh._.js:776
[  141993ms] [LOG] [Fast Refresh] done in 360ms @ http://localhost:3000/_next/static/chunks/0brk_next_dist_0dm07mh._.js:776
[  142062ms] [LOG] [Fast Refresh] done in 360ms @ http://localhost:3000/_next/static/chunks/0brk_next_dist_0dm07mh._.js:776
[  142124ms] [LOG] [Fast Refresh] done in 360ms @ http://localhost:3000/_next/static/chunks/0brk_next_dist_0dm07mh._.js:776
[  142202ms] [LOG] [Fast Refresh] done in 360ms @ http://localhost:3000/_next/static/chunks/0brk_next_dist_0dm07mh._.js:776
[  142427ms] [LOG] [Fast Refresh] done in 360ms @ http://localhost:3000/_next/static/chunks/0brk_next_dist_0dm07mh._.js:776
[  142553ms] [LOG] [Fast Refresh] done in 360ms @ http://localhost:3000/_next/static/chunks/0brk_next_dist_0dm07mh._.js:776
[  142671ms] [LOG] [Fast Refresh] done in 360ms @ http://localhost:3000/_next/static/chunks/0brk_next_dist_0dm07mh._.js:776
[  142748ms] [LOG] [Fast Refresh] done in 360ms @ http://localhost:3000/_next/static/chunks/0brk_next_dist_0dm07mh._.js:776
[  142805ms] [LOG] [Fast Refresh] done in 360ms @ http://localhost:3000/_next/static/chunks/0brk_next_dist_0dm07mh._.js:776
[  142865ms] [LOG] [Fast Refresh] done in 360ms @ http://localhost:3000/_next/static/chunks/0brk_next_dist_0dm07mh._.js:776
[  142923ms] [LOG] [Fast Refresh] done in 360ms @ http://localhost:3000/_next/static/chunks/0brk_next_dist_0dm07mh._.js:776
[  142980ms] [LOG] [Fast Refresh] done in 360ms @ http://localhost:3000/_next/static/chunks/0brk_next_dist_0dm07mh._.js:776
[  143056ms] [LOG] [Fast Refresh] done in 360ms @ http://localhost:3000/_next/static/chunks/0brk_next_dist_0dm07mh._.js:776
[  143128ms] [LOG] [Fast Refresh] done in 360ms @ http://localhost:3000/_next/static/chunks/0brk_next_dist_0dm07mh._.js:776
[  143198ms] [LOG] [Fast Refresh] done in 360ms @ http://localhost:3000/_next/static/chunks/0brk_next_dist_0dm07mh._.js:776
[  143261ms] [LOG] [Fast Refresh] done in 360ms @ http://localhost:3000/_next/static/chunks/0brk_next_dist_0dm07mh._.js:776
[  143323ms] [LOG] [Fast Refresh] done in 360ms @ http://localhost:3000/_next/static/chunks/0brk_next_dist_0dm07mh._.js:776
[  143386ms] [LOG] [Fast Refresh] done in 360ms @ http://localhost:3000/_next/static/chunks/0brk_next_dist_0dm07mh._.js:776
[  143445ms] [LOG] [Fast Refresh] done in 360ms @ http://localhost:3000/_next/static/chunks/0brk_next_dist_0dm07mh._.js:776
[  143517ms] [LOG] [Fast Refresh] done in 360ms @ http://localhost:3000/_next/static/chunks/0brk_next_dist_0dm07mh._.js:776
[  143599ms] [LOG] [Fast Refresh] done in 360ms @ http://localhost:3000/_next/static/chunks/0brk_next_dist_0dm07mh._.js:776
[  143668ms] [LOG] [Fast Refresh] done in 360ms @ http://localhost:3000/_next/static/chunks/0brk_next_dist_0dm07mh._.js:776
[  143728ms] [LOG] [Fast Refresh] done in 360ms @ http://localhost:3000/_next/static/chunks/0brk_next_dist_0dm07mh._.js:776
[  143954ms] [LOG] [Fast Refresh] done in 360ms @ http://localhost:3000/_next/static/chunks/0brk_next_dist_0dm07mh._.js:776
[  144034ms] [LOG] [Fast Refresh] done in 360ms @ http://localhost:3000/_next/static/chunks/0brk_next_dist_0dm07mh._.js:776
[  144611ms] [LOG] [Fast Refresh] done in 360ms @ http://localhost:3000/_next/static/chunks/0brk_next_dist_0dm07mh._.js:776
[  144802ms] [LOG] [Fast Refresh] done in 360ms @ http://localhost:3000/_next/static/chunks/0brk_next_dist_0dm07mh._.js:776
[  145345ms] [LOG] [Fast Refresh] done in 360ms @ http://localhost:3000/_next/static/chunks/0brk_next_dist_0dm07mh._.js:776
[  145673ms] [LOG] [Fast Refresh] done in 360ms @ http://localhost:3000/_next/static/chunks/0brk_next_dist_0dm07mh._.js:776
[  145863ms] [LOG] [Fast Refresh] done in 360ms @ http://localhost:3000/_next/static/chunks/0brk_next_dist_0dm07mh._.js:776
[  146039ms] [LOG] [Fast Refresh] done in 360ms @ http://localhost:3000/_next/static/chunks/0brk_next_dist_0dm07mh._.js:776
[  146228ms] [LOG] [Fast Refresh] done in 360ms @ http://localhost:3000/_next/static/chunks/0brk_next_dist_0dm07mh._.js:776
[  146315ms] [LOG] [Fast Refresh] done in 360ms @ http://localhost:3000/_next/static/chunks/0brk_next_dist_0dm07mh._.js:776
[  146440ms] [LOG] [Fast Refresh] done in 360ms @ http://localhost:3000/_next/static/chunks/0brk_next_dist_0dm07mh._.js:776
[  146578ms] [LOG] [Fast Refresh] done in 360ms @ http://localhost:3000/_next/static/chunks/0brk_next_dist_0dm07mh._.js:776
[  146690ms] [LOG] [Fast Refresh] done in 360ms @ http://localhost:3000/_next/static/chunks/0brk_next_dist_0dm07mh._.js:776
[  146768ms] [LOG] [Fast Refresh] done in 360ms @ http://localhost:3000/_next/static/chunks/0brk_next_dist_0dm07mh._.js:776
[  146830ms] [LOG] [Fast Refresh] done in 360ms @ http://localhost:3000/_next/static/chunks/0brk_next_dist_0dm07mh._.js:776
[  146969ms] [LOG] [Fast Refresh] done in 360ms @ http://localhost:3000/_next/static/chunks/0brk_next_dist_0dm07mh._.js:776
[  147046ms] [LOG] [Fast Refresh] done in 360ms @ http://localhost:3000/_next/static/chunks/0brk_next_dist_0dm07mh._.js:776
[  147150ms] [LOG] [Fast Refresh] done in 360ms @ http://localhost:3000/_next/static/chunks/0brk_next_dist_0dm07mh._.js:776
[  147243ms] [LOG] [Fast Refresh] done in 360ms @ http://localhost:3000/_next/static/chunks/0brk_next_dist_0dm07mh._.js:776
[  147386ms] [LOG] [Fast Refresh] done in 360ms @ http://localhost:3000/_next/static/chunks/0brk_next_dist_0dm07mh._.js:776
[  147478ms] [LOG] [Fast Refresh] done in 360ms @ http://localhost:3000/_next/static/chunks/0brk_next_dist_0dm07mh._.js:776
[  147541ms] [LOG] [Fast Refresh] done in 360ms @ http://localhost:3000/_next/static/chunks/0brk_next_dist_0dm07mh._.js:776
[  147608ms] [LOG] [Fast Refresh] done in 360ms @ http://localhost:3000/_next/static/chunks/0brk_next_dist_0dm07mh._.js:776
[  147674ms] [LOG] [Fast Refresh] done in 360ms @ http://localhost:3000/_next/static/chunks/0brk_next_dist_0dm07mh._.js:776
[  147743ms] [LOG] [Fast Refresh] done in 360ms @ http://localhost:3000/_next/static/chunks/0brk_next_dist_0dm07mh._.js:776
[  147818ms] [LOG] [Fast Refresh] done in 360ms @ http://localhost:3000/_next/static/chunks/0brk_next_dist_0dm07mh._.js:776
[  148022ms] [LOG] [Fast Refresh] done in 360ms @ http://localhost:3000/_next/static/chunks/0brk_next_dist_0dm07mh._.js:776
[  148093ms] [LOG] [Fast Refresh] done in 360ms @ http://localhost:3000/_next/static/chunks/0brk_next_dist_0dm07mh._.js:776
[  148169ms] [LOG] [Fast Refresh] done in 360ms @ http://localhost:3000/_next/static/chunks/0brk_next_dist_0dm07mh._.js:776
[  148248ms] [LOG] [Fast Refresh] done in 360ms @ http://localhost:3000/_next/static/chunks/0brk_next_dist_0dm07mh._.js:776
[  148329ms] [LOG] [Fast Refresh] done in 360ms @ http://localhost:3000/_next/static/chunks/0brk_next_dist_0dm07mh._.js:776
[  148396ms] [LOG] [Fast Refresh] done in 360ms @ http://localhost:3000/_next/static/chunks/0brk_next_dist_0dm07mh._.js:776
[  148465ms] [LOG] [Fast Refresh] done in 360ms @ http://localhost:3000/_next/static/chunks/0brk_next_dist_0dm07mh._.js:776
[  148529ms] [LOG] [Fast Refresh] done in 360ms @ http://localhost:3000/_next/static/chunks/0brk_next_dist_0dm07mh._.js:776
[  148603ms] [LOG] [Fast Refresh] done in 360ms @ http://localhost:3000/_next/static/chunks/0brk_next_dist_0dm07mh._.js:776
[  148667ms] [LOG] [Fast Refresh] done in 360ms @ http://localhost:3000/_next/static/chunks/0brk_next_dist_0dm07mh._.js:776
[  148729ms] [LOG] [Fast Refresh] done in 360ms @ http://localhost:3000/_next/static/chunks/0brk_next_dist_0dm07mh._.js:776
[  148794ms] [LOG] [Fast Refresh] done in 360ms @ http://localhost:3000/_next/static/chunks/0brk_next_dist_0dm07mh._.js:776
[  148850ms] [LOG] [Fast Refresh] done in 360ms @ http://localhost:3000/_next/static/chunks/0brk_next_dist_0dm07mh._.js:776
[  148913ms] [LOG] [Fast Refresh] done in 360ms @ http://localhost:3000/_next/static/chunks/0brk_next_dist_0dm07mh._.js:776
[  148965ms] [LOG] [Fast Refresh] done in 360ms @ http://localhost:3000/_next/static/chunks/0brk_next_dist_0dm07mh._.js:776
[  149028ms] [LOG] [Fast Refresh] done in 360ms @ http://localhost:3000/_next/static/chunks/0brk_next_dist_0dm07mh._.js:776
[  149082ms] [LOG] [Fast Refresh] done in 360ms @ http://localhost:3000/_next/static/chunks/0brk_next_dist_0dm07mh._.js:776
[  149145ms] [LOG] [Fast Refresh] done in 360ms @ http://localhost:3000/_next/static/chunks/0brk_next_dist_0dm07mh._.js:776
[  149206ms] [LOG] [Fast Refresh] done in 360ms @ http://localhost:3000/_next/static/chunks/0brk_next_dist_0dm07mh._.js:776
[  149283ms] [LOG] [Fast Refresh] done in 360ms @ http://localhost:3000/_next/static/chunks/0brk_next_dist_0dm07mh._.js:776
[  149347ms] [LOG] [Fast Refresh] done in 360ms @ http://localhost:3000/_next/static/chunks/0brk_next_dist_0dm07mh._.js:776
[  149425ms] [LOG] [Fast Refresh] done in 360ms @ http://localhost:3000/_next/static/chunks/0brk_next_dist_0dm07mh._.js:776
[  149488ms] [LOG] [Fast Refresh] done in 360ms @ http://localhost:3000/_next/static/chunks/0brk_next_dist_0dm07mh._.js:776
[  149544ms] [LOG] [Fast Refresh] done in 360ms @ http://localhost:3000/_next/static/chunks/0brk_next_dist_0dm07mh._.js:776
[  149613ms] [LOG] [Fast Refresh] done in 360ms @ http://localhost:3000/_next/static/chunks/0brk_next_dist_0dm07mh._.js:776
[  149687ms] [LOG] [Fast Refresh] done in 360ms @ http://localhost:3000/_next/static/chunks/0brk_next_dist_0dm07mh._.js:776
[  149732ms] [LOG] [Fast Refresh] done in 360ms @ http://localhost:3000/_next/static/chunks/0brk_next_dist_0dm07mh._.js:776
[  149796ms] [LOG] [Fast Refresh] done in 360ms @ http://localhost:3000/_next/static/chunks/0brk_next_dist_0dm07mh._.js:776
[  149850ms] [LOG] [Fast Refresh] done in 360ms @ http://localhost:3000/_next/static/chunks/0brk_next_dist_0dm07mh._.js:776
[  149912ms] [LOG] [Fast Refresh] done in 360ms @ http://localhost:3000/_next/static/chunks/0brk_next_dist_0dm07mh._.js:776
[  149965ms] [LOG] [Fast Refresh] done in 360ms @ http://localhost:3000/_next/static/chunks/0brk_next_dist_0dm07mh._.js:776
[  150032ms] [LOG] [Fast Refresh] done in 360ms @ http://localhost:3000/_next/static/chunks/0brk_next_dist_0dm07mh._.js:776
[  150082ms] [LOG] [Fast Refresh] done in 360ms @ http://localhost:3000/_next/static/chunks/0brk_next_dist_0dm07mh._.js:776
[  150144ms] [LOG] [Fast Refresh] done in 360ms @ http://localhost:3000/_next/static/chunks/0brk_next_dist_0dm07mh._.js:776
[  150198ms] [LOG] [Fast Refresh] done in 360ms @ http://localhost:3000/_next/static/chunks/0brk_next_dist_0dm07mh._.js:776
[  150261ms] [LOG] [Fast Refresh] done in 360ms @ http://localhost:3000/_next/static/chunks/0brk_next_dist_0dm07mh._.js:776
[  150323ms] [LOG] [Fast Refresh] done in 360ms @ http://localhost:3000/_next/static/chunks/0brk_next_dist_0dm07mh._.js:776
[  151633ms] [LOG] [Fast Refresh] done in 360ms @ http://localhost:3000/_next/static/chunks/0brk_next_dist_0dm07mh._.js:776
[  151846ms] [LOG] [Fast Refresh] done in 360ms @ http://localhost:3000/_next/static/chunks/0brk_next_dist_0dm07mh._.js:776
[  151907ms] [LOG] [Fast Refresh] done in 360ms @ http://localhost:3000/_next/static/chunks/0brk_next_dist_0dm07mh._.js:776
[  151969ms] [LOG] [Fast Refresh] done in 360ms @ http://localhost:3000/_next/static/chunks/0brk_next_dist_0dm07mh._.js:776
[  152043ms] [LOG] [Fast Refresh] done in 360ms @ http://localhost:3000/_next/static/chunks/0brk_next_dist_0dm07mh._.js:776
[  152099ms] [LOG] [Fast Refresh] done in 360ms @ http://localhost:3000/_next/static/chunks/0brk_next_dist_0dm07mh._.js:776
[  152162ms] [LOG] [Fast Refresh] done in 360ms @ http://localhost:3000/_next/static/chunks/0brk_next_dist_0dm07mh._.js:776
[  152227ms] [LOG] [Fast Refresh] done in 360ms @ http://localhost:3000/_next/static/chunks/0brk_next_dist_0dm07mh._.js:776
[  152282ms] [LOG] [Fast Refresh] done in 360ms @ http://localhost:3000/_next/static/chunks/0brk_next_dist_0dm07mh._.js:776
[  152344ms] [LOG] [Fast Refresh] done in 360ms @ http://localhost:3000/_next/static/chunks/0brk_next_dist_0dm07mh._.js:776
[  152393ms] [LOG] [Fast Refresh] done in 360ms @ http://localhost:3000/_next/static/chunks/0brk_next_dist_0dm07mh._.js:776
[  152449ms] [LOG] [Fast Refresh] done in 360ms @ http://localhost:3000/_next/static/chunks/0brk_next_dist_0dm07mh._.js:776
[  152499ms] [LOG] [Fast Refresh] done in 360ms @ http://localhost:3000/_next/static/chunks/0brk_next_dist_0dm07mh._.js:776
[  152548ms] [LOG] [Fast Refresh] done in 360ms @ http://localhost:3000/_next/static/chunks/0brk_next_dist_0dm07mh._.js:776
[  152596ms] [LOG] [Fast Refresh] done in 360ms @ http://localhost:3000/_next/static/chunks/0brk_next_dist_0dm07mh._.js:776
[  152644ms] [LOG] [Fast Refresh] done in 360ms @ http://localhost:3000/_next/static/chunks/0brk_next_dist_0dm07mh._.js:776
[  152696ms] [LOG] [Fast Refresh] done in 360ms @ http://localhost:3000/_next/static/chunks/0brk_next_dist_0dm07mh._.js:776
[  152744ms] [LOG] [Fast Refresh] done in 360ms @ http://localhost:3000/_next/static/chunks/0brk_next_dist_0dm07mh._.js:776
[  152798ms] [LOG] [Fast Refresh] done in 360ms @ http://localhost:3000/_next/static/chunks/0brk_next_dist_0dm07mh._.js:776
[  152864ms] [LOG] [Fast Refresh] done in 360ms @ http://localhost:3000/_next/static/chunks/0brk_next_dist_0dm07mh._.js:776
[  152912ms] [LOG] [Fast Refresh] done in 360ms @ http://localhost:3000/_next/static/chunks/0brk_next_dist_0dm07mh._.js:776
[  152966ms] [LOG] [Fast Refresh] done in 360ms @ http://localhost:3000/_next/static/chunks/0brk_next_dist_0dm07mh._.js:776
[  153027ms] [LOG] [Fast Refresh] done in 360ms @ http://localhost:3000/_next/static/chunks/0brk_next_dist_0dm07mh._.js:776
[  153082ms] [LOG] [Fast Refresh] done in 360ms @ http://localhost:3000/_next/static/chunks/0brk_next_dist_0dm07mh._.js:776
[  153145ms] [LOG] [Fast Refresh] done in 360ms @ http://localhost:3000/_next/static/chunks/0brk_next_dist_0dm07mh._.js:776
[  153212ms] [LOG] [Fast Refresh] done in 360ms @ http://localhost:3000/_next/static/chunks/0brk_next_dist_0dm07mh._.js:776
[  153273ms] [LOG] [Fast Refresh] done in 360ms @ http://localhost:3000/_next/static/chunks/0brk_next_dist_0dm07mh._.js:776
[  153410ms] [LOG] [Fast Refresh] done in 360ms @ http://localhost:3000/_next/static/chunks/0brk_next_dist_0dm07mh._.js:776
[  153467ms] [LOG] [Fast Refresh] done in 360ms @ http://localhost:3000/_next/static/chunks/0brk_next_dist_0dm07mh._.js:776
[  153527ms] [LOG] [Fast Refresh] done in 360ms @ http://localhost:3000/_next/static/chunks/0brk_next_dist_0dm07mh._.js:776
[  153581ms] [LOG] [Fast Refresh] done in 360ms @ http://localhost:3000/_next/static/chunks/0brk_next_dist_0dm07mh._.js:776
[  153643ms] [LOG] [Fast Refresh] done in 360ms @ http://localhost:3000/_next/static/chunks/0brk_next_dist_0dm07mh._.js:776
[  153715ms] [LOG] [Fast Refresh] done in 360ms @ http://localhost:3000/_next/static/chunks/0brk_next_dist_0dm07mh._.js:776
[  153768ms] [LOG] [Fast Refresh] done in 360ms @ http://localhost:3000/_next/static/chunks/0brk_next_dist_0dm07mh._.js:776
[  154044ms] [LOG] [Fast Refresh] done in 360ms @ http://localhost:3000/_next/static/chunks/0brk_next_dist_0dm07mh._.js:776
[  154129ms] [LOG] [Fast Refresh] done in 360ms @ http://localhost:3000/_next/static/chunks/0brk_next_dist_0dm07mh._.js:776
[  154181ms] [LOG] [Fast Refresh] done in 360ms @ http://localhost:3000/_next/static/chunks/0brk_next_dist_0dm07mh._.js:776
[  154795ms] [LOG] [Fast Refresh] done in 360ms @ http://localhost:3000/_next/static/chunks/0brk_next_dist_0dm07mh._.js:776
[  154848ms] [LOG] [Fast Refresh] done in 360ms @ http://localhost:3000/_next/static/chunks/0brk_next_dist_0dm07mh._.js:776
[  154899ms] [LOG] [Fast Refresh] done in 360ms @ http://localhost:3000/_next/static/chunks/0brk_next_dist_0dm07mh._.js:776
[  154949ms] [LOG] [Fast Refresh] done in 360ms @ http://localhost:3000/_next/static/chunks/0brk_next_dist_0dm07mh._.js:776
[  154996ms] [LOG] [Fast Refresh] done in 360ms @ http://localhost:3000/_next/static/chunks/0brk_next_dist_0dm07mh._.js:776
[  155044ms] [LOG] [Fast Refresh] done in 360ms @ http://localhost:3000/_next/static/chunks/0brk_next_dist_0dm07mh._.js:776
[  155098ms] [LOG] [Fast Refresh] done in 360ms @ http://localhost:3000/_next/static/chunks/0brk_next_dist_0dm07mh._.js:776
[  155160ms] [LOG] [Fast Refresh] done in 360ms @ http://localhost:3000/_next/static/chunks/0brk_next_dist_0dm07mh._.js:776
[  155226ms] [LOG] [Fast Refresh] done in 360ms @ http://localhost:3000/_next/static/chunks/0brk_next_dist_0dm07mh._.js:776
[  155281ms] [LOG] [Fast Refresh] done in 360ms @ http://localhost:3000/_next/static/chunks/0brk_next_dist_0dm07mh._.js:776
[  155346ms] [LOG] [Fast Refresh] done in 360ms @ http://localhost:3000/_next/static/chunks/0brk_next_dist_0dm07mh._.js:776
[  155394ms] [LOG] [Fast Refresh] done in 360ms @ http://localhost:3000/_next/static/chunks/0brk_next_dist_0dm07mh._.js:776
[  155449ms] [LOG] [Fast Refresh] done in 360ms @ http://localhost:3000/_next/static/chunks/0brk_next_dist_0dm07mh._.js:776
[  155496ms] [LOG] [Fast Refresh] done in 360ms @ http://localhost:3000/_next/static/chunks/0brk_next_dist_0dm07mh._.js:776
[  155549ms] [LOG] [Fast Refresh] done in 360ms @ http://localhost:3000/_next/static/chunks/0brk_next_dist_0dm07mh._.js:776
[  155599ms] [LOG] [Fast Refresh] done in 360ms @ http://localhost:3000/_next/static/chunks/0brk_next_dist_0dm07mh._.js:776
[  155649ms] [LOG] [Fast Refresh] done in 360ms @ http://localhost:3000/_next/static/chunks/0brk_next_dist_0dm07mh._.js:776
[  155697ms] [LOG] [Fast Refresh] done in 360ms @ http://localhost:3000/_next/static/chunks/0brk_next_dist_0dm07mh._.js:776
[  155761ms] [LOG] [Fast Refresh] done in 360ms @ http://localhost:3000/_next/static/chunks/0brk_next_dist_0dm07mh._.js:776
[  155814ms] [LOG] [Fast Refresh] done in 360ms @ http://localhost:3000/_next/static/chunks/0brk_next_dist_0dm07mh._.js:776
[  155876ms] [LOG] [Fast Refresh] done in 360ms @ http://localhost:3000/_next/static/chunks/0brk_next_dist_0dm07mh._.js:776
[  155938ms] [LOG] [Fast Refresh] done in 360ms @ http://localhost:3000/_next/static/chunks/0brk_next_dist_0dm07mh._.js:776
[  155998ms] [LOG] [Fast Refresh] done in 360ms @ http://localhost:3000/_next/static/chunks/0brk_next_dist_0dm07mh._.js:776
[  156047ms] [LOG] [Fast Refresh] done in 360ms @ http://localhost:3000/_next/static/chunks/0brk_next_dist_0dm07mh._.js:776
[  156097ms] [LOG] [Fast Refresh] done in 360ms @ http://localhost:3000/_next/static/chunks/0brk_next_dist_0dm07mh._.js:776
[  156164ms] [LOG] [Fast Refresh] done in 360ms @ http://localhost:3000/_next/static/chunks/0brk_next_dist_0dm07mh._.js:776
[  156228ms] [LOG] [Fast Refresh] done in 360ms @ http://localhost:3000/_next/static/chunks/0brk_next_dist_0dm07mh._.js:776
[  156477ms] [LOG] [Fast Refresh] rebuilding @ http://localhost:3000/_next/static/chunks/0brk_next_dist_0dm07mh._.js:776
[  156644ms] [LOG] [Fast Refresh] done in 249ms @ http://localhost:3000/_next/static/chunks/0brk_next_dist_0dm07mh._.js:776
[  156700ms] [LOG] [Fast Refresh] done in 249ms @ http://localhost:3000/_next/static/chunks/0brk_next_dist_0dm07mh._.js:776
[  156750ms] [LOG] [Fast Refresh] done in 249ms @ http://localhost:3000/_next/static/chunks/0brk_next_dist_0dm07mh._.js:776
[  156831ms] [LOG] [Fast Refresh] done in 249ms @ http://localhost:3000/_next/static/chunks/0brk_next_dist_0dm07mh._.js:776
[  156893ms] [LOG] [Fast Refresh] done in 249ms @ http://localhost:3000/_next/static/chunks/0brk_next_dist_0dm07mh._.js:776
[  156950ms] [LOG] [Fast Refresh] done in 249ms @ http://localhost:3000/_next/static/chunks/0brk_next_dist_0dm07mh._.js:776
[  157013ms] [LOG] [Fast Refresh] done in 249ms @ http://localhost:3000/_next/static/chunks/0brk_next_dist_0dm07mh._.js:776
[  157068ms] [LOG] [Fast Refresh] done in 249ms @ http://localhost:3000/_next/static/chunks/0brk_next_dist_0dm07mh._.js:776
[  157128ms] [LOG] [Fast Refresh] done in 249ms @ http://localhost:3000/_next/static/chunks/0brk_next_dist_0dm07mh._.js:776
[  157207ms] [LOG] [Fast Refresh] done in 249ms @ http://localhost:3000/_next/static/chunks/0brk_next_dist_0dm07mh._.js:776
[  157269ms] [LOG] [Fast Refresh] done in 249ms @ http://localhost:3000/_next/static/chunks/0brk_next_dist_0dm07mh._.js:776
[  157719ms] [LOG] [Fast Refresh] done in 249ms @ http://localhost:3000/_next/static/chunks/0brk_next_dist_0dm07mh._.js:776
[  157783ms] [LOG] [Fast Refresh] done in 249ms @ http://localhost:3000/_next/static/chunks/0brk_next_dist_0dm07mh._.js:776
[  157845ms] [LOG] [Fast Refresh] done in 249ms @ http://localhost:3000/_next/static/chunks/0brk_next_dist_0dm07mh._.js:776
[  157898ms] [LOG] [Fast Refresh] done in 249ms @ http://localhost:3000/_next/static/chunks/0brk_next_dist_0dm07mh._.js:776
[  157950ms] [LOG] [Fast Refresh] done in 249ms @ http://localhost:3000/_next/static/chunks/0brk_next_dist_0dm07mh._.js:776
[  158012ms] [LOG] [Fast Refresh] done in 249ms @ http://localhost:3000/_next/static/chunks/0brk_next_dist_0dm07mh._.js:776
[  158064ms] [LOG] [Fast Refresh] done in 249ms @ http://localhost:3000/_next/static/chunks/0brk_next_dist_0dm07mh._.js:776
[  158126ms] [LOG] [Fast Refresh] done in 249ms @ http://localhost:3000/_next/static/chunks/0brk_next_dist_0dm07mh._.js:776
[  158182ms] [LOG] [Fast Refresh] done in 249ms @ http://localhost:3000/_next/static/chunks/0brk_next_dist_0dm07mh._.js:776
[  158243ms] [LOG] [Fast Refresh] done in 249ms @ http://localhost:3000/_next/static/chunks/0brk_next_dist_0dm07mh._.js:776
[  158282ms] [LOG] [Fast Refresh] done in 249ms @ http://localhost:3000/_next/static/chunks/0brk_next_dist_0dm07mh._.js:776
[  158344ms] [LOG] [Fast Refresh] done in 249ms @ http://localhost:3000/_next/static/chunks/0brk_next_dist_0dm07mh._.js:776
[  158413ms] [LOG] [Fast Refresh] done in 249ms @ http://localhost:3000/_next/static/chunks/0brk_next_dist_0dm07mh._.js:776
[  158469ms] [LOG] [Fast Refresh] done in 249ms @ http://localhost:3000/_next/static/chunks/0brk_next_dist_0dm07mh._.js:776
[  158531ms] [LOG] [Fast Refresh] done in 249ms @ http://localhost:3000/_next/static/chunks/0brk_next_dist_0dm07mh._.js:776
[  158584ms] [LOG] [Fast Refresh] done in 249ms @ http://localhost:3000/_next/static/chunks/0brk_next_dist_0dm07mh._.js:776
[  158645ms] [LOG] [Fast Refresh] done in 249ms @ http://localhost:3000/_next/static/chunks/0brk_next_dist_0dm07mh._.js:776
[  158714ms] [LOG] [Fast Refresh] done in 249ms @ http://localhost:3000/_next/static/chunks/0brk_next_dist_0dm07mh._.js:776
[  158776ms] [LOG] [Fast Refresh] done in 249ms @ http://localhost:3000/_next/static/chunks/0brk_next_dist_0dm07mh._.js:776
[  158837ms] [LOG] [Fast Refresh] done in 249ms @ http://localhost:3000/_next/static/chunks/0brk_next_dist_0dm07mh._.js:776
[  158895ms] [LOG] [Fast Refresh] done in 249ms @ http://localhost:3000/_next/static/chunks/0brk_next_dist_0dm07mh._.js:776
[  158950ms] [LOG] [Fast Refresh] done in 249ms @ http://localhost:3000/_next/static/chunks/0brk_next_dist_0dm07mh._.js:776
[  159010ms] [LOG] [Fast Refresh] done in 249ms @ http://localhost:3000/_next/static/chunks/0brk_next_dist_0dm07mh._.js:776
[  159066ms] [LOG] [Fast Refresh] done in 249ms @ http://localhost:3000/_next/static/chunks/0brk_next_dist_0dm07mh._.js:776
[  159121ms] [LOG] [Fast Refresh] done in 249ms @ http://localhost:3000/_next/static/chunks/0brk_next_dist_0dm07mh._.js:776
[  159181ms] [LOG] [Fast Refresh] done in 249ms @ http://localhost:3000/_next/static/chunks/0brk_next_dist_0dm07mh._.js:776
[  159228ms] [LOG] [Fast Refresh] done in 249ms @ http://localhost:3000/_next/static/chunks/0brk_next_dist_0dm07mh._.js:776
[  159290ms] [LOG] [Fast Refresh] done in 249ms @ http://localhost:3000/_next/static/chunks/0brk_next_dist_0dm07mh._.js:776
[  159354ms] [LOG] [Fast Refresh] done in 249ms @ http://localhost:3000/_next/static/chunks/0brk_next_dist_0dm07mh._.js:776
[  159417ms] [LOG] [Fast Refresh] done in 249ms @ http://localhost:3000/_next/static/chunks/0brk_next_dist_0dm07mh._.js:776
[  159482ms] [LOG] [Fast Refresh] done in 249ms @ http://localhost:3000/_next/static/chunks/0brk_next_dist_0dm07mh._.js:776
[  159544ms] [LOG] [Fast Refresh] done in 249ms @ http://localhost:3000/_next/static/chunks/0brk_next_dist_0dm07mh._.js:776
[  159599ms] [LOG] [Fast Refresh] done in 249ms @ http://localhost:3000/_next/static/chunks/0brk_next_dist_0dm07mh._.js:776
[  159641ms] [LOG] [Fast Refresh] done in 249ms @ http://localhost:3000/_next/static/chunks/0brk_next_dist_0dm07mh._.js:776
[  159705ms] [LOG] [Fast Refresh] done in 249ms @ http://localhost:3000/_next/static/chunks/0brk_next_dist_0dm07mh._.js:776
[  161025ms] [LOG] [Fast Refresh] done in 249ms @ http://localhost:3000/_next/static/chunks/0brk_next_dist_0dm07mh._.js:776
[  161149ms] [LOG] [Fast Refresh] done in 249ms @ http://localhost:3000/_next/static/chunks/0brk_next_dist_0dm07mh._.js:776
[  161195ms] [LOG] [Fast Refresh] done in 249ms @ http://localhost:3000/_next/static/chunks/0brk_next_dist_0dm07mh._.js:776
[  161249ms] [LOG] [Fast Refresh] done in 249ms @ http://localhost:3000/_next/static/chunks/0brk_next_dist_0dm07mh._.js:776
[  161314ms] [LOG] [Fast Refresh] done in 249ms @ http://localhost:3000/_next/static/chunks/0brk_next_dist_0dm07mh._.js:776
[  161375ms] [LOG] [Fast Refresh] done in 249ms @ http://localhost:3000/_next/static/chunks/0brk_next_dist_0dm07mh._.js:776
[  161437ms] [LOG] [Fast Refresh] done in 249ms @ http://localhost:3000/_next/static/chunks/0brk_next_dist_0dm07mh._.js:776
[  161496ms] [LOG] [Fast Refresh] done in 249ms @ http://localhost:3000/_next/static/chunks/0brk_next_dist_0dm07mh._.js:776
[  161544ms] [LOG] [Fast Refresh] done in 249ms @ http://localhost:3000/_next/static/chunks/0brk_next_dist_0dm07mh._.js:776
[  161600ms] [LOG] [Fast Refresh] done in 249ms @ http://localhost:3000/_next/static/chunks/0brk_next_dist_0dm07mh._.js:776
[  161662ms] [LOG] [Fast Refresh] done in 249ms @ http://localhost:3000/_next/static/chunks/0brk_next_dist_0dm07mh._.js:776
[  161719ms] [LOG] [Fast Refresh] done in 249ms @ http://localhost:3000/_next/static/chunks/0brk_next_dist_0dm07mh._.js:776
[  161773ms] [LOG] [Fast Refresh] done in 249ms @ http://localhost:3000/_next/static/chunks/0brk_next_dist_0dm07mh._.js:776
[  161829ms] [LOG] [Fast Refresh] done in 249ms @ http://localhost:3000/_next/static/chunks/0brk_next_dist_0dm07mh._.js:776
[  161883ms] [LOG] [Fast Refresh] done in 249ms @ http://localhost:3000/_next/static/chunks/0brk_next_dist_0dm07mh._.js:776
[  161946ms] [LOG] [Fast Refresh] done in 249ms @ http://localhost:3000/_next/static/chunks/0brk_next_dist_0dm07mh._.js:776
[  161995ms] [LOG] [Fast Refresh] done in 249ms @ http://localhost:3000/_next/static/chunks/0brk_next_dist_0dm07mh._.js:776
[  162058ms] [LOG] [Fast Refresh] done in 249ms @ http://localhost:3000/_next/static/chunks/0brk_next_dist_0dm07mh._.js:776
[  162106ms] [LOG] [Fast Refresh] done in 249ms @ http://localhost:3000/_next/static/chunks/0brk_next_dist_0dm07mh._.js:776
[  162171ms] [LOG] [Fast Refresh] done in 249ms @ http://localhost:3000/_next/static/chunks/0brk_next_dist_0dm07mh._.js:776
[  162254ms] [LOG] [Fast Refresh] done in 249ms @ http://localhost:3000/_next/static/chunks/0brk_next_dist_0dm07mh._.js:776
[  162537ms] [LOG] [Fast Refresh] done in 249ms @ http://localhost:3000/_next/static/chunks/0brk_next_dist_0dm07mh._.js:776
[  162615ms] [LOG] [Fast Refresh] done in 249ms @ http://localhost:3000/_next/static/chunks/0brk_next_dist_0dm07mh._.js:776
[  163583ms] [LOG] [Fast Refresh] done in 249ms @ http://localhost:3000/_next/static/chunks/0brk_next_dist_0dm07mh._.js:776
[  163650ms] [LOG] [Fast Refresh] done in 249ms @ http://localhost:3000/_next/static/chunks/0brk_next_dist_0dm07mh._.js:776
[  163713ms] [LOG] [Fast Refresh] done in 249ms @ http://localhost:3000/_next/static/chunks/0brk_next_dist_0dm07mh._.js:776
[  163767ms] [LOG] [Fast Refresh] done in 249ms @ http://localhost:3000/_next/static/chunks/0brk_next_dist_0dm07mh._.js:776
[  163832ms] [LOG] [Fast Refresh] done in 249ms @ http://localhost:3000/_next/static/chunks/0brk_next_dist_0dm07mh._.js:776
[  163894ms] [LOG] [Fast Refresh] done in 249ms @ http://localhost:3000/_next/static/chunks/0brk_next_dist_0dm07mh._.js:776
[  163966ms] [LOG] [Fast Refresh] done in 249ms @ http://localhost:3000/_next/static/chunks/0brk_next_dist_0dm07mh._.js:776
[  164037ms] [LOG] [Fast Refresh] done in 249ms @ http://localhost:3000/_next/static/chunks/0brk_next_dist_0dm07mh._.js:776
[  164082ms] [LOG] [Fast Refresh] done in 249ms @ http://localhost:3000/_next/static/chunks/0brk_next_dist_0dm07mh._.js:776
[  164145ms] [LOG] [Fast Refresh] done in 249ms @ http://localhost:3000/_next/static/chunks/0brk_next_dist_0dm07mh._.js:776
[  164203ms] [LOG] [Fast Refresh] done in 249ms @ http://localhost:3000/_next/static/chunks/0brk_next_dist_0dm07mh._.js:776
[  164264ms] [LOG] [Fast Refresh] done in 249ms @ http://localhost:3000/_next/static/chunks/0brk_next_dist_0dm07mh._.js:776
[  164326ms] [LOG] [Fast Refresh] done in 249ms @ http://localhost:3000/_next/static/chunks/0brk_next_dist_0dm07mh._.js:776
[  164381ms] [LOG] [Fast Refresh] done in 249ms @ http://localhost:3000/_next/static/chunks/0brk_next_dist_0dm07mh._.js:776
[  164428ms] [LOG] [Fast Refresh] done in 249ms @ http://localhost:3000/_next/static/chunks/0brk_next_dist_0dm07mh._.js:776
[  164479ms] [LOG] [Fast Refresh] done in 249ms @ http://localhost:3000/_next/static/chunks/0brk_next_dist_0dm07mh._.js:776
[  164541ms] [LOG] [Fast Refresh] done in 249ms @ http://localhost:3000/_next/static/chunks/0brk_next_dist_0dm07mh._.js:776
[  164588ms] [LOG] [Fast Refresh] done in 249ms @ http://localhost:3000/_next/static/chunks/0brk_next_dist_0dm07mh._.js:776
[  164650ms] [LOG] [Fast Refresh] done in 249ms @ http://localhost:3000/_next/static/chunks/0brk_next_dist_0dm07mh._.js:776
[  164713ms] [LOG] [Fast Refresh] done in 249ms @ http://localhost:3000/_next/static/chunks/0brk_next_dist_0dm07mh._.js:776
[  164764ms] [LOG] [Fast Refresh] done in 249ms @ http://localhost:3000/_next/static/chunks/0brk_next_dist_0dm07mh._.js:776
[  164829ms] [LOG] [Fast Refresh] done in 249ms @ http://localhost:3000/_next/static/chunks/0brk_next_dist_0dm07mh._.js:776
[  164883ms] [LOG] [Fast Refresh] done in 249ms @ http://localhost:3000/_next/static/chunks/0brk_next_dist_0dm07mh._.js:776
[  164933ms] [LOG] [Fast Refresh] done in 249ms @ http://localhost:3000/_next/static/chunks/0brk_next_dist_0dm07mh._.js:776
[  164985ms] [LOG] [Fast Refresh] done in 249ms @ http://localhost:3000/_next/static/chunks/0brk_next_dist_0dm07mh._.js:776
[  165049ms] [LOG] [Fast Refresh] done in 249ms @ http://localhost:3000/_next/static/chunks/0brk_next_dist_0dm07mh._.js:776
[  165104ms] [LOG] [Fast Refresh] done in 249ms @ http://localhost:3000/_next/static/chunks/0brk_next_dist_0dm07mh._.js:776
[  165166ms] [LOG] [Fast Refresh] done in 249ms @ http://localhost:3000/_next/static/chunks/0brk_next_dist_0dm07mh._.js:776
[  165229ms] [LOG] [Fast Refresh] done in 249ms @ http://localhost:3000/_next/static/chunks/0brk_next_dist_0dm07mh._.js:776
[  165280ms] [LOG] [Fast Refresh] done in 249ms @ http://localhost:3000/_next/static/chunks/0brk_next_dist_0dm07mh._.js:776
[  165343ms] [LOG] [Fast Refresh] done in 249ms @ http://localhost:3000/_next/static/chunks/0brk_next_dist_0dm07mh._.js:776
[  165386ms] [LOG] [Fast Refresh] done in 249ms @ http://localhost:3000/_next/static/chunks/0brk_next_dist_0dm07mh._.js:776
[  165446ms] [LOG] [Fast Refresh] done in 249ms @ http://localhost:3000/_next/static/chunks/0brk_next_dist_0dm07mh._.js:776
[  165509ms] [LOG] [Fast Refresh] done in 249ms @ http://localhost:3000/_next/static/chunks/0brk_next_dist_0dm07mh._.js:776
[  165572ms] [LOG] [Fast Refresh] done in 249ms @ http://localhost:3000/_next/static/chunks/0brk_next_dist_0dm07mh._.js:776
[  165634ms] [LOG] [Fast Refresh] done in 249ms @ http://localhost:3000/_next/static/chunks/0brk_next_dist_0dm07mh._.js:776
[  165682ms] [LOG] [Fast Refresh] done in 249ms @ http://localhost:3000/_next/static/chunks/0brk_next_dist_0dm07mh._.js:776
[  165733ms] [LOG] [Fast Refresh] done in 249ms @ http://localhost:3000/_next/static/chunks/0brk_next_dist_0dm07mh._.js:776
[  165782ms] [LOG] [Fast Refresh] done in 249ms @ http://localhost:3000/_next/static/chunks/0brk_next_dist_0dm07mh._.js:776
[  165831ms] [LOG] [Fast Refresh] done in 249ms @ http://localhost:3000/_next/static/chunks/0brk_next_dist_0dm07mh._.js:776
[  165883ms] [LOG] [Fast Refresh] done in 249ms @ http://localhost:3000/_next/static/chunks/0brk_next_dist_0dm07mh._.js:776
[  165946ms] [LOG] [Fast Refresh] done in 249ms @ http://localhost:3000/_next/static/chunks/0brk_next_dist_0dm07mh._.js:776
[  165997ms] [LOG] [Fast Refresh] done in 249ms @ http://localhost:3000/_next/static/chunks/0brk_next_dist_0dm07mh._.js:776
[  166059ms] [LOG] [Fast Refresh] done in 249ms @ http://localhost:3000/_next/static/chunks/0brk_next_dist_0dm07mh._.js:776
[  166122ms] [LOG] [Fast Refresh] done in 249ms @ http://localhost:3000/_next/static/chunks/0brk_next_dist_0dm07mh._.js:776
[  166172ms] [LOG] [Fast Refresh] done in 249ms @ http://localhost:3000/_next/static/chunks/0brk_next_dist_0dm07mh._.js:776
[  166234ms] [LOG] [Fast Refresh] done in 249ms @ http://localhost:3000/_next/static/chunks/0brk_next_dist_0dm07mh._.js:776
[  166285ms] [LOG] [Fast Refresh] done in 249ms @ http://localhost:3000/_next/static/chunks/0brk_next_dist_0dm07mh._.js:776
[  166346ms] [LOG] [Fast Refresh] done in 249ms @ http://localhost:3000/_next/static/chunks/0brk_next_dist_0dm07mh._.js:776
[  166398ms] [LOG] [Fast Refresh] done in 249ms @ http://localhost:3000/_next/static/chunks/0brk_next_dist_0dm07mh._.js:776
[  166453ms] [LOG] [Fast Refresh] done in 249ms @ http://localhost:3000/_next/static/chunks/0brk_next_dist_0dm07mh._.js:776
[  166516ms] [LOG] [Fast Refresh] done in 249ms @ http://localhost:3000/_next/static/chunks/0brk_next_dist_0dm07mh._.js:776
[  166582ms] [LOG] [Fast Refresh] done in 249ms @ http://localhost:3000/_next/static/chunks/0brk_next_dist_0dm07mh._.js:776
[  166644ms] [LOG] [Fast Refresh] done in 249ms @ http://localhost:3000/_next/static/chunks/0brk_next_dist_0dm07mh._.js:776
[  166696ms] [LOG] [Fast Refresh] done in 249ms @ http://localhost:3000/_next/static/chunks/0brk_next_dist_0dm07mh._.js:776
[  166762ms] [LOG] [Fast Refresh] done in 249ms @ http://localhost:3000/_next/static/chunks/0brk_next_dist_0dm07mh._.js:776
[  166823ms] [LOG] [Fast Refresh] done in 249ms @ http://localhost:3000/_next/static/chunks/0brk_next_dist_0dm07mh._.js:776
[  166884ms] [LOG] [Fast Refresh] done in 249ms @ http://localhost:3000/_next/static/chunks/0brk_next_dist_0dm07mh._.js:776
[  166932ms] [LOG] [Fast Refresh] done in 249ms @ http://localhost:3000/_next/static/chunks/0brk_next_dist_0dm07mh._.js:776
[  166983ms] [LOG] [Fast Refresh] done in 249ms @ http://localhost:3000/_next/static/chunks/0brk_next_dist_0dm07mh._.js:776
[  167044ms] [LOG] [Fast Refresh] done in 249ms @ http://localhost:3000/_next/static/chunks/0brk_next_dist_0dm07mh._.js:776
[  167102ms] [LOG] [Fast Refresh] done in 249ms @ http://localhost:3000/_next/static/chunks/0brk_next_dist_0dm07mh._.js:776
[  167163ms] [LOG] [Fast Refresh] done in 249ms @ http://localhost:3000/_next/static/chunks/0brk_next_dist_0dm07mh._.js:776
[  167213ms] [LOG] [Fast Refresh] done in 249ms @ http://localhost:3000/_next/static/chunks/0brk_next_dist_0dm07mh._.js:776
[  167264ms] [LOG] [Fast Refresh] done in 249ms @ http://localhost:3000/_next/static/chunks/0brk_next_dist_0dm07mh._.js:776
[  167315ms] [LOG] [Fast Refresh] done in 249ms @ http://localhost:3000/_next/static/chunks/0brk_next_dist_0dm07mh._.js:776
[  167369ms] [LOG] [Fast Refresh] done in 249ms @ http://localhost:3000/_next/static/chunks/0brk_next_dist_0dm07mh._.js:776
[  167433ms] [LOG] [Fast Refresh] done in 249ms @ http://localhost:3000/_next/static/chunks/0brk_next_dist_0dm07mh._.js:776
[  167482ms] [LOG] [Fast Refresh] done in 249ms @ http://localhost:3000/_next/static/chunks/0brk_next_dist_0dm07mh._.js:776
[  167544ms] [LOG] [Fast Refresh] done in 249ms @ http://localhost:3000/_next/static/chunks/0brk_next_dist_0dm07mh._.js:776
[  167592ms] [LOG] [Fast Refresh] done in 249ms @ http://localhost:3000/_next/static/chunks/0brk_next_dist_0dm07mh._.js:776
[  167640ms] [LOG] [Fast Refresh] done in 249ms @ http://localhost:3000/_next/static/chunks/0brk_next_dist_0dm07mh._.js:776
[  167688ms] [LOG] [Fast Refresh] done in 249ms @ http://localhost:3000/_next/static/chunks/0brk_next_dist_0dm07mh._.js:776
[  167739ms] [LOG] [Fast Refresh] done in 249ms @ http://localhost:3000/_next/static/chunks/0brk_next_dist_0dm07mh._.js:776
[  167798ms] [LOG] [Fast Refresh] done in 249ms @ http://localhost:3000/_next/static/chunks/0brk_next_dist_0dm07mh._.js:776
[  167849ms] [LOG] [Fast Refresh] done in 249ms @ http://localhost:3000/_next/static/chunks/0brk_next_dist_0dm07mh._.js:776
[  167912ms] [LOG] [Fast Refresh] done in 249ms @ http://localhost:3000/_next/static/chunks/0brk_next_dist_0dm07mh._.js:776
[  167964ms] [LOG] [Fast Refresh] done in 249ms @ http://localhost:3000/_next/static/chunks/0brk_next_dist_0dm07mh._.js:776
[  168026ms] [LOG] [Fast Refresh] done in 249ms @ http://localhost:3000/_next/static/chunks/0brk_next_dist_0dm07mh._.js:776
[  168079ms] [LOG] [Fast Refresh] done in 249ms @ http://localhost:3000/_next/static/chunks/0brk_next_dist_0dm07mh._.js:776
[  168128ms] [LOG] [Fast Refresh] done in 249ms @ http://localhost:3000/_next/static/chunks/0brk_next_dist_0dm07mh._.js:776
[  168188ms] [LOG] [Fast Refresh] done in 249ms @ http://localhost:3000/_next/static/chunks/0brk_next_dist_0dm07mh._.js:776
[  168249ms] [LOG] [Fast Refresh] done in 249ms @ http://localhost:3000/_next/static/chunks/0brk_next_dist_0dm07mh._.js:776
[  168306ms] [LOG] [Fast Refresh] done in 249ms @ http://localhost:3000/_next/static/chunks/0brk_next_dist_0dm07mh._.js:776
[  168351ms] [LOG] [Fast Refresh] done in 249ms @ http://localhost:3000/_next/static/chunks/0brk_next_dist_0dm07mh._.js:776
[  168402ms] [LOG] [Fast Refresh] done in 249ms @ http://localhost:3000/_next/static/chunks/0brk_next_dist_0dm07mh._.js:776
[  168463ms] [LOG] [Fast Refresh] done in 249ms @ http://localhost:3000/_next/static/chunks/0brk_next_dist_0dm07mh._.js:776
[  168501ms] [LOG] [Fast Refresh] done in 249ms @ http://localhost:3000/_next/static/chunks/0brk_next_dist_0dm07mh._.js:776
[  168564ms] [LOG] [Fast Refresh] done in 249ms @ http://localhost:3000/_next/static/chunks/0brk_next_dist_0dm07mh._.js:776
[  168622ms] [LOG] [Fast Refresh] done in 249ms @ http://localhost:3000/_next/static/chunks/0brk_next_dist_0dm07mh._.js:776
[  168670ms] [LOG] [Fast Refresh] done in 249ms @ http://localhost:3000/_next/static/chunks/0brk_next_dist_0dm07mh._.js:776
[  168721ms] [LOG] [Fast Refresh] done in 249ms @ http://localhost:3000/_next/static/chunks/0brk_next_dist_0dm07mh._.js:776
[  168775ms] [LOG] [Fast Refresh] done in 249ms @ http://localhost:3000/_next/static/chunks/0brk_next_dist_0dm07mh._.js:776
[  168837ms] [LOG] [Fast Refresh] done in 249ms @ http://localhost:3000/_next/static/chunks/0brk_next_dist_0dm07mh._.js:776
[  168885ms] [LOG] [Fast Refresh] done in 249ms @ http://localhost:3000/_next/static/chunks/0brk_next_dist_0dm07mh._.js:776
[  168949ms] [LOG] [Fast Refresh] done in 249ms @ http://localhost:3000/_next/static/chunks/0brk_next_dist_0dm07mh._.js:776
[  169006ms] [LOG] [Fast Refresh] done in 249ms @ http://localhost:3000/_next/static/chunks/0brk_next_dist_0dm07mh._.js:776
[  169068ms] [LOG] [Fast Refresh] done in 249ms @ http://localhost:3000/_next/static/chunks/0brk_next_dist_0dm07mh._.js:776
[  169129ms] [LOG] [Fast Refresh] done in 249ms @ http://localhost:3000/_next/static/chunks/0brk_next_dist_0dm07mh._.js:776
[  169190ms] [LOG] [Fast Refresh] done in 249ms @ http://localhost:3000/_next/static/chunks/0brk_next_dist_0dm07mh._.js:776
[  169252ms] [LOG] [Fast Refresh] done in 249ms @ http://localhost:3000/_next/static/chunks/0brk_next_dist_0dm07mh._.js:776
[  169313ms] [LOG] [Fast Refresh] done in 249ms @ http://localhost:3000/_next/static/chunks/0brk_next_dist_0dm07mh._.js:776
[  169376ms] [LOG] [Fast Refresh] done in 249ms @ http://localhost:3000/_next/static/chunks/0brk_next_dist_0dm07mh._.js:776
[  169434ms] [LOG] [Fast Refresh] done in 249ms @ http://localhost:3000/_next/static/chunks/0brk_next_dist_0dm07mh._.js:776
[  169563ms] [LOG] [Fast Refresh] done in 249ms @ http://localhost:3000/_next/static/chunks/0brk_next_dist_0dm07mh._.js:776
[  169629ms] [LOG] [Fast Refresh] done in 249ms @ http://localhost:3000/_next/static/chunks/0brk_next_dist_0dm07mh._.js:776
[  169813ms] [LOG] [Fast Refresh] done in 249ms @ http://localhost:3000/_next/static/chunks/0brk_next_dist_0dm07mh._.js:776
[  169958ms] [LOG] [Fast Refresh] done in 249ms @ http://localhost:3000/_next/static/chunks/0brk_next_dist_0dm07mh._.js:776
[  170043ms] [LOG] [Fast Refresh] done in 249ms @ http://localhost:3000/_next/static/chunks/0brk_next_dist_0dm07mh._.js:776
[  170187ms] [LOG] [Fast Refresh] done in 249ms @ http://localhost:3000/_next/static/chunks/0brk_next_dist_0dm07mh._.js:776
[  170265ms] [LOG] [Fast Refresh] done in 249ms @ http://localhost:3000/_next/static/chunks/0brk_next_dist_0dm07mh._.js:776
[  170332ms] [LOG] [Fast Refresh] done in 249ms @ http://localhost:3000/_next/static/chunks/0brk_next_dist_0dm07mh._.js:776
[  170403ms] [LOG] [Fast Refresh] done in 249ms @ http://localhost:3000/_next/static/chunks/0brk_next_dist_0dm07mh._.js:776
[  170474ms] [LOG] [Fast Refresh] done in 249ms @ http://localhost:3000/_next/static/chunks/0brk_next_dist_0dm07mh._.js:776
[  170535ms] [LOG] [Fast Refresh] done in 249ms @ http://localhost:3000/_next/static/chunks/0brk_next_dist_0dm07mh._.js:776
[  170582ms] [LOG] [Fast Refresh] done in 249ms @ http://localhost:3000/_next/static/chunks/0brk_next_dist_0dm07mh._.js:776
[  170628ms] [LOG] [Fast Refresh] done in 249ms @ http://localhost:3000/_next/static/chunks/0brk_next_dist_0dm07mh._.js:776
[  170682ms] [LOG] [Fast Refresh] done in 249ms @ http://localhost:3000/_next/static/chunks/0brk_next_dist_0dm07mh._.js:776
[  170732ms] [LOG] [Fast Refresh] done in 249ms @ http://localhost:3000/_next/static/chunks/0brk_next_dist_0dm07mh._.js:776
[  170784ms] [LOG] [Fast Refresh] done in 249ms @ http://localhost:3000/_next/static/chunks/0brk_next_dist_0dm07mh._.js:776
[  170844ms] [LOG] [Fast Refresh] done in 249ms @ http://localhost:3000/_next/static/chunks/0brk_next_dist_0dm07mh._.js:776
[  170910ms] [LOG] [Fast Refresh] done in 249ms @ http://localhost:3000/_next/static/chunks/0brk_next_dist_0dm07mh._.js:776
[  170983ms] [LOG] [Fast Refresh] done in 249ms @ http://localhost:3000/_next/static/chunks/0brk_next_dist_0dm07mh._.js:776
[  171045ms] [LOG] [Fast Refresh] done in 249ms @ http://localhost:3000/_next/static/chunks/0brk_next_dist_0dm07mh._.js:776
[  171112ms] [LOG] [Fast Refresh] done in 249ms @ http://localhost:3000/_next/static/chunks/0brk_next_dist_0dm07mh._.js:776
[  171174ms] [LOG] [Fast Refresh] done in 249ms @ http://localhost:3000/_next/static/chunks/0brk_next_dist_0dm07mh._.js:776
[  171235ms] [LOG] [Fast Refresh] done in 249ms @ http://localhost:3000/_next/static/chunks/0brk_next_dist_0dm07mh._.js:776
[  171283ms] [LOG] [Fast Refresh] done in 249ms @ http://localhost:3000/_next/static/chunks/0brk_next_dist_0dm07mh._.js:776
[  171344ms] [LOG] [Fast Refresh] done in 249ms @ http://localhost:3000/_next/static/chunks/0brk_next_dist_0dm07mh._.js:776
[  171398ms] [LOG] [Fast Refresh] done in 249ms @ http://localhost:3000/_next/static/chunks/0brk_next_dist_0dm07mh._.js:776
[  171457ms] [LOG] [Fast Refresh] done in 249ms @ http://localhost:3000/_next/static/chunks/0brk_next_dist_0dm07mh._.js:776
[  171520ms] [LOG] [Fast Refresh] done in 249ms @ http://localhost:3000/_next/static/chunks/0brk_next_dist_0dm07mh._.js:776
[  171581ms] [LOG] [Fast Refresh] done in 249ms @ http://localhost:3000/_next/static/chunks/0brk_next_dist_0dm07mh._.js:776
[  171645ms] [LOG] [Fast Refresh] done in 249ms @ http://localhost:3000/_next/static/chunks/0brk_next_dist_0dm07mh._.js:776
[  171711ms] [LOG] [Fast Refresh] done in 249ms @ http://localhost:3000/_next/static/chunks/0brk_next_dist_0dm07mh._.js:776
[  171765ms] [LOG] [Fast Refresh] done in 249ms @ http://localhost:3000/_next/static/chunks/0brk_next_dist_0dm07mh._.js:776
[  171829ms] [LOG] [Fast Refresh] done in 249ms @ http://localhost:3000/_next/static/chunks/0brk_next_dist_0dm07mh._.js:776
[  171883ms] [LOG] [Fast Refresh] done in 249ms @ http://localhost:3000/_next/static/chunks/0brk_next_dist_0dm07mh._.js:776
[  171944ms] [LOG] [Fast Refresh] done in 249ms @ http://localhost:3000/_next/static/chunks/0brk_next_dist_0dm07mh._.js:776
[  172000ms] [LOG] [Fast Refresh] done in 249ms @ http://localhost:3000/_next/static/chunks/0brk_next_dist_0dm07mh._.js:776
[  172067ms] [LOG] [Fast Refresh] done in 249ms @ http://localhost:3000/_next/static/chunks/0brk_next_dist_0dm07mh._.js:776
[  172143ms] [LOG] [Fast Refresh] done in 249ms @ http://localhost:3000/_next/static/chunks/0brk_next_dist_0dm07mh._.js:776
[  172219ms] [LOG] [Fast Refresh] done in 249ms @ http://localhost:3000/_next/static/chunks/0brk_next_dist_0dm07mh._.js:776
[  172301ms] [LOG] [Fast Refresh] done in 249ms @ http://localhost:3000/_next/static/chunks/0brk_next_dist_0dm07mh._.js:776
[  172399ms] [LOG] [Fast Refresh] done in 249ms @ http://localhost:3000/_next/static/chunks/0brk_next_dist_0dm07mh._.js:776
[  172463ms] [LOG] [Fast Refresh] done in 249ms @ http://localhost:3000/_next/static/chunks/0brk_next_dist_0dm07mh._.js:776
[  172511ms] [LOG] [Fast Refresh] done in 249ms @ http://localhost:3000/_next/static/chunks/0brk_next_dist_0dm07mh._.js:776
[  172564ms] [LOG] [Fast Refresh] done in 249ms @ http://localhost:3000/_next/static/chunks/0brk_next_dist_0dm07mh._.js:776
[  172622ms] [LOG] [Fast Refresh] done in 249ms @ http://localhost:3000/_next/static/chunks/0brk_next_dist_0dm07mh._.js:776
[  172670ms] [LOG] [Fast Refresh] done in 249ms @ http://localhost:3000/_next/static/chunks/0brk_next_dist_0dm07mh._.js:776
[  172720ms] [LOG] [Fast Refresh] done in 249ms @ http://localhost:3000/_next/static/chunks/0brk_next_dist_0dm07mh._.js:776
[  172766ms] [LOG] [Fast Refresh] done in 249ms @ http://localhost:3000/_next/static/chunks/0brk_next_dist_0dm07mh._.js:776
[  172816ms] [LOG] [Fast Refresh] done in 249ms @ http://localhost:3000/_next/static/chunks/0brk_next_dist_0dm07mh._.js:776
[  173027ms] [LOG] [Fast Refresh] rebuilding @ http://localhost:3000/_next/static/chunks/0brk_next_dist_0dm07mh._.js:776
[  173191ms] [LOG] [Fast Refresh] done in 216ms @ http://localhost:3000/_next/static/chunks/0brk_next_dist_0dm07mh._.js:776
[  173297ms] [LOG] [Fast Refresh] done in 216ms @ http://localhost:3000/_next/static/chunks/0brk_next_dist_0dm07mh._.js:776
[  173363ms] [LOG] [Fast Refresh] done in 216ms @ http://localhost:3000/_next/static/chunks/0brk_next_dist_0dm07mh._.js:776
[  173445ms] [LOG] [Fast Refresh] done in 216ms @ http://localhost:3000/_next/static/chunks/0brk_next_dist_0dm07mh._.js:776
[  173533ms] [LOG] [Fast Refresh] done in 216ms @ http://localhost:3000/_next/static/chunks/0brk_next_dist_0dm07mh._.js:776
[  173598ms] [LOG] [Fast Refresh] done in 216ms @ http://localhost:3000/_next/static/chunks/0brk_next_dist_0dm07mh._.js:776
[  173661ms] [LOG] [Fast Refresh] done in 216ms @ http://localhost:3000/_next/static/chunks/0brk_next_dist_0dm07mh._.js:776
[  173737ms] [LOG] [Fast Refresh] done in 216ms @ http://localhost:3000/_next/static/chunks/0brk_next_dist_0dm07mh._.js:776
[  173799ms] [LOG] [Fast Refresh] done in 216ms @ http://localhost:3000/_next/static/chunks/0brk_next_dist_0dm07mh._.js:776
[  173850ms] [LOG] [Fast Refresh] done in 216ms @ http://localhost:3000/_next/static/chunks/0brk_next_dist_0dm07mh._.js:776
[  173912ms] [LOG] [Fast Refresh] done in 216ms @ http://localhost:3000/_next/static/chunks/0brk_next_dist_0dm07mh._.js:776
[  173967ms] [LOG] [Fast Refresh] done in 216ms @ http://localhost:3000/_next/static/chunks/0brk_next_dist_0dm07mh._.js:776
[  174013ms] [LOG] [Fast Refresh] done in 216ms @ http://localhost:3000/_next/static/chunks/0brk_next_dist_0dm07mh._.js:776
[  174068ms] [LOG] [Fast Refresh] done in 216ms @ http://localhost:3000/_next/static/chunks/0brk_next_dist_0dm07mh._.js:776
[  174132ms] [LOG] [Fast Refresh] done in 216ms @ http://localhost:3000/_next/static/chunks/0brk_next_dist_0dm07mh._.js:776
[  174194ms] [LOG] [Fast Refresh] done in 216ms @ http://localhost:3000/_next/static/chunks/0brk_next_dist_0dm07mh._.js:776
[  174249ms] [LOG] [Fast Refresh] done in 216ms @ http://localhost:3000/_next/static/chunks/0brk_next_dist_0dm07mh._.js:776
[  174296ms] [LOG] [Fast Refresh] done in 216ms @ http://localhost:3000/_next/static/chunks/0brk_next_dist_0dm07mh._.js:776
[  174350ms] [LOG] [Fast Refresh] done in 216ms @ http://localhost:3000/_next/static/chunks/0brk_next_dist_0dm07mh._.js:776
[  174401ms] [LOG] [Fast Refresh] done in 216ms @ http://localhost:3000/_next/static/chunks/0brk_next_dist_0dm07mh._.js:776
[  174464ms] [LOG] [Fast Refresh] done in 216ms @ http://localhost:3000/_next/static/chunks/0brk_next_dist_0dm07mh._.js:776
[  174532ms] [LOG] [Fast Refresh] done in 216ms @ http://localhost:3000/_next/static/chunks/0brk_next_dist_0dm07mh._.js:776
[  174585ms] [LOG] [Fast Refresh] done in 216ms @ http://localhost:3000/_next/static/chunks/0brk_next_dist_0dm07mh._.js:776
[  174634ms] [LOG] [Fast Refresh] done in 216ms @ http://localhost:3000/_next/static/chunks/0brk_next_dist_0dm07mh._.js:776
[  174694ms] [LOG] [Fast Refresh] done in 216ms @ http://localhost:3000/_next/static/chunks/0brk_next_dist_0dm07mh._.js:776
[  174750ms] [LOG] [Fast Refresh] done in 216ms @ http://localhost:3000/_next/static/chunks/0brk_next_dist_0dm07mh._.js:776
[  174840ms] [LOG] [Fast Refresh] done in 216ms @ http://localhost:3000/_next/static/chunks/0brk_next_dist_0dm07mh._.js:776
[  174902ms] [LOG] [Fast Refresh] done in 216ms @ http://localhost:3000/_next/static/chunks/0brk_next_dist_0dm07mh._.js:776
[  174965ms] [LOG] [Fast Refresh] done in 216ms @ http://localhost:3000/_next/static/chunks/0brk_next_dist_0dm07mh._.js:776
[  175026ms] [LOG] [Fast Refresh] done in 216ms @ http://localhost:3000/_next/static/chunks/0brk_next_dist_0dm07mh._.js:776
[  175083ms] [LOG] [Fast Refresh] done in 216ms @ http://localhost:3000/_next/static/chunks/0brk_next_dist_0dm07mh._.js:776
[  175146ms] [LOG] [Fast Refresh] done in 216ms @ http://localhost:3000/_next/static/chunks/0brk_next_dist_0dm07mh._.js:776
[  175198ms] [LOG] [Fast Refresh] done in 216ms @ http://localhost:3000/_next/static/chunks/0brk_next_dist_0dm07mh._.js:776
[  175249ms] [LOG] [Fast Refresh] done in 216ms @ http://localhost:3000/_next/static/chunks/0brk_next_dist_0dm07mh._.js:776
[  175312ms] [LOG] [Fast Refresh] done in 216ms @ http://localhost:3000/_next/static/chunks/0brk_next_dist_0dm07mh._.js:776
[  175365ms] [LOG] [Fast Refresh] done in 216ms @ http://localhost:3000/_next/static/chunks/0brk_next_dist_0dm07mh._.js:776
[  175420ms] [LOG] [Fast Refresh] done in 216ms @ http://localhost:3000/_next/static/chunks/0brk_next_dist_0dm07mh._.js:776
[  175468ms] [LOG] [Fast Refresh] done in 216ms @ http://localhost:3000/_next/static/chunks/0brk_next_dist_0dm07mh._.js:776
[  175531ms] [LOG] [Fast Refresh] done in 216ms @ http://localhost:3000/_next/static/chunks/0brk_next_dist_0dm07mh._.js:776
[  175586ms] [LOG] [Fast Refresh] done in 216ms @ http://localhost:3000/_next/static/chunks/0brk_next_dist_0dm07mh._.js:776
[  175646ms] [LOG] [Fast Refresh] done in 216ms @ http://localhost:3000/_next/static/chunks/0brk_next_dist_0dm07mh._.js:776
[  175700ms] [LOG] [Fast Refresh] done in 216ms @ http://localhost:3000/_next/static/chunks/0brk_next_dist_0dm07mh._.js:776
[  175750ms] [LOG] [Fast Refresh] done in 216ms @ http://localhost:3000/_next/static/chunks/0brk_next_dist_0dm07mh._.js:776
[  175802ms] [LOG] [Fast Refresh] done in 216ms @ http://localhost:3000/_next/static/chunks/0brk_next_dist_0dm07mh._.js:776
[  175864ms] [LOG] [Fast Refresh] done in 216ms @ http://localhost:3000/_next/static/chunks/0brk_next_dist_0dm07mh._.js:776
[  175916ms] [LOG] [Fast Refresh] done in 216ms @ http://localhost:3000/_next/static/chunks/0brk_next_dist_0dm07mh._.js:776
[  175966ms] [LOG] [Fast Refresh] done in 216ms @ http://localhost:3000/_next/static/chunks/0brk_next_dist_0dm07mh._.js:776
[  176018ms] [LOG] [Fast Refresh] done in 216ms @ http://localhost:3000/_next/static/chunks/0brk_next_dist_0dm07mh._.js:776
[  176080ms] [LOG] [Fast Refresh] done in 216ms @ http://localhost:3000/_next/static/chunks/0brk_next_dist_0dm07mh._.js:776
[  176143ms] [LOG] [Fast Refresh] done in 216ms @ http://localhost:3000/_next/static/chunks/0brk_next_dist_0dm07mh._.js:776
[  176199ms] [LOG] [Fast Refresh] done in 216ms @ http://localhost:3000/_next/static/chunks/0brk_next_dist_0dm07mh._.js:776
[  176254ms] [LOG] [Fast Refresh] done in 216ms @ http://localhost:3000/_next/static/chunks/0brk_next_dist_0dm07mh._.js:776
[  176320ms] [LOG] [Fast Refresh] done in 216ms @ http://localhost:3000/_next/static/chunks/0brk_next_dist_0dm07mh._.js:776
[  176382ms] [LOG] [Fast Refresh] done in 216ms @ http://localhost:3000/_next/static/chunks/0brk_next_dist_0dm07mh._.js:776
[  176444ms] [LOG] [Fast Refresh] done in 216ms @ http://localhost:3000/_next/static/chunks/0brk_next_dist_0dm07mh._.js:776
[  176493ms] [LOG] [Fast Refresh] done in 216ms @ http://localhost:3000/_next/static/chunks/0brk_next_dist_0dm07mh._.js:776
[  176546ms] [LOG] [Fast Refresh] done in 216ms @ http://localhost:3000/_next/static/chunks/0brk_next_dist_0dm07mh._.js:776
[  176608ms] [LOG] [Fast Refresh] done in 216ms @ http://localhost:3000/_next/static/chunks/0brk_next_dist_0dm07mh._.js:776
[  176665ms] [LOG] [Fast Refresh] done in 216ms @ http://localhost:3000/_next/static/chunks/0brk_next_dist_0dm07mh._.js:776
[  176729ms] [LOG] [Fast Refresh] done in 216ms @ http://localhost:3000/_next/static/chunks/0brk_next_dist_0dm07mh._.js:776
[  176794ms] [LOG] [Fast Refresh] done in 216ms @ http://localhost:3000/_next/static/chunks/0brk_next_dist_0dm07mh._.js:776
[  176839ms] [LOG] [Fast Refresh] done in 216ms @ http://localhost:3000/_next/static/chunks/0brk_next_dist_0dm07mh._.js:776
[  176886ms] [LOG] [Fast Refresh] done in 216ms @ http://localhost:3000/_next/static/chunks/0brk_next_dist_0dm07mh._.js:776
[  176934ms] [LOG] [Fast Refresh] done in 216ms @ http://localhost:3000/_next/static/chunks/0brk_next_dist_0dm07mh._.js:776
[  176982ms] [LOG] [Fast Refresh] done in 216ms @ http://localhost:3000/_next/static/chunks/0brk_next_dist_0dm07mh._.js:776
[  177044ms] [LOG] [Fast Refresh] done in 216ms @ http://localhost:3000/_next/static/chunks/0brk_next_dist_0dm07mh._.js:776
[  177095ms] [LOG] [Fast Refresh] done in 216ms @ http://localhost:3000/_next/static/chunks/0brk_next_dist_0dm07mh._.js:776
[  177144ms] [LOG] [Fast Refresh] done in 216ms @ http://localhost:3000/_next/static/chunks/0brk_next_dist_0dm07mh._.js:776
[  177194ms] [LOG] [Fast Refresh] done in 216ms @ http://localhost:3000/_next/static/chunks/0brk_next_dist_0dm07mh._.js:776
[  177250ms] [LOG] [Fast Refresh] done in 216ms @ http://localhost:3000/_next/static/chunks/0brk_next_dist_0dm07mh._.js:776
[  177299ms] [LOG] [Fast Refresh] done in 216ms @ http://localhost:3000/_next/static/chunks/0brk_next_dist_0dm07mh._.js:776
[  177349ms] [LOG] [Fast Refresh] done in 216ms @ http://localhost:3000/_next/static/chunks/0brk_next_dist_0dm07mh._.js:776
[  177398ms] [LOG] [Fast Refresh] done in 216ms @ http://localhost:3000/_next/static/chunks/0brk_next_dist_0dm07mh._.js:776
[  177450ms] [LOG] [Fast Refresh] done in 216ms @ http://localhost:3000/_next/static/chunks/0brk_next_dist_0dm07mh._.js:776
[  177497ms] [LOG] [Fast Refresh] done in 216ms @ http://localhost:3000/_next/static/chunks/0brk_next_dist_0dm07mh._.js:776
[  177550ms] [LOG] [Fast Refresh] done in 216ms @ http://localhost:3000/_next/static/chunks/0brk_next_dist_0dm07mh._.js:776
[  177604ms] [LOG] [Fast Refresh] done in 216ms @ http://localhost:3000/_next/static/chunks/0brk_next_dist_0dm07mh._.js:776
[  177665ms] [LOG] [Fast Refresh] done in 216ms @ http://localhost:3000/_next/static/chunks/0brk_next_dist_0dm07mh._.js:776
[  177717ms] [LOG] [Fast Refresh] done in 216ms @ http://localhost:3000/_next/static/chunks/0brk_next_dist_0dm07mh._.js:776
[  177764ms] [LOG] [Fast Refresh] done in 216ms @ http://localhost:3000/_next/static/chunks/0brk_next_dist_0dm07mh._.js:776
[  177829ms] [LOG] [Fast Refresh] done in 216ms @ http://localhost:3000/_next/static/chunks/0brk_next_dist_0dm07mh._.js:776
[  177883ms] [LOG] [Fast Refresh] done in 216ms @ http://localhost:3000/_next/static/chunks/0brk_next_dist_0dm07mh._.js:776
[  177933ms] [LOG] [Fast Refresh] done in 216ms @ http://localhost:3000/_next/static/chunks/0brk_next_dist_0dm07mh._.js:776
[  177984ms] [LOG] [Fast Refresh] done in 216ms @ http://localhost:3000/_next/static/chunks/0brk_next_dist_0dm07mh._.js:776
[  178031ms] [LOG] [Fast Refresh] done in 216ms @ http://localhost:3000/_next/static/chunks/0brk_next_dist_0dm07mh._.js:776
[  178093ms] [LOG] [Fast Refresh] done in 216ms @ http://localhost:3000/_next/static/chunks/0brk_next_dist_0dm07mh._.js:776
[  178157ms] [LOG] [Fast Refresh] done in 216ms @ http://localhost:3000/_next/static/chunks/0brk_next_dist_0dm07mh._.js:776
[  178219ms] [LOG] [Fast Refresh] done in 216ms @ http://localhost:3000/_next/static/chunks/0brk_next_dist_0dm07mh._.js:776
[  178281ms] [LOG] [Fast Refresh] done in 216ms @ http://localhost:3000/_next/static/chunks/0brk_next_dist_0dm07mh._.js:776
[  178345ms] [LOG] [Fast Refresh] done in 216ms @ http://localhost:3000/_next/static/chunks/0brk_next_dist_0dm07mh._.js:776
[  178415ms] [LOG] [Fast Refresh] done in 216ms @ http://localhost:3000/_next/static/chunks/0brk_next_dist_0dm07mh._.js:776
[  178834ms] [LOG] [Fast Refresh] done in 216ms @ http://localhost:3000/_next/static/chunks/0brk_next_dist_0dm07mh._.js:776
[  178995ms] [LOG] [Fast Refresh] done in 216ms @ http://localhost:3000/_next/static/chunks/0brk_next_dist_0dm07mh._.js:776
[  179283ms] [LOG] [Fast Refresh] done in 216ms @ http://localhost:3000/_next/static/chunks/0brk_next_dist_0dm07mh._.js:776
[  179413ms] [LOG] [Fast Refresh] done in 216ms @ http://localhost:3000/_next/static/chunks/0brk_next_dist_0dm07mh._.js:776
[  179474ms] [LOG] [Fast Refresh] done in 216ms @ http://localhost:3000/_next/static/chunks/0brk_next_dist_0dm07mh._.js:776
[  179534ms] [LOG] [Fast Refresh] done in 216ms @ http://localhost:3000/_next/static/chunks/0brk_next_dist_0dm07mh._.js:776
[  179597ms] [LOG] [Fast Refresh] done in 216ms @ http://localhost:3000/_next/static/chunks/0brk_next_dist_0dm07mh._.js:776
[  179650ms] [LOG] [Fast Refresh] done in 216ms @ http://localhost:3000/_next/static/chunks/0brk_next_dist_0dm07mh._.js:776
[  179712ms] [LOG] [Fast Refresh] done in 216ms @ http://localhost:3000/_next/static/chunks/0brk_next_dist_0dm07mh._.js:776
[  179767ms] [LOG] [Fast Refresh] done in 216ms @ http://localhost:3000/_next/static/chunks/0brk_next_dist_0dm07mh._.js:776
[  179828ms] [LOG] [Fast Refresh] done in 216ms @ http://localhost:3000/_next/static/chunks/0brk_next_dist_0dm07mh._.js:776
[  179879ms] [LOG] [Fast Refresh] done in 216ms @ http://localhost:3000/_next/static/chunks/0brk_next_dist_0dm07mh._.js:776
[  179927ms] [LOG] [Fast Refresh] done in 216ms @ http://localhost:3000/_next/static/chunks/0brk_next_dist_0dm07mh._.js:776
[  179982ms] [LOG] [Fast Refresh] done in 216ms @ http://localhost:3000/_next/static/chunks/0brk_next_dist_0dm07mh._.js:776
[  180044ms] [LOG] [Fast Refresh] done in 216ms @ http://localhost:3000/_next/static/chunks/0brk_next_dist_0dm07mh._.js:776
[  180102ms] [LOG] [Fast Refresh] done in 216ms @ http://localhost:3000/_next/static/chunks/0brk_next_dist_0dm07mh._.js:776
[  180208ms] [LOG] [Fast Refresh] done in 216ms @ http://localhost:3000/_next/static/chunks/0brk_next_dist_0dm07mh._.js:776
[  180535ms] [LOG] [Fast Refresh] done in 216ms @ http://localhost:3000/_next/static/chunks/0brk_next_dist_0dm07mh._.js:776
[  180610ms] [LOG] [Fast Refresh] done in 216ms @ http://localhost:3000/_next/static/chunks/0brk_next_dist_0dm07mh._.js:776
[  180672ms] [LOG] [Fast Refresh] done in 216ms @ http://localhost:3000/_next/static/chunks/0brk_next_dist_0dm07mh._.js:776
[  180786ms] [LOG] [Fast Refresh] done in 216ms @ http://localhost:3000/_next/static/chunks/0brk_next_dist_0dm07mh._.js:776
[  180861ms] [LOG] [Fast Refresh] done in 216ms @ http://localhost:3000/_next/static/chunks/0brk_next_dist_0dm07mh._.js:776
[  180924ms] [LOG] [Fast Refresh] done in 216ms @ http://localhost:3000/_next/static/chunks/0brk_next_dist_0dm07mh._.js:776
[  180986ms] [LOG] [Fast Refresh] done in 216ms @ http://localhost:3000/_next/static/chunks/0brk_next_dist_0dm07mh._.js:776
[  181047ms] [LOG] [Fast Refresh] done in 216ms @ http://localhost:3000/_next/static/chunks/0brk_next_dist_0dm07mh._.js:776
[  181094ms] [LOG] [Fast Refresh] done in 216ms @ http://localhost:3000/_next/static/chunks/0brk_next_dist_0dm07mh._.js:776
[  181156ms] [LOG] [Fast Refresh] done in 216ms @ http://localhost:3000/_next/static/chunks/0brk_next_dist_0dm07mh._.js:776
[  181220ms] [LOG] [Fast Refresh] done in 216ms @ http://localhost:3000/_next/static/chunks/0brk_next_dist_0dm07mh._.js:776
[  181436ms] [LOG] [Fast Refresh] done in 216ms @ http://localhost:3000/_next/static/chunks/0brk_next_dist_0dm07mh._.js:776
[  182653ms] [LOG] [Fast Refresh] done in 216ms @ http://localhost:3000/_next/static/chunks/0brk_next_dist_0dm07mh._.js:776
[  182761ms] [LOG] [Fast Refresh] done in 216ms @ http://localhost:3000/_next/static/chunks/0brk_next_dist_0dm07mh._.js:776
[  182823ms] [LOG] [Fast Refresh] done in 216ms @ http://localhost:3000/_next/static/chunks/0brk_next_dist_0dm07mh._.js:776
[  182935ms] [LOG] [Fast Refresh] done in 216ms @ http://localhost:3000/_next/static/chunks/0brk_next_dist_0dm07mh._.js:776
[  183077ms] [LOG] [Fast Refresh] done in 216ms @ http://localhost:3000/_next/static/chunks/0brk_next_dist_0dm07mh._.js:776
[  183267ms] [LOG] [Fast Refresh] done in 216ms @ http://localhost:3000/_next/static/chunks/0brk_next_dist_0dm07mh._.js:776
[  183499ms] [LOG] [Fast Refresh] done in 216ms @ http://localhost:3000/_next/static/chunks/0brk_next_dist_0dm07mh._.js:776
[  183637ms] [LOG] [Fast Refresh] done in 216ms @ http://localhost:3000/_next/static/chunks/0brk_next_dist_0dm07mh._.js:776
[  183823ms] [LOG] [Fast Refresh] done in 216ms @ http://localhost:3000/_next/static/chunks/0brk_next_dist_0dm07mh._.js:776
[  183990ms] [LOG] [Fast Refresh] done in 216ms @ http://localhost:3000/_next/static/chunks/0brk_next_dist_0dm07mh._.js:776
[  184075ms] [LOG] [Fast Refresh] done in 216ms @ http://localhost:3000/_next/static/chunks/0brk_next_dist_0dm07mh._.js:776
[  184150ms] [LOG] [Fast Refresh] done in 216ms @ http://localhost:3000/_next/static/chunks/0brk_next_dist_0dm07mh._.js:776
[  184260ms] [LOG] [Fast Refresh] done in 216ms @ http://localhost:3000/_next/static/chunks/0brk_next_dist_0dm07mh._.js:776
[  184443ms] [LOG] [Fast Refresh] done in 216ms @ http://localhost:3000/_next/static/chunks/0brk_next_dist_0dm07mh._.js:776
[  184629ms] [LOG] [Fast Refresh] done in 216ms @ http://localhost:3000/_next/static/chunks/0brk_next_dist_0dm07mh._.js:776
[  184733ms] [LOG] [Fast Refresh] done in 216ms @ http://localhost:3000/_next/static/chunks/0brk_next_dist_0dm07mh._.js:776
[  184811ms] [LOG] [Fast Refresh] done in 216ms @ http://localhost:3000/_next/static/chunks/0brk_next_dist_0dm07mh._.js:776
[  184995ms] [LOG] [Fast Refresh] done in 216ms @ http://localhost:3000/_next/static/chunks/0brk_next_dist_0dm07mh._.js:776
[  185115ms] [LOG] [Fast Refresh] done in 216ms @ http://localhost:3000/_next/static/chunks/0brk_next_dist_0dm07mh._.js:776
[  185217ms] [LOG] [Fast Refresh] done in 216ms @ http://localhost:3000/_next/static/chunks/0brk_next_dist_0dm07mh._.js:776
[  185268ms] [LOG] [Fast Refresh] done in 216ms @ http://localhost:3000/_next/static/chunks/0brk_next_dist_0dm07mh._.js:776
[  185330ms] [LOG] [Fast Refresh] done in 216ms @ http://localhost:3000/_next/static/chunks/0brk_next_dist_0dm07mh._.js:776
[  185391ms] [LOG] [Fast Refresh] done in 216ms @ http://localhost:3000/_next/static/chunks/0brk_next_dist_0dm07mh._.js:776
[  185440ms] [LOG] [Fast Refresh] done in 216ms @ http://localhost:3000/_next/static/chunks/0brk_next_dist_0dm07mh._.js:776
[  185512ms] [LOG] [Fast Refresh] done in 216ms @ http://localhost:3000/_next/static/chunks/0brk_next_dist_0dm07mh._.js:776
[  185567ms] [LOG] [Fast Refresh] done in 216ms @ http://localhost:3000/_next/static/chunks/0brk_next_dist_0dm07mh._.js:776
[  185618ms] [LOG] [Fast Refresh] done in 216ms @ http://localhost:3000/_next/static/chunks/0brk_next_dist_0dm07mh._.js:776
[  185700ms] [LOG] [Fast Refresh] done in 216ms @ http://localhost:3000/_next/static/chunks/0brk_next_dist_0dm07mh._.js:776
[  185792ms] [LOG] [Fast Refresh] done in 216ms @ http://localhost:3000/_next/static/chunks/0brk_next_dist_0dm07mh._.js:776
[  185910ms] [LOG] [Fast Refresh] done in 216ms @ http://localhost:3000/_next/static/chunks/0brk_next_dist_0dm07mh._.js:776
[  186003ms] [LOG] [Fast Refresh] done in 216ms @ http://localhost:3000/_next/static/chunks/0brk_next_dist_0dm07mh._.js:776
[  186062ms] [LOG] [Fast Refresh] done in 216ms @ http://localhost:3000/_next/static/chunks/0brk_next_dist_0dm07mh._.js:776
[  186140ms] [LOG] [Fast Refresh] done in 216ms @ http://localhost:3000/_next/static/chunks/0brk_next_dist_0dm07mh._.js:776
[  186203ms] [LOG] [Fast Refresh] done in 216ms @ http://localhost:3000/_next/static/chunks/0brk_next_dist_0dm07mh._.js:776
[  186254ms] [LOG] [Fast Refresh] done in 216ms @ http://localhost:3000/_next/static/chunks/0brk_next_dist_0dm07mh._.js:776
[  186313ms] [LOG] [Fast Refresh] done in 216ms @ http://localhost:3000/_next/static/chunks/0brk_next_dist_0dm07mh._.js:776
[  186389ms] [LOG] [Fast Refresh] done in 216ms @ http://localhost:3000/_next/static/chunks/0brk_next_dist_0dm07mh._.js:776
[  186442ms] [LOG] [Fast Refresh] done in 216ms @ http://localhost:3000/_next/static/chunks/0brk_next_dist_0dm07mh._.js:776
[  186511ms] [LOG] [Fast Refresh] done in 216ms @ http://localhost:3000/_next/static/chunks/0brk_next_dist_0dm07mh._.js:776
[  186566ms] [LOG] [Fast Refresh] done in 216ms @ http://localhost:3000/_next/static/chunks/0brk_next_dist_0dm07mh._.js:776
[  186628ms] [LOG] [Fast Refresh] done in 216ms @ http://localhost:3000/_next/static/chunks/0brk_next_dist_0dm07mh._.js:776
[  186682ms] [LOG] [Fast Refresh] done in 216ms @ http://localhost:3000/_next/static/chunks/0brk_next_dist_0dm07mh._.js:776
[  186749ms] [LOG] [Fast Refresh] done in 216ms @ http://localhost:3000/_next/static/chunks/0brk_next_dist_0dm07mh._.js:776
[  186829ms] [LOG] [Fast Refresh] done in 216ms @ http://localhost:3000/_next/static/chunks/0brk_next_dist_0dm07mh._.js:776
[  186881ms] [LOG] [Fast Refresh] done in 216ms @ http://localhost:3000/_next/static/chunks/0brk_next_dist_0dm07mh._.js:776
[  186944ms] [LOG] [Fast Refresh] done in 216ms @ http://localhost:3000/_next/static/chunks/0brk_next_dist_0dm07mh._.js:776
[  187007ms] [LOG] [Fast Refresh] done in 216ms @ http://localhost:3000/_next/static/chunks/0brk_next_dist_0dm07mh._.js:776
[  187066ms] [LOG] [Fast Refresh] done in 216ms @ http://localhost:3000/_next/static/chunks/0brk_next_dist_0dm07mh._.js:776
[  187131ms] [LOG] [Fast Refresh] done in 216ms @ http://localhost:3000/_next/static/chunks/0brk_next_dist_0dm07mh._.js:776
[  187217ms] [LOG] [Fast Refresh] done in 216ms @ http://localhost:3000/_next/static/chunks/0brk_next_dist_0dm07mh._.js:776
[  187280ms] [LOG] [Fast Refresh] done in 216ms @ http://localhost:3000/_next/static/chunks/0brk_next_dist_0dm07mh._.js:776
[  187344ms] [LOG] [Fast Refresh] done in 216ms @ http://localhost:3000/_next/static/chunks/0brk_next_dist_0dm07mh._.js:776
[  187400ms] [LOG] [Fast Refresh] done in 216ms @ http://localhost:3000/_next/static/chunks/0brk_next_dist_0dm07mh._.js:776
[  187453ms] [LOG] [Fast Refresh] done in 216ms @ http://localhost:3000/_next/static/chunks/0brk_next_dist_0dm07mh._.js:776
[  187522ms] [LOG] [Fast Refresh] done in 216ms @ http://localhost:3000/_next/static/chunks/0brk_next_dist_0dm07mh._.js:776
[  187584ms] [LOG] [Fast Refresh] done in 216ms @ http://localhost:3000/_next/static/chunks/0brk_next_dist_0dm07mh._.js:776
[  187649ms] [LOG] [Fast Refresh] done in 216ms @ http://localhost:3000/_next/static/chunks/0brk_next_dist_0dm07mh._.js:776
[  187698ms] [LOG] [Fast Refresh] done in 216ms @ http://localhost:3000/_next/static/chunks/0brk_next_dist_0dm07mh._.js:776
[  187749ms] [LOG] [Fast Refresh] done in 216ms @ http://localhost:3000/_next/static/chunks/0brk_next_dist_0dm07mh._.js:776
[  187799ms] [LOG] [Fast Refresh] done in 216ms @ http://localhost:3000/_next/static/chunks/0brk_next_dist_0dm07mh._.js:776
[  187850ms] [LOG] [Fast Refresh] done in 216ms @ http://localhost:3000/_next/static/chunks/0brk_next_dist_0dm07mh._.js:776
[  187910ms] [LOG] [Fast Refresh] done in 216ms @ http://localhost:3000/_next/static/chunks/0brk_next_dist_0dm07mh._.js:776
[  187966ms] [LOG] [Fast Refresh] done in 216ms @ http://localhost:3000/_next/static/chunks/0brk_next_dist_0dm07mh._.js:776
[  188028ms] [LOG] [Fast Refresh] done in 216ms @ http://localhost:3000/_next/static/chunks/0brk_next_dist_0dm07mh._.js:776
[  188081ms] [LOG] [Fast Refresh] done in 216ms @ http://localhost:3000/_next/static/chunks/0brk_next_dist_0dm07mh._.js:776
[  188145ms] [LOG] [Fast Refresh] done in 216ms @ http://localhost:3000/_next/static/chunks/0brk_next_dist_0dm07mh._.js:776
[  188206ms] [LOG] [Fast Refresh] done in 216ms @ http://localhost:3000/_next/static/chunks/0brk_next_dist_0dm07mh._.js:776
[  188270ms] [LOG] [Fast Refresh] done in 216ms @ http://localhost:3000/_next/static/chunks/0brk_next_dist_0dm07mh._.js:776
[  188351ms] [LOG] [Fast Refresh] done in 216ms @ http://localhost:3000/_next/static/chunks/0brk_next_dist_0dm07mh._.js:776
[  188427ms] [LOG] [Fast Refresh] done in 216ms @ http://localhost:3000/_next/static/chunks/0brk_next_dist_0dm07mh._.js:776
[  188482ms] [LOG] [Fast Refresh] done in 216ms @ http://localhost:3000/_next/static/chunks/0brk_next_dist_0dm07mh._.js:776
[  188545ms] [LOG] [Fast Refresh] done in 216ms @ http://localhost:3000/_next/static/chunks/0brk_next_dist_0dm07mh._.js:776
[  188600ms] [LOG] [Fast Refresh] done in 216ms @ http://localhost:3000/_next/static/chunks/0brk_next_dist_0dm07mh._.js:776
[  188662ms] [LOG] [Fast Refresh] done in 216ms @ http://localhost:3000/_next/static/chunks/0brk_next_dist_0dm07mh._.js:776
[  188718ms] [LOG] [Fast Refresh] done in 216ms @ http://localhost:3000/_next/static/chunks/0brk_next_dist_0dm07mh._.js:776
[  188768ms] [LOG] [Fast Refresh] done in 216ms @ http://localhost:3000/_next/static/chunks/0brk_next_dist_0dm07mh._.js:776
[  188816ms] [LOG] [Fast Refresh] done in 216ms @ http://localhost:3000/_next/static/chunks/0brk_next_dist_0dm07mh._.js:776
[  188868ms] [LOG] [Fast Refresh] done in 216ms @ http://localhost:3000/_next/static/chunks/0brk_next_dist_0dm07mh._.js:776
[  188929ms] [LOG] [Fast Refresh] done in 216ms @ http://localhost:3000/_next/static/chunks/0brk_next_dist_0dm07mh._.js:776
[  189019ms] [LOG] [Fast Refresh] done in 216ms @ http://localhost:3000/_next/static/chunks/0brk_next_dist_0dm07mh._.js:776
[  189090ms] [LOG] [Fast Refresh] done in 216ms @ http://localhost:3000/_next/static/chunks/0brk_next_dist_0dm07mh._.js:776
[  189140ms] [LOG] [Fast Refresh] done in 216ms @ http://localhost:3000/_next/static/chunks/0brk_next_dist_0dm07mh._.js:776
[  189184ms] [LOG] [Fast Refresh] done in 216ms @ http://localhost:3000/_next/static/chunks/0brk_next_dist_0dm07mh._.js:776
[  189247ms] [LOG] [Fast Refresh] done in 216ms @ http://localhost:3000/_next/static/chunks/0brk_next_dist_0dm07mh._.js:776
[  189314ms] [LOG] [Fast Refresh] done in 216ms @ http://localhost:3000/_next/static/chunks/0brk_next_dist_0dm07mh._.js:776
[  189391ms] [LOG] [Fast Refresh] done in 216ms @ http://localhost:3000/_next/static/chunks/0brk_next_dist_0dm07mh._.js:776
[  189492ms] [LOG] [Fast Refresh] done in 216ms @ http://localhost:3000/_next/static/chunks/0brk_next_dist_0dm07mh._.js:776
[  189607ms] [LOG] [Fast Refresh] done in 216ms @ http://localhost:3000/_next/static/chunks/0brk_next_dist_0dm07mh._.js:776
[  190906ms] [LOG] [Fast Refresh] done in 216ms @ http://localhost:3000/_next/static/chunks/0brk_next_dist_0dm07mh._.js:776
[  190966ms] [LOG] [Fast Refresh] done in 216ms @ http://localhost:3000/_next/static/chunks/0brk_next_dist_0dm07mh._.js:776
[  191028ms] [LOG] [Fast Refresh] done in 216ms @ http://localhost:3000/_next/static/chunks/0brk_next_dist_0dm07mh._.js:776
[  191091ms] [LOG] [Fast Refresh] done in 216ms @ http://localhost:3000/_next/static/chunks/0brk_next_dist_0dm07mh._.js:776
[  191155ms] [LOG] [Fast Refresh] done in 216ms @ http://localhost:3000/_next/static/chunks/0brk_next_dist_0dm07mh._.js:776
[  191213ms] [LOG] [Fast Refresh] done in 216ms @ http://localhost:3000/_next/static/chunks/0brk_next_dist_0dm07mh._.js:776
[  191265ms] [LOG] [Fast Refresh] done in 216ms @ http://localhost:3000/_next/static/chunks/0brk_next_dist_0dm07mh._.js:776
[  191327ms] [LOG] [Fast Refresh] done in 216ms @ http://localhost:3000/_next/static/chunks/0brk_next_dist_0dm07mh._.js:776
[  191390ms] [LOG] [Fast Refresh] done in 216ms @ http://localhost:3000/_next/static/chunks/0brk_next_dist_0dm07mh._.js:776
[  191465ms] [LOG] [Fast Refresh] done in 216ms @ http://localhost:3000/_next/static/chunks/0brk_next_dist_0dm07mh._.js:776
[  191529ms] [LOG] [Fast Refresh] done in 216ms @ http://localhost:3000/_next/static/chunks/0brk_next_dist_0dm07mh._.js:776
[  191585ms] [LOG] [Fast Refresh] done in 216ms @ http://localhost:3000/_next/static/chunks/0brk_next_dist_0dm07mh._.js:776
[  191634ms] [LOG] [Fast Refresh] done in 216ms @ http://localhost:3000/_next/static/chunks/0brk_next_dist_0dm07mh._.js:776
[  191684ms] [LOG] [Fast Refresh] done in 216ms @ http://localhost:3000/_next/static/chunks/0brk_next_dist_0dm07mh._.js:776
[  191737ms] [LOG] [Fast Refresh] done in 216ms @ http://localhost:3000/_next/static/chunks/0brk_next_dist_0dm07mh._.js:776
[  191798ms] [LOG] [Fast Refresh] done in 216ms @ http://localhost:3000/_next/static/chunks/0brk_next_dist_0dm07mh._.js:776
[  191850ms] [LOG] [Fast Refresh] done in 216ms @ http://localhost:3000/_next/static/chunks/0brk_next_dist_0dm07mh._.js:776
[  191898ms] [LOG] [Fast Refresh] done in 216ms @ http://localhost:3000/_next/static/chunks/0brk_next_dist_0dm07mh._.js:776
[  191950ms] [LOG] [Fast Refresh] done in 216ms @ http://localhost:3000/_next/static/chunks/0brk_next_dist_0dm07mh._.js:776
[  191998ms] [LOG] [Fast Refresh] done in 216ms @ http://localhost:3000/_next/static/chunks/0brk_next_dist_0dm07mh._.js:776
[  192059ms] [LOG] [Fast Refresh] done in 216ms @ http://localhost:3000/_next/static/chunks/0brk_next_dist_0dm07mh._.js:776
[  192117ms] [LOG] [Fast Refresh] done in 216ms @ http://localhost:3000/_next/static/chunks/0brk_next_dist_0dm07mh._.js:776
[  192168ms] [LOG] [Fast Refresh] done in 216ms @ http://localhost:3000/_next/static/chunks/0brk_next_dist_0dm07mh._.js:776
[  192216ms] [LOG] [Fast Refresh] done in 216ms @ http://localhost:3000/_next/static/chunks/0brk_next_dist_0dm07mh._.js:776
[  192280ms] [LOG] [Fast Refresh] done in 216ms @ http://localhost:3000/_next/static/chunks/0brk_next_dist_0dm07mh._.js:776
[  192342ms] [LOG] [Fast Refresh] done in 216ms @ http://localhost:3000/_next/static/chunks/0brk_next_dist_0dm07mh._.js:776
[  192405ms] [LOG] [Fast Refresh] done in 216ms @ http://localhost:3000/_next/static/chunks/0brk_next_dist_0dm07mh._.js:776
[  192452ms] [LOG] [Fast Refresh] done in 216ms @ http://localhost:3000/_next/static/chunks/0brk_next_dist_0dm07mh._.js:776
[  192513ms] [LOG] [Fast Refresh] done in 216ms @ http://localhost:3000/_next/static/chunks/0brk_next_dist_0dm07mh._.js:776
[  192565ms] [LOG] [Fast Refresh] done in 216ms @ http://localhost:3000/_next/static/chunks/0brk_next_dist_0dm07mh._.js:776
[  192626ms] [LOG] [Fast Refresh] done in 216ms @ http://localhost:3000/_next/static/chunks/0brk_next_dist_0dm07mh._.js:776
[  192687ms] [LOG] [Fast Refresh] done in 216ms @ http://localhost:3000/_next/static/chunks/0brk_next_dist_0dm07mh._.js:776
[  192737ms] [LOG] [Fast Refresh] done in 216ms @ http://localhost:3000/_next/static/chunks/0brk_next_dist_0dm07mh._.js:776
[  192786ms] [LOG] [Fast Refresh] done in 216ms @ http://localhost:3000/_next/static/chunks/0brk_next_dist_0dm07mh._.js:776
[  192846ms] [LOG] [Fast Refresh] done in 216ms @ http://localhost:3000/_next/static/chunks/0brk_next_dist_0dm07mh._.js:776
[  192896ms] [LOG] [Fast Refresh] done in 216ms @ http://localhost:3000/_next/static/chunks/0brk_next_dist_0dm07mh._.js:776
[  192945ms] [LOG] [Fast Refresh] done in 216ms @ http://localhost:3000/_next/static/chunks/0brk_next_dist_0dm07mh._.js:776
[  192998ms] [LOG] [Fast Refresh] done in 216ms @ http://localhost:3000/_next/static/chunks/0brk_next_dist_0dm07mh._.js:776
[  193047ms] [LOG] [Fast Refresh] done in 216ms @ http://localhost:3000/_next/static/chunks/0brk_next_dist_0dm07mh._.js:776
[  193110ms] [LOG] [Fast Refresh] done in 216ms @ http://localhost:3000/_next/static/chunks/0brk_next_dist_0dm07mh._.js:776
[  193164ms] [LOG] [Fast Refresh] done in 216ms @ http://localhost:3000/_next/static/chunks/0brk_next_dist_0dm07mh._.js:776
[  193229ms] [LOG] [Fast Refresh] done in 216ms @ http://localhost:3000/_next/static/chunks/0brk_next_dist_0dm07mh._.js:776
[  193285ms] [LOG] [Fast Refresh] done in 216ms @ http://localhost:3000/_next/static/chunks/0brk_next_dist_0dm07mh._.js:776
[  193362ms] [LOG] [Fast Refresh] done in 216ms @ http://localhost:3000/_next/static/chunks/0brk_next_dist_0dm07mh._.js:776
[  193402ms] [LOG] [Fast Refresh] done in 216ms @ http://localhost:3000/_next/static/chunks/0brk_next_dist_0dm07mh._.js:776
[  193464ms] [LOG] [Fast Refresh] done in 216ms @ http://localhost:3000/_next/static/chunks/0brk_next_dist_0dm07mh._.js:776
[  193531ms] [LOG] [Fast Refresh] done in 216ms @ http://localhost:3000/_next/static/chunks/0brk_next_dist_0dm07mh._.js:776
[  193576ms] [LOG] [Fast Refresh] done in 216ms @ http://localhost:3000/_next/static/chunks/0brk_next_dist_0dm07mh._.js:776
[  193640ms] [LOG] [Fast Refresh] done in 216ms @ http://localhost:3000/_next/static/chunks/0brk_next_dist_0dm07mh._.js:776
[  193694ms] [LOG] [Fast Refresh] done in 216ms @ http://localhost:3000/_next/static/chunks/0brk_next_dist_0dm07mh._.js:776
[  193744ms] [LOG] [Fast Refresh] done in 216ms @ http://localhost:3000/_next/static/chunks/0brk_next_dist_0dm07mh._.js:776
[  193811ms] [LOG] [Fast Refresh] done in 216ms @ http://localhost:3000/_next/static/chunks/0brk_next_dist_0dm07mh._.js:776
[  193891ms] [LOG] [Fast Refresh] done in 216ms @ http://localhost:3000/_next/static/chunks/0brk_next_dist_0dm07mh._.js:776
[  193970ms] [LOG] [Fast Refresh] done in 216ms @ http://localhost:3000/_next/static/chunks/0brk_next_dist_0dm07mh._.js:776
[  194030ms] [LOG] [Fast Refresh] done in 216ms @ http://localhost:3000/_next/static/chunks/0brk_next_dist_0dm07mh._.js:776
[  194096ms] [LOG] [Fast Refresh] done in 216ms @ http://localhost:3000/_next/static/chunks/0brk_next_dist_0dm07mh._.js:776
[  194284ms] [LOG] [Fast Refresh] done in 216ms @ http://localhost:3000/_next/static/chunks/0brk_next_dist_0dm07mh._.js:776
[  194367ms] [LOG] [Fast Refresh] done in 216ms @ http://localhost:3000/_next/static/chunks/0brk_next_dist_0dm07mh._.js:776
[  194428ms] [LOG] [Fast Refresh] done in 216ms @ http://localhost:3000/_next/static/chunks/0brk_next_dist_0dm07mh._.js:776
[  194481ms] [LOG] [Fast Refresh] done in 216ms @ http://localhost:3000/_next/static/chunks/0brk_next_dist_0dm07mh._.js:776
[  194543ms] [LOG] [Fast Refresh] done in 216ms @ http://localhost:3000/_next/static/chunks/0brk_next_dist_0dm07mh._.js:776
[  194596ms] [LOG] [Fast Refresh] done in 216ms @ http://localhost:3000/_next/static/chunks/0brk_next_dist_0dm07mh._.js:776
[  194657ms] [LOG] [Fast Refresh] done in 216ms @ http://localhost:3000/_next/static/chunks/0brk_next_dist_0dm07mh._.js:776
[  194727ms] [LOG] [Fast Refresh] done in 216ms @ http://localhost:3000/_next/static/chunks/0brk_next_dist_0dm07mh._.js:776
[  194776ms] [LOG] [Fast Refresh] done in 216ms @ http://localhost:3000/_next/static/chunks/0brk_next_dist_0dm07mh._.js:776
[  194852ms] [LOG] [Fast Refresh] done in 216ms @ http://localhost:3000/_next/static/chunks/0brk_next_dist_0dm07mh._.js:776
[  194913ms] [LOG] [Fast Refresh] done in 216ms @ http://localhost:3000/_next/static/chunks/0brk_next_dist_0dm07mh._.js:776
[  194967ms] [LOG] [Fast Refresh] done in 216ms @ http://localhost:3000/_next/static/chunks/0brk_next_dist_0dm07mh._.js:776
[  195042ms] [LOG] [Fast Refresh] done in 216ms @ http://localhost:3000/_next/static/chunks/0brk_next_dist_0dm07mh._.js:776
[  195083ms] [LOG] [Fast Refresh] done in 216ms @ http://localhost:3000/_next/static/chunks/0brk_next_dist_0dm07mh._.js:776
[  195143ms] [LOG] [Fast Refresh] done in 216ms @ http://localhost:3000/_next/static/chunks/0brk_next_dist_0dm07mh._.js:776
[  195199ms] [LOG] [Fast Refresh] done in 216ms @ http://localhost:3000/_next/static/chunks/0brk_next_dist_0dm07mh._.js:776
[  195259ms] [LOG] [Fast Refresh] done in 216ms @ http://localhost:3000/_next/static/chunks/0brk_next_dist_0dm07mh._.js:776
[  195310ms] [LOG] [Fast Refresh] done in 216ms @ http://localhost:3000/_next/static/chunks/0brk_next_dist_0dm07mh._.js:776
[  195383ms] [LOG] [Fast Refresh] done in 216ms @ http://localhost:3000/_next/static/chunks/0brk_next_dist_0dm07mh._.js:776
[  195456ms] [LOG] [Fast Refresh] done in 216ms @ http://localhost:3000/_next/static/chunks/0brk_next_dist_0dm07mh._.js:776
[  196219ms] [LOG] [Fast Refresh] done in 216ms @ http://localhost:3000/_next/static/chunks/0brk_next_dist_0dm07mh._.js:776
[  196370ms] [LOG] [Fast Refresh] done in 216ms @ http://localhost:3000/_next/static/chunks/0brk_next_dist_0dm07mh._.js:776
[  196433ms] [LOG] [Fast Refresh] done in 216ms @ http://localhost:3000/_next/static/chunks/0brk_next_dist_0dm07mh._.js:776
[  196495ms] [LOG] [Fast Refresh] done in 216ms @ http://localhost:3000/_next/static/chunks/0brk_next_dist_0dm07mh._.js:776
[  196551ms] [LOG] [Fast Refresh] done in 216ms @ http://localhost:3000/_next/static/chunks/0brk_next_dist_0dm07mh._.js:776
[  196613ms] [LOG] [Fast Refresh] done in 216ms @ http://localhost:3000/_next/static/chunks/0brk_next_dist_0dm07mh._.js:776
[  196671ms] [LOG] [Fast Refresh] done in 216ms @ http://localhost:3000/_next/static/chunks/0brk_next_dist_0dm07mh._.js:776
[  196733ms] [LOG] [Fast Refresh] done in 216ms @ http://localhost:3000/_next/static/chunks/0brk_next_dist_0dm07mh._.js:776
[  196781ms] [LOG] [Fast Refresh] done in 216ms @ http://localhost:3000/_next/static/chunks/0brk_next_dist_0dm07mh._.js:776
[  196844ms] [LOG] [Fast Refresh] done in 216ms @ http://localhost:3000/_next/static/chunks/0brk_next_dist_0dm07mh._.js:776
[  196901ms] [LOG] [Fast Refresh] done in 216ms @ http://localhost:3000/_next/static/chunks/0brk_next_dist_0dm07mh._.js:776
[  196950ms] [LOG] [Fast Refresh] done in 216ms @ http://localhost:3000/_next/static/chunks/0brk_next_dist_0dm07mh._.js:776
[  197008ms] [LOG] [Fast Refresh] done in 216ms @ http://localhost:3000/_next/static/chunks/0brk_next_dist_0dm07mh._.js:776
[  197069ms] [LOG] [Fast Refresh] done in 216ms @ http://localhost:3000/_next/static/chunks/0brk_next_dist_0dm07mh._.js:776
[  197135ms] [LOG] [Fast Refresh] done in 216ms @ http://localhost:3000/_next/static/chunks/0brk_next_dist_0dm07mh._.js:776
[  197189ms] [LOG] [Fast Refresh] done in 216ms @ http://localhost:3000/_next/static/chunks/0brk_next_dist_0dm07mh._.js:776
[  197251ms] [LOG] [Fast Refresh] done in 216ms @ http://localhost:3000/_next/static/chunks/0brk_next_dist_0dm07mh._.js:776
[  197313ms] [LOG] [Fast Refresh] done in 216ms @ http://localhost:3000/_next/static/chunks/0brk_next_dist_0dm07mh._.js:776
[  197368ms] [LOG] [Fast Refresh] done in 216ms @ http://localhost:3000/_next/static/chunks/0brk_next_dist_0dm07mh._.js:776
[  197443ms] [LOG] [Fast Refresh] done in 216ms @ http://localhost:3000/_next/static/chunks/0brk_next_dist_0dm07mh._.js:776
[  197534ms] [LOG] [Fast Refresh] done in 216ms @ http://localhost:3000/_next/static/chunks/0brk_next_dist_0dm07mh._.js:776
[  197584ms] [LOG] [Fast Refresh] done in 216ms @ http://localhost:3000/_next/static/chunks/0brk_next_dist_0dm07mh._.js:776
[  197637ms] [LOG] [Fast Refresh] done in 216ms @ http://localhost:3000/_next/static/chunks/0brk_next_dist_0dm07mh._.js:776
[  197684ms] [LOG] [Fast Refresh] done in 216ms @ http://localhost:3000/_next/static/chunks/0brk_next_dist_0dm07mh._.js:776
[  197733ms] [LOG] [Fast Refresh] done in 216ms @ http://localhost:3000/_next/static/chunks/0brk_next_dist_0dm07mh._.js:776
[  197783ms] [LOG] [Fast Refresh] done in 216ms @ http://localhost:3000/_next/static/chunks/0brk_next_dist_0dm07mh._.js:776
[  197848ms] [LOG] [Fast Refresh] done in 216ms @ http://localhost:3000/_next/static/chunks/0brk_next_dist_0dm07mh._.js:776
[  197910ms] [LOG] [Fast Refresh] done in 216ms @ http://localhost:3000/_next/static/chunks/0brk_next_dist_0dm07mh._.js:776
[  197973ms] [LOG] [Fast Refresh] done in 216ms @ http://localhost:3000/_next/static/chunks/0brk_next_dist_0dm07mh._.js:776
[  198051ms] [LOG] [Fast Refresh] done in 216ms @ http://localhost:3000/_next/static/chunks/0brk_next_dist_0dm07mh._.js:776
[  198118ms] [LOG] [Fast Refresh] done in 216ms @ http://localhost:3000/_next/static/chunks/0brk_next_dist_0dm07mh._.js:776
[  198198ms] [LOG] [Fast Refresh] done in 216ms @ http://localhost:3000/_next/static/chunks/0brk_next_dist_0dm07mh._.js:776
[  198263ms] [LOG] [Fast Refresh] done in 216ms @ http://localhost:3000/_next/static/chunks/0brk_next_dist_0dm07mh._.js:776
[  198324ms] [LOG] [Fast Refresh] done in 216ms @ http://localhost:3000/_next/static/chunks/0brk_next_dist_0dm07mh._.js:776
[  198400ms] [LOG] [Fast Refresh] done in 216ms @ http://localhost:3000/_next/static/chunks/0brk_next_dist_0dm07mh._.js:776
[  198545ms] [LOG] [Fast Refresh] done in 216ms @ http://localhost:3000/_next/static/chunks/0brk_next_dist_0dm07mh._.js:776
[  198610ms] [LOG] [Fast Refresh] done in 216ms @ http://localhost:3000/_next/static/chunks/0brk_next_dist_0dm07mh._.js:776
[  198697ms] [LOG] [Fast Refresh] done in 216ms @ http://localhost:3000/_next/static/chunks/0brk_next_dist_0dm07mh._.js:776
[  198909ms] [LOG] [Fast Refresh] done in 216ms @ http://localhost:3000/_next/static/chunks/0brk_next_dist_0dm07mh._.js:776
[  199268ms] [LOG] [Fast Refresh] done in 216ms @ http://localhost:3000/_next/static/chunks/0brk_next_dist_0dm07mh._.js:776
[  199446ms] [LOG] [Fast Refresh] done in 216ms @ http://localhost:3000/_next/static/chunks/0brk_next_dist_0dm07mh._.js:776
[  200017ms] [LOG] [Fast Refresh] done in 216ms @ http://localhost:3000/_next/static/chunks/0brk_next_dist_0dm07mh._.js:776
[  200090ms] [LOG] [Fast Refresh] done in 216ms @ http://localhost:3000/_next/static/chunks/0brk_next_dist_0dm07mh._.js:776
[  200204ms] [LOG] [Fast Refresh] done in 216ms @ http://localhost:3000/_next/static/chunks/0brk_next_dist_0dm07mh._.js:776
[  200337ms] [LOG] [Fast Refresh] done in 216ms @ http://localhost:3000/_next/static/chunks/0brk_next_dist_0dm07mh._.js:776
[  200584ms] [LOG] [Fast Refresh] done in 216ms @ http://localhost:3000/_next/static/chunks/0brk_next_dist_0dm07mh._.js:776
[  200659ms] [LOG] [Fast Refresh] done in 216ms @ http://localhost:3000/_next/static/chunks/0brk_next_dist_0dm07mh._.js:776
[  200766ms] [LOG] [Fast Refresh] done in 216ms @ http://localhost:3000/_next/static/chunks/0brk_next_dist_0dm07mh._.js:776
[  200828ms] [LOG] [Fast Refresh] done in 216ms @ http://localhost:3000/_next/static/chunks/0brk_next_dist_0dm07mh._.js:776
[  200899ms] [LOG] [Fast Refresh] done in 216ms @ http://localhost:3000/_next/static/chunks/0brk_next_dist_0dm07mh._.js:776
[  200957ms] [LOG] [Fast Refresh] done in 216ms @ http://localhost:3000/_next/static/chunks/0brk_next_dist_0dm07mh._.js:776
[  201017ms] [LOG] [Fast Refresh] done in 216ms @ http://localhost:3000/_next/static/chunks/0brk_next_dist_0dm07mh._.js:776
[  201088ms] [LOG] [Fast Refresh] done in 216ms @ http://localhost:3000/_next/static/chunks/0brk_next_dist_0dm07mh._.js:776
[  201151ms] [LOG] [Fast Refresh] done in 216ms @ http://localhost:3000/_next/static/chunks/0brk_next_dist_0dm07mh._.js:776
[  201231ms] [LOG] [Fast Refresh] done in 216ms @ http://localhost:3000/_next/static/chunks/0brk_next_dist_0dm07mh._.js:776
[  201375ms] [LOG] [Fast Refresh] done in 216ms @ http://localhost:3000/_next/static/chunks/0brk_next_dist_0dm07mh._.js:776
[  201471ms] [LOG] [Fast Refresh] done in 216ms @ http://localhost:3000/_next/static/chunks/0brk_next_dist_0dm07mh._.js:776
[  201721ms] [LOG] [Fast Refresh] done in 216ms @ http://localhost:3000/_next/static/chunks/0brk_next_dist_0dm07mh._.js:776
[  201800ms] [LOG] [Fast Refresh] done in 216ms @ http://localhost:3000/_next/static/chunks/0brk_next_dist_0dm07mh._.js:776
[  201940ms] [LOG] [Fast Refresh] done in 216ms @ http://localhost:3000/_next/static/chunks/0brk_next_dist_0dm07mh._.js:776
[  201997ms] [LOG] [Fast Refresh] done in 216ms @ http://localhost:3000/_next/static/chunks/0brk_next_dist_0dm07mh._.js:776
[  202082ms] [LOG] [Fast Refresh] done in 216ms @ http://localhost:3000/_next/static/chunks/0brk_next_dist_0dm07mh._.js:776
[  202437ms] [LOG] [Fast Refresh] done in 216ms @ http://localhost:3000/_next/static/chunks/0brk_next_dist_0dm07mh._.js:776
[  202579ms] [LOG] [Fast Refresh] done in 216ms @ http://localhost:3000/_next/static/chunks/0brk_next_dist_0dm07mh._.js:776
[  202653ms] [LOG] [Fast Refresh] done in 216ms @ http://localhost:3000/_next/static/chunks/0brk_next_dist_0dm07mh._.js:776
[  202745ms] [LOG] [Fast Refresh] done in 216ms @ http://localhost:3000/_next/static/chunks/0brk_next_dist_0dm07mh._.js:776
[  202844ms] [LOG] [Fast Refresh] done in 216ms @ http://localhost:3000/_next/static/chunks/0brk_next_dist_0dm07mh._.js:776
[  202970ms] [LOG] [Fast Refresh] done in 216ms @ http://localhost:3000/_next/static/chunks/0brk_next_dist_0dm07mh._.js:776
[  203036ms] [LOG] [Fast Refresh] done in 216ms @ http://localhost:3000/_next/static/chunks/0brk_next_dist_0dm07mh._.js:776
[  203222ms] [LOG] [Fast Refresh] done in 216ms @ http://localhost:3000/_next/static/chunks/0brk_next_dist_0dm07mh._.js:776
[  203379ms] [LOG] [Fast Refresh] done in 216ms @ http://localhost:3000/_next/static/chunks/0brk_next_dist_0dm07mh._.js:776
[  203599ms] [LOG] [Fast Refresh] done in 216ms @ http://localhost:3000/_next/static/chunks/0brk_next_dist_0dm07mh._.js:776
[  203749ms] [LOG] [Fast Refresh] done in 216ms @ http://localhost:3000/_next/static/chunks/0brk_next_dist_0dm07mh._.js:776
[  203876ms] [LOG] [Fast Refresh] done in 216ms @ http://localhost:3000/_next/static/chunks/0brk_next_dist_0dm07mh._.js:776
[  204076ms] [LOG] [Fast Refresh] done in 216ms @ http://localhost:3000/_next/static/chunks/0brk_next_dist_0dm07mh._.js:776
[  204141ms] [LOG] [Fast Refresh] done in 216ms @ http://localhost:3000/_next/static/chunks/0brk_next_dist_0dm07mh._.js:776
[  204269ms] [LOG] [Fast Refresh] done in 216ms @ http://localhost:3000/_next/static/chunks/0brk_next_dist_0dm07mh._.js:776
[  204350ms] [LOG] [Fast Refresh] done in 216ms @ http://localhost:3000/_next/static/chunks/0brk_next_dist_0dm07mh._.js:776
[  204599ms] [LOG] [Fast Refresh] done in 216ms @ http://localhost:3000/_next/static/chunks/0brk_next_dist_0dm07mh._.js:776
[  204814ms] [LOG] [Fast Refresh] done in 216ms @ http://localhost:3000/_next/static/chunks/0brk_next_dist_0dm07mh._.js:776
[  205026ms] [LOG] [Fast Refresh] done in 216ms @ http://localhost:3000/_next/static/chunks/0brk_next_dist_0dm07mh._.js:776
[  205198ms] [LOG] [Fast Refresh] done in 216ms @ http://localhost:3000/_next/static/chunks/0brk_next_dist_0dm07mh._.js:776
[  205287ms] [LOG] [Fast Refresh] done in 216ms @ http://localhost:3000/_next/static/chunks/0brk_next_dist_0dm07mh._.js:776
[  205395ms] [LOG] [Fast Refresh] done in 216ms @ http://localhost:3000/_next/static/chunks/0brk_next_dist_0dm07mh._.js:776
[  205469ms] [LOG] [Fast Refresh] done in 216ms @ http://localhost:3000/_next/static/chunks/0brk_next_dist_0dm07mh._.js:776
[  205545ms] [LOG] [Fast Refresh] done in 216ms @ http://localhost:3000/_next/static/chunks/0brk_next_dist_0dm07mh._.js:776
[  205599ms] [LOG] [Fast Refresh] done in 216ms @ http://localhost:3000/_next/static/chunks/0brk_next_dist_0dm07mh._.js:776
[  205649ms] [LOG] [Fast Refresh] done in 216ms @ http://localhost:3000/_next/static/chunks/0brk_next_dist_0dm07mh._.js:776
[  205738ms] [LOG] [Fast Refresh] done in 216ms @ http://localhost:3000/_next/static/chunks/0brk_next_dist_0dm07mh._.js:776
[  205817ms] [LOG] [Fast Refresh] done in 216ms @ http://localhost:3000/_next/static/chunks/0brk_next_dist_0dm07mh._.js:776
[  205869ms] [LOG] [Fast Refresh] done in 216ms @ http://localhost:3000/_next/static/chunks/0brk_next_dist_0dm07mh._.js:776
[  205930ms] [LOG] [Fast Refresh] done in 216ms @ http://localhost:3000/_next/static/chunks/0brk_next_dist_0dm07mh._.js:776
[  206018ms] [LOG] [Fast Refresh] done in 216ms @ http://localhost:3000/_next/static/chunks/0brk_next_dist_0dm07mh._.js:776
[  206087ms] [LOG] [Fast Refresh] done in 216ms @ http://localhost:3000/_next/static/chunks/0brk_next_dist_0dm07mh._.js:776
[  206199ms] [LOG] [Fast Refresh] done in 216ms @ http://localhost:3000/_next/static/chunks/0brk_next_dist_0dm07mh._.js:776
[  206273ms] [LOG] [Fast Refresh] done in 216ms @ http://localhost:3000/_next/static/chunks/0brk_next_dist_0dm07mh._.js:776
[  206351ms] [LOG] [Fast Refresh] done in 216ms @ http://localhost:3000/_next/static/chunks/0brk_next_dist_0dm07mh._.js:776
[  206479ms] [LOG] [Fast Refresh] done in 216ms @ http://localhost:3000/_next/static/chunks/0brk_next_dist_0dm07mh._.js:776
[  206617ms] [LOG] [Fast Refresh] done in 216ms @ http://localhost:3000/_next/static/chunks/0brk_next_dist_0dm07mh._.js:776
[  206801ms] [LOG] [Fast Refresh] done in 216ms @ http://localhost:3000/_next/static/chunks/0brk_next_dist_0dm07mh._.js:776
[  206866ms] [LOG] [Fast Refresh] done in 216ms @ http://localhost:3000/_next/static/chunks/0brk_next_dist_0dm07mh._.js:776
[  206929ms] [LOG] [Fast Refresh] done in 216ms @ http://localhost:3000/_next/static/chunks/0brk_next_dist_0dm07mh._.js:776
[  206999ms] [LOG] [Fast Refresh] done in 216ms @ http://localhost:3000/_next/static/chunks/0brk_next_dist_0dm07mh._.js:776
[  207062ms] [LOG] [Fast Refresh] done in 216ms @ http://localhost:3000/_next/static/chunks/0brk_next_dist_0dm07mh._.js:776
[  207128ms] [LOG] [Fast Refresh] done in 216ms @ http://localhost:3000/_next/static/chunks/0brk_next_dist_0dm07mh._.js:776
[  207202ms] [LOG] [Fast Refresh] done in 216ms @ http://localhost:3000/_next/static/chunks/0brk_next_dist_0dm07mh._.js:776
[  207509ms] [LOG] [Fast Refresh] done in 216ms @ http://localhost:3000/_next/static/chunks/0brk_next_dist_0dm07mh._.js:776
[  207601ms] [LOG] [Fast Refresh] done in 216ms @ http://localhost:3000/_next/static/chunks/0brk_next_dist_0dm07mh._.js:776
[  207701ms] [LOG] [Fast Refresh] done in 216ms @ http://localhost:3000/_next/static/chunks/0brk_next_dist_0dm07mh._.js:776
[  207869ms] [LOG] [Fast Refresh] done in 216ms @ http://localhost:3000/_next/static/chunks/0brk_next_dist_0dm07mh._.js:776
[  207982ms] [LOG] [Fast Refresh] done in 216ms @ http://localhost:3000/_next/static/chunks/0brk_next_dist_0dm07mh._.js:776
[  208080ms] [LOG] [Fast Refresh] done in 216ms @ http://localhost:3000/_next/static/chunks/0brk_next_dist_0dm07mh._.js:776
[  208188ms] [LOG] [Fast Refresh] done in 216ms @ http://localhost:3000/_next/static/chunks/0brk_next_dist_0dm07mh._.js:776
[  208249ms] [LOG] [Fast Refresh] done in 216ms @ http://localhost:3000/_next/static/chunks/0brk_next_dist_0dm07mh._.js:776
[  208316ms] [LOG] [Fast Refresh] done in 216ms @ http://localhost:3000/_next/static/chunks/0brk_next_dist_0dm07mh._.js:776
[  208398ms] [LOG] [Fast Refresh] done in 216ms @ http://localhost:3000/_next/static/chunks/0brk_next_dist_0dm07mh._.js:776
[  208461ms] [LOG] [Fast Refresh] done in 216ms @ http://localhost:3000/_next/static/chunks/0brk_next_dist_0dm07mh._.js:776
[  208522ms] [LOG] [Fast Refresh] done in 216ms @ http://localhost:3000/_next/static/chunks/0brk_next_dist_0dm07mh._.js:776
[  208588ms] [LOG] [Fast Refresh] done in 216ms @ http://localhost:3000/_next/static/chunks/0brk_next_dist_0dm07mh._.js:776
[  208757ms] [LOG] [Fast Refresh] done in 216ms @ http://localhost:3000/_next/static/chunks/0brk_next_dist_0dm07mh._.js:776
[  208844ms] [LOG] [Fast Refresh] done in 216ms @ http://localhost:3000/_next/static/chunks/0brk_next_dist_0dm07mh._.js:776
[  208950ms] [LOG] [Fast Refresh] done in 216ms @ http://localhost:3000/_next/static/chunks/0brk_next_dist_0dm07mh._.js:776
[  209043ms] [LOG] [Fast Refresh] done in 216ms @ http://localhost:3000/_next/static/chunks/0brk_next_dist_0dm07mh._.js:776
[  209147ms] [LOG] [Fast Refresh] done in 216ms @ http://localhost:3000/_next/static/chunks/0brk_next_dist_0dm07mh._.js:776
[  209237ms] [LOG] [Fast Refresh] done in 216ms @ http://localhost:3000/_next/static/chunks/0brk_next_dist_0dm07mh._.js:776
[  209298ms] [LOG] [Fast Refresh] done in 216ms @ http://localhost:3000/_next/static/chunks/0brk_next_dist_0dm07mh._.js:776
[  209373ms] [LOG] [Fast Refresh] done in 216ms @ http://localhost:3000/_next/static/chunks/0brk_next_dist_0dm07mh._.js:776
[  209546ms] [LOG] [Fast Refresh] done in 216ms @ http://localhost:3000/_next/static/chunks/0brk_next_dist_0dm07mh._.js:776
[  209734ms] [LOG] [Fast Refresh] done in 216ms @ http://localhost:3000/_next/static/chunks/0brk_next_dist_0dm07mh._.js:776
[  209813ms] [LOG] [Fast Refresh] done in 216ms @ http://localhost:3000/_next/static/chunks/0brk_next_dist_0dm07mh._.js:776
[  209881ms] [LOG] [Fast Refresh] done in 216ms @ http://localhost:3000/_next/static/chunks/0brk_next_dist_0dm07mh._.js:776
[  209973ms] [LOG] [Fast Refresh] done in 216ms @ http://localhost:3000/_next/static/chunks/0brk_next_dist_0dm07mh._.js:776
[  210051ms] [LOG] [Fast Refresh] done in 216ms @ http://localhost:3000/_next/static/chunks/0brk_next_dist_0dm07mh._.js:776
[  210116ms] [LOG] [Fast Refresh] done in 216ms @ http://localhost:3000/_next/static/chunks/0brk_next_dist_0dm07mh._.js:776
[  210235ms] [LOG] [Fast Refresh] done in 216ms @ http://localhost:3000/_next/static/chunks/0brk_next_dist_0dm07mh._.js:776
[  210318ms] [LOG] [Fast Refresh] done in 216ms @ http://localhost:3000/_next/static/chunks/0brk_next_dist_0dm07mh._.js:776
[  210445ms] [LOG] [Fast Refresh] done in 216ms @ http://localhost:3000/_next/static/chunks/0brk_next_dist_0dm07mh._.js:776
[  210535ms] [LOG] [Fast Refresh] done in 216ms @ http://localhost:3000/_next/static/chunks/0brk_next_dist_0dm07mh._.js:776
[  210659ms] [LOG] [Fast Refresh] done in 216ms @ http://localhost:3000/_next/static/chunks/0brk_next_dist_0dm07mh._.js:776
[  210768ms] [LOG] [Fast Refresh] done in 216ms @ http://localhost:3000/_next/static/chunks/0brk_next_dist_0dm07mh._.js:776
[  210893ms] [LOG] [Fast Refresh] done in 216ms @ http://localhost:3000/_next/static/chunks/0brk_next_dist_0dm07mh._.js:776
[  210957ms] [LOG] [Fast Refresh] done in 216ms @ http://localhost:3000/_next/static/chunks/0brk_next_dist_0dm07mh._.js:776
[  211016ms] [LOG] [Fast Refresh] done in 216ms @ http://localhost:3000/_next/static/chunks/0brk_next_dist_0dm07mh._.js:776
[  211083ms] [LOG] [Fast Refresh] done in 216ms @ http://localhost:3000/_next/static/chunks/0brk_next_dist_0dm07mh._.js:776
[  211152ms] [LOG] [Fast Refresh] done in 216ms @ http://localhost:3000/_next/static/chunks/0brk_next_dist_0dm07mh._.js:776
[  211272ms] [LOG] [Fast Refresh] done in 216ms @ http://localhost:3000/_next/static/chunks/0brk_next_dist_0dm07mh._.js:776
[  211351ms] [LOG] [Fast Refresh] done in 216ms @ http://localhost:3000/_next/static/chunks/0brk_next_dist_0dm07mh._.js:776
[  211419ms] [LOG] [Fast Refresh] done in 216ms @ http://localhost:3000/_next/static/chunks/0brk_next_dist_0dm07mh._.js:776
[  211492ms] [LOG] [Fast Refresh] done in 216ms @ http://localhost:3000/_next/static/chunks/0brk_next_dist_0dm07mh._.js:776
[  211581ms] [LOG] [Fast Refresh] done in 216ms @ http://localhost:3000/_next/static/chunks/0brk_next_dist_0dm07mh._.js:776
[  211735ms] [LOG] [Fast Refresh] done in 216ms @ http://localhost:3000/_next/static/chunks/0brk_next_dist_0dm07mh._.js:776
[  212006ms] [LOG] [Fast Refresh] done in 216ms @ http://localhost:3000/_next/static/chunks/0brk_next_dist_0dm07mh._.js:776
[  212097ms] [LOG] [Fast Refresh] done in 216ms @ http://localhost:3000/_next/static/chunks/0brk_next_dist_0dm07mh._.js:776
[  212356ms] [LOG] [Fast Refresh] done in 216ms @ http://localhost:3000/_next/static/chunks/0brk_next_dist_0dm07mh._.js:776
[  212470ms] [LOG] [Fast Refresh] done in 216ms @ http://localhost:3000/_next/static/chunks/0brk_next_dist_0dm07mh._.js:776
[  212548ms] [LOG] [Fast Refresh] done in 216ms @ http://localhost:3000/_next/static/chunks/0brk_next_dist_0dm07mh._.js:776
[  212625ms] [LOG] [Fast Refresh] done in 216ms @ http://localhost:3000/_next/static/chunks/0brk_next_dist_0dm07mh._.js:776
[  212687ms] [LOG] [Fast Refresh] done in 216ms @ http://localhost:3000/_next/static/chunks/0brk_next_dist_0dm07mh._.js:776
[  212764ms] [LOG] [Fast Refresh] done in 216ms @ http://localhost:3000/_next/static/chunks/0brk_next_dist_0dm07mh._.js:776
[  212862ms] [LOG] [Fast Refresh] done in 216ms @ http://localhost:3000/_next/static/chunks/0brk_next_dist_0dm07mh._.js:776
[  212984ms] [LOG] [Fast Refresh] done in 216ms @ http://localhost:3000/_next/static/chunks/0brk_next_dist_0dm07mh._.js:776
[  213060ms] [LOG] [Fast Refresh] done in 216ms @ http://localhost:3000/_next/static/chunks/0brk_next_dist_0dm07mh._.js:776
[  213152ms] [LOG] [Fast Refresh] done in 216ms @ http://localhost:3000/_next/static/chunks/0brk_next_dist_0dm07mh._.js:776
[  213291ms] [LOG] [Fast Refresh] done in 216ms @ http://localhost:3000/_next/static/chunks/0brk_next_dist_0dm07mh._.js:776
[  213365ms] [LOG] [Fast Refresh] done in 216ms @ http://localhost:3000/_next/static/chunks/0brk_next_dist_0dm07mh._.js:776
[  213462ms] [LOG] [Fast Refresh] done in 216ms @ http://localhost:3000/_next/static/chunks/0brk_next_dist_0dm07mh._.js:776
[  213529ms] [LOG] [Fast Refresh] done in 216ms @ http://localhost:3000/_next/static/chunks/0brk_next_dist_0dm07mh._.js:776
[  213659ms] [LOG] [Fast Refresh] done in 216ms @ http://localhost:3000/_next/static/chunks/0brk_next_dist_0dm07mh._.js:776
[  213790ms] [LOG] [Fast Refresh] done in 216ms @ http://localhost:3000/_next/static/chunks/0brk_next_dist_0dm07mh._.js:776
[  213908ms] [LOG] [Fast Refresh] done in 216ms @ http://localhost:3000/_next/static/chunks/0brk_next_dist_0dm07mh._.js:776
[  214035ms] [LOG] [Fast Refresh] done in 216ms @ http://localhost:3000/_next/static/chunks/0brk_next_dist_0dm07mh._.js:776
[  214199ms] [LOG] [Fast Refresh] done in 216ms @ http://localhost:3000/_next/static/chunks/0brk_next_dist_0dm07mh._.js:776
[  214269ms] [LOG] [Fast Refresh] done in 216ms @ http://localhost:3000/_next/static/chunks/0brk_next_dist_0dm07mh._.js:776
[  214330ms] [LOG] [Fast Refresh] done in 216ms @ http://localhost:3000/_next/static/chunks/0brk_next_dist_0dm07mh._.js:776
[  214402ms] [LOG] [Fast Refresh] done in 216ms @ http://localhost:3000/_next/static/chunks/0brk_next_dist_0dm07mh._.js:776
[  214467ms] [LOG] [Fast Refresh] done in 216ms @ http://localhost:3000/_next/static/chunks/0brk_next_dist_0dm07mh._.js:776
[  214544ms] [LOG] [Fast Refresh] done in 216ms @ http://localhost:3000/_next/static/chunks/0brk_next_dist_0dm07mh._.js:776
[  214659ms] [LOG] [Fast Refresh] done in 216ms @ http://localhost:3000/_next/static/chunks/0brk_next_dist_0dm07mh._.js:776
[  214796ms] [LOG] [Fast Refresh] done in 216ms @ http://localhost:3000/_next/static/chunks/0brk_next_dist_0dm07mh._.js:776
[  214921ms] [LOG] [Fast Refresh] done in 216ms @ http://localhost:3000/_next/static/chunks/0brk_next_dist_0dm07mh._.js:776
[  215046ms] [LOG] [Fast Refresh] done in 216ms @ http://localhost:3000/_next/static/chunks/0brk_next_dist_0dm07mh._.js:776
[  215194ms] [LOG] [Fast Refresh] done in 216ms @ http://localhost:3000/_next/static/chunks/0brk_next_dist_0dm07mh._.js:776
[  215278ms] [LOG] [Fast Refresh] done in 216ms @ http://localhost:3000/_next/static/chunks/0brk_next_dist_0dm07mh._.js:776
[  215343ms] [LOG] [Fast Refresh] done in 216ms @ http://localhost:3000/_next/static/chunks/0brk_next_dist_0dm07mh._.js:776
[  215444ms] [LOG] [Fast Refresh] done in 216ms @ http://localhost:3000/_next/static/chunks/0brk_next_dist_0dm07mh._.js:776
[  215510ms] [LOG] [Fast Refresh] done in 216ms @ http://localhost:3000/_next/static/chunks/0brk_next_dist_0dm07mh._.js:776
[  215568ms] [LOG] [Fast Refresh] done in 216ms @ http://localhost:3000/_next/static/chunks/0brk_next_dist_0dm07mh._.js:776
[  215715ms] [LOG] [Fast Refresh] done in 216ms @ http://localhost:3000/_next/static/chunks/0brk_next_dist_0dm07mh._.js:776
[  215797ms] [LOG] [Fast Refresh] done in 216ms @ http://localhost:3000/_next/static/chunks/0brk_next_dist_0dm07mh._.js:776
[  215851ms] [LOG] [Fast Refresh] done in 216ms @ http://localhost:3000/_next/static/chunks/0brk_next_dist_0dm07mh._.js:776
[  215914ms] [LOG] [Fast Refresh] done in 216ms @ http://localhost:3000/_next/static/chunks/0brk_next_dist_0dm07mh._.js:776
[  215967ms] [LOG] [Fast Refresh] done in 216ms @ http://localhost:3000/_next/static/chunks/0brk_next_dist_0dm07mh._.js:776
[  216047ms] [LOG] [Fast Refresh] done in 216ms @ http://localhost:3000/_next/static/chunks/0brk_next_dist_0dm07mh._.js:776
[  216157ms] [LOG] [Fast Refresh] done in 216ms @ http://localhost:3000/_next/static/chunks/0brk_next_dist_0dm07mh._.js:776
[  216249ms] [LOG] [Fast Refresh] done in 216ms @ http://localhost:3000/_next/static/chunks/0brk_next_dist_0dm07mh._.js:776
[  216334ms] [LOG] [Fast Refresh] done in 216ms @ http://localhost:3000/_next/static/chunks/0brk_next_dist_0dm07mh._.js:776
[  216567ms] [LOG] [Fast Refresh] done in 216ms @ http://localhost:3000/_next/static/chunks/0brk_next_dist_0dm07mh._.js:776
[  216659ms] [LOG] [Fast Refresh] done in 216ms @ http://localhost:3000/_next/static/chunks/0brk_next_dist_0dm07mh._.js:776
[  216844ms] [LOG] [Fast Refresh] done in 216ms @ http://localhost:3000/_next/static/chunks/0brk_next_dist_0dm07mh._.js:776
[  216890ms] [LOG] [Fast Refresh] done in 216ms @ http://localhost:3000/_next/static/chunks/0brk_next_dist_0dm07mh._.js:776
[  216951ms] [LOG] [Fast Refresh] done in 216ms @ http://localhost:3000/_next/static/chunks/0brk_next_dist_0dm07mh._.js:776
[  217013ms] [LOG] [Fast Refresh] done in 216ms @ http://localhost:3000/_next/static/chunks/0brk_next_dist_0dm07mh._.js:776
[  217088ms] [LOG] [Fast Refresh] done in 216ms @ http://localhost:3000/_next/static/chunks/0brk_next_dist_0dm07mh._.js:776
[  217153ms] [LOG] [Fast Refresh] done in 216ms @ http://localhost:3000/_next/static/chunks/0brk_next_dist_0dm07mh._.js:776
[  217227ms] [LOG] [Fast Refresh] done in 216ms @ http://localhost:3000/_next/static/chunks/0brk_next_dist_0dm07mh._.js:776
[  217368ms] [LOG] [Fast Refresh] done in 216ms @ http://localhost:3000/_next/static/chunks/0brk_next_dist_0dm07mh._.js:776
[  217443ms] [LOG] [Fast Refresh] done in 216ms @ http://localhost:3000/_next/static/chunks/0brk_next_dist_0dm07mh._.js:776
[  217551ms] [LOG] [Fast Refresh] done in 216ms @ http://localhost:3000/_next/static/chunks/0brk_next_dist_0dm07mh._.js:776
[  217607ms] [LOG] [Fast Refresh] done in 216ms @ http://localhost:3000/_next/static/chunks/0brk_next_dist_0dm07mh._.js:776
[  217849ms] [LOG] [Fast Refresh] done in 216ms @ http://localhost:3000/_next/static/chunks/0brk_next_dist_0dm07mh._.js:776
[  218052ms] [LOG] [Fast Refresh] done in 216ms @ http://localhost:3000/_next/static/chunks/0brk_next_dist_0dm07mh._.js:776
[  218117ms] [LOG] [Fast Refresh] done in 216ms @ http://localhost:3000/_next/static/chunks/0brk_next_dist_0dm07mh._.js:776
[  218238ms] [LOG] [Fast Refresh] done in 216ms @ http://localhost:3000/_next/static/chunks/0brk_next_dist_0dm07mh._.js:776
[  218314ms] [LOG] [Fast Refresh] done in 216ms @ http://localhost:3000/_next/static/chunks/0brk_next_dist_0dm07mh._.js:776
[  218383ms] [LOG] [Fast Refresh] done in 216ms @ http://localhost:3000/_next/static/chunks/0brk_next_dist_0dm07mh._.js:776
[  218447ms] [LOG] [Fast Refresh] done in 216ms @ http://localhost:3000/_next/static/chunks/0brk_next_dist_0dm07mh._.js:776
[  218510ms] [LOG] [Fast Refresh] done in 216ms @ http://localhost:3000/_next/static/chunks/0brk_next_dist_0dm07mh._.js:776
[  218584ms] [LOG] [Fast Refresh] done in 216ms @ http://localhost:3000/_next/static/chunks/0brk_next_dist_0dm07mh._.js:776
[  218664ms] [LOG] [Fast Refresh] done in 216ms @ http://localhost:3000/_next/static/chunks/0brk_next_dist_0dm07mh._.js:776
[  218785ms] [LOG] [Fast Refresh] done in 216ms @ http://localhost:3000/_next/static/chunks/0brk_next_dist_0dm07mh._.js:776
[  218881ms] [LOG] [Fast Refresh] done in 216ms @ http://localhost:3000/_next/static/chunks/0brk_next_dist_0dm07mh._.js:776
[  218965ms] [LOG] [Fast Refresh] done in 216ms @ http://localhost:3000/_next/static/chunks/0brk_next_dist_0dm07mh._.js:776
[  219028ms] [LOG] [Fast Refresh] done in 216ms @ http://localhost:3000/_next/static/chunks/0brk_next_dist_0dm07mh._.js:776
[  219202ms] [LOG] [Fast Refresh] done in 216ms @ http://localhost:3000/_next/static/chunks/0brk_next_dist_0dm07mh._.js:776
[  219295ms] [LOG] [Fast Refresh] done in 216ms @ http://localhost:3000/_next/static/chunks/0brk_next_dist_0dm07mh._.js:776
[  219449ms] [LOG] [Fast Refresh] done in 216ms @ http://localhost:3000/_next/static/chunks/0brk_next_dist_0dm07mh._.js:776
[  219556ms] [LOG] [Fast Refresh] done in 216ms @ http://localhost:3000/_next/static/chunks/0brk_next_dist_0dm07mh._.js:776
[  219651ms] [LOG] [Fast Refresh] done in 216ms @ http://localhost:3000/_next/static/chunks/0brk_next_dist_0dm07mh._.js:776
[  219808ms] [LOG] [Fast Refresh] done in 216ms @ http://localhost:3000/_next/static/chunks/0brk_next_dist_0dm07mh._.js:776
[  219868ms] [LOG] [Fast Refresh] done in 216ms @ http://localhost:3000/_next/static/chunks/0brk_next_dist_0dm07mh._.js:776
[  219929ms] [LOG] [Fast Refresh] done in 216ms @ http://localhost:3000/_next/static/chunks/0brk_next_dist_0dm07mh._.js:776
[  220006ms] [LOG] [Fast Refresh] done in 216ms @ http://localhost:3000/_next/static/chunks/0brk_next_dist_0dm07mh._.js:776
[  220069ms] [LOG] [Fast Refresh] done in 216ms @ http://localhost:3000/_next/static/chunks/0brk_next_dist_0dm07mh._.js:776
[  220146ms] [LOG] [Fast Refresh] done in 216ms @ http://localhost:3000/_next/static/chunks/0brk_next_dist_0dm07mh._.js:776
[  220210ms] [LOG] [Fast Refresh] done in 216ms @ http://localhost:3000/_next/static/chunks/0brk_next_dist_0dm07mh._.js:776
[  220351ms] [LOG] [Fast Refresh] done in 216ms @ http://localhost:3000/_next/static/chunks/0brk_next_dist_0dm07mh._.js:776
[  220426ms] [LOG] [Fast Refresh] done in 216ms @ http://localhost:3000/_next/static/chunks/0brk_next_dist_0dm07mh._.js:776
[  220572ms] [LOG] [Fast Refresh] done in 216ms @ http://localhost:3000/_next/static/chunks/0brk_next_dist_0dm07mh._.js:776
[  220712ms] [LOG] [Fast Refresh] done in 216ms @ http://localhost:3000/_next/static/chunks/0brk_next_dist_0dm07mh._.js:776
[  220806ms] [LOG] [Fast Refresh] done in 216ms @ http://localhost:3000/_next/static/chunks/0brk_next_dist_0dm07mh._.js:776
[  220914ms] [LOG] [Fast Refresh] done in 216ms @ http://localhost:3000/_next/static/chunks/0brk_next_dist_0dm07mh._.js:776
[  221052ms] [LOG] [Fast Refresh] done in 216ms @ http://localhost:3000/_next/static/chunks/0brk_next_dist_0dm07mh._.js:776
[  221191ms] [LOG] [Fast Refresh] done in 216ms @ http://localhost:3000/_next/static/chunks/0brk_next_dist_0dm07mh._.js:776
[  221251ms] [LOG] [Fast Refresh] done in 216ms @ http://localhost:3000/_next/static/chunks/0brk_next_dist_0dm07mh._.js:776
[  221355ms] [LOG] [Fast Refresh] done in 216ms @ http://localhost:3000/_next/static/chunks/0brk_next_dist_0dm07mh._.js:776
[  221417ms] [LOG] [Fast Refresh] done in 216ms @ http://localhost:3000/_next/static/chunks/0brk_next_dist_0dm07mh._.js:776
[  221482ms] [LOG] [Fast Refresh] done in 216ms @ http://localhost:3000/_next/static/chunks/0brk_next_dist_0dm07mh._.js:776
[  221543ms] [LOG] [Fast Refresh] done in 216ms @ http://localhost:3000/_next/static/chunks/0brk_next_dist_0dm07mh._.js:776
[  221605ms] [LOG] [Fast Refresh] done in 216ms @ http://localhost:3000/_next/static/chunks/0brk_next_dist_0dm07mh._.js:776
[  221667ms] [LOG] [Fast Refresh] done in 216ms @ http://localhost:3000/_next/static/chunks/0brk_next_dist_0dm07mh._.js:776
[  221727ms] [LOG] [Fast Refresh] done in 216ms @ http://localhost:3000/_next/static/chunks/0brk_next_dist_0dm07mh._.js:776
[  221782ms] [LOG] [Fast Refresh] done in 216ms @ http://localhost:3000/_next/static/chunks/0brk_next_dist_0dm07mh._.js:776
[  221844ms] [LOG] [Fast Refresh] done in 216ms @ http://localhost:3000/_next/static/chunks/0brk_next_dist_0dm07mh._.js:776
[  221912ms] [LOG] [Fast Refresh] done in 216ms @ http://localhost:3000/_next/static/chunks/0brk_next_dist_0dm07mh._.js:776
[  221967ms] [LOG] [Fast Refresh] done in 216ms @ http://localhost:3000/_next/static/chunks/0brk_next_dist_0dm07mh._.js:776
[  222029ms] [LOG] [Fast Refresh] done in 216ms @ http://localhost:3000/_next/static/chunks/0brk_next_dist_0dm07mh._.js:776
[  222084ms] [LOG] [Fast Refresh] done in 216ms @ http://localhost:3000/_next/static/chunks/0brk_next_dist_0dm07mh._.js:776
[  222145ms] [LOG] [Fast Refresh] done in 216ms @ http://localhost:3000/_next/static/chunks/0brk_next_dist_0dm07mh._.js:776
[  222207ms] [LOG] [Fast Refresh] done in 216ms @ http://localhost:3000/_next/static/chunks/0brk_next_dist_0dm07mh._.js:776
[  222259ms] [LOG] [Fast Refresh] done in 216ms @ http://localhost:3000/_next/static/chunks/0brk_next_dist_0dm07mh._.js:776
[  222341ms] [LOG] [Fast Refresh] done in 216ms @ http://localhost:3000/_next/static/chunks/0brk_next_dist_0dm07mh._.js:776
[  222417ms] [LOG] [Fast Refresh] done in 216ms @ http://localhost:3000/_next/static/chunks/0brk_next_dist_0dm07mh._.js:776
[  222481ms] [LOG] [Fast Refresh] done in 216ms @ http://localhost:3000/_next/static/chunks/0brk_next_dist_0dm07mh._.js:776
[  222543ms] [LOG] [Fast Refresh] done in 216ms @ http://localhost:3000/_next/static/chunks/0brk_next_dist_0dm07mh._.js:776
[  222596ms] [LOG] [Fast Refresh] done in 216ms @ http://localhost:3000/_next/static/chunks/0brk_next_dist_0dm07mh._.js:776
[  222658ms] [LOG] [Fast Refresh] done in 216ms @ http://localhost:3000/_next/static/chunks/0brk_next_dist_0dm07mh._.js:776
[  222719ms] [LOG] [Fast Refresh] done in 216ms @ http://localhost:3000/_next/static/chunks/0brk_next_dist_0dm07mh._.js:776
[  222779ms] [LOG] [Fast Refresh] done in 216ms @ http://localhost:3000/_next/static/chunks/0brk_next_dist_0dm07mh._.js:776
[  222840ms] [LOG] [Fast Refresh] done in 216ms @ http://localhost:3000/_next/static/chunks/0brk_next_dist_0dm07mh._.js:776
[  222901ms] [LOG] [Fast Refresh] done in 216ms @ http://localhost:3000/_next/static/chunks/0brk_next_dist_0dm07mh._.js:776
[  222962ms] [LOG] [Fast Refresh] done in 216ms @ http://localhost:3000/_next/static/chunks/0brk_next_dist_0dm07mh._.js:776
[  223022ms] [LOG] [Fast Refresh] done in 216ms @ http://localhost:3000/_next/static/chunks/0brk_next_dist_0dm07mh._.js:776
[  223071ms] [LOG] [Fast Refresh] done in 216ms @ http://localhost:3000/_next/static/chunks/0brk_next_dist_0dm07mh._.js:776
[  223156ms] [LOG] [Fast Refresh] done in 216ms @ http://localhost:3000/_next/static/chunks/0brk_next_dist_0dm07mh._.js:776
[  224215ms] [LOG] [Fast Refresh] done in 216ms @ http://localhost:3000/_next/static/chunks/0brk_next_dist_0dm07mh._.js:776
[  224361ms] [LOG] [Fast Refresh] done in 216ms @ http://localhost:3000/_next/static/chunks/0brk_next_dist_0dm07mh._.js:776
[  224474ms] [LOG] [Fast Refresh] done in 216ms @ http://localhost:3000/_next/static/chunks/0brk_next_dist_0dm07mh._.js:776
[  224535ms] [LOG] [Fast Refresh] done in 216ms @ http://localhost:3000/_next/static/chunks/0brk_next_dist_0dm07mh._.js:776
[  224597ms] [LOG] [Fast Refresh] done in 216ms @ http://localhost:3000/_next/static/chunks/0brk_next_dist_0dm07mh._.js:776
[  224644ms] [LOG] [Fast Refresh] done in 216ms @ http://localhost:3000/_next/static/chunks/0brk_next_dist_0dm07mh._.js:776
[  224712ms] [LOG] [Fast Refresh] done in 216ms @ http://localhost:3000/_next/static/chunks/0brk_next_dist_0dm07mh._.js:776
[  224761ms] [LOG] [Fast Refresh] done in 216ms @ http://localhost:3000/_next/static/chunks/0brk_next_dist_0dm07mh._.js:776
[  224825ms] [LOG] [Fast Refresh] done in 216ms @ http://localhost:3000/_next/static/chunks/0brk_next_dist_0dm07mh._.js:776
[  224884ms] [LOG] [Fast Refresh] done in 216ms @ http://localhost:3000/_next/static/chunks/0brk_next_dist_0dm07mh._.js:776
[  224942ms] [LOG] [Fast Refresh] done in 216ms @ http://localhost:3000/_next/static/chunks/0brk_next_dist_0dm07mh._.js:776
[  224997ms] [LOG] [Fast Refresh] done in 216ms @ http://localhost:3000/_next/static/chunks/0brk_next_dist_0dm07mh._.js:776
[  225062ms] [LOG] [Fast Refresh] done in 216ms @ http://localhost:3000/_next/static/chunks/0brk_next_dist_0dm07mh._.js:776
[  225117ms] [LOG] [Fast Refresh] done in 216ms @ http://localhost:3000/_next/static/chunks/0brk_next_dist_0dm07mh._.js:776
[  225179ms] [LOG] [Fast Refresh] done in 216ms @ http://localhost:3000/_next/static/chunks/0brk_next_dist_0dm07mh._.js:776
[  225240ms] [LOG] [Fast Refresh] done in 216ms @ http://localhost:3000/_next/static/chunks/0brk_next_dist_0dm07mh._.js:776
[  225302ms] [LOG] [Fast Refresh] done in 216ms @ http://localhost:3000/_next/static/chunks/0brk_next_dist_0dm07mh._.js:776
[  225364ms] [LOG] [Fast Refresh] done in 216ms @ http://localhost:3000/_next/static/chunks/0brk_next_dist_0dm07mh._.js:776
[  225418ms] [LOG] [Fast Refresh] done in 216ms @ http://localhost:3000/_next/static/chunks/0brk_next_dist_0dm07mh._.js:776
[  225466ms] [LOG] [Fast Refresh] done in 216ms @ http://localhost:3000/_next/static/chunks/0brk_next_dist_0dm07mh._.js:776
[  225528ms] [LOG] [Fast Refresh] done in 216ms @ http://localhost:3000/_next/static/chunks/0brk_next_dist_0dm07mh._.js:776
[  225585ms] [LOG] [Fast Refresh] done in 216ms @ http://localhost:3000/_next/static/chunks/0brk_next_dist_0dm07mh._.js:776
[  225646ms] [LOG] [Fast Refresh] done in 216ms @ http://localhost:3000/_next/static/chunks/0brk_next_dist_0dm07mh._.js:776
[  225736ms] [LOG] [Fast Refresh] done in 216ms @ http://localhost:3000/_next/static/chunks/0brk_next_dist_0dm07mh._.js:776
[  227368ms] [LOG] [Fast Refresh] done in 216ms @ http://localhost:3000/_next/static/chunks/0brk_next_dist_0dm07mh._.js:776
[  227448ms] [LOG] [Fast Refresh] done in 216ms @ http://localhost:3000/_next/static/chunks/0brk_next_dist_0dm07mh._.js:776
[  227509ms] [LOG] [Fast Refresh] done in 216ms @ http://localhost:3000/_next/static/chunks/0brk_next_dist_0dm07mh._.js:776
[  227567ms] [LOG] [Fast Refresh] done in 216ms @ http://localhost:3000/_next/static/chunks/0brk_next_dist_0dm07mh._.js:776
[  227629ms] [LOG] [Fast Refresh] done in 216ms @ http://localhost:3000/_next/static/chunks/0brk_next_dist_0dm07mh._.js:776
[  227692ms] [LOG] [Fast Refresh] done in 216ms @ http://localhost:3000/_next/static/chunks/0brk_next_dist_0dm07mh._.js:776
[  227750ms] [LOG] [Fast Refresh] done in 216ms @ http://localhost:3000/_next/static/chunks/0brk_next_dist_0dm07mh._.js:776
[  227799ms] [LOG] [Fast Refresh] done in 216ms @ http://localhost:3000/_next/static/chunks/0brk_next_dist_0dm07mh._.js:776
[  227861ms] [LOG] [Fast Refresh] done in 216ms @ http://localhost:3000/_next/static/chunks/0brk_next_dist_0dm07mh._.js:776
[  227925ms] [LOG] [Fast Refresh] done in 216ms @ http://localhost:3000/_next/static/chunks/0brk_next_dist_0dm07mh._.js:776
[  227973ms] [LOG] [Fast Refresh] done in 216ms @ http://localhost:3000/_next/static/chunks/0brk_next_dist_0dm07mh._.js:776
[  228022ms] [LOG] [Fast Refresh] done in 216ms @ http://localhost:3000/_next/static/chunks/0brk_next_dist_0dm07mh._.js:776
[  228083ms] [LOG] [Fast Refresh] done in 216ms @ http://localhost:3000/_next/static/chunks/0brk_next_dist_0dm07mh._.js:776
[  228144ms] [LOG] [Fast Refresh] done in 216ms @ http://localhost:3000/_next/static/chunks/0brk_next_dist_0dm07mh._.js:776
[  228198ms] [LOG] [Fast Refresh] done in 216ms @ http://localhost:3000/_next/static/chunks/0brk_next_dist_0dm07mh._.js:776
[  228258ms] [LOG] [Fast Refresh] done in 216ms @ http://localhost:3000/_next/static/chunks/0brk_next_dist_0dm07mh._.js:776
[  228312ms] [LOG] [Fast Refresh] done in 216ms @ http://localhost:3000/_next/static/chunks/0brk_next_dist_0dm07mh._.js:776
[  228369ms] [LOG] [Fast Refresh] done in 216ms @ http://localhost:3000/_next/static/chunks/0brk_next_dist_0dm07mh._.js:776
[  228427ms] [LOG] [Fast Refresh] done in 216ms @ http://localhost:3000/_next/static/chunks/0brk_next_dist_0dm07mh._.js:776
[  228490ms] [LOG] [Fast Refresh] done in 216ms @ http://localhost:3000/_next/static/chunks/0brk_next_dist_0dm07mh._.js:776
[  228536ms] [LOG] [Fast Refresh] done in 216ms @ http://localhost:3000/_next/static/chunks/0brk_next_dist_0dm07mh._.js:776
[  228598ms] [LOG] [Fast Refresh] done in 216ms @ http://localhost:3000/_next/static/chunks/0brk_next_dist_0dm07mh._.js:776
[  228660ms] [LOG] [Fast Refresh] done in 216ms @ http://localhost:3000/_next/static/chunks/0brk_next_dist_0dm07mh._.js:776
[  228722ms] [LOG] [Fast Refresh] done in 216ms @ http://localhost:3000/_next/static/chunks/0brk_next_dist_0dm07mh._.js:776
[  228785ms] [LOG] [Fast Refresh] done in 216ms @ http://localhost:3000/_next/static/chunks/0brk_next_dist_0dm07mh._.js:776
[  228847ms] [LOG] [Fast Refresh] done in 216ms @ http://localhost:3000/_next/static/chunks/0brk_next_dist_0dm07mh._.js:776
[  228908ms] [LOG] [Fast Refresh] done in 216ms @ http://localhost:3000/_next/static/chunks/0brk_next_dist_0dm07mh._.js:776
[  228970ms] [LOG] [Fast Refresh] done in 216ms @ http://localhost:3000/_next/static/chunks/0brk_next_dist_0dm07mh._.js:776
[  229032ms] [LOG] [Fast Refresh] done in 216ms @ http://localhost:3000/_next/static/chunks/0brk_next_dist_0dm07mh._.js:776
[  229082ms] [LOG] [Fast Refresh] done in 216ms @ http://localhost:3000/_next/static/chunks/0brk_next_dist_0dm07mh._.js:776
[  229133ms] [LOG] [Fast Refresh] done in 216ms @ http://localhost:3000/_next/static/chunks/0brk_next_dist_0dm07mh._.js:776
[  229197ms] [LOG] [Fast Refresh] done in 216ms @ http://localhost:3000/_next/static/chunks/0brk_next_dist_0dm07mh._.js:776
[  229244ms] [LOG] [Fast Refresh] done in 216ms @ http://localhost:3000/_next/static/chunks/0brk_next_dist_0dm07mh._.js:776
[  229284ms] [LOG] [Fast Refresh] done in 216ms @ http://localhost:3000/_next/static/chunks/0brk_next_dist_0dm07mh._.js:776
[  229347ms] [LOG] [Fast Refresh] done in 216ms @ http://localhost:3000/_next/static/chunks/0brk_next_dist_0dm07mh._.js:776
[  229399ms] [LOG] [Fast Refresh] done in 216ms @ http://localhost:3000/_next/static/chunks/0brk_next_dist_0dm07mh._.js:776
[  229447ms] [LOG] [Fast Refresh] done in 216ms @ http://localhost:3000/_next/static/chunks/0brk_next_dist_0dm07mh._.js:776
[  229510ms] [LOG] [Fast Refresh] done in 216ms @ http://localhost:3000/_next/static/chunks/0brk_next_dist_0dm07mh._.js:776
[  229567ms] [LOG] [Fast Refresh] done in 216ms @ http://localhost:3000/_next/static/chunks/0brk_next_dist_0dm07mh._.js:776
[  229614ms] [LOG] [Fast Refresh] done in 216ms @ http://localhost:3000/_next/static/chunks/0brk_next_dist_0dm07mh._.js:776
[  229668ms] [LOG] [Fast Refresh] done in 216ms @ http://localhost:3000/_next/static/chunks/0brk_next_dist_0dm07mh._.js:776
[  229718ms] [LOG] [Fast Refresh] done in 216ms @ http://localhost:3000/_next/static/chunks/0brk_next_dist_0dm07mh._.js:776
[  229768ms] [LOG] [Fast Refresh] done in 216ms @ http://localhost:3000/_next/static/chunks/0brk_next_dist_0dm07mh._.js:776
[  229816ms] [LOG] [Fast Refresh] done in 216ms @ http://localhost:3000/_next/static/chunks/0brk_next_dist_0dm07mh._.js:776
[  229864ms] [LOG] [Fast Refresh] done in 216ms @ http://localhost:3000/_next/static/chunks/0brk_next_dist_0dm07mh._.js:776
[  229928ms] [LOG] [Fast Refresh] done in 216ms @ http://localhost:3000/_next/static/chunks/0brk_next_dist_0dm07mh._.js:776
[  229981ms] [LOG] [Fast Refresh] done in 216ms @ http://localhost:3000/_next/static/chunks/0brk_next_dist_0dm07mh._.js:776
[  230044ms] [LOG] [Fast Refresh] done in 216ms @ http://localhost:3000/_next/static/chunks/0brk_next_dist_0dm07mh._.js:776
[  230112ms] [LOG] [Fast Refresh] done in 216ms @ http://localhost:3000/_next/static/chunks/0brk_next_dist_0dm07mh._.js:776
[  230183ms] [LOG] [Fast Refresh] done in 216ms @ http://localhost:3000/_next/static/chunks/0brk_next_dist_0dm07mh._.js:776
[  230265ms] [LOG] [Fast Refresh] done in 216ms @ http://localhost:3000/_next/static/chunks/0brk_next_dist_0dm07mh._.js:776
[  230325ms] [LOG] [Fast Refresh] done in 216ms @ http://localhost:3000/_next/static/chunks/0brk_next_dist_0dm07mh._.js:776
[  230380ms] [LOG] [Fast Refresh] done in 216ms @ http://localhost:3000/_next/static/chunks/0brk_next_dist_0dm07mh._.js:776
[  230427ms] [LOG] [Fast Refresh] done in 216ms @ http://localhost:3000/_next/static/chunks/0brk_next_dist_0dm07mh._.js:776
[  230483ms] [LOG] [Fast Refresh] done in 216ms @ http://localhost:3000/_next/static/chunks/0brk_next_dist_0dm07mh._.js:776
[  230544ms] [LOG] [Fast Refresh] done in 216ms @ http://localhost:3000/_next/static/chunks/0brk_next_dist_0dm07mh._.js:776
[  230585ms] [LOG] [Fast Refresh] done in 216ms @ http://localhost:3000/_next/static/chunks/0brk_next_dist_0dm07mh._.js:776
[  230647ms] [LOG] [Fast Refresh] done in 216ms @ http://localhost:3000/_next/static/chunks/0brk_next_dist_0dm07mh._.js:776
[  230709ms] [LOG] [Fast Refresh] done in 216ms @ http://localhost:3000/_next/static/chunks/0brk_next_dist_0dm07mh._.js:776
[  230767ms] [LOG] [Fast Refresh] done in 216ms @ http://localhost:3000/_next/static/chunks/0brk_next_dist_0dm07mh._.js:776
[  230830ms] [LOG] [Fast Refresh] done in 216ms @ http://localhost:3000/_next/static/chunks/0brk_next_dist_0dm07mh._.js:776
[  230894ms] [LOG] [Fast Refresh] done in 216ms @ http://localhost:3000/_next/static/chunks/0brk_next_dist_0dm07mh._.js:776
[  230950ms] [LOG] [Fast Refresh] done in 216ms @ http://localhost:3000/_next/static/chunks/0brk_next_dist_0dm07mh._.js:776
[  231011ms] [LOG] [Fast Refresh] done in 216ms @ http://localhost:3000/_next/static/chunks/0brk_next_dist_0dm07mh._.js:776
[  231067ms] [LOG] [Fast Refresh] done in 216ms @ http://localhost:3000/_next/static/chunks/0brk_next_dist_0dm07mh._.js:776
[  231117ms] [LOG] [Fast Refresh] done in 216ms @ http://localhost:3000/_next/static/chunks/0brk_next_dist_0dm07mh._.js:776
[  231170ms] [LOG] [Fast Refresh] done in 216ms @ http://localhost:3000/_next/static/chunks/0brk_next_dist_0dm07mh._.js:776
[  231232ms] [LOG] [Fast Refresh] done in 216ms @ http://localhost:3000/_next/static/chunks/0brk_next_dist_0dm07mh._.js:776
[  231284ms] [LOG] [Fast Refresh] done in 216ms @ http://localhost:3000/_next/static/chunks/0brk_next_dist_0dm07mh._.js:776
[  231346ms] [LOG] [Fast Refresh] done in 216ms @ http://localhost:3000/_next/static/chunks/0brk_next_dist_0dm07mh._.js:776
[  231410ms] [LOG] [Fast Refresh] done in 216ms @ http://localhost:3000/_next/static/chunks/0brk_next_dist_0dm07mh._.js:776
[  231467ms] [LOG] [Fast Refresh] done in 216ms @ http://localhost:3000/_next/static/chunks/0brk_next_dist_0dm07mh._.js:776
[  231530ms] [LOG] [Fast Refresh] done in 216ms @ http://localhost:3000/_next/static/chunks/0brk_next_dist_0dm07mh._.js:776
[  231583ms] [LOG] [Fast Refresh] done in 216ms @ http://localhost:3000/_next/static/chunks/0brk_next_dist_0dm07mh._.js:776
[  231650ms] [LOG] [Fast Refresh] done in 216ms @ http://localhost:3000/_next/static/chunks/0brk_next_dist_0dm07mh._.js:776
[  231699ms] [LOG] [Fast Refresh] done in 216ms @ http://localhost:3000/_next/static/chunks/0brk_next_dist_0dm07mh._.js:776
[  231761ms] [LOG] [Fast Refresh] done in 216ms @ http://localhost:3000/_next/static/chunks/0brk_next_dist_0dm07mh._.js:776
[  231810ms] [LOG] [Fast Refresh] done in 216ms @ http://localhost:3000/_next/static/chunks/0brk_next_dist_0dm07mh._.js:776
[  231862ms] [LOG] [Fast Refresh] done in 216ms @ http://localhost:3000/_next/static/chunks/0brk_next_dist_0dm07mh._.js:776
[  231913ms] [LOG] [Fast Refresh] done in 216ms @ http://localhost:3000/_next/static/chunks/0brk_next_dist_0dm07mh._.js:776
[  231970ms] [LOG] [Fast Refresh] done in 216ms @ http://localhost:3000/_next/static/chunks/0brk_next_dist_0dm07mh._.js:776
[  232033ms] [LOG] [Fast Refresh] done in 216ms @ http://localhost:3000/_next/static/chunks/0brk_next_dist_0dm07mh._.js:776
[  232101ms] [LOG] [Fast Refresh] done in 216ms @ http://localhost:3000/_next/static/chunks/0brk_next_dist_0dm07mh._.js:776
[  232150ms] [LOG] [Fast Refresh] done in 216ms @ http://localhost:3000/_next/static/chunks/0brk_next_dist_0dm07mh._.js:776
[  232212ms] [LOG] [Fast Refresh] done in 216ms @ http://localhost:3000/_next/static/chunks/0brk_next_dist_0dm07mh._.js:776
[  232275ms] [LOG] [Fast Refresh] done in 216ms @ http://localhost:3000/_next/static/chunks/0brk_next_dist_0dm07mh._.js:776
[  232333ms] [LOG] [Fast Refresh] done in 216ms @ http://localhost:3000/_next/static/chunks/0brk_next_dist_0dm07mh._.js:776
[  232383ms] [LOG] [Fast Refresh] done in 216ms @ http://localhost:3000/_next/static/chunks/0brk_next_dist_0dm07mh._.js:776
[  232446ms] [LOG] [Fast Refresh] done in 216ms @ http://localhost:3000/_next/static/chunks/0brk_next_dist_0dm07mh._.js:776
[  232525ms] [LOG] [Fast Refresh] done in 216ms @ http://localhost:3000/_next/static/chunks/0brk_next_dist_0dm07mh._.js:776
[  232591ms] [LOG] [Fast Refresh] done in 216ms @ http://localhost:3000/_next/static/chunks/0brk_next_dist_0dm07mh._.js:776
[  232652ms] [LOG] [Fast Refresh] done in 216ms @ http://localhost:3000/_next/static/chunks/0brk_next_dist_0dm07mh._.js:776
[  232714ms] [LOG] [Fast Refresh] done in 216ms @ http://localhost:3000/_next/static/chunks/0brk_next_dist_0dm07mh._.js:776
[  232769ms] [LOG] [Fast Refresh] done in 216ms @ http://localhost:3000/_next/static/chunks/0brk_next_dist_0dm07mh._.js:776
[  232816ms] [LOG] [Fast Refresh] done in 216ms @ http://localhost:3000/_next/static/chunks/0brk_next_dist_0dm07mh._.js:776
[  232867ms] [LOG] [Fast Refresh] done in 216ms @ http://localhost:3000/_next/static/chunks/0brk_next_dist_0dm07mh._.js:776
[  232929ms] [LOG] [Fast Refresh] done in 216ms @ http://localhost:3000/_next/static/chunks/0brk_next_dist_0dm07mh._.js:776
[  232991ms] [LOG] [Fast Refresh] done in 216ms @ http://localhost:3000/_next/static/chunks/0brk_next_dist_0dm07mh._.js:776
[  233054ms] [LOG] [Fast Refresh] done in 216ms @ http://localhost:3000/_next/static/chunks/0brk_next_dist_0dm07mh._.js:776
[  233120ms] [LOG] [Fast Refresh] done in 216ms @ http://localhost:3000/_next/static/chunks/0brk_next_dist_0dm07mh._.js:776
[  233172ms] [LOG] [Fast Refresh] done in 216ms @ http://localhost:3000/_next/static/chunks/0brk_next_dist_0dm07mh._.js:776
[  233234ms] [LOG] [Fast Refresh] done in 216ms @ http://localhost:3000/_next/static/chunks/0brk_next_dist_0dm07mh._.js:776
[  233296ms] [LOG] [Fast Refresh] done in 216ms @ http://localhost:3000/_next/static/chunks/0brk_next_dist_0dm07mh._.js:776
[  233344ms] [LOG] [Fast Refresh] done in 216ms @ http://localhost:3000/_next/static/chunks/0brk_next_dist_0dm07mh._.js:776
[  233392ms] [LOG] [Fast Refresh] done in 216ms @ http://localhost:3000/_next/static/chunks/0brk_next_dist_0dm07mh._.js:776
[  233439ms] [LOG] [Fast Refresh] done in 216ms @ http://localhost:3000/_next/static/chunks/0brk_next_dist_0dm07mh._.js:776
[  233485ms] [LOG] [Fast Refresh] done in 216ms @ http://localhost:3000/_next/static/chunks/0brk_next_dist_0dm07mh._.js:776
[  233547ms] [LOG] [Fast Refresh] done in 216ms @ http://localhost:3000/_next/static/chunks/0brk_next_dist_0dm07mh._.js:776
[  233596ms] [LOG] [Fast Refresh] done in 216ms @ http://localhost:3000/_next/static/chunks/0brk_next_dist_0dm07mh._.js:776
[  233669ms] [LOG] [Fast Refresh] done in 216ms @ http://localhost:3000/_next/static/chunks/0brk_next_dist_0dm07mh._.js:776
[  233738ms] [LOG] [Fast Refresh] done in 216ms @ http://localhost:3000/_next/static/chunks/0brk_next_dist_0dm07mh._.js:776
[  233786ms] [LOG] [Fast Refresh] done in 216ms @ http://localhost:3000/_next/static/chunks/0brk_next_dist_0dm07mh._.js:776
[  233943ms] [LOG] [Fast Refresh] done in 216ms @ http://localhost:3000/_next/static/chunks/0brk_next_dist_0dm07mh._.js:776
[  234077ms] [LOG] [Fast Refresh] done in 216ms @ http://localhost:3000/_next/static/chunks/0brk_next_dist_0dm07mh._.js:776
[  234211ms] [LOG] [Fast Refresh] done in 216ms @ http://localhost:3000/_next/static/chunks/0brk_next_dist_0dm07mh._.js:776
[  234333ms] [LOG] [Fast Refresh] done in 216ms @ http://localhost:3000/_next/static/chunks/0brk_next_dist_0dm07mh._.js:776
[  234407ms] [LOG] [Fast Refresh] done in 216ms @ http://localhost:3000/_next/static/chunks/0brk_next_dist_0dm07mh._.js:776
[  234539ms] [LOG] [Fast Refresh] done in 216ms @ http://localhost:3000/_next/static/chunks/0brk_next_dist_0dm07mh._.js:776
[  234649ms] [LOG] [Fast Refresh] done in 216ms @ http://localhost:3000/_next/static/chunks/0brk_next_dist_0dm07mh._.js:776
[  234716ms] [LOG] [Fast Refresh] done in 216ms @ http://localhost:3000/_next/static/chunks/0brk_next_dist_0dm07mh._.js:776
[  234853ms] [LOG] [Fast Refresh] done in 216ms @ http://localhost:3000/_next/static/chunks/0brk_next_dist_0dm07mh._.js:776
[  234933ms] [LOG] [Fast Refresh] done in 216ms @ http://localhost:3000/_next/static/chunks/0brk_next_dist_0dm07mh._.js:776
[  235008ms] [LOG] [Fast Refresh] done in 216ms @ http://localhost:3000/_next/static/chunks/0brk_next_dist_0dm07mh._.js:776
[  235068ms] [LOG] [Fast Refresh] done in 216ms @ http://localhost:3000/_next/static/chunks/0brk_next_dist_0dm07mh._.js:776
[  235123ms] [LOG] [Fast Refresh] done in 216ms @ http://localhost:3000/_next/static/chunks/0brk_next_dist_0dm07mh._.js:776
[  235189ms] [LOG] [Fast Refresh] done in 216ms @ http://localhost:3000/_next/static/chunks/0brk_next_dist_0dm07mh._.js:776
[  235252ms] [LOG] [Fast Refresh] done in 216ms @ http://localhost:3000/_next/static/chunks/0brk_next_dist_0dm07mh._.js:776
[  235319ms] [LOG] [Fast Refresh] done in 216ms @ http://localhost:3000/_next/static/chunks/0brk_next_dist_0dm07mh._.js:776
[  235509ms] [LOG] [Fast Refresh] done in 216ms @ http://localhost:3000/_next/static/chunks/0brk_next_dist_0dm07mh._.js:776
[  235629ms] [LOG] [Fast Refresh] done in 216ms @ http://localhost:3000/_next/static/chunks/0brk_next_dist_0dm07mh._.js:776
[  235757ms] [LOG] [Fast Refresh] done in 216ms @ http://localhost:3000/_next/static/chunks/0brk_next_dist_0dm07mh._.js:776
[  235852ms] [LOG] [Fast Refresh] done in 216ms @ http://localhost:3000/_next/static/chunks/0brk_next_dist_0dm07mh._.js:776
[  235899ms] [LOG] [Fast Refresh] done in 216ms @ http://localhost:3000/_next/static/chunks/0brk_next_dist_0dm07mh._.js:776
[  235994ms] [LOG] [Fast Refresh] done in 216ms @ http://localhost:3000/_next/static/chunks/0brk_next_dist_0dm07mh._.js:776
[  236116ms] [LOG] [Fast Refresh] done in 216ms @ http://localhost:3000/_next/static/chunks/0brk_next_dist_0dm07mh._.js:776
[  236175ms] [LOG] [Fast Refresh] done in 216ms @ http://localhost:3000/_next/static/chunks/0brk_next_dist_0dm07mh._.js:776
[  236284ms] [LOG] [Fast Refresh] done in 216ms @ http://localhost:3000/_next/static/chunks/0brk_next_dist_0dm07mh._.js:776
[  236506ms] [LOG] [Fast Refresh] done in 216ms @ http://localhost:3000/_next/static/chunks/0brk_next_dist_0dm07mh._.js:776
[  236598ms] [LOG] [Fast Refresh] done in 216ms @ http://localhost:3000/_next/static/chunks/0brk_next_dist_0dm07mh._.js:776
[  236711ms] [LOG] [Fast Refresh] done in 216ms @ http://localhost:3000/_next/static/chunks/0brk_next_dist_0dm07mh._.js:776
[  237022ms] [LOG] [Fast Refresh] done in 216ms @ http://localhost:3000/_next/static/chunks/0brk_next_dist_0dm07mh._.js:776
[  237101ms] [LOG] [Fast Refresh] done in 216ms @ http://localhost:3000/_next/static/chunks/0brk_next_dist_0dm07mh._.js:776
[  237170ms] [LOG] [Fast Refresh] done in 216ms @ http://localhost:3000/_next/static/chunks/0brk_next_dist_0dm07mh._.js:776
[  237252ms] [LOG] [Fast Refresh] done in 216ms @ http://localhost:3000/_next/static/chunks/0brk_next_dist_0dm07mh._.js:776
[  237308ms] [LOG] [Fast Refresh] done in 216ms @ http://localhost:3000/_next/static/chunks/0brk_next_dist_0dm07mh._.js:776
[  237420ms] [LOG] [Fast Refresh] done in 216ms @ http://localhost:3000/_next/static/chunks/0brk_next_dist_0dm07mh._.js:776
[  237514ms] [LOG] [Fast Refresh] done in 216ms @ http://localhost:3000/_next/static/chunks/0brk_next_dist_0dm07mh._.js:776
[  237633ms] [LOG] [Fast Refresh] done in 216ms @ http://localhost:3000/_next/static/chunks/0brk_next_dist_0dm07mh._.js:776
[  237718ms] [LOG] [Fast Refresh] done in 216ms @ http://localhost:3000/_next/static/chunks/0brk_next_dist_0dm07mh._.js:776
[  237795ms] [LOG] [Fast Refresh] done in 216ms @ http://localhost:3000/_next/static/chunks/0brk_next_dist_0dm07mh._.js:776
[  237852ms] [LOG] [Fast Refresh] done in 216ms @ http://localhost:3000/_next/static/chunks/0brk_next_dist_0dm07mh._.js:776
[  237966ms] [LOG] [Fast Refresh] done in 216ms @ http://localhost:3000/_next/static/chunks/0brk_next_dist_0dm07mh._.js:776
[  238069ms] [LOG] [Fast Refresh] done in 216ms @ http://localhost:3000/_next/static/chunks/0brk_next_dist_0dm07mh._.js:776
[  238129ms] [LOG] [Fast Refresh] done in 216ms @ http://localhost:3000/_next/static/chunks/0brk_next_dist_0dm07mh._.js:776
[  238193ms] [LOG] [Fast Refresh] done in 216ms @ http://localhost:3000/_next/static/chunks/0brk_next_dist_0dm07mh._.js:776
[  238251ms] [LOG] [Fast Refresh] done in 216ms @ http://localhost:3000/_next/static/chunks/0brk_next_dist_0dm07mh._.js:776
[  238307ms] [LOG] [Fast Refresh] done in 216ms @ http://localhost:3000/_next/static/chunks/0brk_next_dist_0dm07mh._.js:776
[  238367ms] [LOG] [Fast Refresh] done in 216ms @ http://localhost:3000/_next/static/chunks/0brk_next_dist_0dm07mh._.js:776
[  238436ms] [LOG] [Fast Refresh] done in 216ms @ http://localhost:3000/_next/static/chunks/0brk_next_dist_0dm07mh._.js:776
[  238491ms] [LOG] [Fast Refresh] done in 216ms @ http://localhost:3000/_next/static/chunks/0brk_next_dist_0dm07mh._.js:776
[  238548ms] [LOG] [Fast Refresh] done in 216ms @ http://localhost:3000/_next/static/chunks/0brk_next_dist_0dm07mh._.js:776
[  238598ms] [LOG] [Fast Refresh] done in 216ms @ http://localhost:3000/_next/static/chunks/0brk_next_dist_0dm07mh._.js:776
[  238648ms] [LOG] [Fast Refresh] done in 216ms @ http://localhost:3000/_next/static/chunks/0brk_next_dist_0dm07mh._.js:776
[  238699ms] [LOG] [Fast Refresh] done in 216ms @ http://localhost:3000/_next/static/chunks/0brk_next_dist_0dm07mh._.js:776
[  238752ms] [LOG] [Fast Refresh] done in 216ms @ http://localhost:3000/_next/static/chunks/0brk_next_dist_0dm07mh._.js:776
[  238815ms] [LOG] [Fast Refresh] done in 216ms @ http://localhost:3000/_next/static/chunks/0brk_next_dist_0dm07mh._.js:776
[  238865ms] [LOG] [Fast Refresh] done in 216ms @ http://localhost:3000/_next/static/chunks/0brk_next_dist_0dm07mh._.js:776
[  238928ms] [LOG] [Fast Refresh] done in 216ms @ http://localhost:3000/_next/static/chunks/0brk_next_dist_0dm07mh._.js:776
[  238985ms] [LOG] [Fast Refresh] done in 216ms @ http://localhost:3000/_next/static/chunks/0brk_next_dist_0dm07mh._.js:776
[  239061ms] [LOG] [Fast Refresh] done in 216ms @ http://localhost:3000/_next/static/chunks/0brk_next_dist_0dm07mh._.js:776
[  239126ms] [LOG] [Fast Refresh] done in 216ms @ http://localhost:3000/_next/static/chunks/0brk_next_dist_0dm07mh._.js:776
[  239204ms] [LOG] [Fast Refresh] done in 216ms @ http://localhost:3000/_next/static/chunks/0brk_next_dist_0dm07mh._.js:776
[  239679ms] [LOG] [Fast Refresh] done in 216ms @ http://localhost:3000/_next/static/chunks/0brk_next_dist_0dm07mh._.js:776
[  240735ms] [LOG] [Fast Refresh] done in 216ms @ http://localhost:3000/_next/static/chunks/0brk_next_dist_0dm07mh._.js:776
[  240787ms] [LOG] [Fast Refresh] done in 216ms @ http://localhost:3000/_next/static/chunks/0brk_next_dist_0dm07mh._.js:776
[  240849ms] [LOG] [Fast Refresh] done in 216ms @ http://localhost:3000/_next/static/chunks/0brk_next_dist_0dm07mh._.js:776
[  240903ms] [LOG] [Fast Refresh] done in 216ms @ http://localhost:3000/_next/static/chunks/0brk_next_dist_0dm07mh._.js:776
[  240965ms] [LOG] [Fast Refresh] done in 216ms @ http://localhost:3000/_next/static/chunks/0brk_next_dist_0dm07mh._.js:776
[  241052ms] [LOG] [Fast Refresh] done in 216ms @ http://localhost:3000/_next/static/chunks/0brk_next_dist_0dm07mh._.js:776
[  241104ms] [LOG] [Fast Refresh] done in 216ms @ http://localhost:3000/_next/static/chunks/0brk_next_dist_0dm07mh._.js:776
[  241153ms] [LOG] [Fast Refresh] done in 216ms @ http://localhost:3000/_next/static/chunks/0brk_next_dist_0dm07mh._.js:776
[  241201ms] [LOG] [Fast Refresh] done in 216ms @ http://localhost:3000/_next/static/chunks/0brk_next_dist_0dm07mh._.js:776
[  241262ms] [LOG] [Fast Refresh] done in 216ms @ http://localhost:3000/_next/static/chunks/0brk_next_dist_0dm07mh._.js:776
[  241338ms] [LOG] [Fast Refresh] done in 216ms @ http://localhost:3000/_next/static/chunks/0brk_next_dist_0dm07mh._.js:776
[  241399ms] [LOG] [Fast Refresh] done in 216ms @ http://localhost:3000/_next/static/chunks/0brk_next_dist_0dm07mh._.js:776
[  241461ms] [LOG] [Fast Refresh] done in 216ms @ http://localhost:3000/_next/static/chunks/0brk_next_dist_0dm07mh._.js:776
[  241524ms] [LOG] [Fast Refresh] done in 216ms @ http://localhost:3000/_next/static/chunks/0brk_next_dist_0dm07mh._.js:776
[  241587ms] [LOG] [Fast Refresh] done in 216ms @ http://localhost:3000/_next/static/chunks/0brk_next_dist_0dm07mh._.js:776
[  241649ms] [LOG] [Fast Refresh] done in 216ms @ http://localhost:3000/_next/static/chunks/0brk_next_dist_0dm07mh._.js:776
[  241719ms] [LOG] [Fast Refresh] done in 216ms @ http://localhost:3000/_next/static/chunks/0brk_next_dist_0dm07mh._.js:776
[  241814ms] [LOG] [Fast Refresh] done in 216ms @ http://localhost:3000/_next/static/chunks/0brk_next_dist_0dm07mh._.js:776
[  242141ms] [LOG] [Fast Refresh] done in 216ms @ http://localhost:3000/_next/static/chunks/0brk_next_dist_0dm07mh._.js:776
[  242383ms] [LOG] [Fast Refresh] done in 216ms @ http://localhost:3000/_next/static/chunks/0brk_next_dist_0dm07mh._.js:776
[  243149ms] [LOG] [Fast Refresh] done in 216ms @ http://localhost:3000/_next/static/chunks/0brk_next_dist_0dm07mh._.js:776
[  243329ms] [LOG] [Fast Refresh] done in 216ms @ http://localhost:3000/_next/static/chunks/0brk_next_dist_0dm07mh._.js:776
[  243383ms] [LOG] [Fast Refresh] done in 216ms @ http://localhost:3000/_next/static/chunks/0brk_next_dist_0dm07mh._.js:776
[  243436ms] [LOG] [Fast Refresh] done in 216ms @ http://localhost:3000/_next/static/chunks/0brk_next_dist_0dm07mh._.js:776
[  243487ms] [LOG] [Fast Refresh] done in 216ms @ http://localhost:3000/_next/static/chunks/0brk_next_dist_0dm07mh._.js:776
[  243562ms] [LOG] [Fast Refresh] done in 216ms @ http://localhost:3000/_next/static/chunks/0brk_next_dist_0dm07mh._.js:776
[  243625ms] [LOG] [Fast Refresh] done in 216ms @ http://localhost:3000/_next/static/chunks/0brk_next_dist_0dm07mh._.js:776
[  243687ms] [LOG] [Fast Refresh] done in 216ms @ http://localhost:3000/_next/static/chunks/0brk_next_dist_0dm07mh._.js:776
[  243738ms] [LOG] [Fast Refresh] done in 216ms @ http://localhost:3000/_next/static/chunks/0brk_next_dist_0dm07mh._.js:776
[  243786ms] [LOG] [Fast Refresh] done in 216ms @ http://localhost:3000/_next/static/chunks/0brk_next_dist_0dm07mh._.js:776
[  243837ms] [LOG] [Fast Refresh] done in 216ms @ http://localhost:3000/_next/static/chunks/0brk_next_dist_0dm07mh._.js:776
[  243901ms] [LOG] [Fast Refresh] done in 216ms @ http://localhost:3000/_next/static/chunks/0brk_next_dist_0dm07mh._.js:776
[  243968ms] [LOG] [Fast Refresh] done in 216ms @ http://localhost:3000/_next/static/chunks/0brk_next_dist_0dm07mh._.js:776
[  244036ms] [LOG] [Fast Refresh] done in 216ms @ http://localhost:3000/_next/static/chunks/0brk_next_dist_0dm07mh._.js:776
[  244099ms] [LOG] [Fast Refresh] done in 216ms @ http://localhost:3000/_next/static/chunks/0brk_next_dist_0dm07mh._.js:776
[  244168ms] [LOG] [Fast Refresh] done in 216ms @ http://localhost:3000/_next/static/chunks/0brk_next_dist_0dm07mh._.js:776
[  244230ms] [LOG] [Fast Refresh] done in 216ms @ http://localhost:3000/_next/static/chunks/0brk_next_dist_0dm07mh._.js:776
[  244306ms] [LOG] [Fast Refresh] done in 216ms @ http://localhost:3000/_next/static/chunks/0brk_next_dist_0dm07mh._.js:776
[  244804ms] [LOG] [Fast Refresh] done in 216ms @ http://localhost:3000/_next/static/chunks/0brk_next_dist_0dm07mh._.js:776
[  244892ms] [LOG] [Fast Refresh] done in 216ms @ http://localhost:3000/_next/static/chunks/0brk_next_dist_0dm07mh._.js:776
[  245115ms] [LOG] [Fast Refresh] done in 216ms @ http://localhost:3000/_next/static/chunks/0brk_next_dist_0dm07mh._.js:776
[  245179ms] [LOG] [Fast Refresh] done in 216ms @ http://localhost:3000/_next/static/chunks/0brk_next_dist_0dm07mh._.js:776
[  245287ms] [LOG] [Fast Refresh] done in 216ms @ http://localhost:3000/_next/static/chunks/0brk_next_dist_0dm07mh._.js:776
[  245371ms] [LOG] [Fast Refresh] done in 216ms @ http://localhost:3000/_next/static/chunks/0brk_next_dist_0dm07mh._.js:776
[  245430ms] [LOG] [Fast Refresh] done in 216ms @ http://localhost:3000/_next/static/chunks/0brk_next_dist_0dm07mh._.js:776
[  245531ms] [LOG] [Fast Refresh] done in 216ms @ http://localhost:3000/_next/static/chunks/0brk_next_dist_0dm07mh._.js:776
[  245626ms] [LOG] [Fast Refresh] done in 216ms @ http://localhost:3000/_next/static/chunks/0brk_next_dist_0dm07mh._.js:776
[  245708ms] [LOG] [Fast Refresh] done in 216ms @ http://localhost:3000/_next/static/chunks/0brk_next_dist_0dm07mh._.js:776
[  245775ms] [LOG] [Fast Refresh] done in 216ms @ http://localhost:3000/_next/static/chunks/0brk_next_dist_0dm07mh._.js:776
[  245860ms] [LOG] [Fast Refresh] done in 216ms @ http://localhost:3000/_next/static/chunks/0brk_next_dist_0dm07mh._.js:776
[  245933ms] [LOG] [Fast Refresh] done in 216ms @ http://localhost:3000/_next/static/chunks/0brk_next_dist_0dm07mh._.js:776
[  245999ms] [LOG] [Fast Refresh] done in 216ms @ http://localhost:3000/_next/static/chunks/0brk_next_dist_0dm07mh._.js:776
[  246049ms] [LOG] [Fast Refresh] done in 216ms @ http://localhost:3000/_next/static/chunks/0brk_next_dist_0dm07mh._.js:776
[  246129ms] [LOG] [Fast Refresh] done in 216ms @ http://localhost:3000/_next/static/chunks/0brk_next_dist_0dm07mh._.js:776
[  246192ms] [LOG] [Fast Refresh] done in 216ms @ http://localhost:3000/_next/static/chunks/0brk_next_dist_0dm07mh._.js:776
[  246242ms] [LOG] [Fast Refresh] done in 216ms @ http://localhost:3000/_next/static/chunks/0brk_next_dist_0dm07mh._.js:776
[  246303ms] [LOG] [Fast Refresh] done in 216ms @ http://localhost:3000/_next/static/chunks/0brk_next_dist_0dm07mh._.js:776
[  246363ms] [LOG] [Fast Refresh] done in 216ms @ http://localhost:3000/_next/static/chunks/0brk_next_dist_0dm07mh._.js:776
[  246430ms] [LOG] [Fast Refresh] done in 216ms @ http://localhost:3000/_next/static/chunks/0brk_next_dist_0dm07mh._.js:776
[  246532ms] [LOG] [Fast Refresh] done in 216ms @ http://localhost:3000/_next/static/chunks/0brk_next_dist_0dm07mh._.js:776
[  246605ms] [LOG] [Fast Refresh] done in 216ms @ http://localhost:3000/_next/static/chunks/0brk_next_dist_0dm07mh._.js:776
[  246663ms] [LOG] [Fast Refresh] done in 216ms @ http://localhost:3000/_next/static/chunks/0brk_next_dist_0dm07mh._.js:776
[  246797ms] [LOG] [Fast Refresh] done in 216ms @ http://localhost:3000/_next/static/chunks/0brk_next_dist_0dm07mh._.js:776
[  246864ms] [LOG] [Fast Refresh] done in 216ms @ http://localhost:3000/_next/static/chunks/0brk_next_dist_0dm07mh._.js:776
[  246933ms] [LOG] [Fast Refresh] done in 216ms @ http://localhost:3000/_next/static/chunks/0brk_next_dist_0dm07mh._.js:776
[  246978ms] [LOG] [Fast Refresh] done in 216ms @ http://localhost:3000/_next/static/chunks/0brk_next_dist_0dm07mh._.js:776
[  247039ms] [LOG] [Fast Refresh] done in 216ms @ http://localhost:3000/_next/static/chunks/0brk_next_dist_0dm07mh._.js:776
[  247089ms] [LOG] [Fast Refresh] done in 216ms @ http://localhost:3000/_next/static/chunks/0brk_next_dist_0dm07mh._.js:776
[  247150ms] [LOG] [Fast Refresh] done in 216ms @ http://localhost:3000/_next/static/chunks/0brk_next_dist_0dm07mh._.js:776
[  247212ms] [LOG] [Fast Refresh] done in 216ms @ http://localhost:3000/_next/static/chunks/0brk_next_dist_0dm07mh._.js:776
[  247267ms] [LOG] [Fast Refresh] done in 216ms @ http://localhost:3000/_next/static/chunks/0brk_next_dist_0dm07mh._.js:776
[  247329ms] [LOG] [Fast Refresh] done in 216ms @ http://localhost:3000/_next/static/chunks/0brk_next_dist_0dm07mh._.js:776
[  247383ms] [LOG] [Fast Refresh] done in 216ms @ http://localhost:3000/_next/static/chunks/0brk_next_dist_0dm07mh._.js:776
[  247446ms] [LOG] [Fast Refresh] done in 216ms @ http://localhost:3000/_next/static/chunks/0brk_next_dist_0dm07mh._.js:776
[  247498ms] [LOG] [Fast Refresh] done in 216ms @ http://localhost:3000/_next/static/chunks/0brk_next_dist_0dm07mh._.js:776
[  247551ms] [LOG] [Fast Refresh] done in 216ms @ http://localhost:3000/_next/static/chunks/0brk_next_dist_0dm07mh._.js:776
[  247598ms] [LOG] [Fast Refresh] done in 216ms @ http://localhost:3000/_next/static/chunks/0brk_next_dist_0dm07mh._.js:776
[  247661ms] [LOG] [Fast Refresh] done in 216ms @ http://localhost:3000/_next/static/chunks/0brk_next_dist_0dm07mh._.js:776
[  247734ms] [LOG] [Fast Refresh] done in 216ms @ http://localhost:3000/_next/static/chunks/0brk_next_dist_0dm07mh._.js:776
[  247789ms] [LOG] [Fast Refresh] done in 216ms @ http://localhost:3000/_next/static/chunks/0brk_next_dist_0dm07mh._.js:776
[  247871ms] [LOG] [Fast Refresh] done in 216ms @ http://localhost:3000/_next/static/chunks/0brk_next_dist_0dm07mh._.js:776
[  247933ms] [LOG] [Fast Refresh] done in 216ms @ http://localhost:3000/_next/static/chunks/0brk_next_dist_0dm07mh._.js:776
[  248004ms] [LOG] [Fast Refresh] done in 216ms @ http://localhost:3000/_next/static/chunks/0brk_next_dist_0dm07mh._.js:776
[  248067ms] [LOG] [Fast Refresh] done in 216ms @ http://localhost:3000/_next/static/chunks/0brk_next_dist_0dm07mh._.js:776
[  248146ms] [LOG] [Fast Refresh] done in 216ms @ http://localhost:3000/_next/static/chunks/0brk_next_dist_0dm07mh._.js:776
[  248193ms] [LOG] [Fast Refresh] done in 216ms @ http://localhost:3000/_next/static/chunks/0brk_next_dist_0dm07mh._.js:776
[  248251ms] [LOG] [Fast Refresh] done in 216ms @ http://localhost:3000/_next/static/chunks/0brk_next_dist_0dm07mh._.js:776
[  248314ms] [LOG] [Fast Refresh] done in 216ms @ http://localhost:3000/_next/static/chunks/0brk_next_dist_0dm07mh._.js:776
[  248366ms] [LOG] [Fast Refresh] done in 216ms @ http://localhost:3000/_next/static/chunks/0brk_next_dist_0dm07mh._.js:776
[  248430ms] [LOG] [Fast Refresh] done in 216ms @ http://localhost:3000/_next/static/chunks/0brk_next_dist_0dm07mh._.js:776
[  248479ms] [LOG] [Fast Refresh] done in 216ms @ http://localhost:3000/_next/static/chunks/0brk_next_dist_0dm07mh._.js:776
[  248540ms] [LOG] [Fast Refresh] done in 216ms @ http://localhost:3000/_next/static/chunks/0brk_next_dist_0dm07mh._.js:776
[  248586ms] [LOG] [Fast Refresh] done in 216ms @ http://localhost:3000/_next/static/chunks/0brk_next_dist_0dm07mh._.js:776
[  248648ms] [LOG] [Fast Refresh] done in 216ms @ http://localhost:3000/_next/static/chunks/0brk_next_dist_0dm07mh._.js:776
[  248711ms] [LOG] [Fast Refresh] done in 216ms @ http://localhost:3000/_next/static/chunks/0brk_next_dist_0dm07mh._.js:776
[  248751ms] [LOG] [Fast Refresh] done in 216ms @ http://localhost:3000/_next/static/chunks/0brk_next_dist_0dm07mh._.js:776
[  248801ms] [LOG] [Fast Refresh] done in 216ms @ http://localhost:3000/_next/static/chunks/0brk_next_dist_0dm07mh._.js:776
[  248851ms] [LOG] [Fast Refresh] done in 216ms @ http://localhost:3000/_next/static/chunks/0brk_next_dist_0dm07mh._.js:776
[  248914ms] [LOG] [Fast Refresh] done in 216ms @ http://localhost:3000/_next/static/chunks/0brk_next_dist_0dm07mh._.js:776
[  248967ms] [LOG] [Fast Refresh] done in 216ms @ http://localhost:3000/_next/static/chunks/0brk_next_dist_0dm07mh._.js:776
[  249032ms] [LOG] [Fast Refresh] done in 216ms @ http://localhost:3000/_next/static/chunks/0brk_next_dist_0dm07mh._.js:776
[  249084ms] [LOG] [Fast Refresh] done in 216ms @ http://localhost:3000/_next/static/chunks/0brk_next_dist_0dm07mh._.js:776
[  249147ms] [LOG] [Fast Refresh] done in 216ms @ http://localhost:3000/_next/static/chunks/0brk_next_dist_0dm07mh._.js:776
[  249235ms] [LOG] [Fast Refresh] done in 216ms @ http://localhost:3000/_next/static/chunks/0brk_next_dist_0dm07mh._.js:776
[  249303ms] [LOG] [Fast Refresh] done in 216ms @ http://localhost:3000/_next/static/chunks/0brk_next_dist_0dm07mh._.js:776
[  249365ms] [LOG] [Fast Refresh] done in 216ms @ http://localhost:3000/_next/static/chunks/0brk_next_dist_0dm07mh._.js:776
[  249419ms] [LOG] [Fast Refresh] done in 216ms @ http://localhost:3000/_next/static/chunks/0brk_next_dist_0dm07mh._.js:776
[  249466ms] [LOG] [Fast Refresh] done in 216ms @ http://localhost:3000/_next/static/chunks/0brk_next_dist_0dm07mh._.js:776
[  249529ms] [LOG] [Fast Refresh] done in 216ms @ http://localhost:3000/_next/static/chunks/0brk_next_dist_0dm07mh._.js:776
[  249585ms] [LOG] [Fast Refresh] done in 216ms @ http://localhost:3000/_next/static/chunks/0brk_next_dist_0dm07mh._.js:776
[  249648ms] [LOG] [Fast Refresh] done in 216ms @ http://localhost:3000/_next/static/chunks/0brk_next_dist_0dm07mh._.js:776
[  249701ms] [LOG] [Fast Refresh] done in 216ms @ http://localhost:3000/_next/static/chunks/0brk_next_dist_0dm07mh._.js:776
[  249748ms] [LOG] [Fast Refresh] done in 216ms @ http://localhost:3000/_next/static/chunks/0brk_next_dist_0dm07mh._.js:776
[  249800ms] [LOG] [Fast Refresh] done in 216ms @ http://localhost:3000/_next/static/chunks/0brk_next_dist_0dm07mh._.js:776
[  249849ms] [LOG] [Fast Refresh] done in 216ms @ http://localhost:3000/_next/static/chunks/0brk_next_dist_0dm07mh._.js:776
[  249900ms] [LOG] [Fast Refresh] done in 216ms @ http://localhost:3000/_next/static/chunks/0brk_next_dist_0dm07mh._.js:776
[  249948ms] [LOG] [Fast Refresh] done in 216ms @ http://localhost:3000/_next/static/chunks/0brk_next_dist_0dm07mh._.js:776
[  249998ms] [LOG] [Fast Refresh] done in 216ms @ http://localhost:3000/_next/static/chunks/0brk_next_dist_0dm07mh._.js:776
[  250060ms] [LOG] [Fast Refresh] done in 216ms @ http://localhost:3000/_next/static/chunks/0brk_next_dist_0dm07mh._.js:776
[  250124ms] [LOG] [Fast Refresh] done in 216ms @ http://localhost:3000/_next/static/chunks/0brk_next_dist_0dm07mh._.js:776
[  250183ms] [LOG] [Fast Refresh] done in 216ms @ http://localhost:3000/_next/static/chunks/0brk_next_dist_0dm07mh._.js:776
[  250245ms] [LOG] [Fast Refresh] done in 216ms @ http://localhost:3000/_next/static/chunks/0brk_next_dist_0dm07mh._.js:776
[  250298ms] [LOG] [Fast Refresh] done in 216ms @ http://localhost:3000/_next/static/chunks/0brk_next_dist_0dm07mh._.js:776
[  250347ms] [LOG] [Fast Refresh] done in 216ms @ http://localhost:3000/_next/static/chunks/0brk_next_dist_0dm07mh._.js:776
[  250398ms] [LOG] [Fast Refresh] done in 216ms @ http://localhost:3000/_next/static/chunks/0brk_next_dist_0dm07mh._.js:776
[  250448ms] [LOG] [Fast Refresh] done in 216ms @ http://localhost:3000/_next/static/chunks/0brk_next_dist_0dm07mh._.js:776
[  250530ms] [LOG] [Fast Refresh] done in 216ms @ http://localhost:3000/_next/static/chunks/0brk_next_dist_0dm07mh._.js:776
[  250584ms] [LOG] [Fast Refresh] done in 216ms @ http://localhost:3000/_next/static/chunks/0brk_next_dist_0dm07mh._.js:776
[  250643ms] [LOG] [Fast Refresh] done in 216ms @ http://localhost:3000/_next/static/chunks/0brk_next_dist_0dm07mh._.js:776
[  250703ms] [LOG] [Fast Refresh] done in 216ms @ http://localhost:3000/_next/static/chunks/0brk_next_dist_0dm07mh._.js:776
[  250765ms] [LOG] [Fast Refresh] done in 216ms @ http://localhost:3000/_next/static/chunks/0brk_next_dist_0dm07mh._.js:776
[  250877ms] [LOG] [Fast Refresh] done in 216ms @ http://localhost:3000/_next/static/chunks/0brk_next_dist_0dm07mh._.js:776
[  250932ms] [LOG] [Fast Refresh] done in 216ms @ http://localhost:3000/_next/static/chunks/0brk_next_dist_0dm07mh._.js:776
[  250986ms] [LOG] [Fast Refresh] done in 216ms @ http://localhost:3000/_next/static/chunks/0brk_next_dist_0dm07mh._.js:776
[  251046ms] [LOG] [Fast Refresh] done in 216ms @ http://localhost:3000/_next/static/chunks/0brk_next_dist_0dm07mh._.js:776
[  251101ms] [LOG] [Fast Refresh] done in 216ms @ http://localhost:3000/_next/static/chunks/0brk_next_dist_0dm07mh._.js:776
[  251153ms] [LOG] [Fast Refresh] done in 216ms @ http://localhost:3000/_next/static/chunks/0brk_next_dist_0dm07mh._.js:776
[  251214ms] [LOG] [Fast Refresh] done in 216ms @ http://localhost:3000/_next/static/chunks/0brk_next_dist_0dm07mh._.js:776
[  251267ms] [LOG] [Fast Refresh] done in 216ms @ http://localhost:3000/_next/static/chunks/0brk_next_dist_0dm07mh._.js:776
[  251317ms] [LOG] [Fast Refresh] done in 216ms @ http://localhost:3000/_next/static/chunks/0brk_next_dist_0dm07mh._.js:776
[  251367ms] [LOG] [Fast Refresh] done in 216ms @ http://localhost:3000/_next/static/chunks/0brk_next_dist_0dm07mh._.js:776
[  251429ms] [LOG] [Fast Refresh] done in 216ms @ http://localhost:3000/_next/static/chunks/0brk_next_dist_0dm07mh._.js:776
[  251483ms] [LOG] [Fast Refresh] done in 216ms @ http://localhost:3000/_next/static/chunks/0brk_next_dist_0dm07mh._.js:776
[  251544ms] [LOG] [Fast Refresh] done in 216ms @ http://localhost:3000/_next/static/chunks/0brk_next_dist_0dm07mh._.js:776
[  251599ms] [LOG] [Fast Refresh] done in 216ms @ http://localhost:3000/_next/static/chunks/0brk_next_dist_0dm07mh._.js:776
[  251648ms] [LOG] [Fast Refresh] done in 216ms @ http://localhost:3000/_next/static/chunks/0brk_next_dist_0dm07mh._.js:776
[  251716ms] [LOG] [Fast Refresh] done in 216ms @ http://localhost:3000/_next/static/chunks/0brk_next_dist_0dm07mh._.js:776
[  251796ms] [LOG] [Fast Refresh] done in 216ms @ http://localhost:3000/_next/static/chunks/0brk_next_dist_0dm07mh._.js:776
[  251851ms] [LOG] [Fast Refresh] done in 216ms @ http://localhost:3000/_next/static/chunks/0brk_next_dist_0dm07mh._.js:776
[  251920ms] [LOG] [Fast Refresh] done in 216ms @ http://localhost:3000/_next/static/chunks/0brk_next_dist_0dm07mh._.js:776
[  251971ms] [LOG] [Fast Refresh] done in 216ms @ http://localhost:3000/_next/static/chunks/0brk_next_dist_0dm07mh._.js:776
[  252029ms] [LOG] [Fast Refresh] done in 216ms @ http://localhost:3000/_next/static/chunks/0brk_next_dist_0dm07mh._.js:776
[  252124ms] [LOG] [Fast Refresh] done in 216ms @ http://localhost:3000/_next/static/chunks/0brk_next_dist_0dm07mh._.js:776
[  252234ms] [LOG] [Fast Refresh] done in 216ms @ http://localhost:3000/_next/static/chunks/0brk_next_dist_0dm07mh._.js:776
[  252508ms] [LOG] [Fast Refresh] done in 216ms @ http://localhost:3000/_next/static/chunks/0brk_next_dist_0dm07mh._.js:776
[  252626ms] [LOG] [Fast Refresh] done in 216ms @ http://localhost:3000/_next/static/chunks/0brk_next_dist_0dm07mh._.js:776
[  252738ms] [LOG] [Fast Refresh] done in 216ms @ http://localhost:3000/_next/static/chunks/0brk_next_dist_0dm07mh._.js:776
[  252889ms] [LOG] [Fast Refresh] done in 216ms @ http://localhost:3000/_next/static/chunks/0brk_next_dist_0dm07mh._.js:776
[  253034ms] [LOG] [Fast Refresh] done in 216ms @ http://localhost:3000/_next/static/chunks/0brk_next_dist_0dm07mh._.js:776
[  253081ms] [LOG] [Fast Refresh] done in 216ms @ http://localhost:3000/_next/static/chunks/0brk_next_dist_0dm07mh._.js:776
[  253133ms] [LOG] [Fast Refresh] done in 216ms @ http://localhost:3000/_next/static/chunks/0brk_next_dist_0dm07mh._.js:776
[  253185ms] [LOG] [Fast Refresh] done in 216ms @ http://localhost:3000/_next/static/chunks/0brk_next_dist_0dm07mh._.js:776
[  253248ms] [LOG] [Fast Refresh] done in 216ms @ http://localhost:3000/_next/static/chunks/0brk_next_dist_0dm07mh._.js:776
[  253304ms] [LOG] [Fast Refresh] done in 216ms @ http://localhost:3000/_next/static/chunks/0brk_next_dist_0dm07mh._.js:776
[  253366ms] [LOG] [Fast Refresh] done in 216ms @ http://localhost:3000/_next/static/chunks/0brk_next_dist_0dm07mh._.js:776
[  253431ms] [LOG] [Fast Refresh] done in 216ms @ http://localhost:3000/_next/static/chunks/0brk_next_dist_0dm07mh._.js:776
[  253483ms] [LOG] [Fast Refresh] done in 216ms @ http://localhost:3000/_next/static/chunks/0brk_next_dist_0dm07mh._.js:776
[  253545ms] [LOG] [Fast Refresh] done in 216ms @ http://localhost:3000/_next/static/chunks/0brk_next_dist_0dm07mh._.js:776
[  253608ms] [LOG] [Fast Refresh] done in 216ms @ http://localhost:3000/_next/static/chunks/0brk_next_dist_0dm07mh._.js:776
[  253670ms] [LOG] [Fast Refresh] done in 216ms @ http://localhost:3000/_next/static/chunks/0brk_next_dist_0dm07mh._.js:776
[  253724ms] [LOG] [Fast Refresh] done in 216ms @ http://localhost:3000/_next/static/chunks/0brk_next_dist_0dm07mh._.js:776
[  253786ms] [LOG] [Fast Refresh] done in 216ms @ http://localhost:3000/_next/static/chunks/0brk_next_dist_0dm07mh._.js:776
[  253834ms] [LOG] [Fast Refresh] done in 216ms @ http://localhost:3000/_next/static/chunks/0brk_next_dist_0dm07mh._.js:776
[  253884ms] [LOG] [Fast Refresh] done in 216ms @ http://localhost:3000/_next/static/chunks/0brk_next_dist_0dm07mh._.js:776
[  253946ms] [LOG] [Fast Refresh] done in 216ms @ http://localhost:3000/_next/static/chunks/0brk_next_dist_0dm07mh._.js:776
[  253998ms] [LOG] [Fast Refresh] done in 216ms @ http://localhost:3000/_next/static/chunks/0brk_next_dist_0dm07mh._.js:776
[  254051ms] [LOG] [Fast Refresh] done in 216ms @ http://localhost:3000/_next/static/chunks/0brk_next_dist_0dm07mh._.js:776
[  254100ms] [LOG] [Fast Refresh] done in 216ms @ http://localhost:3000/_next/static/chunks/0brk_next_dist_0dm07mh._.js:776
[  254162ms] [LOG] [Fast Refresh] done in 216ms @ http://localhost:3000/_next/static/chunks/0brk_next_dist_0dm07mh._.js:776
[  254210ms] [LOG] [Fast Refresh] done in 216ms @ http://localhost:3000/_next/static/chunks/0brk_next_dist_0dm07mh._.js:776
[  254266ms] [LOG] [Fast Refresh] done in 216ms @ http://localhost:3000/_next/static/chunks/0brk_next_dist_0dm07mh._.js:776
[  254317ms] [LOG] [Fast Refresh] done in 216ms @ http://localhost:3000/_next/static/chunks/0brk_next_dist_0dm07mh._.js:776
[  254368ms] [LOG] [Fast Refresh] done in 216ms @ http://localhost:3000/_next/static/chunks/0brk_next_dist_0dm07mh._.js:776
[  254417ms] [LOG] [Fast Refresh] done in 216ms @ http://localhost:3000/_next/static/chunks/0brk_next_dist_0dm07mh._.js:776
[  254484ms] [LOG] [Fast Refresh] done in 216ms @ http://localhost:3000/_next/static/chunks/0brk_next_dist_0dm07mh._.js:776
[  254531ms] [LOG] [Fast Refresh] done in 216ms @ http://localhost:3000/_next/static/chunks/0brk_next_dist_0dm07mh._.js:776
[  254762ms] [LOG] [Fast Refresh] done in 216ms @ http://localhost:3000/_next/static/chunks/0brk_next_dist_0dm07mh._.js:776
[  255109ms] [LOG] [Fast Refresh] done in 216ms @ http://localhost:3000/_next/static/chunks/0brk_next_dist_0dm07mh._.js:776
[  255544ms] [LOG] [Fast Refresh] done in 216ms @ http://localhost:3000/_next/static/chunks/0brk_next_dist_0dm07mh._.js:776
[  255605ms] [LOG] [Fast Refresh] done in 216ms @ http://localhost:3000/_next/static/chunks/0brk_next_dist_0dm07mh._.js:776
[  255665ms] [LOG] [Fast Refresh] done in 216ms @ http://localhost:3000/_next/static/chunks/0brk_next_dist_0dm07mh._.js:776
[  255716ms] [LOG] [Fast Refresh] done in 216ms @ http://localhost:3000/_next/static/chunks/0brk_next_dist_0dm07mh._.js:776
[  255768ms] [LOG] [Fast Refresh] done in 216ms @ http://localhost:3000/_next/static/chunks/0brk_next_dist_0dm07mh._.js:776
[  255830ms] [LOG] [Fast Refresh] done in 216ms @ http://localhost:3000/_next/static/chunks/0brk_next_dist_0dm07mh._.js:776
[  255881ms] [LOG] [Fast Refresh] done in 216ms @ http://localhost:3000/_next/static/chunks/0brk_next_dist_0dm07mh._.js:776
[  255944ms] [LOG] [Fast Refresh] done in 216ms @ http://localhost:3000/_next/static/chunks/0brk_next_dist_0dm07mh._.js:776
[  255998ms] [LOG] [Fast Refresh] done in 216ms @ http://localhost:3000/_next/static/chunks/0brk_next_dist_0dm07mh._.js:776
[  256048ms] [LOG] [Fast Refresh] done in 216ms @ http://localhost:3000/_next/static/chunks/0brk_next_dist_0dm07mh._.js:776
[  256110ms] [LOG] [Fast Refresh] done in 216ms @ http://localhost:3000/_next/static/chunks/0brk_next_dist_0dm07mh._.js:776
[  256149ms] [LOG] [Fast Refresh] done in 216ms @ http://localhost:3000/_next/static/chunks/0brk_next_dist_0dm07mh._.js:776
[  256212ms] [LOG] [Fast Refresh] done in 216ms @ http://localhost:3000/_next/static/chunks/0brk_next_dist_0dm07mh._.js:776
[  256266ms] [LOG] [Fast Refresh] done in 216ms @ http://localhost:3000/_next/static/chunks/0brk_next_dist_0dm07mh._.js:776
[  256329ms] [LOG] [Fast Refresh] done in 216ms @ http://localhost:3000/_next/static/chunks/0brk_next_dist_0dm07mh._.js:776
[  256384ms] [LOG] [Fast Refresh] done in 216ms @ http://localhost:3000/_next/static/chunks/0brk_next_dist_0dm07mh._.js:776
[  256450ms] [LOG] [Fast Refresh] done in 216ms @ http://localhost:3000/_next/static/chunks/0brk_next_dist_0dm07mh._.js:776
[  256499ms] [LOG] [Fast Refresh] done in 216ms @ http://localhost:3000/_next/static/chunks/0brk_next_dist_0dm07mh._.js:776
[  256550ms] [LOG] [Fast Refresh] done in 216ms @ http://localhost:3000/_next/static/chunks/0brk_next_dist_0dm07mh._.js:776
[  256601ms] [LOG] [Fast Refresh] done in 216ms @ http://localhost:3000/_next/static/chunks/0brk_next_dist_0dm07mh._.js:776
[  256663ms] [LOG] [Fast Refresh] done in 216ms @ http://localhost:3000/_next/static/chunks/0brk_next_dist_0dm07mh._.js:776
[  257050ms] [LOG] [Fast Refresh] done in 216ms @ http://localhost:3000/_next/static/chunks/0brk_next_dist_0dm07mh._.js:776
[  257176ms] [LOG] [Fast Refresh] done in 216ms @ http://localhost:3000/_next/static/chunks/0brk_next_dist_0dm07mh._.js:776
[  257454ms] [LOG] [Fast Refresh] done in 216ms @ http://localhost:3000/_next/static/chunks/0brk_next_dist_0dm07mh._.js:776
[  257552ms] [LOG] [Fast Refresh] done in 216ms @ http://localhost:3000/_next/static/chunks/0brk_next_dist_0dm07mh._.js:776
[  257601ms] [LOG] [Fast Refresh] done in 216ms @ http://localhost:3000/_next/static/chunks/0brk_next_dist_0dm07mh._.js:776
[  257663ms] [LOG] [Fast Refresh] done in 216ms @ http://localhost:3000/_next/static/chunks/0brk_next_dist_0dm07mh._.js:776
[  257726ms] [LOG] [Fast Refresh] done in 216ms @ http://localhost:3000/_next/static/chunks/0brk_next_dist_0dm07mh._.js:776
[  257783ms] [LOG] [Fast Refresh] done in 216ms @ http://localhost:3000/_next/static/chunks/0brk_next_dist_0dm07mh._.js:776
[  257847ms] [LOG] [Fast Refresh] done in 216ms @ http://localhost:3000/_next/static/chunks/0brk_next_dist_0dm07mh._.js:776
[  257971ms] [LOG] [Fast Refresh] done in 216ms @ http://localhost:3000/_next/static/chunks/0brk_next_dist_0dm07mh._.js:776
[  258036ms] [LOG] [Fast Refresh] done in 216ms @ http://localhost:3000/_next/static/chunks/0brk_next_dist_0dm07mh._.js:776
[  258102ms] [LOG] [Fast Refresh] done in 216ms @ http://localhost:3000/_next/static/chunks/0brk_next_dist_0dm07mh._.js:776
[  258150ms] [LOG] [Fast Refresh] done in 216ms @ http://localhost:3000/_next/static/chunks/0brk_next_dist_0dm07mh._.js:776
[  258206ms] [LOG] [Fast Refresh] done in 216ms @ http://localhost:3000/_next/static/chunks/0brk_next_dist_0dm07mh._.js:776
[  258262ms] [LOG] [Fast Refresh] done in 216ms @ http://localhost:3000/_next/static/chunks/0brk_next_dist_0dm07mh._.js:776
[  258379ms] [LOG] [Fast Refresh] done in 216ms @ http://localhost:3000/_next/static/chunks/0brk_next_dist_0dm07mh._.js:776
[  258500ms] [LOG] [Fast Refresh] done in 216ms @ http://localhost:3000/_next/static/chunks/0brk_next_dist_0dm07mh._.js:776
[  258577ms] [LOG] [Fast Refresh] done in 216ms @ http://localhost:3000/_next/static/chunks/0brk_next_dist_0dm07mh._.js:776
[  258638ms] [LOG] [Fast Refresh] done in 216ms @ http://localhost:3000/_next/static/chunks/0brk_next_dist_0dm07mh._.js:776
[  258699ms] [LOG] [Fast Refresh] done in 216ms @ http://localhost:3000/_next/static/chunks/0brk_next_dist_0dm07mh._.js:776
[  258751ms] [LOG] [Fast Refresh] done in 216ms @ http://localhost:3000/_next/static/chunks/0brk_next_dist_0dm07mh._.js:776
[  258812ms] [LOG] [Fast Refresh] done in 216ms @ http://localhost:3000/_next/static/chunks/0brk_next_dist_0dm07mh._.js:776
[  258875ms] [LOG] [Fast Refresh] done in 216ms @ http://localhost:3000/_next/static/chunks/0brk_next_dist_0dm07mh._.js:776
[  258939ms] [LOG] [Fast Refresh] done in 216ms @ http://localhost:3000/_next/static/chunks/0brk_next_dist_0dm07mh._.js:776
[  258997ms] [LOG] [Fast Refresh] done in 216ms @ http://localhost:3000/_next/static/chunks/0brk_next_dist_0dm07mh._.js:776
[  259047ms] [LOG] [Fast Refresh] done in 216ms @ http://localhost:3000/_next/static/chunks/0brk_next_dist_0dm07mh._.js:776
[  259123ms] [LOG] [Fast Refresh] done in 216ms @ http://localhost:3000/_next/static/chunks/0brk_next_dist_0dm07mh._.js:776
[  260402ms] [LOG] [Fast Refresh] done in 216ms @ http://localhost:3000/_next/static/chunks/0brk_next_dist_0dm07mh._.js:776
[  260717ms] [LOG] [Fast Refresh] done in 216ms @ http://localhost:3000/_next/static/chunks/0brk_next_dist_0dm07mh._.js:776
[  260768ms] [LOG] [Fast Refresh] done in 216ms @ http://localhost:3000/_next/static/chunks/0brk_next_dist_0dm07mh._.js:776
[  260830ms] [LOG] [Fast Refresh] done in 216ms @ http://localhost:3000/_next/static/chunks/0brk_next_dist_0dm07mh._.js:776
[  260883ms] [LOG] [Fast Refresh] done in 216ms @ http://localhost:3000/_next/static/chunks/0brk_next_dist_0dm07mh._.js:776
[  260934ms] [LOG] [Fast Refresh] done in 216ms @ http://localhost:3000/_next/static/chunks/0brk_next_dist_0dm07mh._.js:776
[  260981ms] [LOG] [Fast Refresh] done in 216ms @ http://localhost:3000/_next/static/chunks/0brk_next_dist_0dm07mh._.js:776
[  261042ms] [LOG] [Fast Refresh] done in 216ms @ http://localhost:3000/_next/static/chunks/0brk_next_dist_0dm07mh._.js:776
[  261103ms] [LOG] [Fast Refresh] done in 216ms @ http://localhost:3000/_next/static/chunks/0brk_next_dist_0dm07mh._.js:776
[  261169ms] [LOG] [Fast Refresh] done in 216ms @ http://localhost:3000/_next/static/chunks/0brk_next_dist_0dm07mh._.js:776
[  261263ms] [LOG] [Fast Refresh] done in 216ms @ http://localhost:3000/_next/static/chunks/0brk_next_dist_0dm07mh._.js:776
[  261319ms] [LOG] [Fast Refresh] done in 216ms @ http://localhost:3000/_next/static/chunks/0brk_next_dist_0dm07mh._.js:776
[  261375ms] [LOG] [Fast Refresh] done in 216ms @ http://localhost:3000/_next/static/chunks/0brk_next_dist_0dm07mh._.js:776
[  261433ms] [LOG] [Fast Refresh] done in 216ms @ http://localhost:3000/_next/static/chunks/0brk_next_dist_0dm07mh._.js:776
[  261493ms] [LOG] [Fast Refresh] done in 216ms @ http://localhost:3000/_next/static/chunks/0brk_next_dist_0dm07mh._.js:776
[  261555ms] [LOG] [Fast Refresh] done in 216ms @ http://localhost:3000/_next/static/chunks/0brk_next_dist_0dm07mh._.js:776
[  261617ms] [LOG] [Fast Refresh] done in 216ms @ http://localhost:3000/_next/static/chunks/0brk_next_dist_0dm07mh._.js:776
[  261681ms] [LOG] [Fast Refresh] done in 216ms @ http://localhost:3000/_next/static/chunks/0brk_next_dist_0dm07mh._.js:776
[  261742ms] [LOG] [Fast Refresh] done in 216ms @ http://localhost:3000/_next/static/chunks/0brk_next_dist_0dm07mh._.js:776
[  261804ms] [LOG] [Fast Refresh] done in 216ms @ http://localhost:3000/_next/static/chunks/0brk_next_dist_0dm07mh._.js:776
[  261867ms] [LOG] [Fast Refresh] done in 216ms @ http://localhost:3000/_next/static/chunks/0brk_next_dist_0dm07mh._.js:776
[  261930ms] [LOG] [Fast Refresh] done in 216ms @ http://localhost:3000/_next/static/chunks/0brk_next_dist_0dm07mh._.js:776
[  261992ms] [LOG] [Fast Refresh] done in 216ms @ http://localhost:3000/_next/static/chunks/0brk_next_dist_0dm07mh._.js:776
[  262088ms] [LOG] [Fast Refresh] done in 216ms @ http://localhost:3000/_next/static/chunks/0brk_next_dist_0dm07mh._.js:776
[  262207ms] [LOG] [Fast Refresh] done in 216ms @ http://localhost:3000/_next/static/chunks/0brk_next_dist_0dm07mh._.js:776
[  262271ms] [LOG] [Fast Refresh] done in 216ms @ http://localhost:3000/_next/static/chunks/0brk_next_dist_0dm07mh._.js:776
[  262335ms] [LOG] [Fast Refresh] done in 216ms @ http://localhost:3000/_next/static/chunks/0brk_next_dist_0dm07mh._.js:776
[  262405ms] [LOG] [Fast Refresh] done in 216ms @ http://localhost:3000/_next/static/chunks/0brk_next_dist_0dm07mh._.js:776
[  262465ms] [LOG] [Fast Refresh] done in 216ms @ http://localhost:3000/_next/static/chunks/0brk_next_dist_0dm07mh._.js:776
[  262516ms] [LOG] [Fast Refresh] done in 216ms @ http://localhost:3000/_next/static/chunks/0brk_next_dist_0dm07mh._.js:776
[  262585ms] [LOG] [Fast Refresh] done in 216ms @ http://localhost:3000/_next/static/chunks/0brk_next_dist_0dm07mh._.js:776
[  262654ms] [LOG] [Fast Refresh] done in 216ms @ http://localhost:3000/_next/static/chunks/0brk_next_dist_0dm07mh._.js:776
[  262724ms] [LOG] [Fast Refresh] done in 216ms @ http://localhost:3000/_next/static/chunks/0brk_next_dist_0dm07mh._.js:776
[  262781ms] [LOG] [Fast Refresh] done in 216ms @ http://localhost:3000/_next/static/chunks/0brk_next_dist_0dm07mh._.js:776
[  262836ms] [LOG] [Fast Refresh] done in 216ms @ http://localhost:3000/_next/static/chunks/0brk_next_dist_0dm07mh._.js:776
[  262897ms] [LOG] [Fast Refresh] done in 216ms @ http://localhost:3000/_next/static/chunks/0brk_next_dist_0dm07mh._.js:776
[  262950ms] [LOG] [Fast Refresh] done in 216ms @ http://localhost:3000/_next/static/chunks/0brk_next_dist_0dm07mh._.js:776
[  263011ms] [LOG] [Fast Refresh] done in 216ms @ http://localhost:3000/_next/static/chunks/0brk_next_dist_0dm07mh._.js:776
[  263067ms] [LOG] [Fast Refresh] done in 216ms @ http://localhost:3000/_next/static/chunks/0brk_next_dist_0dm07mh._.js:776
[  263130ms] [LOG] [Fast Refresh] done in 216ms @ http://localhost:3000/_next/static/chunks/0brk_next_dist_0dm07mh._.js:776
[  263191ms] [LOG] [Fast Refresh] done in 216ms @ http://localhost:3000/_next/static/chunks/0brk_next_dist_0dm07mh._.js:776
[  263251ms] [LOG] [Fast Refresh] done in 216ms @ http://localhost:3000/_next/static/chunks/0brk_next_dist_0dm07mh._.js:776
[  263314ms] [LOG] [Fast Refresh] done in 216ms @ http://localhost:3000/_next/static/chunks/0brk_next_dist_0dm07mh._.js:776
[  263382ms] [LOG] [Fast Refresh] done in 216ms @ http://localhost:3000/_next/static/chunks/0brk_next_dist_0dm07mh._.js:776
[  263437ms] [LOG] [Fast Refresh] done in 216ms @ http://localhost:3000/_next/static/chunks/0brk_next_dist_0dm07mh._.js:776
[  263497ms] [LOG] [Fast Refresh] done in 216ms @ http://localhost:3000/_next/static/chunks/0brk_next_dist_0dm07mh._.js:776
[  263554ms] [LOG] [Fast Refresh] done in 216ms @ http://localhost:3000/_next/static/chunks/0brk_next_dist_0dm07mh._.js:776
[  263605ms] [LOG] [Fast Refresh] done in 216ms @ http://localhost:3000/_next/static/chunks/0brk_next_dist_0dm07mh._.js:776
[  263666ms] [LOG] [Fast Refresh] done in 216ms @ http://localhost:3000/_next/static/chunks/0brk_next_dist_0dm07mh._.js:776
[  263748ms] [LOG] [Fast Refresh] done in 216ms @ http://localhost:3000/_next/static/chunks/0brk_next_dist_0dm07mh._.js:776
[  263809ms] [LOG] [Fast Refresh] done in 216ms @ http://localhost:3000/_next/static/chunks/0brk_next_dist_0dm07mh._.js:776
[  263866ms] [LOG] [Fast Refresh] done in 216ms @ http://localhost:3000/_next/static/chunks/0brk_next_dist_0dm07mh._.js:776
[  263928ms] [LOG] [Fast Refresh] done in 216ms @ http://localhost:3000/_next/static/chunks/0brk_next_dist_0dm07mh._.js:776
[  263982ms] [LOG] [Fast Refresh] done in 216ms @ http://localhost:3000/_next/static/chunks/0brk_next_dist_0dm07mh._.js:776
[  264044ms] [LOG] [Fast Refresh] done in 216ms @ http://localhost:3000/_next/static/chunks/0brk_next_dist_0dm07mh._.js:776
[  264106ms] [LOG] [Fast Refresh] done in 216ms @ http://localhost:3000/_next/static/chunks/0brk_next_dist_0dm07mh._.js:776
[  264167ms] [LOG] [Fast Refresh] done in 216ms @ http://localhost:3000/_next/static/chunks/0brk_next_dist_0dm07mh._.js:776
[  264227ms] [LOG] [Fast Refresh] done in 216ms @ http://localhost:3000/_next/static/chunks/0brk_next_dist_0dm07mh._.js:776
[  264306ms] [LOG] [Fast Refresh] done in 216ms @ http://localhost:3000/_next/static/chunks/0brk_next_dist_0dm07mh._.js:776
[  264373ms] [LOG] [Fast Refresh] done in 216ms @ http://localhost:3000/_next/static/chunks/0brk_next_dist_0dm07mh._.js:776
[  264431ms] [LOG] [Fast Refresh] done in 216ms @ http://localhost:3000/_next/static/chunks/0brk_next_dist_0dm07mh._.js:776
[  264493ms] [LOG] [Fast Refresh] done in 216ms @ http://localhost:3000/_next/static/chunks/0brk_next_dist_0dm07mh._.js:776
[  264555ms] [LOG] [Fast Refresh] done in 216ms @ http://localhost:3000/_next/static/chunks/0brk_next_dist_0dm07mh._.js:776
[  264620ms] [LOG] [Fast Refresh] done in 216ms @ http://localhost:3000/_next/static/chunks/0brk_next_dist_0dm07mh._.js:776
[  264681ms] [LOG] [Fast Refresh] done in 216ms @ http://localhost:3000/_next/static/chunks/0brk_next_dist_0dm07mh._.js:776
[  264760ms] [LOG] [Fast Refresh] done in 216ms @ http://localhost:3000/_next/static/chunks/0brk_next_dist_0dm07mh._.js:776
[  264853ms] [LOG] [Fast Refresh] done in 216ms @ http://localhost:3000/_next/static/chunks/0brk_next_dist_0dm07mh._.js:776
[  264914ms] [LOG] [Fast Refresh] done in 216ms @ http://localhost:3000/_next/static/chunks/0brk_next_dist_0dm07mh._.js:776
[  264971ms] [LOG] [Fast Refresh] done in 216ms @ http://localhost:3000/_next/static/chunks/0brk_next_dist_0dm07mh._.js:776
[  265031ms] [LOG] [Fast Refresh] done in 216ms @ http://localhost:3000/_next/static/chunks/0brk_next_dist_0dm07mh._.js:776
[  265412ms] [LOG] [Fast Refresh] done in 216ms @ http://localhost:3000/_next/static/chunks/0brk_next_dist_0dm07mh._.js:776
[  265585ms] [LOG] [Fast Refresh] done in 216ms @ http://localhost:3000/_next/static/chunks/0brk_next_dist_0dm07mh._.js:776
[  266027ms] [LOG] [Fast Refresh] done in 216ms @ http://localhost:3000/_next/static/chunks/0brk_next_dist_0dm07mh._.js:776
[  266076ms] [LOG] [Fast Refresh] done in 216ms @ http://localhost:3000/_next/static/chunks/0brk_next_dist_0dm07mh._.js:776
[  266139ms] [LOG] [Fast Refresh] done in 216ms @ http://localhost:3000/_next/static/chunks/0brk_next_dist_0dm07mh._.js:776
[  266197ms] [LOG] [Fast Refresh] done in 216ms @ http://localhost:3000/_next/static/chunks/0brk_next_dist_0dm07mh._.js:776
[  266292ms] [LOG] [Fast Refresh] done in 216ms @ http://localhost:3000/_next/static/chunks/0brk_next_dist_0dm07mh._.js:776
[  266352ms] [LOG] [Fast Refresh] done in 216ms @ http://localhost:3000/_next/static/chunks/0brk_next_dist_0dm07mh._.js:776
[  266412ms] [LOG] [Fast Refresh] done in 216ms @ http://localhost:3000/_next/static/chunks/0brk_next_dist_0dm07mh._.js:776
[  266474ms] [LOG] [Fast Refresh] done in 216ms @ http://localhost:3000/_next/static/chunks/0brk_next_dist_0dm07mh._.js:776
[  266532ms] [LOG] [Fast Refresh] done in 216ms @ http://localhost:3000/_next/static/chunks/0brk_next_dist_0dm07mh._.js:776
[  266583ms] [LOG] [Fast Refresh] done in 216ms @ http://localhost:3000/_next/static/chunks/0brk_next_dist_0dm07mh._.js:776
[  266645ms] [LOG] [Fast Refresh] done in 216ms @ http://localhost:3000/_next/static/chunks/0brk_next_dist_0dm07mh._.js:776
[  266715ms] [LOG] [Fast Refresh] done in 216ms @ http://localhost:3000/_next/static/chunks/0brk_next_dist_0dm07mh._.js:776
[  266772ms] [LOG] [Fast Refresh] done in 216ms @ http://localhost:3000/_next/static/chunks/0brk_next_dist_0dm07mh._.js:776
[  266832ms] [LOG] [Fast Refresh] done in 216ms @ http://localhost:3000/_next/static/chunks/0brk_next_dist_0dm07mh._.js:776
[  266895ms] [LOG] [Fast Refresh] done in 216ms @ http://localhost:3000/_next/static/chunks/0brk_next_dist_0dm07mh._.js:776
[  266949ms] [LOG] [Fast Refresh] done in 216ms @ http://localhost:3000/_next/static/chunks/0brk_next_dist_0dm07mh._.js:776
[  267003ms] [LOG] [Fast Refresh] done in 216ms @ http://localhost:3000/_next/static/chunks/0brk_next_dist_0dm07mh._.js:776
[  267062ms] [LOG] [Fast Refresh] done in 216ms @ http://localhost:3000/_next/static/chunks/0brk_next_dist_0dm07mh._.js:776
[  267125ms] [LOG] [Fast Refresh] done in 216ms @ http://localhost:3000/_next/static/chunks/0brk_next_dist_0dm07mh._.js:776
[  267186ms] [LOG] [Fast Refresh] done in 216ms @ http://localhost:3000/_next/static/chunks/0brk_next_dist_0dm07mh._.js:776
[  267246ms] [LOG] [Fast Refresh] done in 216ms @ http://localhost:3000/_next/static/chunks/0brk_next_dist_0dm07mh._.js:776
[  267307ms] [LOG] [Fast Refresh] done in 216ms @ http://localhost:3000/_next/static/chunks/0brk_next_dist_0dm07mh._.js:776
[  267364ms] [LOG] [Fast Refresh] done in 216ms @ http://localhost:3000/_next/static/chunks/0brk_next_dist_0dm07mh._.js:776
[  267417ms] [LOG] [Fast Refresh] done in 216ms @ http://localhost:3000/_next/static/chunks/0brk_next_dist_0dm07mh._.js:776
[  267480ms] [LOG] [Fast Refresh] done in 216ms @ http://localhost:3000/_next/static/chunks/0brk_next_dist_0dm07mh._.js:776
[  267545ms] [LOG] [Fast Refresh] done in 216ms @ http://localhost:3000/_next/static/chunks/0brk_next_dist_0dm07mh._.js:776
[  267601ms] [LOG] [Fast Refresh] done in 216ms @ http://localhost:3000/_next/static/chunks/0brk_next_dist_0dm07mh._.js:776
[  267663ms] [LOG] [Fast Refresh] done in 216ms @ http://localhost:3000/_next/static/chunks/0brk_next_dist_0dm07mh._.js:776
[  267717ms] [LOG] [Fast Refresh] done in 216ms @ http://localhost:3000/_next/static/chunks/0brk_next_dist_0dm07mh._.js:776
[  267779ms] [LOG] [Fast Refresh] done in 216ms @ http://localhost:3000/_next/static/chunks/0brk_next_dist_0dm07mh._.js:776
[  267842ms] [LOG] [Fast Refresh] done in 216ms @ http://localhost:3000/_next/static/chunks/0brk_next_dist_0dm07mh._.js:776
[  267904ms] [LOG] [Fast Refresh] done in 216ms @ http://localhost:3000/_next/static/chunks/0brk_next_dist_0dm07mh._.js:776
[  267962ms] [LOG] [Fast Refresh] done in 216ms @ http://localhost:3000/_next/static/chunks/0brk_next_dist_0dm07mh._.js:776
[  268017ms] [LOG] [Fast Refresh] done in 216ms @ http://localhost:3000/_next/static/chunks/0brk_next_dist_0dm07mh._.js:776
[  268068ms] [LOG] [Fast Refresh] done in 216ms @ http://localhost:3000/_next/static/chunks/0brk_next_dist_0dm07mh._.js:776
[  268119ms] [LOG] [Fast Refresh] done in 216ms @ http://localhost:3000/_next/static/chunks/0brk_next_dist_0dm07mh._.js:776
[  268171ms] [LOG] [Fast Refresh] done in 216ms @ http://localhost:3000/_next/static/chunks/0brk_next_dist_0dm07mh._.js:776
[  268247ms] [LOG] [Fast Refresh] done in 216ms @ http://localhost:3000/_next/static/chunks/0brk_next_dist_0dm07mh._.js:776
[  268308ms] [LOG] [Fast Refresh] done in 216ms @ http://localhost:3000/_next/static/chunks/0brk_next_dist_0dm07mh._.js:776
[  268369ms] [LOG] [Fast Refresh] done in 216ms @ http://localhost:3000/_next/static/chunks/0brk_next_dist_0dm07mh._.js:776
[  268429ms] [LOG] [Fast Refresh] done in 216ms @ http://localhost:3000/_next/static/chunks/0brk_next_dist_0dm07mh._.js:776
[  268482ms] [LOG] [Fast Refresh] done in 216ms @ http://localhost:3000/_next/static/chunks/0brk_next_dist_0dm07mh._.js:776
[  268545ms] [LOG] [Fast Refresh] done in 216ms @ http://localhost:3000/_next/static/chunks/0brk_next_dist_0dm07mh._.js:776
[  268607ms] [LOG] [Fast Refresh] done in 216ms @ http://localhost:3000/_next/static/chunks/0brk_next_dist_0dm07mh._.js:776
[  268671ms] [LOG] [Fast Refresh] done in 216ms @ http://localhost:3000/_next/static/chunks/0brk_next_dist_0dm07mh._.js:776
[  270795ms] [LOG] [Fast Refresh] done in 216ms @ http://localhost:3000/_next/static/chunks/0brk_next_dist_0dm07mh._.js:776
[  270919ms] [LOG] [Fast Refresh] done in 216ms @ http://localhost:3000/_next/static/chunks/0brk_next_dist_0dm07mh._.js:776
[  271089ms] [LOG] [Fast Refresh] done in 216ms @ http://localhost:3000/_next/static/chunks/0brk_next_dist_0dm07mh._.js:776
[  271169ms] [LOG] [Fast Refresh] done in 216ms @ http://localhost:3000/_next/static/chunks/0brk_next_dist_0dm07mh._.js:776
[  271218ms] [LOG] [Fast Refresh] done in 216ms @ http://localhost:3000/_next/static/chunks/0brk_next_dist_0dm07mh._.js:776
[  271266ms] [LOG] [Fast Refresh] done in 216ms @ http://localhost:3000/_next/static/chunks/0brk_next_dist_0dm07mh._.js:776
[  271330ms] [LOG] [Fast Refresh] done in 216ms @ http://localhost:3000/_next/static/chunks/0brk_next_dist_0dm07mh._.js:776
[  271388ms] [LOG] [Fast Refresh] done in 216ms @ http://localhost:3000/_next/static/chunks/0brk_next_dist_0dm07mh._.js:776
[  271452ms] [LOG] [Fast Refresh] done in 216ms @ http://localhost:3000/_next/static/chunks/0brk_next_dist_0dm07mh._.js:776
[  271500ms] [LOG] [Fast Refresh] done in 216ms @ http://localhost:3000/_next/static/chunks/0brk_next_dist_0dm07mh._.js:776
[  271548ms] [LOG] [Fast Refresh] done in 216ms @ http://localhost:3000/_next/static/chunks/0brk_next_dist_0dm07mh._.js:776
[  271610ms] [LOG] [Fast Refresh] done in 216ms @ http://localhost:3000/_next/static/chunks/0brk_next_dist_0dm07mh._.js:776
[  271664ms] [LOG] [Fast Refresh] done in 216ms @ http://localhost:3000/_next/static/chunks/0brk_next_dist_0dm07mh._.js:776
[  271716ms] [LOG] [Fast Refresh] done in 216ms @ http://localhost:3000/_next/static/chunks/0brk_next_dist_0dm07mh._.js:776
[  271770ms] [LOG] [Fast Refresh] done in 216ms @ http://localhost:3000/_next/static/chunks/0brk_next_dist_0dm07mh._.js:776
[  271860ms] [LOG] [Fast Refresh] done in 216ms @ http://localhost:3000/_next/static/chunks/0brk_next_dist_0dm07mh._.js:776
[  271925ms] [LOG] [Fast Refresh] done in 216ms @ http://localhost:3000/_next/static/chunks/0brk_next_dist_0dm07mh._.js:776
[  272007ms] [LOG] [Fast Refresh] done in 216ms @ http://localhost:3000/_next/static/chunks/0brk_next_dist_0dm07mh._.js:776
[  272093ms] [LOG] [Fast Refresh] done in 216ms @ http://localhost:3000/_next/static/chunks/0brk_next_dist_0dm07mh._.js:776
[  272161ms] [LOG] [Fast Refresh] done in 216ms @ http://localhost:3000/_next/static/chunks/0brk_next_dist_0dm07mh._.js:776
[  272207ms] [LOG] [Fast Refresh] done in 216ms @ http://localhost:3000/_next/static/chunks/0brk_next_dist_0dm07mh._.js:776
[  272267ms] [LOG] [Fast Refresh] done in 216ms @ http://localhost:3000/_next/static/chunks/0brk_next_dist_0dm07mh._.js:776
[  272322ms] [LOG] [Fast Refresh] done in 216ms @ http://localhost:3000/_next/static/chunks/0brk_next_dist_0dm07mh._.js:776
[  272376ms] [LOG] [Fast Refresh] done in 216ms @ http://localhost:3000/_next/static/chunks/0brk_next_dist_0dm07mh._.js:776
[  272438ms] [LOG] [Fast Refresh] done in 216ms @ http://localhost:3000/_next/static/chunks/0brk_next_dist_0dm07mh._.js:776
[  272506ms] [LOG] [Fast Refresh] done in 216ms @ http://localhost:3000/_next/static/chunks/0brk_next_dist_0dm07mh._.js:776
[  272568ms] [LOG] [Fast Refresh] done in 216ms @ http://localhost:3000/_next/static/chunks/0brk_next_dist_0dm07mh._.js:776
[  272619ms] [LOG] [Fast Refresh] done in 216ms @ http://localhost:3000/_next/static/chunks/0brk_next_dist_0dm07mh._.js:776
[  272668ms] [LOG] [Fast Refresh] done in 216ms @ http://localhost:3000/_next/static/chunks/0brk_next_dist_0dm07mh._.js:776
[  272718ms] [LOG] [Fast Refresh] done in 216ms @ http://localhost:3000/_next/static/chunks/0brk_next_dist_0dm07mh._.js:776
[  272768ms] [LOG] [Fast Refresh] done in 216ms @ http://localhost:3000/_next/static/chunks/0brk_next_dist_0dm07mh._.js:776
[  272830ms] [LOG] [Fast Refresh] done in 216ms @ http://localhost:3000/_next/static/chunks/0brk_next_dist_0dm07mh._.js:776
[  272883ms] [LOG] [Fast Refresh] done in 216ms @ http://localhost:3000/_next/static/chunks/0brk_next_dist_0dm07mh._.js:776
[  272946ms] [LOG] [Fast Refresh] done in 216ms @ http://localhost:3000/_next/static/chunks/0brk_next_dist_0dm07mh._.js:776
[  273002ms] [LOG] [Fast Refresh] done in 216ms @ http://localhost:3000/_next/static/chunks/0brk_next_dist_0dm07mh._.js:776
[  273059ms] [LOG] [Fast Refresh] done in 216ms @ http://localhost:3000/_next/static/chunks/0brk_next_dist_0dm07mh._.js:776
[  273130ms] [LOG] [Fast Refresh] done in 216ms @ http://localhost:3000/_next/static/chunks/0brk_next_dist_0dm07mh._.js:776
[  274734ms] [LOG] [Fast Refresh] done in 216ms @ http://localhost:3000/_next/static/chunks/0brk_next_dist_0dm07mh._.js:776
[  274959ms] [LOG] [Fast Refresh] done in 216ms @ http://localhost:3000/_next/static/chunks/0brk_next_dist_0dm07mh._.js:776
[  275058ms] [LOG] [Fast Refresh] done in 216ms @ http://localhost:3000/_next/static/chunks/0brk_next_dist_0dm07mh._.js:776
[  275165ms] [LOG] [Fast Refresh] done in 216ms @ http://localhost:3000/_next/static/chunks/0brk_next_dist_0dm07mh._.js:776
[  275224ms] [LOG] [Fast Refresh] done in 216ms @ http://localhost:3000/_next/static/chunks/0brk_next_dist_0dm07mh._.js:776
[  275284ms] [LOG] [Fast Refresh] done in 216ms @ http://localhost:3000/_next/static/chunks/0brk_next_dist_0dm07mh._.js:776
[  275346ms] [LOG] [Fast Refresh] done in 216ms @ http://localhost:3000/_next/static/chunks/0brk_next_dist_0dm07mh._.js:776
[  275399ms] [LOG] [Fast Refresh] done in 216ms @ http://localhost:3000/_next/static/chunks/0brk_next_dist_0dm07mh._.js:776
[  275450ms] [LOG] [Fast Refresh] done in 216ms @ http://localhost:3000/_next/static/chunks/0brk_next_dist_0dm07mh._.js:776
[  275500ms] [LOG] [Fast Refresh] done in 216ms @ http://localhost:3000/_next/static/chunks/0brk_next_dist_0dm07mh._.js:776
[  275547ms] [LOG] [Fast Refresh] done in 216ms @ http://localhost:3000/_next/static/chunks/0brk_next_dist_0dm07mh._.js:776
[  275600ms] [LOG] [Fast Refresh] done in 216ms @ http://localhost:3000/_next/static/chunks/0brk_next_dist_0dm07mh._.js:776
[  275651ms] [LOG] [Fast Refresh] done in 216ms @ http://localhost:3000/_next/static/chunks/0brk_next_dist_0dm07mh._.js:776
[  275703ms] [LOG] [Fast Refresh] done in 216ms @ http://localhost:3000/_next/static/chunks/0brk_next_dist_0dm07mh._.js:776
[  275766ms] [LOG] [Fast Refresh] done in 216ms @ http://localhost:3000/_next/static/chunks/0brk_next_dist_0dm07mh._.js:776
[  275830ms] [LOG] [Fast Refresh] done in 216ms @ http://localhost:3000/_next/static/chunks/0brk_next_dist_0dm07mh._.js:776
[  275888ms] [LOG] [Fast Refresh] done in 216ms @ http://localhost:3000/_next/static/chunks/0brk_next_dist_0dm07mh._.js:776
[  275953ms] [LOG] [Fast Refresh] done in 216ms @ http://localhost:3000/_next/static/chunks/0brk_next_dist_0dm07mh._.js:776
[  276025ms] [LOG] [Fast Refresh] done in 216ms @ http://localhost:3000/_next/static/chunks/0brk_next_dist_0dm07mh._.js:776
[  276092ms] [LOG] [Fast Refresh] done in 216ms @ http://localhost:3000/_next/static/chunks/0brk_next_dist_0dm07mh._.js:776
[  276177ms] [LOG] [Fast Refresh] done in 216ms @ http://localhost:3000/_next/static/chunks/0brk_next_dist_0dm07mh._.js:776
[  276260ms] [LOG] [Fast Refresh] done in 216ms @ http://localhost:3000/_next/static/chunks/0brk_next_dist_0dm07mh._.js:776
[  276315ms] [LOG] [Fast Refresh] done in 216ms @ http://localhost:3000/_next/static/chunks/0brk_next_dist_0dm07mh._.js:776
[  276376ms] [LOG] [Fast Refresh] done in 216ms @ http://localhost:3000/_next/static/chunks/0brk_next_dist_0dm07mh._.js:776
[  276437ms] [LOG] [Fast Refresh] done in 216ms @ http://localhost:3000/_next/static/chunks/0brk_next_dist_0dm07mh._.js:776
[  276485ms] [LOG] [Fast Refresh] done in 216ms @ http://localhost:3000/_next/static/chunks/0brk_next_dist_0dm07mh._.js:776
[  276547ms] [LOG] [Fast Refresh] done in 216ms @ http://localhost:3000/_next/static/chunks/0brk_next_dist_0dm07mh._.js:776
[  276610ms] [LOG] [Fast Refresh] done in 216ms @ http://localhost:3000/_next/static/chunks/0brk_next_dist_0dm07mh._.js:776
[  276672ms] [LOG] [Fast Refresh] done in 216ms @ http://localhost:3000/_next/static/chunks/0brk_next_dist_0dm07mh._.js:776
[  276721ms] [LOG] [Fast Refresh] done in 216ms @ http://localhost:3000/_next/static/chunks/0brk_next_dist_0dm07mh._.js:776
[  276769ms] [LOG] [Fast Refresh] done in 216ms @ http://localhost:3000/_next/static/chunks/0brk_next_dist_0dm07mh._.js:776
[  276831ms] [LOG] [Fast Refresh] done in 216ms @ http://localhost:3000/_next/static/chunks/0brk_next_dist_0dm07mh._.js:776
[  276886ms] [LOG] [Fast Refresh] done in 216ms @ http://localhost:3000/_next/static/chunks/0brk_next_dist_0dm07mh._.js:776
[  276951ms] [LOG] [Fast Refresh] done in 216ms @ http://localhost:3000/_next/static/chunks/0brk_next_dist_0dm07mh._.js:776
[  277014ms] [LOG] [Fast Refresh] done in 216ms @ http://localhost:3000/_next/static/chunks/0brk_next_dist_0dm07mh._.js:776
[  277068ms] [LOG] [Fast Refresh] done in 216ms @ http://localhost:3000/_next/static/chunks/0brk_next_dist_0dm07mh._.js:776
[  277130ms] [LOG] [Fast Refresh] done in 216ms @ http://localhost:3000/_next/static/chunks/0brk_next_dist_0dm07mh._.js:776
[  277186ms] [LOG] [Fast Refresh] done in 216ms @ http://localhost:3000/_next/static/chunks/0brk_next_dist_0dm07mh._.js:776
[  277979ms] [LOG] [Fast Refresh] done in 216ms @ http://localhost:3000/_next/static/chunks/0brk_next_dist_0dm07mh._.js:776
[  279494ms] [LOG] [Fast Refresh] done in 216ms @ http://localhost:3000/_next/static/chunks/0brk_next_dist_0dm07mh._.js:776
[  279551ms] [LOG] [Fast Refresh] done in 216ms @ http://localhost:3000/_next/static/chunks/0brk_next_dist_0dm07mh._.js:776
[  279609ms] [LOG] [Fast Refresh] done in 216ms @ http://localhost:3000/_next/static/chunks/0brk_next_dist_0dm07mh._.js:776
[  279751ms] [LOG] [Fast Refresh] done in 216ms @ http://localhost:3000/_next/static/chunks/0brk_next_dist_0dm07mh._.js:776
[  279808ms] [LOG] [Fast Refresh] done in 216ms @ http://localhost:3000/_next/static/chunks/0brk_next_dist_0dm07mh._.js:776
[  279867ms] [LOG] [Fast Refresh] done in 216ms @ http://localhost:3000/_next/static/chunks/0brk_next_dist_0dm07mh._.js:776
[  279918ms] [LOG] [Fast Refresh] done in 216ms @ http://localhost:3000/_next/static/chunks/0brk_next_dist_0dm07mh._.js:776
[  279968ms] [LOG] [Fast Refresh] done in 216ms @ http://localhost:3000/_next/static/chunks/0brk_next_dist_0dm07mh._.js:776
[  280016ms] [LOG] [Fast Refresh] done in 216ms @ http://localhost:3000/_next/static/chunks/0brk_next_dist_0dm07mh._.js:776
[  280067ms] [LOG] [Fast Refresh] done in 216ms @ http://localhost:3000/_next/static/chunks/0brk_next_dist_0dm07mh._.js:776
[  280120ms] [LOG] [Fast Refresh] done in 216ms @ http://localhost:3000/_next/static/chunks/0brk_next_dist_0dm07mh._.js:776
[  280186ms] [LOG] [Fast Refresh] done in 216ms @ http://localhost:3000/_next/static/chunks/0brk_next_dist_0dm07mh._.js:776
[  280298ms] [LOG] [Fast Refresh] done in 216ms @ http://localhost:3000/_next/static/chunks/0brk_next_dist_0dm07mh._.js:776
[  280420ms] [LOG] [Fast Refresh] done in 216ms @ http://localhost:3000/_next/static/chunks/0brk_next_dist_0dm07mh._.js:776
[  280492ms] [LOG] [Fast Refresh] done in 216ms @ http://localhost:3000/_next/static/chunks/0brk_next_dist_0dm07mh._.js:776
[  280578ms] [LOG] [Fast Refresh] done in 216ms @ http://localhost:3000/_next/static/chunks/0brk_next_dist_0dm07mh._.js:776
[  280651ms] [LOG] [Fast Refresh] done in 216ms @ http://localhost:3000/_next/static/chunks/0brk_next_dist_0dm07mh._.js:776
[  280743ms] [LOG] [Fast Refresh] done in 216ms @ http://localhost:3000/_next/static/chunks/0brk_next_dist_0dm07mh._.js:776
[  281361ms] [LOG] [Fast Refresh] done in 216ms @ http://localhost:3000/_next/static/chunks/0brk_next_dist_0dm07mh._.js:776
[  282305ms] [LOG] [Fast Refresh] done in 216ms @ http://localhost:3000/_next/static/chunks/0brk_next_dist_0dm07mh._.js:776
[  282392ms] [LOG] [Fast Refresh] done in 216ms @ http://localhost:3000/_next/static/chunks/0brk_next_dist_0dm07mh._.js:776
[  282469ms] [LOG] [Fast Refresh] done in 216ms @ http://localhost:3000/_next/static/chunks/0brk_next_dist_0dm07mh._.js:776
[  282534ms] [LOG] [Fast Refresh] done in 216ms @ http://localhost:3000/_next/static/chunks/0brk_next_dist_0dm07mh._.js:776
[  282587ms] [LOG] [Fast Refresh] done in 216ms @ http://localhost:3000/_next/static/chunks/0brk_next_dist_0dm07mh._.js:776
[  282654ms] [LOG] [Fast Refresh] done in 216ms @ http://localhost:3000/_next/static/chunks/0brk_next_dist_0dm07mh._.js:776
[  282752ms] [LOG] [Fast Refresh] done in 216ms @ http://localhost:3000/_next/static/chunks/0brk_next_dist_0dm07mh._.js:776
[  282800ms] [LOG] [Fast Refresh] done in 216ms @ http://localhost:3000/_next/static/chunks/0brk_next_dist_0dm07mh._.js:776
[  282851ms] [LOG] [Fast Refresh] done in 216ms @ http://localhost:3000/_next/static/chunks/0brk_next_dist_0dm07mh._.js:776
[  282896ms] [LOG] [Fast Refresh] done in 216ms @ http://localhost:3000/_next/static/chunks/0brk_next_dist_0dm07mh._.js:776
[  282943ms] [LOG] [Fast Refresh] done in 216ms @ http://localhost:3000/_next/static/chunks/0brk_next_dist_0dm07mh._.js:776
[  282984ms] [LOG] [Fast Refresh] done in 216ms @ http://localhost:3000/_next/static/chunks/0brk_next_dist_0dm07mh._.js:776
[  283047ms] [LOG] [Fast Refresh] done in 216ms @ http://localhost:3000/_next/static/chunks/0brk_next_dist_0dm07mh._.js:776
[  283100ms] [LOG] [Fast Refresh] done in 216ms @ http://localhost:3000/_next/static/chunks/0brk_next_dist_0dm07mh._.js:776
[  283162ms] [LOG] [Fast Refresh] done in 216ms @ http://localhost:3000/_next/static/chunks/0brk_next_dist_0dm07mh._.js:776
[  283230ms] [LOG] [Fast Refresh] done in 216ms @ http://localhost:3000/_next/static/chunks/0brk_next_dist_0dm07mh._.js:776
[  283283ms] [LOG] [Fast Refresh] done in 216ms @ http://localhost:3000/_next/static/chunks/0brk_next_dist_0dm07mh._.js:776
[  283330ms] [LOG] [Fast Refresh] done in 216ms @ http://localhost:3000/_next/static/chunks/0brk_next_dist_0dm07mh._.js:776
[  283385ms] [LOG] [Fast Refresh] done in 216ms @ http://localhost:3000/_next/static/chunks/0brk_next_dist_0dm07mh._.js:776
[  283451ms] [LOG] [Fast Refresh] done in 216ms @ http://localhost:3000/_next/static/chunks/0brk_next_dist_0dm07mh._.js:776
[  283500ms] [LOG] [Fast Refresh] done in 216ms @ http://localhost:3000/_next/static/chunks/0brk_next_dist_0dm07mh._.js:776
[  283549ms] [LOG] [Fast Refresh] done in 216ms @ http://localhost:3000/_next/static/chunks/0brk_next_dist_0dm07mh._.js:776
[  283600ms] [LOG] [Fast Refresh] done in 216ms @ http://localhost:3000/_next/static/chunks/0brk_next_dist_0dm07mh._.js:776
[  283662ms] [LOG] [Fast Refresh] done in 216ms @ http://localhost:3000/_next/static/chunks/0brk_next_dist_0dm07mh._.js:776
[  283714ms] [LOG] [Fast Refresh] done in 216ms @ http://localhost:3000/_next/static/chunks/0brk_next_dist_0dm07mh._.js:776
[  283768ms] [LOG] [Fast Refresh] done in 216ms @ http://localhost:3000/_next/static/chunks/0brk_next_dist_0dm07mh._.js:776
[  283818ms] [LOG] [Fast Refresh] done in 216ms @ http://localhost:3000/_next/static/chunks/0brk_next_dist_0dm07mh._.js:776
[  283868ms] [LOG] [Fast Refresh] done in 216ms @ http://localhost:3000/_next/static/chunks/0brk_next_dist_0dm07mh._.js:776
[  283931ms] [LOG] [Fast Refresh] done in 216ms @ http://localhost:3000/_next/static/chunks/0brk_next_dist_0dm07mh._.js:776
[  283985ms] [LOG] [Fast Refresh] done in 216ms @ http://localhost:3000/_next/static/chunks/0brk_next_dist_0dm07mh._.js:776
[  284047ms] [LOG] [Fast Refresh] done in 216ms @ http://localhost:3000/_next/static/chunks/0brk_next_dist_0dm07mh._.js:776
[  284099ms] [LOG] [Fast Refresh] done in 216ms @ http://localhost:3000/_next/static/chunks/0brk_next_dist_0dm07mh._.js:776
[  284147ms] [LOG] [Fast Refresh] done in 216ms @ http://localhost:3000/_next/static/chunks/0brk_next_dist_0dm07mh._.js:776
[  284210ms] [LOG] [Fast Refresh] done in 216ms @ http://localhost:3000/_next/static/chunks/0brk_next_dist_0dm07mh._.js:776
[  284266ms] [LOG] [Fast Refresh] done in 216ms @ http://localhost:3000/_next/static/chunks/0brk_next_dist_0dm07mh._.js:776
[  284324ms] [LOG] [Fast Refresh] done in 216ms @ http://localhost:3000/_next/static/chunks/0brk_next_dist_0dm07mh._.js:776
[  284384ms] [LOG] [Fast Refresh] done in 216ms @ http://localhost:3000/_next/static/chunks/0brk_next_dist_0dm07mh._.js:776
[  284446ms] [LOG] [Fast Refresh] done in 216ms @ http://localhost:3000/_next/static/chunks/0brk_next_dist_0dm07mh._.js:776
[  284499ms] [LOG] [Fast Refresh] done in 216ms @ http://localhost:3000/_next/static/chunks/0brk_next_dist_0dm07mh._.js:776
[  284551ms] [LOG] [Fast Refresh] done in 216ms @ http://localhost:3000/_next/static/chunks/0brk_next_dist_0dm07mh._.js:776
[  284614ms] [LOG] [Fast Refresh] done in 216ms @ http://localhost:3000/_next/static/chunks/0brk_next_dist_0dm07mh._.js:776
[  284668ms] [LOG] [Fast Refresh] done in 216ms @ http://localhost:3000/_next/static/chunks/0brk_next_dist_0dm07mh._.js:776
[  284734ms] [LOG] [Fast Refresh] done in 216ms @ http://localhost:3000/_next/static/chunks/0brk_next_dist_0dm07mh._.js:776
[  284784ms] [LOG] [Fast Refresh] done in 216ms @ http://localhost:3000/_next/static/chunks/0brk_next_dist_0dm07mh._.js:776
[  284831ms] [LOG] [Fast Refresh] done in 216ms @ http://localhost:3000/_next/static/chunks/0brk_next_dist_0dm07mh._.js:776
[  284885ms] [LOG] [Fast Refresh] done in 216ms @ http://localhost:3000/_next/static/chunks/0brk_next_dist_0dm07mh._.js:776
[  284945ms] [LOG] [Fast Refresh] done in 216ms @ http://localhost:3000/_next/static/chunks/0brk_next_dist_0dm07mh._.js:776
[  284999ms] [LOG] [Fast Refresh] done in 216ms @ http://localhost:3000/_next/static/chunks/0brk_next_dist_0dm07mh._.js:776
[  285047ms] [LOG] [Fast Refresh] done in 216ms @ http://localhost:3000/_next/static/chunks/0brk_next_dist_0dm07mh._.js:776
[  285110ms] [LOG] [Fast Refresh] done in 216ms @ http://localhost:3000/_next/static/chunks/0brk_next_dist_0dm07mh._.js:776
[  285168ms] [LOG] [Fast Refresh] done in 216ms @ http://localhost:3000/_next/static/chunks/0brk_next_dist_0dm07mh._.js:776
[  285233ms] [LOG] [Fast Refresh] done in 216ms @ http://localhost:3000/_next/static/chunks/0brk_next_dist_0dm07mh._.js:776
[  285295ms] [LOG] [Fast Refresh] done in 216ms @ http://localhost:3000/_next/static/chunks/0brk_next_dist_0dm07mh._.js:776
[  285352ms] [LOG] [Fast Refresh] done in 216ms @ http://localhost:3000/_next/static/chunks/0brk_next_dist_0dm07mh._.js:776
[  285413ms] [LOG] [Fast Refresh] done in 216ms @ http://localhost:3000/_next/static/chunks/0brk_next_dist_0dm07mh._.js:776
[  285471ms] [LOG] [Fast Refresh] done in 216ms @ http://localhost:3000/_next/static/chunks/0brk_next_dist_0dm07mh._.js:776
[  285518ms] [LOG] [Fast Refresh] done in 216ms @ http://localhost:3000/_next/static/chunks/0brk_next_dist_0dm07mh._.js:776
[  285569ms] [LOG] [Fast Refresh] done in 216ms @ http://localhost:3000/_next/static/chunks/0brk_next_dist_0dm07mh._.js:776
[  285633ms] [LOG] [Fast Refresh] done in 216ms @ http://localhost:3000/_next/static/chunks/0brk_next_dist_0dm07mh._.js:776
[  285684ms] [LOG] [Fast Refresh] done in 216ms @ http://localhost:3000/_next/static/chunks/0brk_next_dist_0dm07mh._.js:776
[  285751ms] [LOG] [Fast Refresh] done in 216ms @ http://localhost:3000/_next/static/chunks/0brk_next_dist_0dm07mh._.js:776
[  285818ms] [LOG] [Fast Refresh] done in 216ms @ http://localhost:3000/_next/static/chunks/0brk_next_dist_0dm07mh._.js:776
[  285885ms] [LOG] [Fast Refresh] done in 216ms @ http://localhost:3000/_next/static/chunks/0brk_next_dist_0dm07mh._.js:776
[  285946ms] [LOG] [Fast Refresh] done in 216ms @ http://localhost:3000/_next/static/chunks/0brk_next_dist_0dm07mh._.js:776
[  286000ms] [LOG] [Fast Refresh] done in 216ms @ http://localhost:3000/_next/static/chunks/0brk_next_dist_0dm07mh._.js:776
[  286079ms] [LOG] [Fast Refresh] done in 216ms @ http://localhost:3000/_next/static/chunks/0brk_next_dist_0dm07mh._.js:776
[  286147ms] [LOG] [Fast Refresh] done in 216ms @ http://localhost:3000/_next/static/chunks/0brk_next_dist_0dm07mh._.js:776
[  286196ms] [LOG] [Fast Refresh] done in 216ms @ http://localhost:3000/_next/static/chunks/0brk_next_dist_0dm07mh._.js:776
[  286252ms] [LOG] [Fast Refresh] done in 216ms @ http://localhost:3000/_next/static/chunks/0brk_next_dist_0dm07mh._.js:776
[  286325ms] [LOG] [Fast Refresh] done in 216ms @ http://localhost:3000/_next/static/chunks/0brk_next_dist_0dm07mh._.js:776
[  286395ms] [LOG] [Fast Refresh] done in 216ms @ http://localhost:3000/_next/static/chunks/0brk_next_dist_0dm07mh._.js:776
[  286452ms] [LOG] [Fast Refresh] done in 216ms @ http://localhost:3000/_next/static/chunks/0brk_next_dist_0dm07mh._.js:776
[  286514ms] [LOG] [Fast Refresh] done in 216ms @ http://localhost:3000/_next/static/chunks/0brk_next_dist_0dm07mh._.js:776
[  286576ms] [LOG] [Fast Refresh] done in 216ms @ http://localhost:3000/_next/static/chunks/0brk_next_dist_0dm07mh._.js:776
[  286644ms] [LOG] [Fast Refresh] done in 216ms @ http://localhost:3000/_next/static/chunks/0brk_next_dist_0dm07mh._.js:776
[  287342ms] [LOG] [Fast Refresh] done in 216ms @ http://localhost:3000/_next/static/chunks/0brk_next_dist_0dm07mh._.js:776
[  287632ms] [LOG] [Fast Refresh] done in 216ms @ http://localhost:3000/_next/static/chunks/0brk_next_dist_0dm07mh._.js:776
[  287786ms] [LOG] [Fast Refresh] done in 216ms @ http://localhost:3000/_next/static/chunks/0brk_next_dist_0dm07mh._.js:776
[  287850ms] [LOG] [Fast Refresh] done in 216ms @ http://localhost:3000/_next/static/chunks/0brk_next_dist_0dm07mh._.js:776
[  287912ms] [LOG] [Fast Refresh] done in 216ms @ http://localhost:3000/_next/static/chunks/0brk_next_dist_0dm07mh._.js:776
[  287968ms] [LOG] [Fast Refresh] done in 216ms @ http://localhost:3000/_next/static/chunks/0brk_next_dist_0dm07mh._.js:776
[  288019ms] [LOG] [Fast Refresh] done in 216ms @ http://localhost:3000/_next/static/chunks/0brk_next_dist_0dm07mh._.js:776
[  288059ms] [LOG] [Fast Refresh] done in 216ms @ http://localhost:3000/_next/static/chunks/0brk_next_dist_0dm07mh._.js:776
[  288121ms] [LOG] [Fast Refresh] done in 216ms @ http://localhost:3000/_next/static/chunks/0brk_next_dist_0dm07mh._.js:776
[  288184ms] [LOG] [Fast Refresh] done in 216ms @ http://localhost:3000/_next/static/chunks/0brk_next_dist_0dm07mh._.js:776
[  288252ms] [LOG] [Fast Refresh] done in 216ms @ http://localhost:3000/_next/static/chunks/0brk_next_dist_0dm07mh._.js:776
[  288315ms] [LOG] [Fast Refresh] done in 216ms @ http://localhost:3000/_next/static/chunks/0brk_next_dist_0dm07mh._.js:776
[  288368ms] [LOG] [Fast Refresh] done in 216ms @ http://localhost:3000/_next/static/chunks/0brk_next_dist_0dm07mh._.js:776
[  288431ms] [LOG] [Fast Refresh] done in 216ms @ http://localhost:3000/_next/static/chunks/0brk_next_dist_0dm07mh._.js:776
[  288486ms] [LOG] [Fast Refresh] done in 216ms @ http://localhost:3000/_next/static/chunks/0brk_next_dist_0dm07mh._.js:776
[  288549ms] [LOG] [Fast Refresh] done in 216ms @ http://localhost:3000/_next/static/chunks/0brk_next_dist_0dm07mh._.js:776
[  288599ms] [LOG] [Fast Refresh] done in 216ms @ http://localhost:3000/_next/static/chunks/0brk_next_dist_0dm07mh._.js:776
[  288653ms] [LOG] [Fast Refresh] done in 216ms @ http://localhost:3000/_next/static/chunks/0brk_next_dist_0dm07mh._.js:776
[  288715ms] [LOG] [Fast Refresh] done in 216ms @ http://localhost:3000/_next/static/chunks/0brk_next_dist_0dm07mh._.js:776
[  288766ms] [LOG] [Fast Refresh] done in 216ms @ http://localhost:3000/_next/static/chunks/0brk_next_dist_0dm07mh._.js:776
[  288819ms] [LOG] [Fast Refresh] done in 216ms @ http://localhost:3000/_next/static/chunks/0brk_next_dist_0dm07mh._.js:776
[  288886ms] [LOG] [Fast Refresh] done in 216ms @ http://localhost:3000/_next/static/chunks/0brk_next_dist_0dm07mh._.js:776
[  288948ms] [LOG] [Fast Refresh] done in 216ms @ http://localhost:3000/_next/static/chunks/0brk_next_dist_0dm07mh._.js:776
[  289015ms] [LOG] [Fast Refresh] done in 216ms @ http://localhost:3000/_next/static/chunks/0brk_next_dist_0dm07mh._.js:776
[  289086ms] [LOG] [Fast Refresh] done in 216ms @ http://localhost:3000/_next/static/chunks/0brk_next_dist_0dm07mh._.js:776
[  289148ms] [LOG] [Fast Refresh] done in 216ms @ http://localhost:3000/_next/static/chunks/0brk_next_dist_0dm07mh._.js:776
[  289224ms] [LOG] [Fast Refresh] done in 216ms @ http://localhost:3000/_next/static/chunks/0brk_next_dist_0dm07mh._.js:776
[  289301ms] [LOG] [Fast Refresh] done in 216ms @ http://localhost:3000/_next/static/chunks/0brk_next_dist_0dm07mh._.js:776
[  289377ms] [LOG] [Fast Refresh] done in 216ms @ http://localhost:3000/_next/static/chunks/0brk_next_dist_0dm07mh._.js:776
[  289439ms] [LOG] [Fast Refresh] done in 216ms @ http://localhost:3000/_next/static/chunks/0brk_next_dist_0dm07mh._.js:776
[  289500ms] [LOG] [Fast Refresh] done in 216ms @ http://localhost:3000/_next/static/chunks/0brk_next_dist_0dm07mh._.js:776
[  289561ms] [LOG] [Fast Refresh] done in 216ms @ http://localhost:3000/_next/static/chunks/0brk_next_dist_0dm07mh._.js:776
[  289616ms] [LOG] [Fast Refresh] done in 216ms @ http://localhost:3000/_next/static/chunks/0brk_next_dist_0dm07mh._.js:776
[  289671ms] [LOG] [Fast Refresh] done in 216ms @ http://localhost:3000/_next/static/chunks/0brk_next_dist_0dm07mh._.js:776
[  289735ms] [LOG] [Fast Refresh] done in 216ms @ http://localhost:3000/_next/static/chunks/0brk_next_dist_0dm07mh._.js:776
[  289793ms] [LOG] [Fast Refresh] done in 216ms @ http://localhost:3000/_next/static/chunks/0brk_next_dist_0dm07mh._.js:776
[  289855ms] [LOG] [Fast Refresh] done in 216ms @ http://localhost:3000/_next/static/chunks/0brk_next_dist_0dm07mh._.js:776
[  289915ms] [LOG] [Fast Refresh] done in 216ms @ http://localhost:3000/_next/static/chunks/0brk_next_dist_0dm07mh._.js:776
[  289973ms] [LOG] [Fast Refresh] done in 216ms @ http://localhost:3000/_next/static/chunks/0brk_next_dist_0dm07mh._.js:776
[  290157ms] [LOG] [Fast Refresh] done in 216ms @ http://localhost:3000/_next/static/chunks/0brk_next_dist_0dm07mh._.js:776
[  290242ms] [LOG] [Fast Refresh] done in 216ms @ http://localhost:3000/_next/static/chunks/0brk_next_dist_0dm07mh._.js:776
[  290310ms] [LOG] [Fast Refresh] done in 216ms @ http://localhost:3000/_next/static/chunks/0brk_next_dist_0dm07mh._.js:776
[  290369ms] [LOG] [Fast Refresh] done in 216ms @ http://localhost:3000/_next/static/chunks/0brk_next_dist_0dm07mh._.js:776
[  290432ms] [LOG] [Fast Refresh] done in 216ms @ http://localhost:3000/_next/static/chunks/0brk_next_dist_0dm07mh._.js:776
[  290487ms] [LOG] [Fast Refresh] done in 216ms @ http://localhost:3000/_next/static/chunks/0brk_next_dist_0dm07mh._.js:776
[  290548ms] [LOG] [Fast Refresh] done in 216ms @ http://localhost:3000/_next/static/chunks/0brk_next_dist_0dm07mh._.js:776
[  290610ms] [LOG] [Fast Refresh] done in 216ms @ http://localhost:3000/_next/static/chunks/0brk_next_dist_0dm07mh._.js:776
[  290666ms] [LOG] [Fast Refresh] done in 216ms @ http://localhost:3000/_next/static/chunks/0brk_next_dist_0dm07mh._.js:776
[  290720ms] [LOG] [Fast Refresh] done in 216ms @ http://localhost:3000/_next/static/chunks/0brk_next_dist_0dm07mh._.js:776
[  290783ms] [LOG] [Fast Refresh] done in 216ms @ http://localhost:3000/_next/static/chunks/0brk_next_dist_0dm07mh._.js:776
[  290831ms] [LOG] [Fast Refresh] done in 216ms @ http://localhost:3000/_next/static/chunks/0brk_next_dist_0dm07mh._.js:776
[  290884ms] [LOG] [Fast Refresh] done in 216ms @ http://localhost:3000/_next/static/chunks/0brk_next_dist_0dm07mh._.js:776
[  290945ms] [LOG] [Fast Refresh] done in 216ms @ http://localhost:3000/_next/static/chunks/0brk_next_dist_0dm07mh._.js:776
[  291008ms] [LOG] [Fast Refresh] done in 216ms @ http://localhost:3000/_next/static/chunks/0brk_next_dist_0dm07mh._.js:776
[  291068ms] [LOG] [Fast Refresh] done in 216ms @ http://localhost:3000/_next/static/chunks/0brk_next_dist_0dm07mh._.js:776
[  291131ms] [LOG] [Fast Refresh] done in 216ms @ http://localhost:3000/_next/static/chunks/0brk_next_dist_0dm07mh._.js:776
[  291188ms] [LOG] [Fast Refresh] done in 216ms @ http://localhost:3000/_next/static/chunks/0brk_next_dist_0dm07mh._.js:776
[  291253ms] [LOG] [Fast Refresh] done in 216ms @ http://localhost:3000/_next/static/chunks/0brk_next_dist_0dm07mh._.js:776
[  291324ms] [LOG] [Fast Refresh] done in 216ms @ http://localhost:3000/_next/static/chunks/0brk_next_dist_0dm07mh._.js:776
[  291373ms] [LOG] [Fast Refresh] done in 216ms @ http://localhost:3000/_next/static/chunks/0brk_next_dist_0dm07mh._.js:776
[  291437ms] [LOG] [Fast Refresh] done in 216ms @ http://localhost:3000/_next/static/chunks/0brk_next_dist_0dm07mh._.js:776
[  291507ms] [LOG] [Fast Refresh] done in 216ms @ http://localhost:3000/_next/static/chunks/0brk_next_dist_0dm07mh._.js:776
[  291570ms] [LOG] [Fast Refresh] done in 216ms @ http://localhost:3000/_next/static/chunks/0brk_next_dist_0dm07mh._.js:776
[  291683ms] [LOG] [Fast Refresh] done in 216ms @ http://localhost:3000/_next/static/chunks/0brk_next_dist_0dm07mh._.js:776
[  291750ms] [LOG] [Fast Refresh] done in 216ms @ http://localhost:3000/_next/static/chunks/0brk_next_dist_0dm07mh._.js:776
[  291887ms] [LOG] [Fast Refresh] done in 216ms @ http://localhost:3000/_next/static/chunks/0brk_next_dist_0dm07mh._.js:776
[  291947ms] [LOG] [Fast Refresh] done in 216ms @ http://localhost:3000/_next/static/chunks/0brk_next_dist_0dm07mh._.js:776
[  292103ms] [LOG] [Fast Refresh] done in 216ms @ http://localhost:3000/_next/static/chunks/0brk_next_dist_0dm07mh._.js:776
[  292177ms] [LOG] [Fast Refresh] done in 216ms @ http://localhost:3000/_next/static/chunks/0brk_next_dist_0dm07mh._.js:776
[  292234ms] [LOG] [Fast Refresh] done in 216ms @ http://localhost:3000/_next/static/chunks/0brk_next_dist_0dm07mh._.js:776
[  292290ms] [LOG] [Fast Refresh] done in 216ms @ http://localhost:3000/_next/static/chunks/0brk_next_dist_0dm07mh._.js:776
[  292352ms] [LOG] [Fast Refresh] done in 216ms @ http://localhost:3000/_next/static/chunks/0brk_next_dist_0dm07mh._.js:776
[  292414ms] [LOG] [Fast Refresh] done in 216ms @ http://localhost:3000/_next/static/chunks/0brk_next_dist_0dm07mh._.js:776
[  292489ms] [LOG] [Fast Refresh] done in 216ms @ http://localhost:3000/_next/static/chunks/0brk_next_dist_0dm07mh._.js:776
[  293813ms] [LOG] [Fast Refresh] done in 216ms @ http://localhost:3000/_next/static/chunks/0brk_next_dist_0dm07mh._.js:776
[  293914ms] [LOG] [Fast Refresh] done in 216ms @ http://localhost:3000/_next/static/chunks/0brk_next_dist_0dm07mh._.js:776
[  293978ms] [LOG] [Fast Refresh] done in 216ms @ http://localhost:3000/_next/static/chunks/0brk_next_dist_0dm07mh._.js:776
[  294078ms] [LOG] [Fast Refresh] done in 216ms @ http://localhost:3000/_next/static/chunks/0brk_next_dist_0dm07mh._.js:776
[  294225ms] [LOG] [Fast Refresh] done in 216ms @ http://localhost:3000/_next/static/chunks/0brk_next_dist_0dm07mh._.js:776
[  294317ms] [LOG] [Fast Refresh] done in 216ms @ http://localhost:3000/_next/static/chunks/0brk_next_dist_0dm07mh._.js:776
[  294408ms] [LOG] [Fast Refresh] done in 216ms @ http://localhost:3000/_next/static/chunks/0brk_next_dist_0dm07mh._.js:776
[  294482ms] [LOG] [Fast Refresh] done in 216ms @ http://localhost:3000/_next/static/chunks/0brk_next_dist_0dm07mh._.js:776
[  294591ms] [LOG] [Fast Refresh] done in 216ms @ http://localhost:3000/_next/static/chunks/0brk_next_dist_0dm07mh._.js:776
[  294662ms] [LOG] [Fast Refresh] done in 216ms @ http://localhost:3000/_next/static/chunks/0brk_next_dist_0dm07mh._.js:776
[  294743ms] [LOG] [Fast Refresh] done in 216ms @ http://localhost:3000/_next/static/chunks/0brk_next_dist_0dm07mh._.js:776
[  294854ms] [LOG] [Fast Refresh] done in 216ms @ http://localhost:3000/_next/static/chunks/0brk_next_dist_0dm07mh._.js:776
[  294946ms] [LOG] [Fast Refresh] done in 216ms @ http://localhost:3000/_next/static/chunks/0brk_next_dist_0dm07mh._.js:776
[  295004ms] [LOG] [Fast Refresh] done in 216ms @ http://localhost:3000/_next/static/chunks/0brk_next_dist_0dm07mh._.js:776
[  295066ms] [LOG] [Fast Refresh] done in 216ms @ http://localhost:3000/_next/static/chunks/0brk_next_dist_0dm07mh._.js:776
[  295128ms] [LOG] [Fast Refresh] done in 216ms @ http://localhost:3000/_next/static/chunks/0brk_next_dist_0dm07mh._.js:776
[  295187ms] [LOG] [Fast Refresh] done in 216ms @ http://localhost:3000/_next/static/chunks/0brk_next_dist_0dm07mh._.js:776
[  295264ms] [LOG] [Fast Refresh] done in 216ms @ http://localhost:3000/_next/static/chunks/0brk_next_dist_0dm07mh._.js:776
[  295357ms] [LOG] [Fast Refresh] done in 216ms @ http://localhost:3000/_next/static/chunks/0brk_next_dist_0dm07mh._.js:776
[  295432ms] [LOG] [Fast Refresh] done in 216ms @ http://localhost:3000/_next/static/chunks/0brk_next_dist_0dm07mh._.js:776
[  295528ms] [LOG] [Fast Refresh] done in 216ms @ http://localhost:3000/_next/static/chunks/0brk_next_dist_0dm07mh._.js:776
[  295774ms] [LOG] [Fast Refresh] done in 216ms @ http://localhost:3000/_next/static/chunks/0brk_next_dist_0dm07mh._.js:776
[  295932ms] [LOG] [Fast Refresh] done in 216ms @ http://localhost:3000/_next/static/chunks/0brk_next_dist_0dm07mh._.js:776
[  296026ms] [LOG] [Fast Refresh] done in 216ms @ http://localhost:3000/_next/static/chunks/0brk_next_dist_0dm07mh._.js:776
[  296088ms] [LOG] [Fast Refresh] done in 216ms @ http://localhost:3000/_next/static/chunks/0brk_next_dist_0dm07mh._.js:776
[  296149ms] [LOG] [Fast Refresh] done in 216ms @ http://localhost:3000/_next/static/chunks/0brk_next_dist_0dm07mh._.js:776
[  296205ms] [LOG] [Fast Refresh] done in 216ms @ http://localhost:3000/_next/static/chunks/0brk_next_dist_0dm07mh._.js:776
[  296267ms] [LOG] [Fast Refresh] done in 216ms @ http://localhost:3000/_next/static/chunks/0brk_next_dist_0dm07mh._.js:776
[  296329ms] [LOG] [Fast Refresh] done in 216ms @ http://localhost:3000/_next/static/chunks/0brk_next_dist_0dm07mh._.js:776
[  296385ms] [LOG] [Fast Refresh] done in 216ms @ http://localhost:3000/_next/static/chunks/0brk_next_dist_0dm07mh._.js:776
[  296448ms] [LOG] [Fast Refresh] done in 216ms @ http://localhost:3000/_next/static/chunks/0brk_next_dist_0dm07mh._.js:776
[  296505ms] [LOG] [Fast Refresh] done in 216ms @ http://localhost:3000/_next/static/chunks/0brk_next_dist_0dm07mh._.js:776
[  296567ms] [LOG] [Fast Refresh] done in 216ms @ http://localhost:3000/_next/static/chunks/0brk_next_dist_0dm07mh._.js:776
[  296628ms] [LOG] [Fast Refresh] done in 216ms @ http://localhost:3000/_next/static/chunks/0brk_next_dist_0dm07mh._.js:776
[  296695ms] [LOG] [Fast Refresh] done in 216ms @ http://localhost:3000/_next/static/chunks/0brk_next_dist_0dm07mh._.js:776
[  296873ms] [LOG] [Fast Refresh] done in 216ms @ http://localhost:3000/_next/static/chunks/0brk_next_dist_0dm07mh._.js:776
[  297255ms] [LOG] [Fast Refresh] done in 216ms @ http://localhost:3000/_next/static/chunks/0brk_next_dist_0dm07mh._.js:776
[  297336ms] [LOG] [Fast Refresh] done in 216ms @ http://localhost:3000/_next/static/chunks/0brk_next_dist_0dm07mh._.js:776
[  297483ms] [LOG] [Fast Refresh] done in 216ms @ http://localhost:3000/_next/static/chunks/0brk_next_dist_0dm07mh._.js:776
[  297694ms] [LOG] [Fast Refresh] done in 216ms @ http://localhost:3000/_next/static/chunks/0brk_next_dist_0dm07mh._.js:776
[  297777ms] [LOG] [Fast Refresh] done in 216ms @ http://localhost:3000/_next/static/chunks/0brk_next_dist_0dm07mh._.js:776
[  297851ms] [LOG] [Fast Refresh] done in 216ms @ http://localhost:3000/_next/static/chunks/0brk_next_dist_0dm07mh._.js:776
[  297930ms] [LOG] [Fast Refresh] done in 216ms @ http://localhost:3000/_next/static/chunks/0brk_next_dist_0dm07mh._.js:776
[  297992ms] [LOG] [Fast Refresh] done in 216ms @ http://localhost:3000/_next/static/chunks/0brk_next_dist_0dm07mh._.js:776
[  298195ms] [LOG] [Fast Refresh] done in 216ms @ http://localhost:3000/_next/static/chunks/0brk_next_dist_0dm07mh._.js:776
[  298261ms] [LOG] [Fast Refresh] done in 216ms @ http://localhost:3000/_next/static/chunks/0brk_next_dist_0dm07mh._.js:776
[  298392ms] [LOG] [Fast Refresh] done in 216ms @ http://localhost:3000/_next/static/chunks/0brk_next_dist_0dm07mh._.js:776
[  298476ms] [LOG] [Fast Refresh] done in 216ms @ http://localhost:3000/_next/static/chunks/0brk_next_dist_0dm07mh._.js:776
[  298602ms] [LOG] [Fast Refresh] done in 216ms @ http://localhost:3000/_next/static/chunks/0brk_next_dist_0dm07mh._.js:776
[  298696ms] [LOG] [Fast Refresh] done in 216ms @ http://localhost:3000/_next/static/chunks/0brk_next_dist_0dm07mh._.js:776
[  298771ms] [LOG] [Fast Refresh] done in 216ms @ http://localhost:3000/_next/static/chunks/0brk_next_dist_0dm07mh._.js:776
[  298844ms] [LOG] [Fast Refresh] done in 216ms @ http://localhost:3000/_next/static/chunks/0brk_next_dist_0dm07mh._.js:776
[  299005ms] [LOG] [Fast Refresh] done in 216ms @ http://localhost:3000/_next/static/chunks/0brk_next_dist_0dm07mh._.js:776
[  299070ms] [LOG] [Fast Refresh] done in 216ms @ http://localhost:3000/_next/static/chunks/0brk_next_dist_0dm07mh._.js:776
[  299146ms] [LOG] [Fast Refresh] done in 216ms @ http://localhost:3000/_next/static/chunks/0brk_next_dist_0dm07mh._.js:776
[  299216ms] [LOG] [Fast Refresh] done in 216ms @ http://localhost:3000/_next/static/chunks/0brk_next_dist_0dm07mh._.js:776
[  299282ms] [LOG] [Fast Refresh] done in 216ms @ http://localhost:3000/_next/static/chunks/0brk_next_dist_0dm07mh._.js:776
[  299343ms] [LOG] [Fast Refresh] done in 216ms @ http://localhost:3000/_next/static/chunks/0brk_next_dist_0dm07mh._.js:776
[  299437ms] [LOG] [Fast Refresh] done in 216ms @ http://localhost:3000/_next/static/chunks/0brk_next_dist_0dm07mh._.js:776
[  299528ms] [LOG] [Fast Refresh] done in 216ms @ http://localhost:3000/_next/static/chunks/0brk_next_dist_0dm07mh._.js:776
[  300257ms] [LOG] [Fast Refresh] done in 216ms @ http://localhost:3000/_next/static/chunks/0brk_next_dist_0dm07mh._.js:776
[  300724ms] [LOG] [Fast Refresh] done in 216ms @ http://localhost:3000/_next/static/chunks/0brk_next_dist_0dm07mh._.js:776
[  300825ms] [LOG] [Fast Refresh] done in 216ms @ http://localhost:3000/_next/static/chunks/0brk_next_dist_0dm07mh._.js:776
[  300926ms] [LOG] [Fast Refresh] done in 216ms @ http://localhost:3000/_next/static/chunks/0brk_next_dist_0dm07mh._.js:776
[  301019ms] [LOG] [Fast Refresh] done in 216ms @ http://localhost:3000/_next/static/chunks/0brk_next_dist_0dm07mh._.js:776
[  301154ms] [LOG] [Fast Refresh] done in 216ms @ http://localhost:3000/_next/static/chunks/0brk_next_dist_0dm07mh._.js:776
[  301304ms] [LOG] [Fast Refresh] done in 216ms @ http://localhost:3000/_next/static/chunks/0brk_next_dist_0dm07mh._.js:776
[  301446ms] [LOG] [Fast Refresh] done in 216ms @ http://localhost:3000/_next/static/chunks/0brk_next_dist_0dm07mh._.js:776
[  301529ms] [LOG] [Fast Refresh] done in 216ms @ http://localhost:3000/_next/static/chunks/0brk_next_dist_0dm07mh._.js:776
[  301849ms] [LOG] [Fast Refresh] done in 216ms @ http://localhost:3000/_next/static/chunks/0brk_next_dist_0dm07mh._.js:776
[  301966ms] [LOG] [Fast Refresh] done in 216ms @ http://localhost:3000/_next/static/chunks/0brk_next_dist_0dm07mh._.js:776
[  302190ms] [LOG] [Fast Refresh] done in 216ms @ http://localhost:3000/_next/static/chunks/0brk_next_dist_0dm07mh._.js:776
[  302455ms] [LOG] [Fast Refresh] done in 216ms @ http://localhost:3000/_next/static/chunks/0brk_next_dist_0dm07mh._.js:776
[  302541ms] [LOG] [Fast Refresh] done in 216ms @ http://localhost:3000/_next/static/chunks/0brk_next_dist_0dm07mh._.js:776
[  302674ms] [LOG] [Fast Refresh] done in 216ms @ http://localhost:3000/_next/static/chunks/0brk_next_dist_0dm07mh._.js:776
[  302739ms] [LOG] [Fast Refresh] done in 216ms @ http://localhost:3000/_next/static/chunks/0brk_next_dist_0dm07mh._.js:776
[  302805ms] [LOG] [Fast Refresh] done in 216ms @ http://localhost:3000/_next/static/chunks/0brk_next_dist_0dm07mh._.js:776
[  302947ms] [LOG] [Fast Refresh] done in 216ms @ http://localhost:3000/_next/static/chunks/0brk_next_dist_0dm07mh._.js:776
[  303032ms] [LOG] [Fast Refresh] done in 216ms @ http://localhost:3000/_next/static/chunks/0brk_next_dist_0dm07mh._.js:776
[  303117ms] [LOG] [Fast Refresh] done in 216ms @ http://localhost:3000/_next/static/chunks/0brk_next_dist_0dm07mh._.js:776
[  303187ms] [LOG] [Fast Refresh] done in 216ms @ http://localhost:3000/_next/static/chunks/0brk_next_dist_0dm07mh._.js:776
[  303249ms] [LOG] [Fast Refresh] done in 216ms @ http://localhost:3000/_next/static/chunks/0brk_next_dist_0dm07mh._.js:776
[  303299ms] [LOG] [Fast Refresh] done in 216ms @ http://localhost:3000/_next/static/chunks/0brk_next_dist_0dm07mh._.js:776
[  303361ms] [LOG] [Fast Refresh] done in 216ms @ http://localhost:3000/_next/static/chunks/0brk_next_dist_0dm07mh._.js:776
[  303414ms] [LOG] [Fast Refresh] done in 216ms @ http://localhost:3000/_next/static/chunks/0brk_next_dist_0dm07mh._.js:776
[  303477ms] [LOG] [Fast Refresh] done in 216ms @ http://localhost:3000/_next/static/chunks/0brk_next_dist_0dm07mh._.js:776
[  303540ms] [LOG] [Fast Refresh] done in 216ms @ http://localhost:3000/_next/static/chunks/0brk_next_dist_0dm07mh._.js:776
[  303637ms] [LOG] [Fast Refresh] done in 216ms @ http://localhost:3000/_next/static/chunks/0brk_next_dist_0dm07mh._.js:776
[  304629ms] [LOG] [Fast Refresh] done in 216ms @ http://localhost:3000/_next/static/chunks/0brk_next_dist_0dm07mh._.js:776
[  304726ms] [LOG] [Fast Refresh] done in 216ms @ http://localhost:3000/_next/static/chunks/0brk_next_dist_0dm07mh._.js:776
[  304784ms] [LOG] [Fast Refresh] done in 216ms @ http://localhost:3000/_next/static/chunks/0brk_next_dist_0dm07mh._.js:776
[  304846ms] [LOG] [Fast Refresh] done in 216ms @ http://localhost:3000/_next/static/chunks/0brk_next_dist_0dm07mh._.js:776
[  304899ms] [LOG] [Fast Refresh] done in 216ms @ http://localhost:3000/_next/static/chunks/0brk_next_dist_0dm07mh._.js:776
[  304963ms] [LOG] [Fast Refresh] done in 216ms @ http://localhost:3000/_next/static/chunks/0brk_next_dist_0dm07mh._.js:776
[  305016ms] [LOG] [Fast Refresh] done in 216ms @ http://localhost:3000/_next/static/chunks/0brk_next_dist_0dm07mh._.js:776
[  305093ms] [LOG] [Fast Refresh] done in 216ms @ http://localhost:3000/_next/static/chunks/0brk_next_dist_0dm07mh._.js:776
[  305228ms] [LOG] [Fast Refresh] done in 216ms @ http://localhost:3000/_next/static/chunks/0brk_next_dist_0dm07mh._.js:776
[  305364ms] [LOG] [Fast Refresh] done in 216ms @ http://localhost:3000/_next/static/chunks/0brk_next_dist_0dm07mh._.js:776
[  305475ms] [LOG] [Fast Refresh] done in 216ms @ http://localhost:3000/_next/static/chunks/0brk_next_dist_0dm07mh._.js:776
[  305548ms] [LOG] [Fast Refresh] done in 216ms @ http://localhost:3000/_next/static/chunks/0brk_next_dist_0dm07mh._.js:776
[  305614ms] [LOG] [Fast Refresh] done in 216ms @ http://localhost:3000/_next/static/chunks/0brk_next_dist_0dm07mh._.js:776
[  305669ms] [LOG] [Fast Refresh] done in 216ms @ http://localhost:3000/_next/static/chunks/0brk_next_dist_0dm07mh._.js:776
[  305730ms] [LOG] [Fast Refresh] done in 216ms @ http://localhost:3000/_next/static/chunks/0brk_next_dist_0dm07mh._.js:776
[  305791ms] [LOG] [Fast Refresh] done in 216ms @ http://localhost:3000/_next/static/chunks/0brk_next_dist_0dm07mh._.js:776
[  305852ms] [LOG] [Fast Refresh] done in 216ms @ http://localhost:3000/_next/static/chunks/0brk_next_dist_0dm07mh._.js:776
[  305915ms] [LOG] [Fast Refresh] done in 216ms @ http://localhost:3000/_next/static/chunks/0brk_next_dist_0dm07mh._.js:776
[  305968ms] [LOG] [Fast Refresh] done in 216ms @ http://localhost:3000/_next/static/chunks/0brk_next_dist_0dm07mh._.js:776
[  306032ms] [LOG] [Fast Refresh] done in 216ms @ http://localhost:3000/_next/static/chunks/0brk_next_dist_0dm07mh._.js:776
[  306087ms] [LOG] [Fast Refresh] done in 216ms @ http://localhost:3000/_next/static/chunks/0brk_next_dist_0dm07mh._.js:776
[  306163ms] [LOG] [Fast Refresh] done in 216ms @ http://localhost:3000/_next/static/chunks/0brk_next_dist_0dm07mh._.js:776
[  306230ms] [LOG] [Fast Refresh] done in 216ms @ http://localhost:3000/_next/static/chunks/0brk_next_dist_0dm07mh._.js:776
[  306313ms] [LOG] [Fast Refresh] done in 216ms @ http://localhost:3000/_next/static/chunks/0brk_next_dist_0dm07mh._.js:776
[  306543ms] [LOG] [Fast Refresh] rebuilding @ http://localhost:3000/_next/static/chunks/0brk_next_dist_0dm07mh._.js:776
[  306916ms] [LOG] [Fast Refresh] done in 451ms @ http://localhost:3000/_next/static/chunks/0brk_next_dist_0dm07mh._.js:776
[  307098ms] [LOG] [Fast Refresh] done in 451ms @ http://localhost:3000/_next/static/chunks/0brk_next_dist_0dm07mh._.js:776
[  307100ms] [LOG] [Fast Refresh] done in 451ms @ http://localhost:3000/_next/static/chunks/0brk_next_dist_0dm07mh._.js:776
[  307433ms] [LOG] [Fast Refresh] done in 451ms @ http://localhost:3000/_next/static/chunks/0brk_next_dist_0dm07mh._.js:776
[  307643ms] [LOG] [Fast Refresh] done in 451ms @ http://localhost:3000/_next/static/chunks/0brk_next_dist_0dm07mh._.js:776
[  307856ms] [LOG] [Fast Refresh] done in 451ms @ http://localhost:3000/_next/static/chunks/0brk_next_dist_0dm07mh._.js:776
[  308042ms] [LOG] [Fast Refresh] done in 451ms @ http://localhost:3000/_next/static/chunks/0brk_next_dist_0dm07mh._.js:776
[  308117ms] [LOG] [Fast Refresh] done in 451ms @ http://localhost:3000/_next/static/chunks/0brk_next_dist_0dm07mh._.js:776
[  308252ms] [LOG] [Fast Refresh] done in 451ms @ http://localhost:3000/_next/static/chunks/0brk_next_dist_0dm07mh._.js:776
[  308433ms] [LOG] [Fast Refresh] done in 451ms @ http://localhost:3000/_next/static/chunks/0brk_next_dist_0dm07mh._.js:776
[  308541ms] [LOG] [Fast Refresh] done in 451ms @ http://localhost:3000/_next/static/chunks/0brk_next_dist_0dm07mh._.js:776
[  308611ms] [LOG] [Fast Refresh] done in 451ms @ http://localhost:3000/_next/static/chunks/0brk_next_dist_0dm07mh._.js:776
[  308692ms] [LOG] [Fast Refresh] done in 451ms @ http://localhost:3000/_next/static/chunks/0brk_next_dist_0dm07mh._.js:776
[  308771ms] [LOG] [Fast Refresh] done in 451ms @ http://localhost:3000/_next/static/chunks/0brk_next_dist_0dm07mh._.js:776
[  308852ms] [LOG] [Fast Refresh] done in 451ms @ http://localhost:3000/_next/static/chunks/0brk_next_dist_0dm07mh._.js:776
[  308916ms] [LOG] [Fast Refresh] done in 451ms @ http://localhost:3000/_next/static/chunks/0brk_next_dist_0dm07mh._.js:776
[  309002ms] [LOG] [Fast Refresh] done in 451ms @ http://localhost:3000/_next/static/chunks/0brk_next_dist_0dm07mh._.js:776
[  309061ms] [LOG] [Fast Refresh] done in 451ms @ http://localhost:3000/_next/static/chunks/0brk_next_dist_0dm07mh._.js:776
[  309133ms] [LOG] [Fast Refresh] done in 451ms @ http://localhost:3000/_next/static/chunks/0brk_next_dist_0dm07mh._.js:776
[  309234ms] [LOG] [Fast Refresh] done in 451ms @ http://localhost:3000/_next/static/chunks/0brk_next_dist_0dm07mh._.js:776
[  309289ms] [LOG] [Fast Refresh] done in 451ms @ http://localhost:3000/_next/static/chunks/0brk_next_dist_0dm07mh._.js:776
[  309379ms] [LOG] [Fast Refresh] done in 451ms @ http://localhost:3000/_next/static/chunks/0brk_next_dist_0dm07mh._.js:776
[  309451ms] [LOG] [Fast Refresh] done in 451ms @ http://localhost:3000/_next/static/chunks/0brk_next_dist_0dm07mh._.js:776
[  309502ms] [LOG] [Fast Refresh] done in 451ms @ http://localhost:3000/_next/static/chunks/0brk_next_dist_0dm07mh._.js:776
[  309563ms] [LOG] [Fast Refresh] done in 451ms @ http://localhost:3000/_next/static/chunks/0brk_next_dist_0dm07mh._.js:776
[  309606ms] [LOG] [Fast Refresh] done in 451ms @ http://localhost:3000/_next/static/chunks/0brk_next_dist_0dm07mh._.js:776
[  309668ms] [LOG] [Fast Refresh] done in 451ms @ http://localhost:3000/_next/static/chunks/0brk_next_dist_0dm07mh._.js:776
[  309730ms] [LOG] [Fast Refresh] done in 451ms @ http://localhost:3000/_next/static/chunks/0brk_next_dist_0dm07mh._.js:776
[  309784ms] [LOG] [Fast Refresh] done in 451ms @ http://localhost:3000/_next/static/chunks/0brk_next_dist_0dm07mh._.js:776
[  309831ms] [LOG] [Fast Refresh] done in 451ms @ http://localhost:3000/_next/static/chunks/0brk_next_dist_0dm07mh._.js:776
[  309882ms] [LOG] [Fast Refresh] done in 451ms @ http://localhost:3000/_next/static/chunks/0brk_next_dist_0dm07mh._.js:776
[  309939ms] [LOG] [Fast Refresh] done in 451ms @ http://localhost:3000/_next/static/chunks/0brk_next_dist_0dm07mh._.js:776
[  309994ms] [LOG] [Fast Refresh] done in 451ms @ http://localhost:3000/_next/static/chunks/0brk_next_dist_0dm07mh._.js:776
[  310055ms] [LOG] [Fast Refresh] done in 451ms @ http://localhost:3000/_next/static/chunks/0brk_next_dist_0dm07mh._.js:776
[  310138ms] [LOG] [Fast Refresh] done in 451ms @ http://localhost:3000/_next/static/chunks/0brk_next_dist_0dm07mh._.js:776
[  310196ms] [LOG] [Fast Refresh] done in 451ms @ http://localhost:3000/_next/static/chunks/0brk_next_dist_0dm07mh._.js:776
[  310265ms] [LOG] [Fast Refresh] done in 451ms @ http://localhost:3000/_next/static/chunks/0brk_next_dist_0dm07mh._.js:776
[  310331ms] [LOG] [Fast Refresh] done in 451ms @ http://localhost:3000/_next/static/chunks/0brk_next_dist_0dm07mh._.js:776
[  310385ms] [LOG] [Fast Refresh] done in 451ms @ http://localhost:3000/_next/static/chunks/0brk_next_dist_0dm07mh._.js:776
[  310453ms] [LOG] [Fast Refresh] done in 451ms @ http://localhost:3000/_next/static/chunks/0brk_next_dist_0dm07mh._.js:776
[  310516ms] [LOG] [Fast Refresh] done in 451ms @ http://localhost:3000/_next/static/chunks/0brk_next_dist_0dm07mh._.js:776
[  310600ms] [LOG] [Fast Refresh] done in 451ms @ http://localhost:3000/_next/static/chunks/0brk_next_dist_0dm07mh._.js:776
[  310650ms] [LOG] [Fast Refresh] done in 451ms @ http://localhost:3000/_next/static/chunks/0brk_next_dist_0dm07mh._.js:776
[  310699ms] [LOG] [Fast Refresh] done in 451ms @ http://localhost:3000/_next/static/chunks/0brk_next_dist_0dm07mh._.js:776
[  310749ms] [LOG] [Fast Refresh] done in 451ms @ http://localhost:3000/_next/static/chunks/0brk_next_dist_0dm07mh._.js:776
[  310798ms] [LOG] [Fast Refresh] done in 451ms @ http://localhost:3000/_next/static/chunks/0brk_next_dist_0dm07mh._.js:776
[  310852ms] [LOG] [Fast Refresh] done in 451ms @ http://localhost:3000/_next/static/chunks/0brk_next_dist_0dm07mh._.js:776
[  310902ms] [LOG] [Fast Refresh] done in 451ms @ http://localhost:3000/_next/static/chunks/0brk_next_dist_0dm07mh._.js:776
[  310954ms] [LOG] [Fast Refresh] done in 451ms @ http://localhost:3000/_next/static/chunks/0brk_next_dist_0dm07mh._.js:776
[  311016ms] [LOG] [Fast Refresh] done in 451ms @ http://localhost:3000/_next/static/chunks/0brk_next_dist_0dm07mh._.js:776
[  311082ms] [LOG] [Fast Refresh] done in 451ms @ http://localhost:3000/_next/static/chunks/0brk_next_dist_0dm07mh._.js:776
[  311145ms] [LOG] [Fast Refresh] done in 451ms @ http://localhost:3000/_next/static/chunks/0brk_next_dist_0dm07mh._.js:776
[  311199ms] [LOG] [Fast Refresh] done in 451ms @ http://localhost:3000/_next/static/chunks/0brk_next_dist_0dm07mh._.js:776
[  311259ms] [LOG] [Fast Refresh] done in 451ms @ http://localhost:3000/_next/static/chunks/0brk_next_dist_0dm07mh._.js:776
[  311319ms] [LOG] [Fast Refresh] done in 451ms @ http://localhost:3000/_next/static/chunks/0brk_next_dist_0dm07mh._.js:776
[  311432ms] [LOG] [Fast Refresh] done in 451ms @ http://localhost:3000/_next/static/chunks/0brk_next_dist_0dm07mh._.js:776
[  311507ms] [LOG] [Fast Refresh] done in 451ms @ http://localhost:3000/_next/static/chunks/0brk_next_dist_0dm07mh._.js:776
[  311571ms] [LOG] [Fast Refresh] done in 451ms @ http://localhost:3000/_next/static/chunks/0brk_next_dist_0dm07mh._.js:776
[  311643ms] [LOG] [Fast Refresh] done in 451ms @ http://localhost:3000/_next/static/chunks/0brk_next_dist_0dm07mh._.js:776
[  311692ms] [LOG] [Fast Refresh] done in 451ms @ http://localhost:3000/_next/static/chunks/0brk_next_dist_0dm07mh._.js:776
[  311770ms] [LOG] [Fast Refresh] done in 451ms @ http://localhost:3000/_next/static/chunks/0brk_next_dist_0dm07mh._.js:776
[  311834ms] [LOG] [Fast Refresh] done in 451ms @ http://localhost:3000/_next/static/chunks/0brk_next_dist_0dm07mh._.js:776
[  311885ms] [LOG] [Fast Refresh] done in 451ms @ http://localhost:3000/_next/static/chunks/0brk_next_dist_0dm07mh._.js:776
[  311948ms] [LOG] [Fast Refresh] done in 451ms @ http://localhost:3000/_next/static/chunks/0brk_next_dist_0dm07mh._.js:776
[  312003ms] [LOG] [Fast Refresh] done in 451ms @ http://localhost:3000/_next/static/chunks/0brk_next_dist_0dm07mh._.js:776
[  312067ms] [LOG] [Fast Refresh] done in 451ms @ http://localhost:3000/_next/static/chunks/0brk_next_dist_0dm07mh._.js:776
[  312138ms] [LOG] [Fast Refresh] done in 451ms @ http://localhost:3000/_next/static/chunks/0brk_next_dist_0dm07mh._.js:776
[  312187ms] [LOG] [Fast Refresh] done in 451ms @ http://localhost:3000/_next/static/chunks/0brk_next_dist_0dm07mh._.js:776
[  312247ms] [LOG] [Fast Refresh] done in 451ms @ http://localhost:3000/_next/static/chunks/0brk_next_dist_0dm07mh._.js:776
[  312310ms] [LOG] [Fast Refresh] done in 451ms @ http://localhost:3000/_next/static/chunks/0brk_next_dist_0dm07mh._.js:776
[  312369ms] [LOG] [Fast Refresh] done in 451ms @ http://localhost:3000/_next/static/chunks/0brk_next_dist_0dm07mh._.js:776
[  312430ms] [LOG] [Fast Refresh] done in 451ms @ http://localhost:3000/_next/static/chunks/0brk_next_dist_0dm07mh._.js:776
[  312486ms] [LOG] [Fast Refresh] done in 451ms @ http://localhost:3000/_next/static/chunks/0brk_next_dist_0dm07mh._.js:776
[  312565ms] [LOG] [Fast Refresh] done in 451ms @ http://localhost:3000/_next/static/chunks/0brk_next_dist_0dm07mh._.js:776
[  312632ms] [LOG] [Fast Refresh] done in 451ms @ http://localhost:3000/_next/static/chunks/0brk_next_dist_0dm07mh._.js:776
[  312745ms] [LOG] [Fast Refresh] done in 451ms @ http://localhost:3000/_next/static/chunks/0brk_next_dist_0dm07mh._.js:776
[  313342ms] [LOG] [Fast Refresh] done in 451ms @ http://localhost:3000/_next/static/chunks/0brk_next_dist_0dm07mh._.js:776
[  313500ms] [LOG] [Fast Refresh] done in 451ms @ http://localhost:3000/_next/static/chunks/0brk_next_dist_0dm07mh._.js:776
[  313810ms] [LOG] [Fast Refresh] done in 451ms @ http://localhost:3000/_next/static/chunks/0brk_next_dist_0dm07mh._.js:776
[  313868ms] [LOG] [Fast Refresh] done in 451ms @ http://localhost:3000/_next/static/chunks/0brk_next_dist_0dm07mh._.js:776
[  313932ms] [LOG] [Fast Refresh] done in 451ms @ http://localhost:3000/_next/static/chunks/0brk_next_dist_0dm07mh._.js:776
[  313986ms] [LOG] [Fast Refresh] done in 451ms @ http://localhost:3000/_next/static/chunks/0brk_next_dist_0dm07mh._.js:776
[  314049ms] [LOG] [Fast Refresh] done in 451ms @ http://localhost:3000/_next/static/chunks/0brk_next_dist_0dm07mh._.js:776
[  314118ms] [LOG] [Fast Refresh] done in 451ms @ http://localhost:3000/_next/static/chunks/0brk_next_dist_0dm07mh._.js:776
[  314167ms] [LOG] [Fast Refresh] done in 451ms @ http://localhost:3000/_next/static/chunks/0brk_next_dist_0dm07mh._.js:776
[  314232ms] [LOG] [Fast Refresh] done in 451ms @ http://localhost:3000/_next/static/chunks/0brk_next_dist_0dm07mh._.js:776
[  314310ms] [LOG] [Fast Refresh] done in 451ms @ http://localhost:3000/_next/static/chunks/0brk_next_dist_0dm07mh._.js:776
[  314386ms] [LOG] [Fast Refresh] done in 451ms @ http://localhost:3000/_next/static/chunks/0brk_next_dist_0dm07mh._.js:776
[  314452ms] [LOG] [Fast Refresh] done in 451ms @ http://localhost:3000/_next/static/chunks/0brk_next_dist_0dm07mh._.js:776
[  314535ms] [LOG] [Fast Refresh] done in 451ms @ http://localhost:3000/_next/static/chunks/0brk_next_dist_0dm07mh._.js:776
[  314631ms] [LOG] [Fast Refresh] done in 451ms @ http://localhost:3000/_next/static/chunks/0brk_next_dist_0dm07mh._.js:776
[  314693ms] [LOG] [Fast Refresh] done in 451ms @ http://localhost:3000/_next/static/chunks/0brk_next_dist_0dm07mh._.js:776
[  314753ms] [LOG] [Fast Refresh] done in 451ms @ http://localhost:3000/_next/static/chunks/0brk_next_dist_0dm07mh._.js:776
[  314813ms] [LOG] [Fast Refresh] done in 451ms @ http://localhost:3000/_next/static/chunks/0brk_next_dist_0dm07mh._.js:776
[  314869ms] [LOG] [Fast Refresh] done in 451ms @ http://localhost:3000/_next/static/chunks/0brk_next_dist_0dm07mh._.js:776
[  314936ms] [LOG] [Fast Refresh] done in 451ms @ http://localhost:3000/_next/static/chunks/0brk_next_dist_0dm07mh._.js:776
[  314997ms] [LOG] [Fast Refresh] done in 451ms @ http://localhost:3000/_next/static/chunks/0brk_next_dist_0dm07mh._.js:776
[  315054ms] [LOG] [Fast Refresh] done in 451ms @ http://localhost:3000/_next/static/chunks/0brk_next_dist_0dm07mh._.js:776
[  315102ms] [LOG] [Fast Refresh] done in 451ms @ http://localhost:3000/_next/static/chunks/0brk_next_dist_0dm07mh._.js:776
[  315149ms] [LOG] [Fast Refresh] done in 451ms @ http://localhost:3000/_next/static/chunks/0brk_next_dist_0dm07mh._.js:776
[  315230ms] [LOG] [Fast Refresh] done in 451ms @ http://localhost:3000/_next/static/chunks/0brk_next_dist_0dm07mh._.js:776
[  315435ms] [LOG] [Fast Refresh] done in 451ms @ http://localhost:3000/_next/static/chunks/0brk_next_dist_0dm07mh._.js:776
[  315799ms] [LOG] [Fast Refresh] done in 451ms @ http://localhost:3000/_next/static/chunks/0brk_next_dist_0dm07mh._.js:776
[  316382ms] [LOG] [Fast Refresh] done in 451ms @ http://localhost:3000/_next/static/chunks/0brk_next_dist_0dm07mh._.js:776
[  316485ms] [LOG] [Fast Refresh] done in 451ms @ http://localhost:3000/_next/static/chunks/0brk_next_dist_0dm07mh._.js:776
[  316547ms] [LOG] [Fast Refresh] done in 451ms @ http://localhost:3000/_next/static/chunks/0brk_next_dist_0dm07mh._.js:776
[  316603ms] [LOG] [Fast Refresh] done in 451ms @ http://localhost:3000/_next/static/chunks/0brk_next_dist_0dm07mh._.js:776
[  316667ms] [LOG] [Fast Refresh] done in 451ms @ http://localhost:3000/_next/static/chunks/0brk_next_dist_0dm07mh._.js:776
[  316722ms] [LOG] [Fast Refresh] done in 451ms @ http://localhost:3000/_next/static/chunks/0brk_next_dist_0dm07mh._.js:776
[  316785ms] [LOG] [Fast Refresh] done in 451ms @ http://localhost:3000/_next/static/chunks/0brk_next_dist_0dm07mh._.js:776
[  316864ms] [LOG] [Fast Refresh] done in 451ms @ http://localhost:3000/_next/static/chunks/0brk_next_dist_0dm07mh._.js:776
[  316972ms] [LOG] [Fast Refresh] done in 451ms @ http://localhost:3000/_next/static/chunks/0brk_next_dist_0dm07mh._.js:776
[  317031ms] [LOG] [Fast Refresh] done in 451ms @ http://localhost:3000/_next/static/chunks/0brk_next_dist_0dm07mh._.js:776
[  317090ms] [LOG] [Fast Refresh] done in 451ms @ http://localhost:3000/_next/static/chunks/0brk_next_dist_0dm07mh._.js:776
[  317149ms] [LOG] [Fast Refresh] done in 451ms @ http://localhost:3000/_next/static/chunks/0brk_next_dist_0dm07mh._.js:776
[  317213ms] [LOG] [Fast Refresh] done in 451ms @ http://localhost:3000/_next/static/chunks/0brk_next_dist_0dm07mh._.js:776
[  317278ms] [LOG] [Fast Refresh] done in 451ms @ http://localhost:3000/_next/static/chunks/0brk_next_dist_0dm07mh._.js:776
[  317394ms] [LOG] [Fast Refresh] done in 451ms @ http://localhost:3000/_next/static/chunks/0brk_next_dist_0dm07mh._.js:776
[  317658ms] [LOG] [Fast Refresh] done in 451ms @ http://localhost:3000/_next/static/chunks/0brk_next_dist_0dm07mh._.js:776
[  317932ms] [LOG] [Fast Refresh] done in 451ms @ http://localhost:3000/_next/static/chunks/0brk_next_dist_0dm07mh._.js:776
[  317993ms] [LOG] [Fast Refresh] done in 451ms @ http://localhost:3000/_next/static/chunks/0brk_next_dist_0dm07mh._.js:776
[  318055ms] [LOG] [Fast Refresh] done in 451ms @ http://localhost:3000/_next/static/chunks/0brk_next_dist_0dm07mh._.js:776
[  318115ms] [LOG] [Fast Refresh] done in 451ms @ http://localhost:3000/_next/static/chunks/0brk_next_dist_0dm07mh._.js:776
[  318177ms] [LOG] [Fast Refresh] done in 451ms @ http://localhost:3000/_next/static/chunks/0brk_next_dist_0dm07mh._.js:776
[  318239ms] [LOG] [Fast Refresh] done in 451ms @ http://localhost:3000/_next/static/chunks/0brk_next_dist_0dm07mh._.js:776
[  319022ms] [LOG] [Fast Refresh] done in 451ms @ http://localhost:3000/_next/static/chunks/0brk_next_dist_0dm07mh._.js:776
[  319177ms] [LOG] [Fast Refresh] done in 451ms @ http://localhost:3000/_next/static/chunks/0brk_next_dist_0dm07mh._.js:776
[  319419ms] [LOG] [Fast Refresh] done in 451ms @ http://localhost:3000/_next/static/chunks/0brk_next_dist_0dm07mh._.js:776
[  319495ms] [LOG] [Fast Refresh] done in 451ms @ http://localhost:3000/_next/static/chunks/0brk_next_dist_0dm07mh._.js:776
[  319565ms] [LOG] [Fast Refresh] done in 451ms @ http://localhost:3000/_next/static/chunks/0brk_next_dist_0dm07mh._.js:776
[  319743ms] [LOG] [Fast Refresh] done in 451ms @ http://localhost:3000/_next/static/chunks/0brk_next_dist_0dm07mh._.js:776
[  319814ms] [LOG] [Fast Refresh] done in 451ms @ http://localhost:3000/_next/static/chunks/0brk_next_dist_0dm07mh._.js:776
[  320189ms] [LOG] [Fast Refresh] done in 451ms @ http://localhost:3000/_next/static/chunks/0brk_next_dist_0dm07mh._.js:776
[  320292ms] [LOG] [Fast Refresh] done in 451ms @ http://localhost:3000/_next/static/chunks/0brk_next_dist_0dm07mh._.js:776
[  320433ms] [LOG] [Fast Refresh] done in 451ms @ http://localhost:3000/_next/static/chunks/0brk_next_dist_0dm07mh._.js:776
[  332207ms] [LOG] [Fast Refresh] rebuilding @ http://localhost:3000/_next/static/chunks/0brk_next_dist_0dm07mh._.js:776
[  332966ms] [LOG] [Fast Refresh] done in 867ms @ http://localhost:3000/_next/static/chunks/0brk_next_dist_0dm07mh._.js:776
[  347443ms] [LOG] [Fast Refresh] rebuilding @ http://localhost:3000/_next/static/chunks/0brk_next_dist_0dm07mh._.js:776
[  347564ms] [LOG] [Fast Refresh] done in 224ms @ http://localhost:3000/_next/static/chunks/0brk_next_dist_0dm07mh._.js:776
[  348053ms] [LOG] [Fast Refresh] rebuilding @ http://localhost:3000/_next/static/chunks/0brk_next_dist_0dm07mh._.js:776
[  348164ms] [LOG] [Fast Refresh] done in 219ms @ http://localhost:3000/_next/static/chunks/0brk_next_dist_0dm07mh._.js:776
[  410517ms] [LOG] [Fast Refresh] rebuilding @ http://localhost:3000/_next/static/chunks/0brk_next_dist_0dm07mh._.js:776
[  410589ms] [LOG] [Fast Refresh] done in 176ms @ http://localhost:3000/_next/static/chunks/0brk_next_dist_0dm07mh._.js:776
[  413834ms] [LOG] [Fast Refresh] rebuilding @ http://localhost:3000/_next/static/chunks/0brk_next_dist_0dm07mh._.js:776
[  413950ms] [LOG] [Fast Refresh] done in 230ms @ http://localhost:3000/_next/static/chunks/0brk_next_dist_0dm07mh._.js:776
[  461798ms] [LOG] [Fast Refresh] rebuilding @ http://localhost:3000/_next/static/chunks/0brk_next_dist_0dm07mh._.js:776
[  462213ms] [LOG] [Fast Refresh] done in 288ms @ http://localhost:3000/_next/static/chunks/0brk_next_dist_0dm07mh._.js:776
[  462475ms] [LOG] [Fast Refresh] done in 288ms @ http://localhost:3000/_next/static/chunks/0brk_next_dist_0dm07mh._.js:776
[  462622ms] [LOG] [Fast Refresh] done in 288ms @ http://localhost:3000/_next/static/chunks/0brk_next_dist_0dm07mh._.js:776
[  462692ms] [LOG] [Fast Refresh] done in 288ms @ http://localhost:3000/_next/static/chunks/0brk_next_dist_0dm07mh._.js:776
[  462775ms] [LOG] [Fast Refresh] done in 288ms @ http://localhost:3000/_next/static/chunks/0brk_next_dist_0dm07mh._.js:776
[  462894ms] [LOG] [Fast Refresh] done in 288ms @ http://localhost:3000/_next/static/chunks/0brk_next_dist_0dm07mh._.js:776
[  463003ms] [LOG] [Fast Refresh] done in 288ms @ http://localhost:3000/_next/static/chunks/0brk_next_dist_0dm07mh._.js:776
[  463128ms] [LOG] [Fast Refresh] done in 288ms @ http://localhost:3000/_next/static/chunks/0brk_next_dist_0dm07mh._.js:776
[  463277ms] [LOG] [Fast Refresh] done in 288ms @ http://localhost:3000/_next/static/chunks/0brk_next_dist_0dm07mh._.js:776
[  463351ms] [LOG] [Fast Refresh] done in 288ms @ http://localhost:3000/_next/static/chunks/0brk_next_dist_0dm07mh._.js:776
[  463407ms] [LOG] [Fast Refresh] done in 288ms @ http://localhost:3000/_next/static/chunks/0brk_next_dist_0dm07mh._.js:776
[  463489ms] [LOG] [Fast Refresh] done in 288ms @ http://localhost:3000/_next/static/chunks/0brk_next_dist_0dm07mh._.js:776
[  463549ms] [LOG] [Fast Refresh] done in 288ms @ http://localhost:3000/_next/static/chunks/0brk_next_dist_0dm07mh._.js:776
[  463604ms] [LOG] [Fast Refresh] done in 288ms @ http://localhost:3000/_next/static/chunks/0brk_next_dist_0dm07mh._.js:776
[  463666ms] [LOG] [Fast Refresh] done in 288ms @ http://localhost:3000/_next/static/chunks/0brk_next_dist_0dm07mh._.js:776
[  463729ms] [LOG] [Fast Refresh] done in 288ms @ http://localhost:3000/_next/static/chunks/0brk_next_dist_0dm07mh._.js:776
[  463788ms] [LOG] [Fast Refresh] done in 288ms @ http://localhost:3000/_next/static/chunks/0brk_next_dist_0dm07mh._.js:776
[  463849ms] [LOG] [Fast Refresh] done in 288ms @ http://localhost:3000/_next/static/chunks/0brk_next_dist_0dm07mh._.js:776
[  463905ms] [LOG] [Fast Refresh] done in 288ms @ http://localhost:3000/_next/static/chunks/0brk_next_dist_0dm07mh._.js:776
[  463965ms] [LOG] [Fast Refresh] done in 288ms @ http://localhost:3000/_next/static/chunks/0brk_next_dist_0dm07mh._.js:776
[  464025ms] [LOG] [Fast Refresh] done in 288ms @ http://localhost:3000/_next/static/chunks/0brk_next_dist_0dm07mh._.js:776
[  464077ms] [LOG] [Fast Refresh] done in 288ms @ http://localhost:3000/_next/static/chunks/0brk_next_dist_0dm07mh._.js:776
[  464138ms] [LOG] [Fast Refresh] done in 288ms @ http://localhost:3000/_next/static/chunks/0brk_next_dist_0dm07mh._.js:776
[  464195ms] [LOG] [Fast Refresh] done in 288ms @ http://localhost:3000/_next/static/chunks/0brk_next_dist_0dm07mh._.js:776
[  464273ms] [LOG] [Fast Refresh] done in 288ms @ http://localhost:3000/_next/static/chunks/0brk_next_dist_0dm07mh._.js:776
[  464349ms] [LOG] [Fast Refresh] done in 288ms @ http://localhost:3000/_next/static/chunks/0brk_next_dist_0dm07mh._.js:776
[  464428ms] [LOG] [Fast Refresh] done in 288ms @ http://localhost:3000/_next/static/chunks/0brk_next_dist_0dm07mh._.js:776
[  464507ms] [LOG] [Fast Refresh] done in 288ms @ http://localhost:3000/_next/static/chunks/0brk_next_dist_0dm07mh._.js:776
[  464570ms] [LOG] [Fast Refresh] done in 288ms @ http://localhost:3000/_next/static/chunks/0brk_next_dist_0dm07mh._.js:776
[  464632ms] [LOG] [Fast Refresh] done in 288ms @ http://localhost:3000/_next/static/chunks/0brk_next_dist_0dm07mh._.js:776
[  464710ms] [LOG] [Fast Refresh] done in 288ms @ http://localhost:3000/_next/static/chunks/0brk_next_dist_0dm07mh._.js:776
[  464818ms] [LOG] [Fast Refresh] done in 288ms @ http://localhost:3000/_next/static/chunks/0brk_next_dist_0dm07mh._.js:776
[  464892ms] [LOG] [Fast Refresh] done in 288ms @ http://localhost:3000/_next/static/chunks/0brk_next_dist_0dm07mh._.js:776
[  464954ms] [LOG] [Fast Refresh] done in 288ms @ http://localhost:3000/_next/static/chunks/0brk_next_dist_0dm07mh._.js:776
[  465017ms] [LOG] [Fast Refresh] done in 288ms @ http://localhost:3000/_next/static/chunks/0brk_next_dist_0dm07mh._.js:776
[  465075ms] [LOG] [Fast Refresh] done in 288ms @ http://localhost:3000/_next/static/chunks/0brk_next_dist_0dm07mh._.js:776
[  465136ms] [LOG] [Fast Refresh] done in 288ms @ http://localhost:3000/_next/static/chunks/0brk_next_dist_0dm07mh._.js:776
[  465186ms] [LOG] [Fast Refresh] done in 288ms @ http://localhost:3000/_next/static/chunks/0brk_next_dist_0dm07mh._.js:776
[  465251ms] [LOG] [Fast Refresh] done in 288ms @ http://localhost:3000/_next/static/chunks/0brk_next_dist_0dm07mh._.js:776
[  465314ms] [LOG] [Fast Refresh] done in 288ms @ http://localhost:3000/_next/static/chunks/0brk_next_dist_0dm07mh._.js:776
[  465377ms] [LOG] [Fast Refresh] done in 288ms @ http://localhost:3000/_next/static/chunks/0brk_next_dist_0dm07mh._.js:776
[  465433ms] [LOG] [Fast Refresh] done in 288ms @ http://localhost:3000/_next/static/chunks/0brk_next_dist_0dm07mh._.js:776
[  465496ms] [LOG] [Fast Refresh] done in 288ms @ http://localhost:3000/_next/static/chunks/0brk_next_dist_0dm07mh._.js:776
[  465545ms] [LOG] [Fast Refresh] done in 288ms @ http://localhost:3000/_next/static/chunks/0brk_next_dist_0dm07mh._.js:776
[  465605ms] [LOG] [Fast Refresh] done in 288ms @ http://localhost:3000/_next/static/chunks/0brk_next_dist_0dm07mh._.js:776
[  465655ms] [LOG] [Fast Refresh] done in 288ms @ http://localhost:3000/_next/static/chunks/0brk_next_dist_0dm07mh._.js:776
[  465718ms] [LOG] [Fast Refresh] done in 288ms @ http://localhost:3000/_next/static/chunks/0brk_next_dist_0dm07mh._.js:776
[  465785ms] [LOG] [Fast Refresh] done in 288ms @ http://localhost:3000/_next/static/chunks/0brk_next_dist_0dm07mh._.js:776
[  465847ms] [LOG] [Fast Refresh] done in 288ms @ http://localhost:3000/_next/static/chunks/0brk_next_dist_0dm07mh._.js:776
[  465907ms] [LOG] [Fast Refresh] done in 288ms @ http://localhost:3000/_next/static/chunks/0brk_next_dist_0dm07mh._.js:776
[  465969ms] [LOG] [Fast Refresh] done in 288ms @ http://localhost:3000/_next/static/chunks/0brk_next_dist_0dm07mh._.js:776
[  466031ms] [LOG] [Fast Refresh] done in 288ms @ http://localhost:3000/_next/static/chunks/0brk_next_dist_0dm07mh._.js:776
[  466093ms] [LOG] [Fast Refresh] done in 288ms @ http://localhost:3000/_next/static/chunks/0brk_next_dist_0dm07mh._.js:776
[  466160ms] [LOG] [Fast Refresh] done in 288ms @ http://localhost:3000/_next/static/chunks/0brk_next_dist_0dm07mh._.js:776
[  466266ms] [LOG] [Fast Refresh] done in 288ms @ http://localhost:3000/_next/static/chunks/0brk_next_dist_0dm07mh._.js:776
[  466529ms] [LOG] [Fast Refresh] done in 288ms @ http://localhost:3000/_next/static/chunks/0brk_next_dist_0dm07mh._.js:776
[  466626ms] [LOG] [Fast Refresh] done in 288ms @ http://localhost:3000/_next/static/chunks/0brk_next_dist_0dm07mh._.js:776
[  466706ms] [LOG] [Fast Refresh] done in 288ms @ http://localhost:3000/_next/static/chunks/0brk_next_dist_0dm07mh._.js:776
[  467193ms] [LOG] [Fast Refresh] done in 288ms @ http://localhost:3000/_next/static/chunks/0brk_next_dist_0dm07mh._.js:776
[  467719ms] [LOG] [Fast Refresh] done in 288ms @ http://localhost:3000/_next/static/chunks/0brk_next_dist_0dm07mh._.js:776
[  468065ms] [LOG] [Fast Refresh] done in 288ms @ http://localhost:3000/_next/static/chunks/0brk_next_dist_0dm07mh._.js:776
[  468183ms] [LOG] [Fast Refresh] done in 288ms @ http://localhost:3000/_next/static/chunks/0brk_next_dist_0dm07mh._.js:776
[  468300ms] [LOG] [Fast Refresh] done in 288ms @ http://localhost:3000/_next/static/chunks/0brk_next_dist_0dm07mh._.js:776
[  468539ms] [LOG] [Fast Refresh] done in 288ms @ http://localhost:3000/_next/static/chunks/0brk_next_dist_0dm07mh._.js:776
[  468643ms] [LOG] [Fast Refresh] done in 288ms @ http://localhost:3000/_next/static/chunks/0brk_next_dist_0dm07mh._.js:776
[  468774ms] [LOG] [Fast Refresh] done in 288ms @ http://localhost:3000/_next/static/chunks/0brk_next_dist_0dm07mh._.js:776
[  468855ms] [LOG] [Fast Refresh] done in 288ms @ http://localhost:3000/_next/static/chunks/0brk_next_dist_0dm07mh._.js:776
[  469009ms] [LOG] [Fast Refresh] done in 288ms @ http://localhost:3000/_next/static/chunks/0brk_next_dist_0dm07mh._.js:776
[  469122ms] [LOG] [Fast Refresh] done in 288ms @ http://localhost:3000/_next/static/chunks/0brk_next_dist_0dm07mh._.js:776
[  469221ms] [LOG] [Fast Refresh] done in 288ms @ http://localhost:3000/_next/static/chunks/0brk_next_dist_0dm07mh._.js:776
[  469402ms] [LOG] [Fast Refresh] done in 288ms @ http://localhost:3000/_next/static/chunks/0brk_next_dist_0dm07mh._.js:776
[  469633ms] [LOG] [Fast Refresh] done in 288ms @ http://localhost:3000/_next/static/chunks/0brk_next_dist_0dm07mh._.js:776
[  469836ms] [LOG] [Fast Refresh] done in 288ms @ http://localhost:3000/_next/static/chunks/0brk_next_dist_0dm07mh._.js:776
[  470367ms] [LOG] [Fast Refresh] done in 288ms @ http://localhost:3000/_next/static/chunks/0brk_next_dist_0dm07mh._.js:776
[  470580ms] [LOG] [Fast Refresh] done in 288ms @ http://localhost:3000/_next/static/chunks/0brk_next_dist_0dm07mh._.js:776
[  471132ms] [LOG] [Fast Refresh] done in 288ms @ http://localhost:3000/_next/static/chunks/0brk_next_dist_0dm07mh._.js:776
[  471256ms] [LOG] [Fast Refresh] done in 288ms @ http://localhost:3000/_next/static/chunks/0brk_next_dist_0dm07mh._.js:776
[  471506ms] [LOG] [Fast Refresh] done in 288ms @ http://localhost:3000/_next/static/chunks/0brk_next_dist_0dm07mh._.js:776
[  471615ms] [LOG] [Fast Refresh] done in 288ms @ http://localhost:3000/_next/static/chunks/0brk_next_dist_0dm07mh._.js:776
[  471689ms] [LOG] [Fast Refresh] done in 288ms @ http://localhost:3000/_next/static/chunks/0brk_next_dist_0dm07mh._.js:776
[  471768ms] [LOG] [Fast Refresh] done in 288ms @ http://localhost:3000/_next/static/chunks/0brk_next_dist_0dm07mh._.js:776
[  471831ms] [LOG] [Fast Refresh] done in 288ms @ http://localhost:3000/_next/static/chunks/0brk_next_dist_0dm07mh._.js:776
[  471888ms] [LOG] [Fast Refresh] done in 288ms @ http://localhost:3000/_next/static/chunks/0brk_next_dist_0dm07mh._.js:776
[  471945ms] [LOG] [Fast Refresh] done in 288ms @ http://localhost:3000/_next/static/chunks/0brk_next_dist_0dm07mh._.js:776
[  472001ms] [LOG] [Fast Refresh] done in 288ms @ http://localhost:3000/_next/static/chunks/0brk_next_dist_0dm07mh._.js:776
[  472052ms] [LOG] [Fast Refresh] done in 288ms @ http://localhost:3000/_next/static/chunks/0brk_next_dist_0dm07mh._.js:776
[  472110ms] [LOG] [Fast Refresh] done in 288ms @ http://localhost:3000/_next/static/chunks/0brk_next_dist_0dm07mh._.js:776
[  472170ms] [LOG] [Fast Refresh] done in 288ms @ http://localhost:3000/_next/static/chunks/0brk_next_dist_0dm07mh._.js:776
[  472232ms] [LOG] [Fast Refresh] done in 288ms @ http://localhost:3000/_next/static/chunks/0brk_next_dist_0dm07mh._.js:776
[  472288ms] [LOG] [Fast Refresh] done in 288ms @ http://localhost:3000/_next/static/chunks/0brk_next_dist_0dm07mh._.js:776
[  472349ms] [LOG] [Fast Refresh] done in 288ms @ http://localhost:3000/_next/static/chunks/0brk_next_dist_0dm07mh._.js:776
[  472409ms] [LOG] [Fast Refresh] done in 288ms @ http://localhost:3000/_next/static/chunks/0brk_next_dist_0dm07mh._.js:776
[  472472ms] [LOG] [Fast Refresh] done in 288ms @ http://localhost:3000/_next/static/chunks/0brk_next_dist_0dm07mh._.js:776
[  472532ms] [LOG] [Fast Refresh] done in 288ms @ http://localhost:3000/_next/static/chunks/0brk_next_dist_0dm07mh._.js:776
[  472595ms] [LOG] [Fast Refresh] done in 288ms @ http://localhost:3000/_next/static/chunks/0brk_next_dist_0dm07mh._.js:776
[  472656ms] [LOG] [Fast Refresh] done in 288ms @ http://localhost:3000/_next/static/chunks/0brk_next_dist_0dm07mh._.js:776
[  472720ms] [LOG] [Fast Refresh] done in 288ms @ http://localhost:3000/_next/static/chunks/0brk_next_dist_0dm07mh._.js:776
[  472784ms] [LOG] [Fast Refresh] done in 288ms @ http://localhost:3000/_next/static/chunks/0brk_next_dist_0dm07mh._.js:776
[  472846ms] [LOG] [Fast Refresh] done in 288ms @ http://localhost:3000/_next/static/chunks/0brk_next_dist_0dm07mh._.js:776
[  472909ms] [LOG] [Fast Refresh] done in 288ms @ http://localhost:3000/_next/static/chunks/0brk_next_dist_0dm07mh._.js:776
[  472971ms] [LOG] [Fast Refresh] done in 288ms @ http://localhost:3000/_next/static/chunks/0brk_next_dist_0dm07mh._.js:776
[  473035ms] [LOG] [Fast Refresh] done in 288ms @ http://localhost:3000/_next/static/chunks/0brk_next_dist_0dm07mh._.js:776
[  473092ms] [LOG] [Fast Refresh] done in 288ms @ http://localhost:3000/_next/static/chunks/0brk_next_dist_0dm07mh._.js:776
[  473152ms] [LOG] [Fast Refresh] done in 288ms @ http://localhost:3000/_next/static/chunks/0brk_next_dist_0dm07mh._.js:776
[  473203ms] [LOG] [Fast Refresh] done in 288ms @ http://localhost:3000/_next/static/chunks/0brk_next_dist_0dm07mh._.js:776
[  473266ms] [LOG] [Fast Refresh] done in 288ms @ http://localhost:3000/_next/static/chunks/0brk_next_dist_0dm07mh._.js:776
[  473336ms] [LOG] [Fast Refresh] done in 288ms @ http://localhost:3000/_next/static/chunks/0brk_next_dist_0dm07mh._.js:776
[  473433ms] [LOG] [Fast Refresh] done in 288ms @ http://localhost:3000/_next/static/chunks/0brk_next_dist_0dm07mh._.js:776
[  473506ms] [LOG] [Fast Refresh] done in 288ms @ http://localhost:3000/_next/static/chunks/0brk_next_dist_0dm07mh._.js:776
[  473582ms] [LOG] [Fast Refresh] done in 288ms @ http://localhost:3000/_next/static/chunks/0brk_next_dist_0dm07mh._.js:776
[  473645ms] [LOG] [Fast Refresh] done in 288ms @ http://localhost:3000/_next/static/chunks/0brk_next_dist_0dm07mh._.js:776
[  473722ms] [LOG] [Fast Refresh] done in 288ms @ http://localhost:3000/_next/static/chunks/0brk_next_dist_0dm07mh._.js:776
[  473798ms] [LOG] [Fast Refresh] done in 288ms @ http://localhost:3000/_next/static/chunks/0brk_next_dist_0dm07mh._.js:776
[  473903ms] [LOG] [Fast Refresh] done in 288ms @ http://localhost:3000/_next/static/chunks/0brk_next_dist_0dm07mh._.js:776
[  473964ms] [LOG] [Fast Refresh] done in 288ms @ http://localhost:3000/_next/static/chunks/0brk_next_dist_0dm07mh._.js:776
[  474034ms] [LOG] [Fast Refresh] done in 288ms @ http://localhost:3000/_next/static/chunks/0brk_next_dist_0dm07mh._.js:776
[  474095ms] [LOG] [Fast Refresh] done in 288ms @ http://localhost:3000/_next/static/chunks/0brk_next_dist_0dm07mh._.js:776
[  474156ms] [LOG] [Fast Refresh] done in 288ms @ http://localhost:3000/_next/static/chunks/0brk_next_dist_0dm07mh._.js:776
[  474219ms] [LOG] [Fast Refresh] done in 288ms @ http://localhost:3000/_next/static/chunks/0brk_next_dist_0dm07mh._.js:776
[  474295ms] [LOG] [Fast Refresh] done in 288ms @ http://localhost:3000/_next/static/chunks/0brk_next_dist_0dm07mh._.js:776
[  474357ms] [LOG] [Fast Refresh] done in 288ms @ http://localhost:3000/_next/static/chunks/0brk_next_dist_0dm07mh._.js:776
[  474434ms] [LOG] [Fast Refresh] done in 288ms @ http://localhost:3000/_next/static/chunks/0brk_next_dist_0dm07mh._.js:776
[  474495ms] [LOG] [Fast Refresh] done in 288ms @ http://localhost:3000/_next/static/chunks/0brk_next_dist_0dm07mh._.js:776
[  474543ms] [LOG] [Fast Refresh] done in 288ms @ http://localhost:3000/_next/static/chunks/0brk_next_dist_0dm07mh._.js:776
[  474628ms] [LOG] [Fast Refresh] done in 288ms @ http://localhost:3000/_next/static/chunks/0brk_next_dist_0dm07mh._.js:776
[  474703ms] [LOG] [Fast Refresh] done in 288ms @ http://localhost:3000/_next/static/chunks/0brk_next_dist_0dm07mh._.js:776
[  474777ms] [LOG] [Fast Refresh] done in 288ms @ http://localhost:3000/_next/static/chunks/0brk_next_dist_0dm07mh._.js:776
[  474852ms] [LOG] [Fast Refresh] done in 288ms @ http://localhost:3000/_next/static/chunks/0brk_next_dist_0dm07mh._.js:776
[  474951ms] [LOG] [Fast Refresh] done in 288ms @ http://localhost:3000/_next/static/chunks/0brk_next_dist_0dm07mh._.js:776
[  475171ms] [LOG] [Fast Refresh] done in 288ms @ http://localhost:3000/_next/static/chunks/0brk_next_dist_0dm07mh._.js:776
[  475708ms] [LOG] [Fast Refresh] done in 288ms @ http://localhost:3000/_next/static/chunks/0brk_next_dist_0dm07mh._.js:776
[  476142ms] [LOG] [Fast Refresh] done in 288ms @ http://localhost:3000/_next/static/chunks/0brk_next_dist_0dm07mh._.js:776
[  476425ms] [LOG] [Fast Refresh] done in 288ms @ http://localhost:3000/_next/static/chunks/0brk_next_dist_0dm07mh._.js:776
[  476624ms] [LOG] [Fast Refresh] done in 288ms @ http://localhost:3000/_next/static/chunks/0brk_next_dist_0dm07mh._.js:776
[  476712ms] [LOG] [Fast Refresh] done in 288ms @ http://localhost:3000/_next/static/chunks/0brk_next_dist_0dm07mh._.js:776
[  476745ms] [LOG] [Fast Refresh] done in 288ms @ http://localhost:3000/_next/static/chunks/0brk_next_dist_0dm07mh._.js:776
[  476818ms] [LOG] [Fast Refresh] done in 288ms @ http://localhost:3000/_next/static/chunks/0brk_next_dist_0dm07mh._.js:776
[  476919ms] [LOG] [Fast Refresh] done in 288ms @ http://localhost:3000/_next/static/chunks/0brk_next_dist_0dm07mh._.js:776
[  477001ms] [LOG] [Fast Refresh] done in 288ms @ http://localhost:3000/_next/static/chunks/0brk_next_dist_0dm07mh._.js:776
[  477119ms] [LOG] [Fast Refresh] done in 288ms @ http://localhost:3000/_next/static/chunks/0brk_next_dist_0dm07mh._.js:776
[  477208ms] [LOG] [Fast Refresh] done in 288ms @ http://localhost:3000/_next/static/chunks/0brk_next_dist_0dm07mh._.js:776
[  477283ms] [LOG] [Fast Refresh] done in 288ms @ http://localhost:3000/_next/static/chunks/0brk_next_dist_0dm07mh._.js:776
[  477386ms] [LOG] [Fast Refresh] done in 288ms @ http://localhost:3000/_next/static/chunks/0brk_next_dist_0dm07mh._.js:776
[  477498ms] [LOG] [Fast Refresh] done in 288ms @ http://localhost:3000/_next/static/chunks/0brk_next_dist_0dm07mh._.js:776
[  477617ms] [LOG] [Fast Refresh] done in 288ms @ http://localhost:3000/_next/static/chunks/0brk_next_dist_0dm07mh._.js:776
[  477691ms] [LOG] [Fast Refresh] done in 288ms @ http://localhost:3000/_next/static/chunks/0brk_next_dist_0dm07mh._.js:776
[  477777ms] [LOG] [Fast Refresh] done in 288ms @ http://localhost:3000/_next/static/chunks/0brk_next_dist_0dm07mh._.js:776
[  477878ms] [LOG] [Fast Refresh] done in 288ms @ http://localhost:3000/_next/static/chunks/0brk_next_dist_0dm07mh._.js:776
[  477988ms] [LOG] [Fast Refresh] done in 288ms @ http://localhost:3000/_next/static/chunks/0brk_next_dist_0dm07mh._.js:776
[  478064ms] [LOG] [Fast Refresh] done in 288ms @ http://localhost:3000/_next/static/chunks/0brk_next_dist_0dm07mh._.js:776
[  478175ms] [LOG] [Fast Refresh] done in 288ms @ http://localhost:3000/_next/static/chunks/0brk_next_dist_0dm07mh._.js:776
[  478263ms] [LOG] [Fast Refresh] done in 288ms @ http://localhost:3000/_next/static/chunks/0brk_next_dist_0dm07mh._.js:776
[  478399ms] [LOG] [Fast Refresh] done in 288ms @ http://localhost:3000/_next/static/chunks/0brk_next_dist_0dm07mh._.js:776
[  478441ms] [LOG] [Fast Refresh] done in 288ms @ http://localhost:3000/_next/static/chunks/0brk_next_dist_0dm07mh._.js:776
[  478558ms] [LOG] [Fast Refresh] done in 288ms @ http://localhost:3000/_next/static/chunks/0brk_next_dist_0dm07mh._.js:776
[  478711ms] [LOG] [Fast Refresh] done in 288ms @ http://localhost:3000/_next/static/chunks/0brk_next_dist_0dm07mh._.js:776
[  478782ms] [LOG] [Fast Refresh] done in 288ms @ http://localhost:3000/_next/static/chunks/0brk_next_dist_0dm07mh._.js:776
[  478874ms] [LOG] [Fast Refresh] done in 288ms @ http://localhost:3000/_next/static/chunks/0brk_next_dist_0dm07mh._.js:776
[  478958ms] [LOG] [Fast Refresh] done in 288ms @ http://localhost:3000/_next/static/chunks/0brk_next_dist_0dm07mh._.js:776
[  479049ms] [LOG] [Fast Refresh] done in 288ms @ http://localhost:3000/_next/static/chunks/0brk_next_dist_0dm07mh._.js:776
[  479159ms] [LOG] [Fast Refresh] done in 288ms @ http://localhost:3000/_next/static/chunks/0brk_next_dist_0dm07mh._.js:776
[  479276ms] [LOG] [Fast Refresh] done in 288ms @ http://localhost:3000/_next/static/chunks/0brk_next_dist_0dm07mh._.js:776
[  479615ms] [LOG] [Fast Refresh] done in 288ms @ http://localhost:3000/_next/static/chunks/0brk_next_dist_0dm07mh._.js:776
[  479810ms] [LOG] [Fast Refresh] done in 288ms @ http://localhost:3000/_next/static/chunks/0brk_next_dist_0dm07mh._.js:776
[  479907ms] [LOG] [Fast Refresh] done in 288ms @ http://localhost:3000/_next/static/chunks/0brk_next_dist_0dm07mh._.js:776
[  480042ms] [LOG] [Fast Refresh] done in 288ms @ http://localhost:3000/_next/static/chunks/0brk_next_dist_0dm07mh._.js:776
[  480197ms] [LOG] [Fast Refresh] done in 288ms @ http://localhost:3000/_next/static/chunks/0brk_next_dist_0dm07mh._.js:776
[  480305ms] [LOG] [Fast Refresh] done in 288ms @ http://localhost:3000/_next/static/chunks/0brk_next_dist_0dm07mh._.js:776
[  480370ms] [LOG] [Fast Refresh] done in 288ms @ http://localhost:3000/_next/static/chunks/0brk_next_dist_0dm07mh._.js:776
[  480469ms] [LOG] [Fast Refresh] done in 288ms @ http://localhost:3000/_next/static/chunks/0brk_next_dist_0dm07mh._.js:776
[  480552ms] [LOG] [Fast Refresh] done in 288ms @ http://localhost:3000/_next/static/chunks/0brk_next_dist_0dm07mh._.js:776
[  480652ms] [LOG] [Fast Refresh] done in 288ms @ http://localhost:3000/_next/static/chunks/0brk_next_dist_0dm07mh._.js:776
[  480917ms] [LOG] [Fast Refresh] done in 288ms @ http://localhost:3000/_next/static/chunks/0brk_next_dist_0dm07mh._.js:776
[  480983ms] [LOG] [Fast Refresh] done in 288ms @ http://localhost:3000/_next/static/chunks/0brk_next_dist_0dm07mh._.js:776
[  481174ms] [LOG] [Fast Refresh] done in 288ms @ http://localhost:3000/_next/static/chunks/0brk_next_dist_0dm07mh._.js:776
[  481359ms] [LOG] [Fast Refresh] done in 288ms @ http://localhost:3000/_next/static/chunks/0brk_next_dist_0dm07mh._.js:776
[  481486ms] [LOG] [Fast Refresh] done in 288ms @ http://localhost:3000/_next/static/chunks/0brk_next_dist_0dm07mh._.js:776
[  481690ms] [LOG] [Fast Refresh] done in 288ms @ http://localhost:3000/_next/static/chunks/0brk_next_dist_0dm07mh._.js:776
[  481863ms] [LOG] [Fast Refresh] done in 288ms @ http://localhost:3000/_next/static/chunks/0brk_next_dist_0dm07mh._.js:776
[  482036ms] [LOG] [Fast Refresh] done in 288ms @ http://localhost:3000/_next/static/chunks/0brk_next_dist_0dm07mh._.js:776
[  482065ms] [LOG] [Fast Refresh] done in 288ms @ http://localhost:3000/_next/static/chunks/0brk_next_dist_0dm07mh._.js:776
[  482151ms] [LOG] [Fast Refresh] done in 288ms @ http://localhost:3000/_next/static/chunks/0brk_next_dist_0dm07mh._.js:776
[  482203ms] [LOG] [Fast Refresh] done in 288ms @ http://localhost:3000/_next/static/chunks/0brk_next_dist_0dm07mh._.js:776
[  482395ms] [LOG] [Fast Refresh] done in 288ms @ http://localhost:3000/_next/static/chunks/0brk_next_dist_0dm07mh._.js:776
[  482651ms] [LOG] [Fast Refresh] done in 288ms @ http://localhost:3000/_next/static/chunks/0brk_next_dist_0dm07mh._.js:776
[  482836ms] [LOG] [Fast Refresh] done in 288ms @ http://localhost:3000/_next/static/chunks/0brk_next_dist_0dm07mh._.js:776
[  482923ms] [LOG] [Fast Refresh] done in 288ms @ http://localhost:3000/_next/static/chunks/0brk_next_dist_0dm07mh._.js:776
[  483033ms] [LOG] [Fast Refresh] done in 288ms @ http://localhost:3000/_next/static/chunks/0brk_next_dist_0dm07mh._.js:776
[  483088ms] [LOG] [Fast Refresh] done in 288ms @ http://localhost:3000/_next/static/chunks/0brk_next_dist_0dm07mh._.js:776
[  483165ms] [LOG] [Fast Refresh] done in 288ms @ http://localhost:3000/_next/static/chunks/0brk_next_dist_0dm07mh._.js:776
[  483265ms] [LOG] [Fast Refresh] done in 288ms @ http://localhost:3000/_next/static/chunks/0brk_next_dist_0dm07mh._.js:776
[  483347ms] [LOG] [Fast Refresh] done in 288ms @ http://localhost:3000/_next/static/chunks/0brk_next_dist_0dm07mh._.js:776
[  483432ms] [LOG] [Fast Refresh] done in 288ms @ http://localhost:3000/_next/static/chunks/0brk_next_dist_0dm07mh._.js:776
[  483491ms] [LOG] [Fast Refresh] done in 288ms @ http://localhost:3000/_next/static/chunks/0brk_next_dist_0dm07mh._.js:776
[  483568ms] [LOG] [Fast Refresh] done in 288ms @ http://localhost:3000/_next/static/chunks/0brk_next_dist_0dm07mh._.js:776
[  483647ms] [LOG] [Fast Refresh] done in 288ms @ http://localhost:3000/_next/static/chunks/0brk_next_dist_0dm07mh._.js:776
[  483937ms] [LOG] [Fast Refresh] done in 288ms @ http://localhost:3000/_next/static/chunks/0brk_next_dist_0dm07mh._.js:776
[  484115ms] [LOG] [Fast Refresh] done in 288ms @ http://localhost:3000/_next/static/chunks/0brk_next_dist_0dm07mh._.js:776
[  484227ms] [LOG] [Fast Refresh] done in 288ms @ http://localhost:3000/_next/static/chunks/0brk_next_dist_0dm07mh._.js:776
[  484391ms] [LOG] [Fast Refresh] done in 288ms @ http://localhost:3000/_next/static/chunks/0brk_next_dist_0dm07mh._.js:776
[  484608ms] [LOG] [Fast Refresh] done in 288ms @ http://localhost:3000/_next/static/chunks/0brk_next_dist_0dm07mh._.js:776
[  484913ms] [LOG] [Fast Refresh] done in 288ms @ http://localhost:3000/_next/static/chunks/0brk_next_dist_0dm07mh._.js:776
[  485006ms] [LOG] [Fast Refresh] done in 288ms @ http://localhost:3000/_next/static/chunks/0brk_next_dist_0dm07mh._.js:776
[  485094ms] [LOG] [Fast Refresh] done in 288ms @ http://localhost:3000/_next/static/chunks/0brk_next_dist_0dm07mh._.js:776
[  485175ms] [LOG] [Fast Refresh] done in 288ms @ http://localhost:3000/_next/static/chunks/0brk_next_dist_0dm07mh._.js:776
[  485321ms] [LOG] [Fast Refresh] done in 288ms @ http://localhost:3000/_next/static/chunks/0brk_next_dist_0dm07mh._.js:776
[  485436ms] [LOG] [Fast Refresh] done in 288ms @ http://localhost:3000/_next/static/chunks/0brk_next_dist_0dm07mh._.js:776
[  485557ms] [LOG] [Fast Refresh] done in 288ms @ http://localhost:3000/_next/static/chunks/0brk_next_dist_0dm07mh._.js:776
[  485746ms] [LOG] [Fast Refresh] done in 288ms @ http://localhost:3000/_next/static/chunks/0brk_next_dist_0dm07mh._.js:776
[  486051ms] [LOG] [Fast Refresh] done in 288ms @ http://localhost:3000/_next/static/chunks/0brk_next_dist_0dm07mh._.js:776
[  486175ms] [LOG] [Fast Refresh] done in 288ms @ http://localhost:3000/_next/static/chunks/0brk_next_dist_0dm07mh._.js:776
[  486269ms] [LOG] [Fast Refresh] done in 288ms @ http://localhost:3000/_next/static/chunks/0brk_next_dist_0dm07mh._.js:776
[  486354ms] [LOG] [Fast Refresh] done in 288ms @ http://localhost:3000/_next/static/chunks/0brk_next_dist_0dm07mh._.js:776
[  486432ms] [LOG] [Fast Refresh] done in 288ms @ http://localhost:3000/_next/static/chunks/0brk_next_dist_0dm07mh._.js:776
[  486556ms] [LOG] [Fast Refresh] done in 288ms @ http://localhost:3000/_next/static/chunks/0brk_next_dist_0dm07mh._.js:776
[  486808ms] [LOG] [Fast Refresh] done in 288ms @ http://localhost:3000/_next/static/chunks/0brk_next_dist_0dm07mh._.js:776
[  487069ms] [LOG] [Fast Refresh] done in 288ms @ http://localhost:3000/_next/static/chunks/0brk_next_dist_0dm07mh._.js:776
[  487377ms] [LOG] [Fast Refresh] done in 288ms @ http://localhost:3000/_next/static/chunks/0brk_next_dist_0dm07mh._.js:776
[  487631ms] [LOG] [Fast Refresh] done in 288ms @ http://localhost:3000/_next/static/chunks/0brk_next_dist_0dm07mh._.js:776
[  487792ms] [LOG] [Fast Refresh] done in 288ms @ http://localhost:3000/_next/static/chunks/0brk_next_dist_0dm07mh._.js:776
[  487969ms] [LOG] [Fast Refresh] done in 288ms @ http://localhost:3000/_next/static/chunks/0brk_next_dist_0dm07mh._.js:776
[  488058ms] [LOG] [Fast Refresh] done in 288ms @ http://localhost:3000/_next/static/chunks/0brk_next_dist_0dm07mh._.js:776
[  488133ms] [LOG] [Fast Refresh] done in 288ms @ http://localhost:3000/_next/static/chunks/0brk_next_dist_0dm07mh._.js:776
[  488220ms] [LOG] [Fast Refresh] done in 288ms @ http://localhost:3000/_next/static/chunks/0brk_next_dist_0dm07mh._.js:776
[  488281ms] [LOG] [Fast Refresh] done in 288ms @ http://localhost:3000/_next/static/chunks/0brk_next_dist_0dm07mh._.js:776
[  488412ms] [LOG] [Fast Refresh] done in 288ms @ http://localhost:3000/_next/static/chunks/0brk_next_dist_0dm07mh._.js:776
[  488566ms] [LOG] [Fast Refresh] done in 288ms @ http://localhost:3000/_next/static/chunks/0brk_next_dist_0dm07mh._.js:776
[  488682ms] [LOG] [Fast Refresh] done in 288ms @ http://localhost:3000/_next/static/chunks/0brk_next_dist_0dm07mh._.js:776
[  488991ms] [LOG] [Fast Refresh] done in 288ms @ http://localhost:3000/_next/static/chunks/0brk_next_dist_0dm07mh._.js:776
[  489091ms] [LOG] [Fast Refresh] done in 288ms @ http://localhost:3000/_next/static/chunks/0brk_next_dist_0dm07mh._.js:776
[  489200ms] [LOG] [Fast Refresh] done in 288ms @ http://localhost:3000/_next/static/chunks/0brk_next_dist_0dm07mh._.js:776
[  489289ms] [LOG] [Fast Refresh] done in 288ms @ http://localhost:3000/_next/static/chunks/0brk_next_dist_0dm07mh._.js:776
[  489375ms] [LOG] [Fast Refresh] done in 288ms @ http://localhost:3000/_next/static/chunks/0brk_next_dist_0dm07mh._.js:776
[  489450ms] [LOG] [Fast Refresh] done in 288ms @ http://localhost:3000/_next/static/chunks/0brk_next_dist_0dm07mh._.js:776
[  489553ms] [LOG] [Fast Refresh] done in 288ms @ http://localhost:3000/_next/static/chunks/0brk_next_dist_0dm07mh._.js:776
[  489741ms] [LOG] [Fast Refresh] done in 288ms @ http://localhost:3000/_next/static/chunks/0brk_next_dist_0dm07mh._.js:776
[  489856ms] [LOG] [Fast Refresh] done in 288ms @ http://localhost:3000/_next/static/chunks/0brk_next_dist_0dm07mh._.js:776
[  490012ms] [LOG] [Fast Refresh] done in 288ms @ http://localhost:3000/_next/static/chunks/0brk_next_dist_0dm07mh._.js:776
[  490124ms] [LOG] [Fast Refresh] done in 288ms @ http://localhost:3000/_next/static/chunks/0brk_next_dist_0dm07mh._.js:776
[  490235ms] [LOG] [Fast Refresh] done in 288ms @ http://localhost:3000/_next/static/chunks/0brk_next_dist_0dm07mh._.js:776
[  490332ms] [LOG] [Fast Refresh] done in 288ms @ http://localhost:3000/_next/static/chunks/0brk_next_dist_0dm07mh._.js:776
[  490469ms] [LOG] [Fast Refresh] done in 288ms @ http://localhost:3000/_next/static/chunks/0brk_next_dist_0dm07mh._.js:776
[  490657ms] [LOG] [Fast Refresh] done in 288ms @ http://localhost:3000/_next/static/chunks/0brk_next_dist_0dm07mh._.js:776
[  490726ms] [LOG] [Fast Refresh] done in 288ms @ http://localhost:3000/_next/static/chunks/0brk_next_dist_0dm07mh._.js:776
[  490837ms] [LOG] [Fast Refresh] done in 288ms @ http://localhost:3000/_next/static/chunks/0brk_next_dist_0dm07mh._.js:776
[  491046ms] [LOG] [Fast Refresh] done in 288ms @ http://localhost:3000/_next/static/chunks/0brk_next_dist_0dm07mh._.js:776
[  491172ms] [LOG] [Fast Refresh] done in 288ms @ http://localhost:3000/_next/static/chunks/0brk_next_dist_0dm07mh._.js:776
[  491363ms] [LOG] [Fast Refresh] done in 288ms @ http://localhost:3000/_next/static/chunks/0brk_next_dist_0dm07mh._.js:776
[  491643ms] [LOG] [Fast Refresh] done in 288ms @ http://localhost:3000/_next/static/chunks/0brk_next_dist_0dm07mh._.js:776
[  491752ms] [LOG] [Fast Refresh] done in 288ms @ http://localhost:3000/_next/static/chunks/0brk_next_dist_0dm07mh._.js:776
[  491879ms] [LOG] [Fast Refresh] done in 288ms @ http://localhost:3000/_next/static/chunks/0brk_next_dist_0dm07mh._.js:776
[  491981ms] [LOG] [Fast Refresh] done in 288ms @ http://localhost:3000/_next/static/chunks/0brk_next_dist_0dm07mh._.js:776
[  492084ms] [LOG] [Fast Refresh] done in 288ms @ http://localhost:3000/_next/static/chunks/0brk_next_dist_0dm07mh._.js:776
[  492268ms] [LOG] [Fast Refresh] done in 288ms @ http://localhost:3000/_next/static/chunks/0brk_next_dist_0dm07mh._.js:776
[  492351ms] [LOG] [Fast Refresh] done in 288ms @ http://localhost:3000/_next/static/chunks/0brk_next_dist_0dm07mh._.js:776
[  492435ms] [LOG] [Fast Refresh] done in 288ms @ http://localhost:3000/_next/static/chunks/0brk_next_dist_0dm07mh._.js:776
[  492529ms] [LOG] [Fast Refresh] done in 288ms @ http://localhost:3000/_next/static/chunks/0brk_next_dist_0dm07mh._.js:776
[  492638ms] [LOG] [Fast Refresh] done in 288ms @ http://localhost:3000/_next/static/chunks/0brk_next_dist_0dm07mh._.js:776
[  492838ms] [LOG] [Fast Refresh] done in 288ms @ http://localhost:3000/_next/static/chunks/0brk_next_dist_0dm07mh._.js:776
[  493227ms] [LOG] [Fast Refresh] done in 288ms @ http://localhost:3000/_next/static/chunks/0brk_next_dist_0dm07mh._.js:776
[  493428ms] [LOG] [Fast Refresh] done in 288ms @ http://localhost:3000/_next/static/chunks/0brk_next_dist_0dm07mh._.js:776
[  493491ms] [LOG] [Fast Refresh] done in 288ms @ http://localhost:3000/_next/static/chunks/0brk_next_dist_0dm07mh._.js:776
[  493583ms] [LOG] [Fast Refresh] done in 288ms @ http://localhost:3000/_next/static/chunks/0brk_next_dist_0dm07mh._.js:776
[  493657ms] [LOG] [Fast Refresh] done in 288ms @ http://localhost:3000/_next/static/chunks/0brk_next_dist_0dm07mh._.js:776
[  493718ms] [LOG] [Fast Refresh] done in 288ms @ http://localhost:3000/_next/static/chunks/0brk_next_dist_0dm07mh._.js:776
[  493806ms] [LOG] [Fast Refresh] done in 288ms @ http://localhost:3000/_next/static/chunks/0brk_next_dist_0dm07mh._.js:776
[  493899ms] [LOG] [Fast Refresh] done in 288ms @ http://localhost:3000/_next/static/chunks/0brk_next_dist_0dm07mh._.js:776
[  493992ms] [LOG] [Fast Refresh] done in 288ms @ http://localhost:3000/_next/static/chunks/0brk_next_dist_0dm07mh._.js:776
[  494083ms] [LOG] [Fast Refresh] done in 288ms @ http://localhost:3000/_next/static/chunks/0brk_next_dist_0dm07mh._.js:776
[  494168ms] [LOG] [Fast Refresh] done in 288ms @ http://localhost:3000/_next/static/chunks/0brk_next_dist_0dm07mh._.js:776
[  494479ms] [LOG] [Fast Refresh] done in 288ms @ http://localhost:3000/_next/static/chunks/0brk_next_dist_0dm07mh._.js:776
[  494607ms] [LOG] [Fast Refresh] done in 288ms @ http://localhost:3000/_next/static/chunks/0brk_next_dist_0dm07mh._.js:776
[  494722ms] [LOG] [Fast Refresh] done in 288ms @ http://localhost:3000/_next/static/chunks/0brk_next_dist_0dm07mh._.js:776
[  494883ms] [LOG] [Fast Refresh] done in 288ms @ http://localhost:3000/_next/static/chunks/0brk_next_dist_0dm07mh._.js:776
[  494932ms] [LOG] [Fast Refresh] done in 288ms @ http://localhost:3000/_next/static/chunks/0brk_next_dist_0dm07mh._.js:776
[  494993ms] [LOG] [Fast Refresh] done in 288ms @ http://localhost:3000/_next/static/chunks/0brk_next_dist_0dm07mh._.js:776
[  495039ms] [LOG] [Fast Refresh] done in 288ms @ http://localhost:3000/_next/static/chunks/0brk_next_dist_0dm07mh._.js:776
[  495130ms] [LOG] [Fast Refresh] done in 288ms @ http://localhost:3000/_next/static/chunks/0brk_next_dist_0dm07mh._.js:776
[  495168ms] [LOG] [Fast Refresh] done in 288ms @ http://localhost:3000/_next/static/chunks/0brk_next_dist_0dm07mh._.js:776
[  495339ms] [LOG] [Fast Refresh] done in 288ms @ http://localhost:3000/_next/static/chunks/0brk_next_dist_0dm07mh._.js:776
[  495406ms] [LOG] [Fast Refresh] done in 288ms @ http://localhost:3000/_next/static/chunks/0brk_next_dist_0dm07mh._.js:776
[  495489ms] [LOG] [Fast Refresh] done in 288ms @ http://localhost:3000/_next/static/chunks/0brk_next_dist_0dm07mh._.js:776
[  495610ms] [LOG] [Fast Refresh] done in 288ms @ http://localhost:3000/_next/static/chunks/0brk_next_dist_0dm07mh._.js:776
[  496108ms] [LOG] [Fast Refresh] done in 288ms @ http://localhost:3000/_next/static/chunks/0brk_next_dist_0dm07mh._.js:776
[  496261ms] [LOG] [Fast Refresh] done in 288ms @ http://localhost:3000/_next/static/chunks/0brk_next_dist_0dm07mh._.js:776
[  496426ms] [LOG] [Fast Refresh] done in 288ms @ http://localhost:3000/_next/static/chunks/0brk_next_dist_0dm07mh._.js:776
[  496588ms] [LOG] [Fast Refresh] done in 288ms @ http://localhost:3000/_next/static/chunks/0brk_next_dist_0dm07mh._.js:776
[  496716ms] [LOG] [Fast Refresh] done in 288ms @ http://localhost:3000/_next/static/chunks/0brk_next_dist_0dm07mh._.js:776
[  496766ms] [LOG] [Fast Refresh] done in 288ms @ http://localhost:3000/_next/static/chunks/0brk_next_dist_0dm07mh._.js:776
[  496835ms] [LOG] [Fast Refresh] done in 288ms @ http://localhost:3000/_next/static/chunks/0brk_next_dist_0dm07mh._.js:776
[  496889ms] [LOG] [Fast Refresh] done in 288ms @ http://localhost:3000/_next/static/chunks/0brk_next_dist_0dm07mh._.js:776
[  496973ms] [LOG] [Fast Refresh] done in 288ms @ http://localhost:3000/_next/static/chunks/0brk_next_dist_0dm07mh._.js:776
[  497056ms] [LOG] [Fast Refresh] done in 288ms @ http://localhost:3000/_next/static/chunks/0brk_next_dist_0dm07mh._.js:776
[  497133ms] [LOG] [Fast Refresh] done in 288ms @ http://localhost:3000/_next/static/chunks/0brk_next_dist_0dm07mh._.js:776
[  497236ms] [LOG] [Fast Refresh] done in 288ms @ http://localhost:3000/_next/static/chunks/0brk_next_dist_0dm07mh._.js:776
[  497319ms] [LOG] [Fast Refresh] done in 288ms @ http://localhost:3000/_next/static/chunks/0brk_next_dist_0dm07mh._.js:776
[  497430ms] [LOG] [Fast Refresh] done in 288ms @ http://localhost:3000/_next/static/chunks/0brk_next_dist_0dm07mh._.js:776
[  497567ms] [LOG] [Fast Refresh] done in 288ms @ http://localhost:3000/_next/static/chunks/0brk_next_dist_0dm07mh._.js:776
[  497704ms] [LOG] [Fast Refresh] done in 288ms @ http://localhost:3000/_next/static/chunks/0brk_next_dist_0dm07mh._.js:776
[  497795ms] [LOG] [Fast Refresh] done in 288ms @ http://localhost:3000/_next/static/chunks/0brk_next_dist_0dm07mh._.js:776
[  497877ms] [LOG] [Fast Refresh] done in 288ms @ http://localhost:3000/_next/static/chunks/0brk_next_dist_0dm07mh._.js:776
[  497959ms] [LOG] [Fast Refresh] done in 288ms @ http://localhost:3000/_next/static/chunks/0brk_next_dist_0dm07mh._.js:776
[  498043ms] [LOG] [Fast Refresh] done in 288ms @ http://localhost:3000/_next/static/chunks/0brk_next_dist_0dm07mh._.js:776
[  498120ms] [LOG] [Fast Refresh] done in 288ms @ http://localhost:3000/_next/static/chunks/0brk_next_dist_0dm07mh._.js:776
[  498247ms] [LOG] [Fast Refresh] done in 288ms @ http://localhost:3000/_next/static/chunks/0brk_next_dist_0dm07mh._.js:776
[  498312ms] [LOG] [Fast Refresh] done in 288ms @ http://localhost:3000/_next/static/chunks/0brk_next_dist_0dm07mh._.js:776
[  498403ms] [LOG] [Fast Refresh] done in 288ms @ http://localhost:3000/_next/static/chunks/0brk_next_dist_0dm07mh._.js:776
[  498465ms] [LOG] [Fast Refresh] done in 288ms @ http://localhost:3000/_next/static/chunks/0brk_next_dist_0dm07mh._.js:776
[  498580ms] [LOG] [Fast Refresh] done in 288ms @ http://localhost:3000/_next/static/chunks/0brk_next_dist_0dm07mh._.js:776
[  498648ms] [LOG] [Fast Refresh] done in 288ms @ http://localhost:3000/_next/static/chunks/0brk_next_dist_0dm07mh._.js:776
[  498707ms] [LOG] [Fast Refresh] done in 288ms @ http://localhost:3000/_next/static/chunks/0brk_next_dist_0dm07mh._.js:776
[  498777ms] [LOG] [Fast Refresh] done in 288ms @ http://localhost:3000/_next/static/chunks/0brk_next_dist_0dm07mh._.js:776
[  498862ms] [LOG] [Fast Refresh] done in 288ms @ http://localhost:3000/_next/static/chunks/0brk_next_dist_0dm07mh._.js:776
[  498937ms] [LOG] [Fast Refresh] done in 288ms @ http://localhost:3000/_next/static/chunks/0brk_next_dist_0dm07mh._.js:776
[  499041ms] [LOG] [Fast Refresh] done in 288ms @ http://localhost:3000/_next/static/chunks/0brk_next_dist_0dm07mh._.js:776
[  499124ms] [LOG] [Fast Refresh] done in 288ms @ http://localhost:3000/_next/static/chunks/0brk_next_dist_0dm07mh._.js:776
[  499258ms] [LOG] [Fast Refresh] done in 288ms @ http://localhost:3000/_next/static/chunks/0brk_next_dist_0dm07mh._.js:776
[  499430ms] [LOG] [Fast Refresh] done in 288ms @ http://localhost:3000/_next/static/chunks/0brk_next_dist_0dm07mh._.js:776
[  499606ms] [LOG] [Fast Refresh] done in 288ms @ http://localhost:3000/_next/static/chunks/0brk_next_dist_0dm07mh._.js:776
[  499667ms] [LOG] [Fast Refresh] done in 288ms @ http://localhost:3000/_next/static/chunks/0brk_next_dist_0dm07mh._.js:776
[  499753ms] [LOG] [Fast Refresh] done in 288ms @ http://localhost:3000/_next/static/chunks/0brk_next_dist_0dm07mh._.js:776
[  499830ms] [LOG] [Fast Refresh] done in 288ms @ http://localhost:3000/_next/static/chunks/0brk_next_dist_0dm07mh._.js:776
[  499892ms] [LOG] [Fast Refresh] done in 288ms @ http://localhost:3000/_next/static/chunks/0brk_next_dist_0dm07mh._.js:776
[  499974ms] [LOG] [Fast Refresh] done in 288ms @ http://localhost:3000/_next/static/chunks/0brk_next_dist_0dm07mh._.js:776
[  500065ms] [LOG] [Fast Refresh] done in 288ms @ http://localhost:3000/_next/static/chunks/0brk_next_dist_0dm07mh._.js:776
[  500154ms] [LOG] [Fast Refresh] done in 288ms @ http://localhost:3000/_next/static/chunks/0brk_next_dist_0dm07mh._.js:776
[  500278ms] [LOG] [Fast Refresh] done in 288ms @ http://localhost:3000/_next/static/chunks/0brk_next_dist_0dm07mh._.js:776
[  500440ms] [LOG] [Fast Refresh] done in 288ms @ http://localhost:3000/_next/static/chunks/0brk_next_dist_0dm07mh._.js:776
[  500582ms] [LOG] [Fast Refresh] done in 288ms @ http://localhost:3000/_next/static/chunks/0brk_next_dist_0dm07mh._.js:776
[  500647ms] [LOG] [Fast Refresh] done in 288ms @ http://localhost:3000/_next/static/chunks/0brk_next_dist_0dm07mh._.js:776
[  500756ms] [LOG] [Fast Refresh] done in 288ms @ http://localhost:3000/_next/static/chunks/0brk_next_dist_0dm07mh._.js:776
[  500855ms] [LOG] [Fast Refresh] done in 288ms @ http://localhost:3000/_next/static/chunks/0brk_next_dist_0dm07mh._.js:776
[  500963ms] [LOG] [Fast Refresh] done in 288ms @ http://localhost:3000/_next/static/chunks/0brk_next_dist_0dm07mh._.js:776
[  501025ms] [LOG] [Fast Refresh] done in 288ms @ http://localhost:3000/_next/static/chunks/0brk_next_dist_0dm07mh._.js:776
[  501088ms] [LOG] [Fast Refresh] done in 288ms @ http://localhost:3000/_next/static/chunks/0brk_next_dist_0dm07mh._.js:776
[  501158ms] [LOG] [Fast Refresh] done in 288ms @ http://localhost:3000/_next/static/chunks/0brk_next_dist_0dm07mh._.js:776
[  501237ms] [LOG] [Fast Refresh] done in 288ms @ http://localhost:3000/_next/static/chunks/0brk_next_dist_0dm07mh._.js:776
[  501317ms] [LOG] [Fast Refresh] done in 288ms @ http://localhost:3000/_next/static/chunks/0brk_next_dist_0dm07mh._.js:776
[  501408ms] [LOG] [Fast Refresh] done in 288ms @ http://localhost:3000/_next/static/chunks/0brk_next_dist_0dm07mh._.js:776
[  501472ms] [LOG] [Fast Refresh] done in 288ms @ http://localhost:3000/_next/static/chunks/0brk_next_dist_0dm07mh._.js:776
[  501519ms] [LOG] [Fast Refresh] done in 288ms @ http://localhost:3000/_next/static/chunks/0brk_next_dist_0dm07mh._.js:776
[  501608ms] [LOG] [Fast Refresh] done in 288ms @ http://localhost:3000/_next/static/chunks/0brk_next_dist_0dm07mh._.js:776
[  501682ms] [LOG] [Fast Refresh] done in 288ms @ http://localhost:3000/_next/static/chunks/0brk_next_dist_0dm07mh._.js:776
[  501730ms] [LOG] [Fast Refresh] done in 288ms @ http://localhost:3000/_next/static/chunks/0brk_next_dist_0dm07mh._.js:776
[  501834ms] [LOG] [Fast Refresh] done in 288ms @ http://localhost:3000/_next/static/chunks/0brk_next_dist_0dm07mh._.js:776
[  501949ms] [LOG] [Fast Refresh] done in 288ms @ http://localhost:3000/_next/static/chunks/0brk_next_dist_0dm07mh._.js:776
[  502025ms] [LOG] [Fast Refresh] done in 288ms @ http://localhost:3000/_next/static/chunks/0brk_next_dist_0dm07mh._.js:776
[  502089ms] [LOG] [Fast Refresh] done in 288ms @ http://localhost:3000/_next/static/chunks/0brk_next_dist_0dm07mh._.js:776
[  502148ms] [LOG] [Fast Refresh] done in 288ms @ http://localhost:3000/_next/static/chunks/0brk_next_dist_0dm07mh._.js:776
[  502196ms] [LOG] [Fast Refresh] done in 288ms @ http://localhost:3000/_next/static/chunks/0brk_next_dist_0dm07mh._.js:776
[  502257ms] [LOG] [Fast Refresh] done in 288ms @ http://localhost:3000/_next/static/chunks/0brk_next_dist_0dm07mh._.js:776
[  502320ms] [LOG] [Fast Refresh] done in 288ms @ http://localhost:3000/_next/static/chunks/0brk_next_dist_0dm07mh._.js:776
[  502398ms] [LOG] [Fast Refresh] done in 288ms @ http://localhost:3000/_next/static/chunks/0brk_next_dist_0dm07mh._.js:776
[  502456ms] [LOG] [Fast Refresh] done in 288ms @ http://localhost:3000/_next/static/chunks/0brk_next_dist_0dm07mh._.js:776
[  502519ms] [LOG] [Fast Refresh] done in 288ms @ http://localhost:3000/_next/static/chunks/0brk_next_dist_0dm07mh._.js:776
[  502582ms] [LOG] [Fast Refresh] done in 288ms @ http://localhost:3000/_next/static/chunks/0brk_next_dist_0dm07mh._.js:776
[  502644ms] [LOG] [Fast Refresh] done in 288ms @ http://localhost:3000/_next/static/chunks/0brk_next_dist_0dm07mh._.js:776
[  502707ms] [LOG] [Fast Refresh] done in 288ms @ http://localhost:3000/_next/static/chunks/0brk_next_dist_0dm07mh._.js:776
[  502756ms] [LOG] [Fast Refresh] done in 288ms @ http://localhost:3000/_next/static/chunks/0brk_next_dist_0dm07mh._.js:776
[  502813ms] [LOG] [Fast Refresh] done in 288ms @ http://localhost:3000/_next/static/chunks/0brk_next_dist_0dm07mh._.js:776
[  502873ms] [LOG] [Fast Refresh] done in 288ms @ http://localhost:3000/_next/static/chunks/0brk_next_dist_0dm07mh._.js:776
[  502934ms] [LOG] [Fast Refresh] done in 288ms @ http://localhost:3000/_next/static/chunks/0brk_next_dist_0dm07mh._.js:776
[  502988ms] [LOG] [Fast Refresh] done in 288ms @ http://localhost:3000/_next/static/chunks/0brk_next_dist_0dm07mh._.js:776
[  503054ms] [LOG] [Fast Refresh] done in 288ms @ http://localhost:3000/_next/static/chunks/0brk_next_dist_0dm07mh._.js:776
[  503117ms] [LOG] [Fast Refresh] done in 288ms @ http://localhost:3000/_next/static/chunks/0brk_next_dist_0dm07mh._.js:776
[  503164ms] [LOG] [Fast Refresh] done in 288ms @ http://localhost:3000/_next/static/chunks/0brk_next_dist_0dm07mh._.js:776
[  503228ms] [LOG] [Fast Refresh] done in 288ms @ http://localhost:3000/_next/static/chunks/0brk_next_dist_0dm07mh._.js:776
[  503290ms] [LOG] [Fast Refresh] done in 288ms @ http://localhost:3000/_next/static/chunks/0brk_next_dist_0dm07mh._.js:776
[  503353ms] [LOG] [Fast Refresh] done in 288ms @ http://localhost:3000/_next/static/chunks/0brk_next_dist_0dm07mh._.js:776
[  503430ms] [LOG] [Fast Refresh] done in 288ms @ http://localhost:3000/_next/static/chunks/0brk_next_dist_0dm07mh._.js:776
[  503489ms] [LOG] [Fast Refresh] done in 288ms @ http://localhost:3000/_next/static/chunks/0brk_next_dist_0dm07mh._.js:776
[  503551ms] [LOG] [Fast Refresh] done in 288ms @ http://localhost:3000/_next/static/chunks/0brk_next_dist_0dm07mh._.js:776
[  503647ms] [LOG] [Fast Refresh] done in 288ms @ http://localhost:3000/_next/static/chunks/0brk_next_dist_0dm07mh._.js:776
[  503727ms] [LOG] [Fast Refresh] done in 288ms @ http://localhost:3000/_next/static/chunks/0brk_next_dist_0dm07mh._.js:776
[  503788ms] [LOG] [Fast Refresh] done in 288ms @ http://localhost:3000/_next/static/chunks/0brk_next_dist_0dm07mh._.js:776
[  503850ms] [LOG] [Fast Refresh] done in 288ms @ http://localhost:3000/_next/static/chunks/0brk_next_dist_0dm07mh._.js:776
[  503904ms] [LOG] [Fast Refresh] done in 288ms @ http://localhost:3000/_next/static/chunks/0brk_next_dist_0dm07mh._.js:776
[  503954ms] [LOG] [Fast Refresh] done in 288ms @ http://localhost:3000/_next/static/chunks/0brk_next_dist_0dm07mh._.js:776
[  504017ms] [LOG] [Fast Refresh] done in 288ms @ http://localhost:3000/_next/static/chunks/0brk_next_dist_0dm07mh._.js:776
[  504079ms] [LOG] [Fast Refresh] done in 288ms @ http://localhost:3000/_next/static/chunks/0brk_next_dist_0dm07mh._.js:776
[  504142ms] [LOG] [Fast Refresh] done in 288ms @ http://localhost:3000/_next/static/chunks/0brk_next_dist_0dm07mh._.js:776
[  504203ms] [LOG] [Fast Refresh] done in 288ms @ http://localhost:3000/_next/static/chunks/0brk_next_dist_0dm07mh._.js:776
[  504253ms] [LOG] [Fast Refresh] done in 288ms @ http://localhost:3000/_next/static/chunks/0brk_next_dist_0dm07mh._.js:776
[  504316ms] [LOG] [Fast Refresh] done in 288ms @ http://localhost:3000/_next/static/chunks/0brk_next_dist_0dm07mh._.js:776
[  504357ms] [LOG] [Fast Refresh] done in 288ms @ http://localhost:3000/_next/static/chunks/0brk_next_dist_0dm07mh._.js:776
[  504404ms] [LOG] [Fast Refresh] done in 288ms @ http://localhost:3000/_next/static/chunks/0brk_next_dist_0dm07mh._.js:776
[  504461ms] [LOG] [Fast Refresh] done in 288ms @ http://localhost:3000/_next/static/chunks/0brk_next_dist_0dm07mh._.js:776
[  504525ms] [LOG] [Fast Refresh] done in 288ms @ http://localhost:3000/_next/static/chunks/0brk_next_dist_0dm07mh._.js:776
[  504584ms] [LOG] [Fast Refresh] done in 288ms @ http://localhost:3000/_next/static/chunks/0brk_next_dist_0dm07mh._.js:776
[  504633ms] [LOG] [Fast Refresh] done in 288ms @ http://localhost:3000/_next/static/chunks/0brk_next_dist_0dm07mh._.js:776
[  504695ms] [LOG] [Fast Refresh] done in 288ms @ http://localhost:3000/_next/static/chunks/0brk_next_dist_0dm07mh._.js:776
[  504757ms] [LOG] [Fast Refresh] done in 288ms @ http://localhost:3000/_next/static/chunks/0brk_next_dist_0dm07mh._.js:776
[  504821ms] [LOG] [Fast Refresh] done in 288ms @ http://localhost:3000/_next/static/chunks/0brk_next_dist_0dm07mh._.js:776
[  504876ms] [LOG] [Fast Refresh] done in 288ms @ http://localhost:3000/_next/static/chunks/0brk_next_dist_0dm07mh._.js:776
[  504934ms] [LOG] [Fast Refresh] done in 288ms @ http://localhost:3000/_next/static/chunks/0brk_next_dist_0dm07mh._.js:776
[  504981ms] [LOG] [Fast Refresh] done in 288ms @ http://localhost:3000/_next/static/chunks/0brk_next_dist_0dm07mh._.js:776
[  505042ms] [LOG] [Fast Refresh] done in 288ms @ http://localhost:3000/_next/static/chunks/0brk_next_dist_0dm07mh._.js:776
[  505103ms] [LOG] [Fast Refresh] done in 288ms @ http://localhost:3000/_next/static/chunks/0brk_next_dist_0dm07mh._.js:776
[  505165ms] [LOG] [Fast Refresh] done in 288ms @ http://localhost:3000/_next/static/chunks/0brk_next_dist_0dm07mh._.js:776
[  505217ms] [LOG] [Fast Refresh] done in 288ms @ http://localhost:3000/_next/static/chunks/0brk_next_dist_0dm07mh._.js:776
[  505275ms] [LOG] [Fast Refresh] done in 288ms @ http://localhost:3000/_next/static/chunks/0brk_next_dist_0dm07mh._.js:776
[  505367ms] [LOG] [Fast Refresh] done in 288ms @ http://localhost:3000/_next/static/chunks/0brk_next_dist_0dm07mh._.js:776
[  505451ms] [LOG] [Fast Refresh] done in 288ms @ http://localhost:3000/_next/static/chunks/0brk_next_dist_0dm07mh._.js:776
[  505831ms] [LOG] [Fast Refresh] done in 288ms @ http://localhost:3000/_next/static/chunks/0brk_next_dist_0dm07mh._.js:776
[  506690ms] [LOG] [Fast Refresh] done in 288ms @ http://localhost:3000/_next/static/chunks/0brk_next_dist_0dm07mh._.js:776
[  506855ms] [LOG] [Fast Refresh] done in 288ms @ http://localhost:3000/_next/static/chunks/0brk_next_dist_0dm07mh._.js:776
[  506937ms] [LOG] [Fast Refresh] done in 288ms @ http://localhost:3000/_next/static/chunks/0brk_next_dist_0dm07mh._.js:776
[  507004ms] [LOG] [Fast Refresh] done in 288ms @ http://localhost:3000/_next/static/chunks/0brk_next_dist_0dm07mh._.js:776
[  507071ms] [LOG] [Fast Refresh] done in 288ms @ http://localhost:3000/_next/static/chunks/0brk_next_dist_0dm07mh._.js:776
[  507133ms] [LOG] [Fast Refresh] done in 288ms @ http://localhost:3000/_next/static/chunks/0brk_next_dist_0dm07mh._.js:776
[  507194ms] [LOG] [Fast Refresh] done in 288ms @ http://localhost:3000/_next/static/chunks/0brk_next_dist_0dm07mh._.js:776
[  507257ms] [LOG] [Fast Refresh] done in 288ms @ http://localhost:3000/_next/static/chunks/0brk_next_dist_0dm07mh._.js:776
[  507319ms] [LOG] [Fast Refresh] done in 288ms @ http://localhost:3000/_next/static/chunks/0brk_next_dist_0dm07mh._.js:776
[  507400ms] [LOG] [Fast Refresh] done in 288ms @ http://localhost:3000/_next/static/chunks/0brk_next_dist_0dm07mh._.js:776
[  507473ms] [LOG] [Fast Refresh] done in 288ms @ http://localhost:3000/_next/static/chunks/0brk_next_dist_0dm07mh._.js:776
[  507538ms] [LOG] [Fast Refresh] done in 288ms @ http://localhost:3000/_next/static/chunks/0brk_next_dist_0dm07mh._.js:776
[  507635ms] [LOG] [Fast Refresh] done in 288ms @ http://localhost:3000/_next/static/chunks/0brk_next_dist_0dm07mh._.js:776
[  507710ms] [LOG] [Fast Refresh] done in 288ms @ http://localhost:3000/_next/static/chunks/0brk_next_dist_0dm07mh._.js:776
[  507798ms] [LOG] [Fast Refresh] done in 288ms @ http://localhost:3000/_next/static/chunks/0brk_next_dist_0dm07mh._.js:776
[  507863ms] [LOG] [Fast Refresh] done in 288ms @ http://localhost:3000/_next/static/chunks/0brk_next_dist_0dm07mh._.js:776
[  507936ms] [LOG] [Fast Refresh] done in 288ms @ http://localhost:3000/_next/static/chunks/0brk_next_dist_0dm07mh._.js:776
[  507983ms] [LOG] [Fast Refresh] done in 288ms @ http://localhost:3000/_next/static/chunks/0brk_next_dist_0dm07mh._.js:776
[  508043ms] [LOG] [Fast Refresh] done in 288ms @ http://localhost:3000/_next/static/chunks/0brk_next_dist_0dm07mh._.js:776
[  508168ms] [LOG] [Fast Refresh] done in 288ms @ http://localhost:3000/_next/static/chunks/0brk_next_dist_0dm07mh._.js:776
[  508240ms] [LOG] [Fast Refresh] done in 288ms @ http://localhost:3000/_next/static/chunks/0brk_next_dist_0dm07mh._.js:776
[  508304ms] [LOG] [Fast Refresh] done in 288ms @ http://localhost:3000/_next/static/chunks/0brk_next_dist_0dm07mh._.js:776
[  508385ms] [LOG] [Fast Refresh] done in 288ms @ http://localhost:3000/_next/static/chunks/0brk_next_dist_0dm07mh._.js:776
[  508448ms] [LOG] [Fast Refresh] done in 288ms @ http://localhost:3000/_next/static/chunks/0brk_next_dist_0dm07mh._.js:776
[  508527ms] [LOG] [Fast Refresh] done in 288ms @ http://localhost:3000/_next/static/chunks/0brk_next_dist_0dm07mh._.js:776
[  508581ms] [LOG] [Fast Refresh] done in 288ms @ http://localhost:3000/_next/static/chunks/0brk_next_dist_0dm07mh._.js:776
[  508643ms] [LOG] [Fast Refresh] done in 288ms @ http://localhost:3000/_next/static/chunks/0brk_next_dist_0dm07mh._.js:776
[  508701ms] [LOG] [Fast Refresh] done in 288ms @ http://localhost:3000/_next/static/chunks/0brk_next_dist_0dm07mh._.js:776
[  508956ms] [LOG] [Fast Refresh] done in 288ms @ http://localhost:3000/_next/static/chunks/0brk_next_dist_0dm07mh._.js:776
[  510356ms] [LOG] [Fast Refresh] done in 288ms @ http://localhost:3000/_next/static/chunks/0brk_next_dist_0dm07mh._.js:776
[  510416ms] [LOG] [Fast Refresh] done in 288ms @ http://localhost:3000/_next/static/chunks/0brk_next_dist_0dm07mh._.js:776
[  510480ms] [LOG] [Fast Refresh] done in 288ms @ http://localhost:3000/_next/static/chunks/0brk_next_dist_0dm07mh._.js:776
[  510550ms] [LOG] [Fast Refresh] done in 288ms @ http://localhost:3000/_next/static/chunks/0brk_next_dist_0dm07mh._.js:776
[  510657ms] [LOG] [Fast Refresh] done in 288ms @ http://localhost:3000/_next/static/chunks/0brk_next_dist_0dm07mh._.js:776
[  510720ms] [LOG] [Fast Refresh] done in 288ms @ http://localhost:3000/_next/static/chunks/0brk_next_dist_0dm07mh._.js:776
[  510794ms] [LOG] [Fast Refresh] done in 288ms @ http://localhost:3000/_next/static/chunks/0brk_next_dist_0dm07mh._.js:776
[  510869ms] [LOG] [Fast Refresh] done in 288ms @ http://localhost:3000/_next/static/chunks/0brk_next_dist_0dm07mh._.js:776
[  510932ms] [LOG] [Fast Refresh] done in 288ms @ http://localhost:3000/_next/static/chunks/0brk_next_dist_0dm07mh._.js:776
[  510993ms] [LOG] [Fast Refresh] done in 288ms @ http://localhost:3000/_next/static/chunks/0brk_next_dist_0dm07mh._.js:776
[  511057ms] [LOG] [Fast Refresh] done in 288ms @ http://localhost:3000/_next/static/chunks/0brk_next_dist_0dm07mh._.js:776
[  511110ms] [LOG] [Fast Refresh] done in 288ms @ http://localhost:3000/_next/static/chunks/0brk_next_dist_0dm07mh._.js:776
[  511173ms] [LOG] [Fast Refresh] done in 288ms @ http://localhost:3000/_next/static/chunks/0brk_next_dist_0dm07mh._.js:776
[  511220ms] [LOG] [Fast Refresh] done in 288ms @ http://localhost:3000/_next/static/chunks/0brk_next_dist_0dm07mh._.js:776
[  511282ms] [LOG] [Fast Refresh] done in 288ms @ http://localhost:3000/_next/static/chunks/0brk_next_dist_0dm07mh._.js:776
[  511334ms] [LOG] [Fast Refresh] done in 288ms @ http://localhost:3000/_next/static/chunks/0brk_next_dist_0dm07mh._.js:776
[  511382ms] [LOG] [Fast Refresh] done in 288ms @ http://localhost:3000/_next/static/chunks/0brk_next_dist_0dm07mh._.js:776
[  511444ms] [LOG] [Fast Refresh] done in 288ms @ http://localhost:3000/_next/static/chunks/0brk_next_dist_0dm07mh._.js:776
[  511505ms] [LOG] [Fast Refresh] done in 288ms @ http://localhost:3000/_next/static/chunks/0brk_next_dist_0dm07mh._.js:776
[  511558ms] [LOG] [Fast Refresh] done in 288ms @ http://localhost:3000/_next/static/chunks/0brk_next_dist_0dm07mh._.js:776
[  511700ms] [LOG] [Fast Refresh] done in 288ms @ http://localhost:3000/_next/static/chunks/0brk_next_dist_0dm07mh._.js:776
[  512980ms] [LOG] [Fast Refresh] done in 288ms @ http://localhost:3000/_next/static/chunks/0brk_next_dist_0dm07mh._.js:776
[  513102ms] [LOG] [Fast Refresh] done in 288ms @ http://localhost:3000/_next/static/chunks/0brk_next_dist_0dm07mh._.js:776
[  513152ms] [LOG] [Fast Refresh] done in 288ms @ http://localhost:3000/_next/static/chunks/0brk_next_dist_0dm07mh._.js:776
[  513204ms] [LOG] [Fast Refresh] done in 288ms @ http://localhost:3000/_next/static/chunks/0brk_next_dist_0dm07mh._.js:776
[  513267ms] [LOG] [Fast Refresh] done in 288ms @ http://localhost:3000/_next/static/chunks/0brk_next_dist_0dm07mh._.js:776
[  513330ms] [LOG] [Fast Refresh] done in 288ms @ http://localhost:3000/_next/static/chunks/0brk_next_dist_0dm07mh._.js:776
[  513388ms] [LOG] [Fast Refresh] done in 288ms @ http://localhost:3000/_next/static/chunks/0brk_next_dist_0dm07mh._.js:776
[  513451ms] [LOG] [Fast Refresh] done in 288ms @ http://localhost:3000/_next/static/chunks/0brk_next_dist_0dm07mh._.js:776
[  513499ms] [LOG] [Fast Refresh] done in 288ms @ http://localhost:3000/_next/static/chunks/0brk_next_dist_0dm07mh._.js:776
[  513552ms] [LOG] [Fast Refresh] done in 288ms @ http://localhost:3000/_next/static/chunks/0brk_next_dist_0dm07mh._.js:776
[  513614ms] [LOG] [Fast Refresh] done in 288ms @ http://localhost:3000/_next/static/chunks/0brk_next_dist_0dm07mh._.js:776
[  513676ms] [LOG] [Fast Refresh] done in 288ms @ http://localhost:3000/_next/static/chunks/0brk_next_dist_0dm07mh._.js:776
[  513724ms] [LOG] [Fast Refresh] done in 288ms @ http://localhost:3000/_next/static/chunks/0brk_next_dist_0dm07mh._.js:776
[  513774ms] [LOG] [Fast Refresh] done in 288ms @ http://localhost:3000/_next/static/chunks/0brk_next_dist_0dm07mh._.js:776
[  513836ms] [LOG] [Fast Refresh] done in 288ms @ http://localhost:3000/_next/static/chunks/0brk_next_dist_0dm07mh._.js:776
[  513888ms] [LOG] [Fast Refresh] done in 288ms @ http://localhost:3000/_next/static/chunks/0brk_next_dist_0dm07mh._.js:776
[  513944ms] [LOG] [Fast Refresh] done in 288ms @ http://localhost:3000/_next/static/chunks/0brk_next_dist_0dm07mh._.js:776
[  514004ms] [LOG] [Fast Refresh] done in 288ms @ http://localhost:3000/_next/static/chunks/0brk_next_dist_0dm07mh._.js:776
[  514053ms] [LOG] [Fast Refresh] done in 288ms @ http://localhost:3000/_next/static/chunks/0brk_next_dist_0dm07mh._.js:776
[  514102ms] [LOG] [Fast Refresh] done in 288ms @ http://localhost:3000/_next/static/chunks/0brk_next_dist_0dm07mh._.js:776
[  514150ms] [LOG] [Fast Refresh] done in 288ms @ http://localhost:3000/_next/static/chunks/0brk_next_dist_0dm07mh._.js:776
[  514221ms] [LOG] [Fast Refresh] done in 288ms @ http://localhost:3000/_next/static/chunks/0brk_next_dist_0dm07mh._.js:776
[  514283ms] [LOG] [Fast Refresh] done in 288ms @ http://localhost:3000/_next/static/chunks/0brk_next_dist_0dm07mh._.js:776
[  514345ms] [LOG] [Fast Refresh] done in 288ms @ http://localhost:3000/_next/static/chunks/0brk_next_dist_0dm07mh._.js:776
[  514406ms] [LOG] [Fast Refresh] done in 288ms @ http://localhost:3000/_next/static/chunks/0brk_next_dist_0dm07mh._.js:776
[  514469ms] [LOG] [Fast Refresh] done in 288ms @ http://localhost:3000/_next/static/chunks/0brk_next_dist_0dm07mh._.js:776
[  514525ms] [LOG] [Fast Refresh] done in 288ms @ http://localhost:3000/_next/static/chunks/0brk_next_dist_0dm07mh._.js:776
[  514582ms] [LOG] [Fast Refresh] done in 288ms @ http://localhost:3000/_next/static/chunks/0brk_next_dist_0dm07mh._.js:776
[  514643ms] [LOG] [Fast Refresh] done in 288ms @ http://localhost:3000/_next/static/chunks/0brk_next_dist_0dm07mh._.js:776
[  514705ms] [LOG] [Fast Refresh] done in 288ms @ http://localhost:3000/_next/static/chunks/0brk_next_dist_0dm07mh._.js:776
[  514762ms] [LOG] [Fast Refresh] done in 288ms @ http://localhost:3000/_next/static/chunks/0brk_next_dist_0dm07mh._.js:776
[  514825ms] [LOG] [Fast Refresh] done in 288ms @ http://localhost:3000/_next/static/chunks/0brk_next_dist_0dm07mh._.js:776
[  514873ms] [LOG] [Fast Refresh] done in 288ms @ http://localhost:3000/_next/static/chunks/0brk_next_dist_0dm07mh._.js:776
[  514924ms] [LOG] [Fast Refresh] done in 288ms @ http://localhost:3000/_next/static/chunks/0brk_next_dist_0dm07mh._.js:776
[  514973ms] [LOG] [Fast Refresh] done in 288ms @ http://localhost:3000/_next/static/chunks/0brk_next_dist_0dm07mh._.js:776
[  515035ms] [LOG] [Fast Refresh] done in 288ms @ http://localhost:3000/_next/static/chunks/0brk_next_dist_0dm07mh._.js:776
[  515088ms] [LOG] [Fast Refresh] done in 288ms @ http://localhost:3000/_next/static/chunks/0brk_next_dist_0dm07mh._.js:776
[  515152ms] [LOG] [Fast Refresh] done in 288ms @ http://localhost:3000/_next/static/chunks/0brk_next_dist_0dm07mh._.js:776
[  515214ms] [LOG] [Fast Refresh] done in 288ms @ http://localhost:3000/_next/static/chunks/0brk_next_dist_0dm07mh._.js:776
[  515262ms] [LOG] [Fast Refresh] done in 288ms @ http://localhost:3000/_next/static/chunks/0brk_next_dist_0dm07mh._.js:776
[  515324ms] [LOG] [Fast Refresh] done in 288ms @ http://localhost:3000/_next/static/chunks/0brk_next_dist_0dm07mh._.js:776
[  515373ms] [LOG] [Fast Refresh] done in 288ms @ http://localhost:3000/_next/static/chunks/0brk_next_dist_0dm07mh._.js:776
[  515436ms] [LOG] [Fast Refresh] done in 288ms @ http://localhost:3000/_next/static/chunks/0brk_next_dist_0dm07mh._.js:776
[  515488ms] [LOG] [Fast Refresh] done in 288ms @ http://localhost:3000/_next/static/chunks/0brk_next_dist_0dm07mh._.js:776
[  515554ms] [LOG] [Fast Refresh] done in 288ms @ http://localhost:3000/_next/static/chunks/0brk_next_dist_0dm07mh._.js:776
[  515619ms] [LOG] [Fast Refresh] done in 288ms @ http://localhost:3000/_next/static/chunks/0brk_next_dist_0dm07mh._.js:776
[  515681ms] [LOG] [Fast Refresh] done in 288ms @ http://localhost:3000/_next/static/chunks/0brk_next_dist_0dm07mh._.js:776
[  515729ms] [LOG] [Fast Refresh] done in 288ms @ http://localhost:3000/_next/static/chunks/0brk_next_dist_0dm07mh._.js:776
[  515788ms] [LOG] [Fast Refresh] done in 288ms @ http://localhost:3000/_next/static/chunks/0brk_next_dist_0dm07mh._.js:776
[  515870ms] [LOG] [Fast Refresh] done in 288ms @ http://localhost:3000/_next/static/chunks/0brk_next_dist_0dm07mh._.js:776
[  515922ms] [LOG] [Fast Refresh] done in 288ms @ http://localhost:3000/_next/static/chunks/0brk_next_dist_0dm07mh._.js:776
[  515971ms] [LOG] [Fast Refresh] done in 288ms @ http://localhost:3000/_next/static/chunks/0brk_next_dist_0dm07mh._.js:776
[  516023ms] [LOG] [Fast Refresh] done in 288ms @ http://localhost:3000/_next/static/chunks/0brk_next_dist_0dm07mh._.js:776
[  516089ms] [LOG] [Fast Refresh] done in 288ms @ http://localhost:3000/_next/static/chunks/0brk_next_dist_0dm07mh._.js:776
[  516196ms] [LOG] [Fast Refresh] done in 288ms @ http://localhost:3000/_next/static/chunks/0brk_next_dist_0dm07mh._.js:776
[  516274ms] [LOG] [Fast Refresh] done in 288ms @ http://localhost:3000/_next/static/chunks/0brk_next_dist_0dm07mh._.js:776
[  516336ms] [LOG] [Fast Refresh] done in 288ms @ http://localhost:3000/_next/static/chunks/0brk_next_dist_0dm07mh._.js:776
[  516412ms] [LOG] [Fast Refresh] done in 288ms @ http://localhost:3000/_next/static/chunks/0brk_next_dist_0dm07mh._.js:776
[  516472ms] [LOG] [Fast Refresh] done in 288ms @ http://localhost:3000/_next/static/chunks/0brk_next_dist_0dm07mh._.js:776
[  516520ms] [LOG] [Fast Refresh] done in 288ms @ http://localhost:3000/_next/static/chunks/0brk_next_dist_0dm07mh._.js:776
[  516573ms] [LOG] [Fast Refresh] done in 288ms @ http://localhost:3000/_next/static/chunks/0brk_next_dist_0dm07mh._.js:776
[  516634ms] [LOG] [Fast Refresh] done in 288ms @ http://localhost:3000/_next/static/chunks/0brk_next_dist_0dm07mh._.js:776
[  516689ms] [LOG] [Fast Refresh] done in 288ms @ http://localhost:3000/_next/static/chunks/0brk_next_dist_0dm07mh._.js:776
[  516737ms] [LOG] [Fast Refresh] done in 288ms @ http://localhost:3000/_next/static/chunks/0brk_next_dist_0dm07mh._.js:776
[  516798ms] [LOG] [Fast Refresh] done in 288ms @ http://localhost:3000/_next/static/chunks/0brk_next_dist_0dm07mh._.js:776
[  516860ms] [LOG] [Fast Refresh] done in 288ms @ http://localhost:3000/_next/static/chunks/0brk_next_dist_0dm07mh._.js:776
[  516923ms] [LOG] [Fast Refresh] done in 288ms @ http://localhost:3000/_next/static/chunks/0brk_next_dist_0dm07mh._.js:776
[  516982ms] [LOG] [Fast Refresh] done in 288ms @ http://localhost:3000/_next/static/chunks/0brk_next_dist_0dm07mh._.js:776
[  517046ms] [LOG] [Fast Refresh] done in 288ms @ http://localhost:3000/_next/static/chunks/0brk_next_dist_0dm07mh._.js:776
[  517119ms] [LOG] [Fast Refresh] done in 288ms @ http://localhost:3000/_next/static/chunks/0brk_next_dist_0dm07mh._.js:776
[  517191ms] [LOG] [Fast Refresh] done in 288ms @ http://localhost:3000/_next/static/chunks/0brk_next_dist_0dm07mh._.js:776
[  517264ms] [LOG] [Fast Refresh] done in 288ms @ http://localhost:3000/_next/static/chunks/0brk_next_dist_0dm07mh._.js:776
[  517325ms] [LOG] [Fast Refresh] done in 288ms @ http://localhost:3000/_next/static/chunks/0brk_next_dist_0dm07mh._.js:776
[  517387ms] [LOG] [Fast Refresh] done in 288ms @ http://localhost:3000/_next/static/chunks/0brk_next_dist_0dm07mh._.js:776
[  517452ms] [LOG] [Fast Refresh] done in 288ms @ http://localhost:3000/_next/static/chunks/0brk_next_dist_0dm07mh._.js:776
[  517516ms] [LOG] [Fast Refresh] done in 288ms @ http://localhost:3000/_next/static/chunks/0brk_next_dist_0dm07mh._.js:776
[  517579ms] [LOG] [Fast Refresh] done in 288ms @ http://localhost:3000/_next/static/chunks/0brk_next_dist_0dm07mh._.js:776
[  517640ms] [LOG] [Fast Refresh] done in 288ms @ http://localhost:3000/_next/static/chunks/0brk_next_dist_0dm07mh._.js:776
[  517706ms] [LOG] [Fast Refresh] done in 288ms @ http://localhost:3000/_next/static/chunks/0brk_next_dist_0dm07mh._.js:776
[  517758ms] [LOG] [Fast Refresh] done in 288ms @ http://localhost:3000/_next/static/chunks/0brk_next_dist_0dm07mh._.js:776
[  517820ms] [LOG] [Fast Refresh] done in 288ms @ http://localhost:3000/_next/static/chunks/0brk_next_dist_0dm07mh._.js:776
[  517870ms] [LOG] [Fast Refresh] done in 288ms @ http://localhost:3000/_next/static/chunks/0brk_next_dist_0dm07mh._.js:776
[  517930ms] [LOG] [Fast Refresh] done in 288ms @ http://localhost:3000/_next/static/chunks/0brk_next_dist_0dm07mh._.js:776
[  517983ms] [LOG] [Fast Refresh] done in 288ms @ http://localhost:3000/_next/static/chunks/0brk_next_dist_0dm07mh._.js:776
[  518053ms] [LOG] [Fast Refresh] done in 288ms @ http://localhost:3000/_next/static/chunks/0brk_next_dist_0dm07mh._.js:776
[  518104ms] [LOG] [Fast Refresh] done in 288ms @ http://localhost:3000/_next/static/chunks/0brk_next_dist_0dm07mh._.js:776
[  518154ms] [LOG] [Fast Refresh] done in 288ms @ http://localhost:3000/_next/static/chunks/0brk_next_dist_0dm07mh._.js:776
[  518219ms] [LOG] [Fast Refresh] done in 288ms @ http://localhost:3000/_next/static/chunks/0brk_next_dist_0dm07mh._.js:776
[  518274ms] [LOG] [Fast Refresh] done in 288ms @ http://localhost:3000/_next/static/chunks/0brk_next_dist_0dm07mh._.js:776
[  518335ms] [LOG] [Fast Refresh] done in 288ms @ http://localhost:3000/_next/static/chunks/0brk_next_dist_0dm07mh._.js:776
[  518398ms] [LOG] [Fast Refresh] done in 288ms @ http://localhost:3000/_next/static/chunks/0brk_next_dist_0dm07mh._.js:776
[  518456ms] [LOG] [Fast Refresh] done in 288ms @ http://localhost:3000/_next/static/chunks/0brk_next_dist_0dm07mh._.js:776
[  518518ms] [LOG] [Fast Refresh] done in 288ms @ http://localhost:3000/_next/static/chunks/0brk_next_dist_0dm07mh._.js:776
[  518574ms] [LOG] [Fast Refresh] done in 288ms @ http://localhost:3000/_next/static/chunks/0brk_next_dist_0dm07mh._.js:776
[  518636ms] [LOG] [Fast Refresh] done in 288ms @ http://localhost:3000/_next/static/chunks/0brk_next_dist_0dm07mh._.js:776
[  518690ms] [LOG] [Fast Refresh] done in 288ms @ http://localhost:3000/_next/static/chunks/0brk_next_dist_0dm07mh._.js:776
[  518741ms] [LOG] [Fast Refresh] done in 288ms @ http://localhost:3000/_next/static/chunks/0brk_next_dist_0dm07mh._.js:776
[  518804ms] [LOG] [Fast Refresh] done in 288ms @ http://localhost:3000/_next/static/chunks/0brk_next_dist_0dm07mh._.js:776
[  518853ms] [LOG] [Fast Refresh] done in 288ms @ http://localhost:3000/_next/static/chunks/0brk_next_dist_0dm07mh._.js:776
[  518914ms] [LOG] [Fast Refresh] done in 288ms @ http://localhost:3000/_next/static/chunks/0brk_next_dist_0dm07mh._.js:776
[  518965ms] [LOG] [Fast Refresh] done in 288ms @ http://localhost:3000/_next/static/chunks/0brk_next_dist_0dm07mh._.js:776
[  519031ms] [LOG] [Fast Refresh] done in 288ms @ http://localhost:3000/_next/static/chunks/0brk_next_dist_0dm07mh._.js:776
[  519081ms] [LOG] [Fast Refresh] done in 288ms @ http://localhost:3000/_next/static/chunks/0brk_next_dist_0dm07mh._.js:776
[  519144ms] [LOG] [Fast Refresh] done in 288ms @ http://localhost:3000/_next/static/chunks/0brk_next_dist_0dm07mh._.js:776
[  519192ms] [LOG] [Fast Refresh] done in 288ms @ http://localhost:3000/_next/static/chunks/0brk_next_dist_0dm07mh._.js:776
[  519254ms] [LOG] [Fast Refresh] done in 288ms @ http://localhost:3000/_next/static/chunks/0brk_next_dist_0dm07mh._.js:776
[  519321ms] [LOG] [Fast Refresh] done in 288ms @ http://localhost:3000/_next/static/chunks/0brk_next_dist_0dm07mh._.js:776
[  519375ms] [LOG] [Fast Refresh] done in 288ms @ http://localhost:3000/_next/static/chunks/0brk_next_dist_0dm07mh._.js:776
[  519436ms] [LOG] [Fast Refresh] done in 288ms @ http://localhost:3000/_next/static/chunks/0brk_next_dist_0dm07mh._.js:776
[  519487ms] [LOG] [Fast Refresh] done in 288ms @ http://localhost:3000/_next/static/chunks/0brk_next_dist_0dm07mh._.js:776
[  519554ms] [LOG] [Fast Refresh] done in 288ms @ http://localhost:3000/_next/static/chunks/0brk_next_dist_0dm07mh._.js:776
[  519620ms] [LOG] [Fast Refresh] done in 288ms @ http://localhost:3000/_next/static/chunks/0brk_next_dist_0dm07mh._.js:776
[  519673ms] [LOG] [Fast Refresh] done in 288ms @ http://localhost:3000/_next/static/chunks/0brk_next_dist_0dm07mh._.js:776
[  519722ms] [LOG] [Fast Refresh] done in 288ms @ http://localhost:3000/_next/static/chunks/0brk_next_dist_0dm07mh._.js:776
[  519771ms] [LOG] [Fast Refresh] done in 288ms @ http://localhost:3000/_next/static/chunks/0brk_next_dist_0dm07mh._.js:776
[  519832ms] [LOG] [Fast Refresh] done in 288ms @ http://localhost:3000/_next/static/chunks/0brk_next_dist_0dm07mh._.js:776
[  519880ms] [LOG] [Fast Refresh] done in 288ms @ http://localhost:3000/_next/static/chunks/0brk_next_dist_0dm07mh._.js:776
[  519944ms] [LOG] [Fast Refresh] done in 288ms @ http://localhost:3000/_next/static/chunks/0brk_next_dist_0dm07mh._.js:776
[  519991ms] [LOG] [Fast Refresh] done in 288ms @ http://localhost:3000/_next/static/chunks/0brk_next_dist_0dm07mh._.js:776
[  520054ms] [LOG] [Fast Refresh] done in 288ms @ http://localhost:3000/_next/static/chunks/0brk_next_dist_0dm07mh._.js:776
[  520113ms] [LOG] [Fast Refresh] done in 288ms @ http://localhost:3000/_next/static/chunks/0brk_next_dist_0dm07mh._.js:776
[  520164ms] [LOG] [Fast Refresh] done in 288ms @ http://localhost:3000/_next/static/chunks/0brk_next_dist_0dm07mh._.js:776
[  520230ms] [LOG] [Fast Refresh] done in 288ms @ http://localhost:3000/_next/static/chunks/0brk_next_dist_0dm07mh._.js:776
[  520294ms] [LOG] [Fast Refresh] done in 288ms @ http://localhost:3000/_next/static/chunks/0brk_next_dist_0dm07mh._.js:776
[  520357ms] [LOG] [Fast Refresh] done in 288ms @ http://localhost:3000/_next/static/chunks/0brk_next_dist_0dm07mh._.js:776
[  520418ms] [LOG] [Fast Refresh] done in 288ms @ http://localhost:3000/_next/static/chunks/0brk_next_dist_0dm07mh._.js:776
[  520466ms] [LOG] [Fast Refresh] done in 288ms @ http://localhost:3000/_next/static/chunks/0brk_next_dist_0dm07mh._.js:776
[  520531ms] [LOG] [Fast Refresh] done in 288ms @ http://localhost:3000/_next/static/chunks/0brk_next_dist_0dm07mh._.js:776
[  520596ms] [LOG] [Fast Refresh] done in 288ms @ http://localhost:3000/_next/static/chunks/0brk_next_dist_0dm07mh._.js:776
[  520654ms] [LOG] [Fast Refresh] done in 288ms @ http://localhost:3000/_next/static/chunks/0brk_next_dist_0dm07mh._.js:776
[  520702ms] [LOG] [Fast Refresh] done in 288ms @ http://localhost:3000/_next/static/chunks/0brk_next_dist_0dm07mh._.js:776
[  520756ms] [LOG] [Fast Refresh] done in 288ms @ http://localhost:3000/_next/static/chunks/0brk_next_dist_0dm07mh._.js:776
[  520806ms] [LOG] [Fast Refresh] done in 288ms @ http://localhost:3000/_next/static/chunks/0brk_next_dist_0dm07mh._.js:776
[  520854ms] [LOG] [Fast Refresh] done in 288ms @ http://localhost:3000/_next/static/chunks/0brk_next_dist_0dm07mh._.js:776
[  520917ms] [LOG] [Fast Refresh] done in 288ms @ http://localhost:3000/_next/static/chunks/0brk_next_dist_0dm07mh._.js:776
[  520969ms] [LOG] [Fast Refresh] done in 288ms @ http://localhost:3000/_next/static/chunks/0brk_next_dist_0dm07mh._.js:776
[  521032ms] [LOG] [Fast Refresh] done in 288ms @ http://localhost:3000/_next/static/chunks/0brk_next_dist_0dm07mh._.js:776
[  521098ms] [LOG] [Fast Refresh] done in 288ms @ http://localhost:3000/_next/static/chunks/0brk_next_dist_0dm07mh._.js:776
[  521151ms] [LOG] [Fast Refresh] done in 288ms @ http://localhost:3000/_next/static/chunks/0brk_next_dist_0dm07mh._.js:776
[  521208ms] [LOG] [Fast Refresh] done in 288ms @ http://localhost:3000/_next/static/chunks/0brk_next_dist_0dm07mh._.js:776
[  521259ms] [LOG] [Fast Refresh] done in 288ms @ http://localhost:3000/_next/static/chunks/0brk_next_dist_0dm07mh._.js:776
[  521322ms] [LOG] [Fast Refresh] done in 288ms @ http://localhost:3000/_next/static/chunks/0brk_next_dist_0dm07mh._.js:776
[  521371ms] [LOG] [Fast Refresh] done in 288ms @ http://localhost:3000/_next/static/chunks/0brk_next_dist_0dm07mh._.js:776
[  521433ms] [LOG] [Fast Refresh] done in 288ms @ http://localhost:3000/_next/static/chunks/0brk_next_dist_0dm07mh._.js:776
[  521482ms] [LOG] [Fast Refresh] done in 288ms @ http://localhost:3000/_next/static/chunks/0brk_next_dist_0dm07mh._.js:776
[  521535ms] [LOG] [Fast Refresh] done in 288ms @ http://localhost:3000/_next/static/chunks/0brk_next_dist_0dm07mh._.js:776
[  521587ms] [LOG] [Fast Refresh] done in 288ms @ http://localhost:3000/_next/static/chunks/0brk_next_dist_0dm07mh._.js:776
[  521649ms] [LOG] [Fast Refresh] done in 288ms @ http://localhost:3000/_next/static/chunks/0brk_next_dist_0dm07mh._.js:776
[  521710ms] [LOG] [Fast Refresh] done in 288ms @ http://localhost:3000/_next/static/chunks/0brk_next_dist_0dm07mh._.js:776
[  521762ms] [LOG] [Fast Refresh] done in 288ms @ http://localhost:3000/_next/static/chunks/0brk_next_dist_0dm07mh._.js:776
[  521825ms] [LOG] [Fast Refresh] done in 288ms @ http://localhost:3000/_next/static/chunks/0brk_next_dist_0dm07mh._.js:776
[  521887ms] [LOG] [Fast Refresh] done in 288ms @ http://localhost:3000/_next/static/chunks/0brk_next_dist_0dm07mh._.js:776
[  521948ms] [LOG] [Fast Refresh] done in 288ms @ http://localhost:3000/_next/static/chunks/0brk_next_dist_0dm07mh._.js:776
[  522011ms] [LOG] [Fast Refresh] done in 288ms @ http://localhost:3000/_next/static/chunks/0brk_next_dist_0dm07mh._.js:776
[  522074ms] [LOG] [Fast Refresh] done in 288ms @ http://localhost:3000/_next/static/chunks/0brk_next_dist_0dm07mh._.js:776
[  522138ms] [LOG] [Fast Refresh] done in 288ms @ http://localhost:3000/_next/static/chunks/0brk_next_dist_0dm07mh._.js:776
[  522204ms] [LOG] [Fast Refresh] done in 288ms @ http://localhost:3000/_next/static/chunks/0brk_next_dist_0dm07mh._.js:776
[  522257ms] [LOG] [Fast Refresh] done in 288ms @ http://localhost:3000/_next/static/chunks/0brk_next_dist_0dm07mh._.js:776
[  522321ms] [LOG] [Fast Refresh] done in 288ms @ http://localhost:3000/_next/static/chunks/0brk_next_dist_0dm07mh._.js:776
[  522383ms] [LOG] [Fast Refresh] done in 288ms @ http://localhost:3000/_next/static/chunks/0brk_next_dist_0dm07mh._.js:776
[  522444ms] [LOG] [Fast Refresh] done in 288ms @ http://localhost:3000/_next/static/chunks/0brk_next_dist_0dm07mh._.js:776
[  522506ms] [LOG] [Fast Refresh] done in 288ms @ http://localhost:3000/_next/static/chunks/0brk_next_dist_0dm07mh._.js:776
[  522567ms] [LOG] [Fast Refresh] done in 288ms @ http://localhost:3000/_next/static/chunks/0brk_next_dist_0dm07mh._.js:776
[  522631ms] [LOG] [Fast Refresh] done in 288ms @ http://localhost:3000/_next/static/chunks/0brk_next_dist_0dm07mh._.js:776
[  522694ms] [LOG] [Fast Refresh] done in 288ms @ http://localhost:3000/_next/static/chunks/0brk_next_dist_0dm07mh._.js:776
[  522754ms] [LOG] [Fast Refresh] done in 288ms @ http://localhost:3000/_next/static/chunks/0brk_next_dist_0dm07mh._.js:776
[  522801ms] [LOG] [Fast Refresh] done in 288ms @ http://localhost:3000/_next/static/chunks/0brk_next_dist_0dm07mh._.js:776
[  522879ms] [LOG] [Fast Refresh] done in 288ms @ http://localhost:3000/_next/static/chunks/0brk_next_dist_0dm07mh._.js:776
[  522940ms] [LOG] [Fast Refresh] done in 288ms @ http://localhost:3000/_next/static/chunks/0brk_next_dist_0dm07mh._.js:776
[  523002ms] [LOG] [Fast Refresh] done in 288ms @ http://localhost:3000/_next/static/chunks/0brk_next_dist_0dm07mh._.js:776
[  523065ms] [LOG] [Fast Refresh] done in 288ms @ http://localhost:3000/_next/static/chunks/0brk_next_dist_0dm07mh._.js:776
[  523127ms] [LOG] [Fast Refresh] done in 288ms @ http://localhost:3000/_next/static/chunks/0brk_next_dist_0dm07mh._.js:776
[  523190ms] [LOG] [Fast Refresh] done in 288ms @ http://localhost:3000/_next/static/chunks/0brk_next_dist_0dm07mh._.js:776
[  523249ms] [LOG] [Fast Refresh] done in 288ms @ http://localhost:3000/_next/static/chunks/0brk_next_dist_0dm07mh._.js:776
[  523312ms] [LOG] [Fast Refresh] done in 288ms @ http://localhost:3000/_next/static/chunks/0brk_next_dist_0dm07mh._.js:776
[  523373ms] [LOG] [Fast Refresh] done in 288ms @ http://localhost:3000/_next/static/chunks/0brk_next_dist_0dm07mh._.js:776
[  523437ms] [LOG] [Fast Refresh] done in 288ms @ http://localhost:3000/_next/static/chunks/0brk_next_dist_0dm07mh._.js:776
[  523498ms] [LOG] [Fast Refresh] done in 288ms @ http://localhost:3000/_next/static/chunks/0brk_next_dist_0dm07mh._.js:776
[  523559ms] [LOG] [Fast Refresh] done in 288ms @ http://localhost:3000/_next/static/chunks/0brk_next_dist_0dm07mh._.js:776
[  523634ms] [LOG] [Fast Refresh] done in 288ms @ http://localhost:3000/_next/static/chunks/0brk_next_dist_0dm07mh._.js:776
[  523704ms] [LOG] [Fast Refresh] done in 288ms @ http://localhost:3000/_next/static/chunks/0brk_next_dist_0dm07mh._.js:776
[  523766ms] [LOG] [Fast Refresh] done in 288ms @ http://localhost:3000/_next/static/chunks/0brk_next_dist_0dm07mh._.js:776
[  523826ms] [LOG] [Fast Refresh] done in 288ms @ http://localhost:3000/_next/static/chunks/0brk_next_dist_0dm07mh._.js:776
[  523876ms] [LOG] [Fast Refresh] done in 288ms @ http://localhost:3000/_next/static/chunks/0brk_next_dist_0dm07mh._.js:776
[  523924ms] [LOG] [Fast Refresh] done in 288ms @ http://localhost:3000/_next/static/chunks/0brk_next_dist_0dm07mh._.js:776
[  523985ms] [LOG] [Fast Refresh] done in 288ms @ http://localhost:3000/_next/static/chunks/0brk_next_dist_0dm07mh._.js:776
[  524055ms] [LOG] [Fast Refresh] done in 288ms @ http://localhost:3000/_next/static/chunks/0brk_next_dist_0dm07mh._.js:776
[  524118ms] [LOG] [Fast Refresh] done in 288ms @ http://localhost:3000/_next/static/chunks/0brk_next_dist_0dm07mh._.js:776
[  524173ms] [LOG] [Fast Refresh] done in 288ms @ http://localhost:3000/_next/static/chunks/0brk_next_dist_0dm07mh._.js:776
[  524235ms] [LOG] [Fast Refresh] done in 288ms @ http://localhost:3000/_next/static/chunks/0brk_next_dist_0dm07mh._.js:776
[  524297ms] [LOG] [Fast Refresh] done in 288ms @ http://localhost:3000/_next/static/chunks/0brk_next_dist_0dm07mh._.js:776
[  524344ms] [LOG] [Fast Refresh] done in 288ms @ http://localhost:3000/_next/static/chunks/0brk_next_dist_0dm07mh._.js:776
[  524400ms] [LOG] [Fast Refresh] done in 288ms @ http://localhost:3000/_next/static/chunks/0brk_next_dist_0dm07mh._.js:776
[  524449ms] [LOG] [Fast Refresh] done in 288ms @ http://localhost:3000/_next/static/chunks/0brk_next_dist_0dm07mh._.js:776
[  524506ms] [LOG] [Fast Refresh] done in 288ms @ http://localhost:3000/_next/static/chunks/0brk_next_dist_0dm07mh._.js:776
[  524572ms] [LOG] [Fast Refresh] done in 288ms @ http://localhost:3000/_next/static/chunks/0brk_next_dist_0dm07mh._.js:776
[  524634ms] [LOG] [Fast Refresh] done in 288ms @ http://localhost:3000/_next/static/chunks/0brk_next_dist_0dm07mh._.js:776
[  524689ms] [LOG] [Fast Refresh] done in 288ms @ http://localhost:3000/_next/static/chunks/0brk_next_dist_0dm07mh._.js:776
[  524748ms] [LOG] [Fast Refresh] done in 288ms @ http://localhost:3000/_next/static/chunks/0brk_next_dist_0dm07mh._.js:776
[  524817ms] [LOG] [Fast Refresh] done in 288ms @ http://localhost:3000/_next/static/chunks/0brk_next_dist_0dm07mh._.js:776
[  524874ms] [LOG] [Fast Refresh] done in 288ms @ http://localhost:3000/_next/static/chunks/0brk_next_dist_0dm07mh._.js:776
[  524936ms] [LOG] [Fast Refresh] done in 288ms @ http://localhost:3000/_next/static/chunks/0brk_next_dist_0dm07mh._.js:776
[  525017ms] [LOG] [Fast Refresh] done in 288ms @ http://localhost:3000/_next/static/chunks/0brk_next_dist_0dm07mh._.js:776
[  525097ms] [LOG] [Fast Refresh] done in 288ms @ http://localhost:3000/_next/static/chunks/0brk_next_dist_0dm07mh._.js:776
[  525169ms] [LOG] [Fast Refresh] done in 288ms @ http://localhost:3000/_next/static/chunks/0brk_next_dist_0dm07mh._.js:776
[  525246ms] [LOG] [Fast Refresh] done in 288ms @ http://localhost:3000/_next/static/chunks/0brk_next_dist_0dm07mh._.js:776
[  525307ms] [LOG] [Fast Refresh] done in 288ms @ http://localhost:3000/_next/static/chunks/0brk_next_dist_0dm07mh._.js:776
[  525360ms] [LOG] [Fast Refresh] done in 288ms @ http://localhost:3000/_next/static/chunks/0brk_next_dist_0dm07mh._.js:776
[  525421ms] [LOG] [Fast Refresh] done in 288ms @ http://localhost:3000/_next/static/chunks/0brk_next_dist_0dm07mh._.js:776
[  525482ms] [LOG] [Fast Refresh] done in 288ms @ http://localhost:3000/_next/static/chunks/0brk_next_dist_0dm07mh._.js:776
[  525544ms] [LOG] [Fast Refresh] done in 288ms @ http://localhost:3000/_next/static/chunks/0brk_next_dist_0dm07mh._.js:776
[  525593ms] [LOG] [Fast Refresh] done in 288ms @ http://localhost:3000/_next/static/chunks/0brk_next_dist_0dm07mh._.js:776
[  525644ms] [LOG] [Fast Refresh] done in 288ms @ http://localhost:3000/_next/static/chunks/0brk_next_dist_0dm07mh._.js:776
[  525705ms] [LOG] [Fast Refresh] done in 288ms @ http://localhost:3000/_next/static/chunks/0brk_next_dist_0dm07mh._.js:776
[  525775ms] [LOG] [Fast Refresh] done in 288ms @ http://localhost:3000/_next/static/chunks/0brk_next_dist_0dm07mh._.js:776
[  525841ms] [LOG] [Fast Refresh] done in 288ms @ http://localhost:3000/_next/static/chunks/0brk_next_dist_0dm07mh._.js:776
[  525908ms] [LOG] [Fast Refresh] done in 288ms @ http://localhost:3000/_next/static/chunks/0brk_next_dist_0dm07mh._.js:776
[  525970ms] [LOG] [Fast Refresh] done in 288ms @ http://localhost:3000/_next/static/chunks/0brk_next_dist_0dm07mh._.js:776
[  526032ms] [LOG] [Fast Refresh] done in 288ms @ http://localhost:3000/_next/static/chunks/0brk_next_dist_0dm07mh._.js:776
[  526093ms] [LOG] [Fast Refresh] done in 288ms @ http://localhost:3000/_next/static/chunks/0brk_next_dist_0dm07mh._.js:776
[  526145ms] [LOG] [Fast Refresh] done in 288ms @ http://localhost:3000/_next/static/chunks/0brk_next_dist_0dm07mh._.js:776
[  526209ms] [LOG] [Fast Refresh] done in 288ms @ http://localhost:3000/_next/static/chunks/0brk_next_dist_0dm07mh._.js:776
[  526292ms] [LOG] [Fast Refresh] done in 288ms @ http://localhost:3000/_next/static/chunks/0brk_next_dist_0dm07mh._.js:776
[  526370ms] [LOG] [Fast Refresh] done in 288ms @ http://localhost:3000/_next/static/chunks/0brk_next_dist_0dm07mh._.js:776
[  526427ms] [LOG] [Fast Refresh] done in 288ms @ http://localhost:3000/_next/static/chunks/0brk_next_dist_0dm07mh._.js:776
[  526521ms] [LOG] [Fast Refresh] done in 288ms @ http://localhost:3000/_next/static/chunks/0brk_next_dist_0dm07mh._.js:776
[  526585ms] [LOG] [Fast Refresh] done in 288ms @ http://localhost:3000/_next/static/chunks/0brk_next_dist_0dm07mh._.js:776
[  526655ms] [LOG] [Fast Refresh] done in 288ms @ http://localhost:3000/_next/static/chunks/0brk_next_dist_0dm07mh._.js:776
[  526716ms] [LOG] [Fast Refresh] done in 288ms @ http://localhost:3000/_next/static/chunks/0brk_next_dist_0dm07mh._.js:776
[  526765ms] [LOG] [Fast Refresh] done in 288ms @ http://localhost:3000/_next/static/chunks/0brk_next_dist_0dm07mh._.js:776
[  526841ms] [LOG] [Fast Refresh] done in 288ms @ http://localhost:3000/_next/static/chunks/0brk_next_dist_0dm07mh._.js:776
[  526903ms] [LOG] [Fast Refresh] done in 288ms @ http://localhost:3000/_next/static/chunks/0brk_next_dist_0dm07mh._.js:776
[  526966ms] [LOG] [Fast Refresh] done in 288ms @ http://localhost:3000/_next/static/chunks/0brk_next_dist_0dm07mh._.js:776
[  527027ms] [LOG] [Fast Refresh] done in 288ms @ http://localhost:3000/_next/static/chunks/0brk_next_dist_0dm07mh._.js:776
[  527090ms] [LOG] [Fast Refresh] done in 288ms @ http://localhost:3000/_next/static/chunks/0brk_next_dist_0dm07mh._.js:776
[  527151ms] [LOG] [Fast Refresh] done in 288ms @ http://localhost:3000/_next/static/chunks/0brk_next_dist_0dm07mh._.js:776
[  527236ms] [LOG] [Fast Refresh] done in 288ms @ http://localhost:3000/_next/static/chunks/0brk_next_dist_0dm07mh._.js:776
[  527291ms] [LOG] [Fast Refresh] done in 288ms @ http://localhost:3000/_next/static/chunks/0brk_next_dist_0dm07mh._.js:776
[  527353ms] [LOG] [Fast Refresh] done in 288ms @ http://localhost:3000/_next/static/chunks/0brk_next_dist_0dm07mh._.js:776
[  527475ms] [LOG] [Fast Refresh] done in 288ms @ http://localhost:3000/_next/static/chunks/0brk_next_dist_0dm07mh._.js:776
[  527536ms] [LOG] [Fast Refresh] done in 288ms @ http://localhost:3000/_next/static/chunks/0brk_next_dist_0dm07mh._.js:776
[  527579ms] [LOG] [Fast Refresh] done in 288ms @ http://localhost:3000/_next/static/chunks/0brk_next_dist_0dm07mh._.js:776
[  527685ms] [LOG] [Fast Refresh] done in 288ms @ http://localhost:3000/_next/static/chunks/0brk_next_dist_0dm07mh._.js:776
[  527970ms] [LOG] [Fast Refresh] done in 288ms @ http://localhost:3000/_next/static/chunks/0brk_next_dist_0dm07mh._.js:776
[  528164ms] [LOG] [Fast Refresh] done in 288ms @ http://localhost:3000/_next/static/chunks/0brk_next_dist_0dm07mh._.js:776
[  528249ms] [LOG] [Fast Refresh] done in 288ms @ http://localhost:3000/_next/static/chunks/0brk_next_dist_0dm07mh._.js:776
[  528572ms] [LOG] [Fast Refresh] done in 288ms @ http://localhost:3000/_next/static/chunks/0brk_next_dist_0dm07mh._.js:776
[  528633ms] [LOG] [Fast Refresh] done in 288ms @ http://localhost:3000/_next/static/chunks/0brk_next_dist_0dm07mh._.js:776
[  528694ms] [LOG] [Fast Refresh] done in 288ms @ http://localhost:3000/_next/static/chunks/0brk_next_dist_0dm07mh._.js:776
[  528747ms] [LOG] [Fast Refresh] done in 288ms @ http://localhost:3000/_next/static/chunks/0brk_next_dist_0dm07mh._.js:776
[  528803ms] [LOG] [Fast Refresh] done in 288ms @ http://localhost:3000/_next/static/chunks/0brk_next_dist_0dm07mh._.js:776
[  528864ms] [LOG] [Fast Refresh] done in 288ms @ http://localhost:3000/_next/static/chunks/0brk_next_dist_0dm07mh._.js:776
[  528920ms] [LOG] [Fast Refresh] done in 288ms @ http://localhost:3000/_next/static/chunks/0brk_next_dist_0dm07mh._.js:776
[  528981ms] [LOG] [Fast Refresh] done in 288ms @ http://localhost:3000/_next/static/chunks/0brk_next_dist_0dm07mh._.js:776
[  529044ms] [LOG] [Fast Refresh] done in 288ms @ http://localhost:3000/_next/static/chunks/0brk_next_dist_0dm07mh._.js:776
[  529091ms] [LOG] [Fast Refresh] done in 288ms @ http://localhost:3000/_next/static/chunks/0brk_next_dist_0dm07mh._.js:776
[  529159ms] [LOG] [Fast Refresh] done in 288ms @ http://localhost:3000/_next/static/chunks/0brk_next_dist_0dm07mh._.js:776
[  529222ms] [LOG] [Fast Refresh] done in 288ms @ http://localhost:3000/_next/static/chunks/0brk_next_dist_0dm07mh._.js:776
[  529268ms] [LOG] [Fast Refresh] done in 288ms @ http://localhost:3000/_next/static/chunks/0brk_next_dist_0dm07mh._.js:776
[  529329ms] [LOG] [Fast Refresh] done in 288ms @ http://localhost:3000/_next/static/chunks/0brk_next_dist_0dm07mh._.js:776
[  529389ms] [LOG] [Fast Refresh] done in 288ms @ http://localhost:3000/_next/static/chunks/0brk_next_dist_0dm07mh._.js:776
[  529455ms] [LOG] [Fast Refresh] done in 288ms @ http://localhost:3000/_next/static/chunks/0brk_next_dist_0dm07mh._.js:776
[  529519ms] [LOG] [Fast Refresh] done in 288ms @ http://localhost:3000/_next/static/chunks/0brk_next_dist_0dm07mh._.js:776
[  529579ms] [LOG] [Fast Refresh] done in 288ms @ http://localhost:3000/_next/static/chunks/0brk_next_dist_0dm07mh._.js:776
[  529640ms] [LOG] [Fast Refresh] done in 288ms @ http://localhost:3000/_next/static/chunks/0brk_next_dist_0dm07mh._.js:776
[  529701ms] [LOG] [Fast Refresh] done in 288ms @ http://localhost:3000/_next/static/chunks/0brk_next_dist_0dm07mh._.js:776
[  529764ms] [LOG] [Fast Refresh] done in 288ms @ http://localhost:3000/_next/static/chunks/0brk_next_dist_0dm07mh._.js:776
[  529820ms] [LOG] [Fast Refresh] done in 288ms @ http://localhost:3000/_next/static/chunks/0brk_next_dist_0dm07mh._.js:776
[  529877ms] [LOG] [Fast Refresh] done in 288ms @ http://localhost:3000/_next/static/chunks/0brk_next_dist_0dm07mh._.js:776
[  529939ms] [LOG] [Fast Refresh] done in 288ms @ http://localhost:3000/_next/static/chunks/0brk_next_dist_0dm07mh._.js:776
[  530001ms] [LOG] [Fast Refresh] done in 288ms @ http://localhost:3000/_next/static/chunks/0brk_next_dist_0dm07mh._.js:776
[  530054ms] [LOG] [Fast Refresh] done in 288ms @ http://localhost:3000/_next/static/chunks/0brk_next_dist_0dm07mh._.js:776
[  530104ms] [LOG] [Fast Refresh] done in 288ms @ http://localhost:3000/_next/static/chunks/0brk_next_dist_0dm07mh._.js:776
[  530150ms] [LOG] [Fast Refresh] done in 288ms @ http://localhost:3000/_next/static/chunks/0brk_next_dist_0dm07mh._.js:776
[  530212ms] [LOG] [Fast Refresh] done in 288ms @ http://localhost:3000/_next/static/chunks/0brk_next_dist_0dm07mh._.js:776
[  530275ms] [LOG] [Fast Refresh] done in 288ms @ http://localhost:3000/_next/static/chunks/0brk_next_dist_0dm07mh._.js:776
[  530325ms] [LOG] [Fast Refresh] done in 288ms @ http://localhost:3000/_next/static/chunks/0brk_next_dist_0dm07mh._.js:776
[  530387ms] [LOG] [Fast Refresh] done in 288ms @ http://localhost:3000/_next/static/chunks/0brk_next_dist_0dm07mh._.js:776
[  530449ms] [LOG] [Fast Refresh] done in 288ms @ http://localhost:3000/_next/static/chunks/0brk_next_dist_0dm07mh._.js:776
[  530512ms] [LOG] [Fast Refresh] done in 288ms @ http://localhost:3000/_next/static/chunks/0brk_next_dist_0dm07mh._.js:776
[  530573ms] [LOG] [Fast Refresh] done in 288ms @ http://localhost:3000/_next/static/chunks/0brk_next_dist_0dm07mh._.js:776
[  530633ms] [LOG] [Fast Refresh] done in 288ms @ http://localhost:3000/_next/static/chunks/0brk_next_dist_0dm07mh._.js:776
[  530691ms] [LOG] [Fast Refresh] done in 288ms @ http://localhost:3000/_next/static/chunks/0brk_next_dist_0dm07mh._.js:776
[  530760ms] [LOG] [Fast Refresh] done in 288ms @ http://localhost:3000/_next/static/chunks/0brk_next_dist_0dm07mh._.js:776
[  530823ms] [LOG] [Fast Refresh] done in 288ms @ http://localhost:3000/_next/static/chunks/0brk_next_dist_0dm07mh._.js:776
[  530874ms] [LOG] [Fast Refresh] done in 288ms @ http://localhost:3000/_next/static/chunks/0brk_next_dist_0dm07mh._.js:776
[  530928ms] [LOG] [Fast Refresh] done in 288ms @ http://localhost:3000/_next/static/chunks/0brk_next_dist_0dm07mh._.js:776
[  530992ms] [LOG] [Fast Refresh] done in 288ms @ http://localhost:3000/_next/static/chunks/0brk_next_dist_0dm07mh._.js:776
[  531049ms] [LOG] [Fast Refresh] done in 288ms @ http://localhost:3000/_next/static/chunks/0brk_next_dist_0dm07mh._.js:776
[  531105ms] [LOG] [Fast Refresh] done in 288ms @ http://localhost:3000/_next/static/chunks/0brk_next_dist_0dm07mh._.js:776
[  531157ms] [LOG] [Fast Refresh] done in 288ms @ http://localhost:3000/_next/static/chunks/0brk_next_dist_0dm07mh._.js:776
[  531207ms] [LOG] [Fast Refresh] done in 288ms @ http://localhost:3000/_next/static/chunks/0brk_next_dist_0dm07mh._.js:776
[  531269ms] [LOG] [Fast Refresh] done in 288ms @ http://localhost:3000/_next/static/chunks/0brk_next_dist_0dm07mh._.js:776
[  531323ms] [LOG] [Fast Refresh] done in 288ms @ http://localhost:3000/_next/static/chunks/0brk_next_dist_0dm07mh._.js:776
[  531387ms] [LOG] [Fast Refresh] done in 288ms @ http://localhost:3000/_next/static/chunks/0brk_next_dist_0dm07mh._.js:776
[  531440ms] [LOG] [Fast Refresh] done in 288ms @ http://localhost:3000/_next/static/chunks/0brk_next_dist_0dm07mh._.js:776
[  531490ms] [LOG] [Fast Refresh] done in 288ms @ http://localhost:3000/_next/static/chunks/0brk_next_dist_0dm07mh._.js:776
[  531539ms] [LOG] [Fast Refresh] done in 288ms @ http://localhost:3000/_next/static/chunks/0brk_next_dist_0dm07mh._.js:776
[  531591ms] [LOG] [Fast Refresh] done in 288ms @ http://localhost:3000/_next/static/chunks/0brk_next_dist_0dm07mh._.js:776
[  531652ms] [LOG] [Fast Refresh] done in 288ms @ http://localhost:3000/_next/static/chunks/0brk_next_dist_0dm07mh._.js:776
[  531708ms] [LOG] [Fast Refresh] done in 288ms @ http://localhost:3000/_next/static/chunks/0brk_next_dist_0dm07mh._.js:776
[  531808ms] [LOG] [Fast Refresh] done in 288ms @ http://localhost:3000/_next/static/chunks/0brk_next_dist_0dm07mh._.js:776
[  531925ms] [LOG] [Fast Refresh] done in 288ms @ http://localhost:3000/_next/static/chunks/0brk_next_dist_0dm07mh._.js:776
[  532004ms] [LOG] [Fast Refresh] done in 288ms @ http://localhost:3000/_next/static/chunks/0brk_next_dist_0dm07mh._.js:776
[  532062ms] [LOG] [Fast Refresh] done in 288ms @ http://localhost:3000/_next/static/chunks/0brk_next_dist_0dm07mh._.js:776
[  532125ms] [LOG] [Fast Refresh] done in 288ms @ http://localhost:3000/_next/static/chunks/0brk_next_dist_0dm07mh._.js:776
[  532179ms] [LOG] [Fast Refresh] done in 288ms @ http://localhost:3000/_next/static/chunks/0brk_next_dist_0dm07mh._.js:776
[  532239ms] [LOG] [Fast Refresh] done in 288ms @ http://localhost:3000/_next/static/chunks/0brk_next_dist_0dm07mh._.js:776
[  532309ms] [LOG] [Fast Refresh] done in 288ms @ http://localhost:3000/_next/static/chunks/0brk_next_dist_0dm07mh._.js:776
[  532370ms] [LOG] [Fast Refresh] done in 288ms @ http://localhost:3000/_next/static/chunks/0brk_next_dist_0dm07mh._.js:776
[  532434ms] [LOG] [Fast Refresh] done in 288ms @ http://localhost:3000/_next/static/chunks/0brk_next_dist_0dm07mh._.js:776
[  532488ms] [LOG] [Fast Refresh] done in 288ms @ http://localhost:3000/_next/static/chunks/0brk_next_dist_0dm07mh._.js:776
[  532552ms] [LOG] [Fast Refresh] done in 288ms @ http://localhost:3000/_next/static/chunks/0brk_next_dist_0dm07mh._.js:776
[  532604ms] [LOG] [Fast Refresh] done in 288ms @ http://localhost:3000/_next/static/chunks/0brk_next_dist_0dm07mh._.js:776
[  532656ms] [LOG] [Fast Refresh] done in 288ms @ http://localhost:3000/_next/static/chunks/0brk_next_dist_0dm07mh._.js:776
[  532718ms] [LOG] [Fast Refresh] done in 288ms @ http://localhost:3000/_next/static/chunks/0brk_next_dist_0dm07mh._.js:776
[  532764ms] [LOG] [Fast Refresh] done in 288ms @ http://localhost:3000/_next/static/chunks/0brk_next_dist_0dm07mh._.js:776
[  532825ms] [LOG] [Fast Refresh] done in 288ms @ http://localhost:3000/_next/static/chunks/0brk_next_dist_0dm07mh._.js:776
[  532873ms] [LOG] [Fast Refresh] done in 288ms @ http://localhost:3000/_next/static/chunks/0brk_next_dist_0dm07mh._.js:776
[  532923ms] [LOG] [Fast Refresh] done in 288ms @ http://localhost:3000/_next/static/chunks/0brk_next_dist_0dm07mh._.js:776
[  532975ms] [LOG] [Fast Refresh] done in 288ms @ http://localhost:3000/_next/static/chunks/0brk_next_dist_0dm07mh._.js:776
[  533029ms] [LOG] [Fast Refresh] done in 288ms @ http://localhost:3000/_next/static/chunks/0brk_next_dist_0dm07mh._.js:776
[  533077ms] [LOG] [Fast Refresh] done in 288ms @ http://localhost:3000/_next/static/chunks/0brk_next_dist_0dm07mh._.js:776
[  533137ms] [LOG] [Fast Refresh] done in 288ms @ http://localhost:3000/_next/static/chunks/0brk_next_dist_0dm07mh._.js:776
[  533204ms] [LOG] [Fast Refresh] done in 288ms @ http://localhost:3000/_next/static/chunks/0brk_next_dist_0dm07mh._.js:776
[  533260ms] [LOG] [Fast Refresh] done in 288ms @ http://localhost:3000/_next/static/chunks/0brk_next_dist_0dm07mh._.js:776
[  533317ms] [LOG] [Fast Refresh] done in 288ms @ http://localhost:3000/_next/static/chunks/0brk_next_dist_0dm07mh._.js:776
[  533378ms] [LOG] [Fast Refresh] done in 288ms @ http://localhost:3000/_next/static/chunks/0brk_next_dist_0dm07mh._.js:776
[  533443ms] [LOG] [Fast Refresh] done in 288ms @ http://localhost:3000/_next/static/chunks/0brk_next_dist_0dm07mh._.js:776
[  533494ms] [LOG] [Fast Refresh] done in 288ms @ http://localhost:3000/_next/static/chunks/0brk_next_dist_0dm07mh._.js:776
[  533555ms] [LOG] [Fast Refresh] done in 288ms @ http://localhost:3000/_next/static/chunks/0brk_next_dist_0dm07mh._.js:776
[  533608ms] [LOG] [Fast Refresh] done in 288ms @ http://localhost:3000/_next/static/chunks/0brk_next_dist_0dm07mh._.js:776
[  533658ms] [LOG] [Fast Refresh] done in 288ms @ http://localhost:3000/_next/static/chunks/0brk_next_dist_0dm07mh._.js:776
[  533717ms] [LOG] [Fast Refresh] done in 288ms @ http://localhost:3000/_next/static/chunks/0brk_next_dist_0dm07mh._.js:776
[  533774ms] [LOG] [Fast Refresh] done in 288ms @ http://localhost:3000/_next/static/chunks/0brk_next_dist_0dm07mh._.js:776
[  533823ms] [LOG] [Fast Refresh] done in 288ms @ http://localhost:3000/_next/static/chunks/0brk_next_dist_0dm07mh._.js:776
[  533874ms] [LOG] [Fast Refresh] done in 288ms @ http://localhost:3000/_next/static/chunks/0brk_next_dist_0dm07mh._.js:776
[  533925ms] [LOG] [Fast Refresh] done in 288ms @ http://localhost:3000/_next/static/chunks/0brk_next_dist_0dm07mh._.js:776
[  533974ms] [LOG] [Fast Refresh] done in 288ms @ http://localhost:3000/_next/static/chunks/0brk_next_dist_0dm07mh._.js:776
[  534025ms] [LOG] [Fast Refresh] done in 288ms @ http://localhost:3000/_next/static/chunks/0brk_next_dist_0dm07mh._.js:776
[  534092ms] [LOG] [Fast Refresh] done in 288ms @ http://localhost:3000/_next/static/chunks/0brk_next_dist_0dm07mh._.js:776
[  534155ms] [LOG] [Fast Refresh] done in 288ms @ http://localhost:3000/_next/static/chunks/0brk_next_dist_0dm07mh._.js:776
[  534209ms] [LOG] [Fast Refresh] done in 288ms @ http://localhost:3000/_next/static/chunks/0brk_next_dist_0dm07mh._.js:776
[  534262ms] [LOG] [Fast Refresh] done in 288ms @ http://localhost:3000/_next/static/chunks/0brk_next_dist_0dm07mh._.js:776
[  534309ms] [LOG] [Fast Refresh] done in 288ms @ http://localhost:3000/_next/static/chunks/0brk_next_dist_0dm07mh._.js:776
[  534364ms] [LOG] [Fast Refresh] done in 288ms @ http://localhost:3000/_next/static/chunks/0brk_next_dist_0dm07mh._.js:776
[  534425ms] [LOG] [Fast Refresh] done in 288ms @ http://localhost:3000/_next/static/chunks/0brk_next_dist_0dm07mh._.js:776
[  534481ms] [LOG] [Fast Refresh] done in 288ms @ http://localhost:3000/_next/static/chunks/0brk_next_dist_0dm07mh._.js:776
[  534538ms] [LOG] [Fast Refresh] done in 288ms @ http://localhost:3000/_next/static/chunks/0brk_next_dist_0dm07mh._.js:776
[  534605ms] [LOG] [Fast Refresh] done in 288ms @ http://localhost:3000/_next/static/chunks/0brk_next_dist_0dm07mh._.js:776
[  534658ms] [LOG] [Fast Refresh] done in 288ms @ http://localhost:3000/_next/static/chunks/0brk_next_dist_0dm07mh._.js:776
[  534719ms] [LOG] [Fast Refresh] done in 288ms @ http://localhost:3000/_next/static/chunks/0brk_next_dist_0dm07mh._.js:776
[  534781ms] [LOG] [Fast Refresh] done in 288ms @ http://localhost:3000/_next/static/chunks/0brk_next_dist_0dm07mh._.js:776
[  534844ms] [LOG] [Fast Refresh] done in 288ms @ http://localhost:3000/_next/static/chunks/0brk_next_dist_0dm07mh._.js:776
[  534892ms] [LOG] [Fast Refresh] done in 288ms @ http://localhost:3000/_next/static/chunks/0brk_next_dist_0dm07mh._.js:776
[  534940ms] [LOG] [Fast Refresh] done in 288ms @ http://localhost:3000/_next/static/chunks/0brk_next_dist_0dm07mh._.js:776
[  534991ms] [LOG] [Fast Refresh] done in 288ms @ http://localhost:3000/_next/static/chunks/0brk_next_dist_0dm07mh._.js:776
[  535034ms] [LOG] [Fast Refresh] done in 288ms @ http://localhost:3000/_next/static/chunks/0brk_next_dist_0dm07mh._.js:776
[  535104ms] [LOG] [Fast Refresh] done in 288ms @ http://localhost:3000/_next/static/chunks/0brk_next_dist_0dm07mh._.js:776
[  535157ms] [LOG] [Fast Refresh] done in 288ms @ http://localhost:3000/_next/static/chunks/0brk_next_dist_0dm07mh._.js:776
[  535199ms] [LOG] [Fast Refresh] done in 288ms @ http://localhost:3000/_next/static/chunks/0brk_next_dist_0dm07mh._.js:776
[  535245ms] [LOG] [Fast Refresh] done in 288ms @ http://localhost:3000/_next/static/chunks/0brk_next_dist_0dm07mh._.js:776
[  535291ms] [LOG] [Fast Refresh] done in 288ms @ http://localhost:3000/_next/static/chunks/0brk_next_dist_0dm07mh._.js:776
[  535343ms] [LOG] [Fast Refresh] done in 288ms @ http://localhost:3000/_next/static/chunks/0brk_next_dist_0dm07mh._.js:776
[  535393ms] [LOG] [Fast Refresh] done in 288ms @ http://localhost:3000/_next/static/chunks/0brk_next_dist_0dm07mh._.js:776
[  535456ms] [LOG] [Fast Refresh] done in 288ms @ http://localhost:3000/_next/static/chunks/0brk_next_dist_0dm07mh._.js:776
[  535530ms] [LOG] [Fast Refresh] done in 288ms @ http://localhost:3000/_next/static/chunks/0brk_next_dist_0dm07mh._.js:776
[  535586ms] [LOG] [Fast Refresh] done in 288ms @ http://localhost:3000/_next/static/chunks/0brk_next_dist_0dm07mh._.js:776
[  535663ms] [LOG] [Fast Refresh] done in 288ms @ http://localhost:3000/_next/static/chunks/0brk_next_dist_0dm07mh._.js:776
[  535741ms] [LOG] [Fast Refresh] done in 288ms @ http://localhost:3000/_next/static/chunks/0brk_next_dist_0dm07mh._.js:776
[  535794ms] [LOG] [Fast Refresh] done in 288ms @ http://localhost:3000/_next/static/chunks/0brk_next_dist_0dm07mh._.js:776
[  535861ms] [LOG] [Fast Refresh] done in 288ms @ http://localhost:3000/_next/static/chunks/0brk_next_dist_0dm07mh._.js:776
[  535928ms] [LOG] [Fast Refresh] done in 288ms @ http://localhost:3000/_next/static/chunks/0brk_next_dist_0dm07mh._.js:776
[  535989ms] [LOG] [Fast Refresh] done in 288ms @ http://localhost:3000/_next/static/chunks/0brk_next_dist_0dm07mh._.js:776
[  536047ms] [LOG] [Fast Refresh] done in 288ms @ http://localhost:3000/_next/static/chunks/0brk_next_dist_0dm07mh._.js:776
[  536114ms] [LOG] [Fast Refresh] done in 288ms @ http://localhost:3000/_next/static/chunks/0brk_next_dist_0dm07mh._.js:776
[  536171ms] [LOG] [Fast Refresh] done in 288ms @ http://localhost:3000/_next/static/chunks/0brk_next_dist_0dm07mh._.js:776
[  536220ms] [LOG] [Fast Refresh] done in 288ms @ http://localhost:3000/_next/static/chunks/0brk_next_dist_0dm07mh._.js:776
[  536272ms] [LOG] [Fast Refresh] done in 288ms @ http://localhost:3000/_next/static/chunks/0brk_next_dist_0dm07mh._.js:776
[  536325ms] [LOG] [Fast Refresh] done in 288ms @ http://localhost:3000/_next/static/chunks/0brk_next_dist_0dm07mh._.js:776
[  536390ms] [LOG] [Fast Refresh] done in 288ms @ http://localhost:3000/_next/static/chunks/0brk_next_dist_0dm07mh._.js:776
[  536441ms] [LOG] [Fast Refresh] done in 288ms @ http://localhost:3000/_next/static/chunks/0brk_next_dist_0dm07mh._.js:776
[  536504ms] [LOG] [Fast Refresh] done in 288ms @ http://localhost:3000/_next/static/chunks/0brk_next_dist_0dm07mh._.js:776
[  536556ms] [LOG] [Fast Refresh] done in 288ms @ http://localhost:3000/_next/static/chunks/0brk_next_dist_0dm07mh._.js:776
[  536608ms] [LOG] [Fast Refresh] done in 288ms @ http://localhost:3000/_next/static/chunks/0brk_next_dist_0dm07mh._.js:776
[  536671ms] [LOG] [Fast Refresh] done in 288ms @ http://localhost:3000/_next/static/chunks/0brk_next_dist_0dm07mh._.js:776
[  536723ms] [LOG] [Fast Refresh] done in 288ms @ http://localhost:3000/_next/static/chunks/0brk_next_dist_0dm07mh._.js:776
[  536787ms] [LOG] [Fast Refresh] done in 288ms @ http://localhost:3000/_next/static/chunks/0brk_next_dist_0dm07mh._.js:776
[  536840ms] [LOG] [Fast Refresh] done in 288ms @ http://localhost:3000/_next/static/chunks/0brk_next_dist_0dm07mh._.js:776
[  536891ms] [LOG] [Fast Refresh] done in 288ms @ http://localhost:3000/_next/static/chunks/0brk_next_dist_0dm07mh._.js:776
[  536943ms] [LOG] [Fast Refresh] done in 288ms @ http://localhost:3000/_next/static/chunks/0brk_next_dist_0dm07mh._.js:776
[  537006ms] [LOG] [Fast Refresh] done in 288ms @ http://localhost:3000/_next/static/chunks/0brk_next_dist_0dm07mh._.js:776
[  537060ms] [LOG] [Fast Refresh] done in 288ms @ http://localhost:3000/_next/static/chunks/0brk_next_dist_0dm07mh._.js:776
[  537111ms] [LOG] [Fast Refresh] done in 288ms @ http://localhost:3000/_next/static/chunks/0brk_next_dist_0dm07mh._.js:776
[  537171ms] [LOG] [Fast Refresh] done in 288ms @ http://localhost:3000/_next/static/chunks/0brk_next_dist_0dm07mh._.js:776
[  537227ms] [LOG] [Fast Refresh] done in 288ms @ http://localhost:3000/_next/static/chunks/0brk_next_dist_0dm07mh._.js:776
[  537274ms] [LOG] [Fast Refresh] done in 288ms @ http://localhost:3000/_next/static/chunks/0brk_next_dist_0dm07mh._.js:776
[  537333ms] [LOG] [Fast Refresh] done in 288ms @ http://localhost:3000/_next/static/chunks/0brk_next_dist_0dm07mh._.js:776
[  537392ms] [LOG] [Fast Refresh] done in 288ms @ http://localhost:3000/_next/static/chunks/0brk_next_dist_0dm07mh._.js:776
[  537461ms] [LOG] [Fast Refresh] done in 288ms @ http://localhost:3000/_next/static/chunks/0brk_next_dist_0dm07mh._.js:776
[  537528ms] [LOG] [Fast Refresh] done in 288ms @ http://localhost:3000/_next/static/chunks/0brk_next_dist_0dm07mh._.js:776
[  537594ms] [LOG] [Fast Refresh] done in 288ms @ http://localhost:3000/_next/static/chunks/0brk_next_dist_0dm07mh._.js:776
[  537637ms] [LOG] [Fast Refresh] done in 288ms @ http://localhost:3000/_next/static/chunks/0brk_next_dist_0dm07mh._.js:776
[  537693ms] [LOG] [Fast Refresh] done in 288ms @ http://localhost:3000/_next/static/chunks/0brk_next_dist_0dm07mh._.js:776
[  537743ms] [LOG] [Fast Refresh] done in 288ms @ http://localhost:3000/_next/static/chunks/0brk_next_dist_0dm07mh._.js:776
[  537792ms] [LOG] [Fast Refresh] done in 288ms @ http://localhost:3000/_next/static/chunks/0brk_next_dist_0dm07mh._.js:776
[  537857ms] [LOG] [Fast Refresh] done in 288ms @ http://localhost:3000/_next/static/chunks/0brk_next_dist_0dm07mh._.js:776
[  537910ms] [LOG] [Fast Refresh] done in 288ms @ http://localhost:3000/_next/static/chunks/0brk_next_dist_0dm07mh._.js:776
[  537968ms] [LOG] [Fast Refresh] done in 288ms @ http://localhost:3000/_next/static/chunks/0brk_next_dist_0dm07mh._.js:776
[  538010ms] [LOG] [Fast Refresh] done in 288ms @ http://localhost:3000/_next/static/chunks/0brk_next_dist_0dm07mh._.js:776
[  538059ms] [LOG] [Fast Refresh] done in 288ms @ http://localhost:3000/_next/static/chunks/0brk_next_dist_0dm07mh._.js:776
[  538109ms] [LOG] [Fast Refresh] done in 288ms @ http://localhost:3000/_next/static/chunks/0brk_next_dist_0dm07mh._.js:776
[  538159ms] [LOG] [Fast Refresh] done in 288ms @ http://localhost:3000/_next/static/chunks/0brk_next_dist_0dm07mh._.js:776
[  538209ms] [LOG] [Fast Refresh] done in 288ms @ http://localhost:3000/_next/static/chunks/0brk_next_dist_0dm07mh._.js:776
[  538272ms] [LOG] [Fast Refresh] done in 288ms @ http://localhost:3000/_next/static/chunks/0brk_next_dist_0dm07mh._.js:776
[  538926ms] [LOG] [Fast Refresh] done in 288ms @ http://localhost:3000/_next/static/chunks/0brk_next_dist_0dm07mh._.js:776
[  539630ms] [LOG] [Fast Refresh] done in 288ms @ http://localhost:3000/_next/static/chunks/0brk_next_dist_0dm07mh._.js:776
[  540069ms] [LOG] [Fast Refresh] done in 288ms @ http://localhost:3000/_next/static/chunks/0brk_next_dist_0dm07mh._.js:776
[  540138ms] [LOG] [Fast Refresh] done in 288ms @ http://localhost:3000/_next/static/chunks/0brk_next_dist_0dm07mh._.js:776
[  540254ms] [LOG] [Fast Refresh] done in 288ms @ http://localhost:3000/_next/static/chunks/0brk_next_dist_0dm07mh._.js:776
[  540343ms] [LOG] [Fast Refresh] done in 288ms @ http://localhost:3000/_next/static/chunks/0brk_next_dist_0dm07mh._.js:776
[  540429ms] [LOG] [Fast Refresh] done in 288ms @ http://localhost:3000/_next/static/chunks/0brk_next_dist_0dm07mh._.js:776
[  540547ms] [LOG] [Fast Refresh] done in 288ms @ http://localhost:3000/_next/static/chunks/0brk_next_dist_0dm07mh._.js:776
[  541318ms] [LOG] [Fast Refresh] done in 288ms @ http://localhost:3000/_next/static/chunks/0brk_next_dist_0dm07mh._.js:776
[  542602ms] [LOG] [Fast Refresh] done in 288ms @ http://localhost:3000/_next/static/chunks/0brk_next_dist_0dm07mh._.js:776
[  542924ms] [LOG] [Fast Refresh] done in 288ms @ http://localhost:3000/_next/static/chunks/0brk_next_dist_0dm07mh._.js:776
[  543189ms] [LOG] [Fast Refresh] done in 288ms @ http://localhost:3000/_next/static/chunks/0brk_next_dist_0dm07mh._.js:776
[  543362ms] [LOG] [Fast Refresh] done in 288ms @ http://localhost:3000/_next/static/chunks/0brk_next_dist_0dm07mh._.js:776
[  543461ms] [LOG] [Fast Refresh] done in 288ms @ http://localhost:3000/_next/static/chunks/0brk_next_dist_0dm07mh._.js:776
[  543938ms] [LOG] [Fast Refresh] done in 288ms @ http://localhost:3000/_next/static/chunks/0brk_next_dist_0dm07mh._.js:776
[  544022ms] [LOG] [Fast Refresh] done in 288ms @ http://localhost:3000/_next/static/chunks/0brk_next_dist_0dm07mh._.js:776
[  544093ms] [LOG] [Fast Refresh] done in 288ms @ http://localhost:3000/_next/static/chunks/0brk_next_dist_0dm07mh._.js:776
[  544368ms] [LOG] [Fast Refresh] done in 288ms @ http://localhost:3000/_next/static/chunks/0brk_next_dist_0dm07mh._.js:776
[  544574ms] [LOG] [Fast Refresh] done in 288ms @ http://localhost:3000/_next/static/chunks/0brk_next_dist_0dm07mh._.js:776
[  544646ms] [LOG] [Fast Refresh] done in 288ms @ http://localhost:3000/_next/static/chunks/0brk_next_dist_0dm07mh._.js:776
[  544813ms] [LOG] [Fast Refresh] done in 288ms @ http://localhost:3000/_next/static/chunks/0brk_next_dist_0dm07mh._.js:776
[  544890ms] [LOG] [Fast Refresh] done in 288ms @ http://localhost:3000/_next/static/chunks/0brk_next_dist_0dm07mh._.js:776
[  544942ms] [LOG] [Fast Refresh] done in 288ms @ http://localhost:3000/_next/static/chunks/0brk_next_dist_0dm07mh._.js:776
[  545067ms] [LOG] [Fast Refresh] done in 288ms @ http://localhost:3000/_next/static/chunks/0brk_next_dist_0dm07mh._.js:776
[  545149ms] [LOG] [Fast Refresh] done in 288ms @ http://localhost:3000/_next/static/chunks/0brk_next_dist_0dm07mh._.js:776
[  545234ms] [LOG] [Fast Refresh] done in 288ms @ http://localhost:3000/_next/static/chunks/0brk_next_dist_0dm07mh._.js:776
[  545300ms] [LOG] [Fast Refresh] done in 288ms @ http://localhost:3000/_next/static/chunks/0brk_next_dist_0dm07mh._.js:776
[  545405ms] [LOG] [Fast Refresh] done in 288ms @ http://localhost:3000/_next/static/chunks/0brk_next_dist_0dm07mh._.js:776
[  545458ms] [LOG] [Fast Refresh] done in 288ms @ http://localhost:3000/_next/static/chunks/0brk_next_dist_0dm07mh._.js:776
[  545511ms] [LOG] [Fast Refresh] done in 288ms @ http://localhost:3000/_next/static/chunks/0brk_next_dist_0dm07mh._.js:776
[  545577ms] [LOG] [Fast Refresh] done in 288ms @ http://localhost:3000/_next/static/chunks/0brk_next_dist_0dm07mh._.js:776
[  545658ms] [LOG] [Fast Refresh] done in 288ms @ http://localhost:3000/_next/static/chunks/0brk_next_dist_0dm07mh._.js:776
[  545710ms] [LOG] [Fast Refresh] done in 288ms @ http://localhost:3000/_next/static/chunks/0brk_next_dist_0dm07mh._.js:776
[  545762ms] [LOG] [Fast Refresh] done in 288ms @ http://localhost:3000/_next/static/chunks/0brk_next_dist_0dm07mh._.js:776
[  545808ms] [LOG] [Fast Refresh] done in 288ms @ http://localhost:3000/_next/static/chunks/0brk_next_dist_0dm07mh._.js:776
[  545852ms] [LOG] [Fast Refresh] done in 288ms @ http://localhost:3000/_next/static/chunks/0brk_next_dist_0dm07mh._.js:776
[  545930ms] [LOG] [Fast Refresh] done in 288ms @ http://localhost:3000/_next/static/chunks/0brk_next_dist_0dm07mh._.js:776
[  545991ms] [LOG] [Fast Refresh] done in 288ms @ http://localhost:3000/_next/static/chunks/0brk_next_dist_0dm07mh._.js:776
[  546051ms] [LOG] [Fast Refresh] done in 288ms @ http://localhost:3000/_next/static/chunks/0brk_next_dist_0dm07mh._.js:776
[  546112ms] [LOG] [Fast Refresh] done in 288ms @ http://localhost:3000/_next/static/chunks/0brk_next_dist_0dm07mh._.js:776
[  546169ms] [LOG] [Fast Refresh] done in 288ms @ http://localhost:3000/_next/static/chunks/0brk_next_dist_0dm07mh._.js:776
[  546230ms] [LOG] [Fast Refresh] done in 288ms @ http://localhost:3000/_next/static/chunks/0brk_next_dist_0dm07mh._.js:776
[  546281ms] [LOG] [Fast Refresh] done in 288ms @ http://localhost:3000/_next/static/chunks/0brk_next_dist_0dm07mh._.js:776
[  546333ms] [LOG] [Fast Refresh] done in 288ms @ http://localhost:3000/_next/static/chunks/0brk_next_dist_0dm07mh._.js:776
[  546389ms] [LOG] [Fast Refresh] done in 288ms @ http://localhost:3000/_next/static/chunks/0brk_next_dist_0dm07mh._.js:776
[  546468ms] [LOG] [Fast Refresh] done in 288ms @ http://localhost:3000/_next/static/chunks/0brk_next_dist_0dm07mh._.js:776
[  546517ms] [LOG] [Fast Refresh] done in 288ms @ http://localhost:3000/_next/static/chunks/0brk_next_dist_0dm07mh._.js:776
[  546573ms] [LOG] [Fast Refresh] done in 288ms @ http://localhost:3000/_next/static/chunks/0brk_next_dist_0dm07mh._.js:776
[  546688ms] [LOG] [Fast Refresh] done in 288ms @ http://localhost:3000/_next/static/chunks/0brk_next_dist_0dm07mh._.js:776
[  546751ms] [LOG] [Fast Refresh] done in 288ms @ http://localhost:3000/_next/static/chunks/0brk_next_dist_0dm07mh._.js:776
[  546809ms] [LOG] [Fast Refresh] done in 288ms @ http://localhost:3000/_next/static/chunks/0brk_next_dist_0dm07mh._.js:776
[  546873ms] [LOG] [Fast Refresh] done in 288ms @ http://localhost:3000/_next/static/chunks/0brk_next_dist_0dm07mh._.js:776
[  546935ms] [LOG] [Fast Refresh] done in 288ms @ http://localhost:3000/_next/static/chunks/0brk_next_dist_0dm07mh._.js:776
[  546990ms] [LOG] [Fast Refresh] done in 288ms @ http://localhost:3000/_next/static/chunks/0brk_next_dist_0dm07mh._.js:776
[  547040ms] [LOG] [Fast Refresh] done in 288ms @ http://localhost:3000/_next/static/chunks/0brk_next_dist_0dm07mh._.js:776
[  547090ms] [LOG] [Fast Refresh] done in 288ms @ http://localhost:3000/_next/static/chunks/0brk_next_dist_0dm07mh._.js:776
[  547155ms] [LOG] [Fast Refresh] done in 288ms @ http://localhost:3000/_next/static/chunks/0brk_next_dist_0dm07mh._.js:776
[  547207ms] [LOG] [Fast Refresh] done in 288ms @ http://localhost:3000/_next/static/chunks/0brk_next_dist_0dm07mh._.js:776
[  547256ms] [LOG] [Fast Refresh] done in 288ms @ http://localhost:3000/_next/static/chunks/0brk_next_dist_0dm07mh._.js:776
[  547307ms] [LOG] [Fast Refresh] done in 288ms @ http://localhost:3000/_next/static/chunks/0brk_next_dist_0dm07mh._.js:776
[  547359ms] [LOG] [Fast Refresh] done in 288ms @ http://localhost:3000/_next/static/chunks/0brk_next_dist_0dm07mh._.js:776
[  547421ms] [LOG] [Fast Refresh] done in 288ms @ http://localhost:3000/_next/static/chunks/0brk_next_dist_0dm07mh._.js:776
[  547474ms] [LOG] [Fast Refresh] done in 288ms @ http://localhost:3000/_next/static/chunks/0brk_next_dist_0dm07mh._.js:776
[  547529ms] [LOG] [Fast Refresh] done in 288ms @ http://localhost:3000/_next/static/chunks/0brk_next_dist_0dm07mh._.js:776
[  547592ms] [LOG] [Fast Refresh] done in 288ms @ http://localhost:3000/_next/static/chunks/0brk_next_dist_0dm07mh._.js:776
[  547643ms] [LOG] [Fast Refresh] done in 288ms @ http://localhost:3000/_next/static/chunks/0brk_next_dist_0dm07mh._.js:776
[  547692ms] [LOG] [Fast Refresh] done in 288ms @ http://localhost:3000/_next/static/chunks/0brk_next_dist_0dm07mh._.js:776
[  547741ms] [LOG] [Fast Refresh] done in 288ms @ http://localhost:3000/_next/static/chunks/0brk_next_dist_0dm07mh._.js:776
[  547792ms] [LOG] [Fast Refresh] done in 288ms @ http://localhost:3000/_next/static/chunks/0brk_next_dist_0dm07mh._.js:776
[  547856ms] [LOG] [Fast Refresh] done in 288ms @ http://localhost:3000/_next/static/chunks/0brk_next_dist_0dm07mh._.js:776
[  547908ms] [LOG] [Fast Refresh] done in 288ms @ http://localhost:3000/_next/static/chunks/0brk_next_dist_0dm07mh._.js:776
[  547970ms] [LOG] [Fast Refresh] done in 288ms @ http://localhost:3000/_next/static/chunks/0brk_next_dist_0dm07mh._.js:776
[  548039ms] [LOG] [Fast Refresh] done in 288ms @ http://localhost:3000/_next/static/chunks/0brk_next_dist_0dm07mh._.js:776
[  548093ms] [LOG] [Fast Refresh] done in 288ms @ http://localhost:3000/_next/static/chunks/0brk_next_dist_0dm07mh._.js:776
[  548154ms] [LOG] [Fast Refresh] done in 288ms @ http://localhost:3000/_next/static/chunks/0brk_next_dist_0dm07mh._.js:776
[  548224ms] [LOG] [Fast Refresh] done in 288ms @ http://localhost:3000/_next/static/chunks/0brk_next_dist_0dm07mh._.js:776
[  548285ms] [LOG] [Fast Refresh] done in 288ms @ http://localhost:3000/_next/static/chunks/0brk_next_dist_0dm07mh._.js:776
[  548360ms] [LOG] [Fast Refresh] done in 288ms @ http://localhost:3000/_next/static/chunks/0brk_next_dist_0dm07mh._.js:776
[  548457ms] [LOG] [Fast Refresh] done in 288ms @ http://localhost:3000/_next/static/chunks/0brk_next_dist_0dm07mh._.js:776
[  548522ms] [LOG] [Fast Refresh] done in 288ms @ http://localhost:3000/_next/static/chunks/0brk_next_dist_0dm07mh._.js:776
[  548577ms] [LOG] [Fast Refresh] done in 288ms @ http://localhost:3000/_next/static/chunks/0brk_next_dist_0dm07mh._.js:776
[  548643ms] [LOG] [Fast Refresh] done in 288ms @ http://localhost:3000/_next/static/chunks/0brk_next_dist_0dm07mh._.js:776
[  548702ms] [LOG] [Fast Refresh] done in 288ms @ http://localhost:3000/_next/static/chunks/0brk_next_dist_0dm07mh._.js:776
[  548763ms] [LOG] [Fast Refresh] done in 288ms @ http://localhost:3000/_next/static/chunks/0brk_next_dist_0dm07mh._.js:776
[  548824ms] [LOG] [Fast Refresh] done in 288ms @ http://localhost:3000/_next/static/chunks/0brk_next_dist_0dm07mh._.js:776
[  548876ms] [LOG] [Fast Refresh] done in 288ms @ http://localhost:3000/_next/static/chunks/0brk_next_dist_0dm07mh._.js:776
[  548957ms] [LOG] [Fast Refresh] done in 288ms @ http://localhost:3000/_next/static/chunks/0brk_next_dist_0dm07mh._.js:776
[  549049ms] [LOG] [Fast Refresh] done in 288ms @ http://localhost:3000/_next/static/chunks/0brk_next_dist_0dm07mh._.js:776
[  549176ms] [LOG] [Fast Refresh] done in 288ms @ http://localhost:3000/_next/static/chunks/0brk_next_dist_0dm07mh._.js:776
[  549230ms] [LOG] [Fast Refresh] done in 288ms @ http://localhost:3000/_next/static/chunks/0brk_next_dist_0dm07mh._.js:776
[  549276ms] [LOG] [Fast Refresh] done in 288ms @ http://localhost:3000/_next/static/chunks/0brk_next_dist_0dm07mh._.js:776
[  549360ms] [LOG] [Fast Refresh] done in 288ms @ http://localhost:3000/_next/static/chunks/0brk_next_dist_0dm07mh._.js:776
[  549493ms] [LOG] [Fast Refresh] done in 288ms @ http://localhost:3000/_next/static/chunks/0brk_next_dist_0dm07mh._.js:776
[  549550ms] [LOG] [Fast Refresh] done in 288ms @ http://localhost:3000/_next/static/chunks/0brk_next_dist_0dm07mh._.js:776
[  549611ms] [LOG] [Fast Refresh] done in 288ms @ http://localhost:3000/_next/static/chunks/0brk_next_dist_0dm07mh._.js:776
[  549679ms] [LOG] [Fast Refresh] done in 288ms @ http://localhost:3000/_next/static/chunks/0brk_next_dist_0dm07mh._.js:776
[  549730ms] [LOG] [Fast Refresh] done in 288ms @ http://localhost:3000/_next/static/chunks/0brk_next_dist_0dm07mh._.js:776
[  549781ms] [LOG] [Fast Refresh] done in 288ms @ http://localhost:3000/_next/static/chunks/0brk_next_dist_0dm07mh._.js:776
[  549866ms] [LOG] [Fast Refresh] done in 288ms @ http://localhost:3000/_next/static/chunks/0brk_next_dist_0dm07mh._.js:776
[  549936ms] [LOG] [Fast Refresh] done in 288ms @ http://localhost:3000/_next/static/chunks/0brk_next_dist_0dm07mh._.js:776
[  549992ms] [LOG] [Fast Refresh] done in 288ms @ http://localhost:3000/_next/static/chunks/0brk_next_dist_0dm07mh._.js:776
[  550041ms] [LOG] [Fast Refresh] done in 288ms @ http://localhost:3000/_next/static/chunks/0brk_next_dist_0dm07mh._.js:776
[  550096ms] [LOG] [Fast Refresh] done in 288ms @ http://localhost:3000/_next/static/chunks/0brk_next_dist_0dm07mh._.js:776
[  550157ms] [LOG] [Fast Refresh] done in 288ms @ http://localhost:3000/_next/static/chunks/0brk_next_dist_0dm07mh._.js:776
[  550208ms] [LOG] [Fast Refresh] done in 288ms @ http://localhost:3000/_next/static/chunks/0brk_next_dist_0dm07mh._.js:776
[  550257ms] [LOG] [Fast Refresh] done in 288ms @ http://localhost:3000/_next/static/chunks/0brk_next_dist_0dm07mh._.js:776
[  550309ms] [LOG] [Fast Refresh] done in 288ms @ http://localhost:3000/_next/static/chunks/0brk_next_dist_0dm07mh._.js:776
[  550357ms] [LOG] [Fast Refresh] done in 288ms @ http://localhost:3000/_next/static/chunks/0brk_next_dist_0dm07mh._.js:776
[  550425ms] [LOG] [Fast Refresh] done in 288ms @ http://localhost:3000/_next/static/chunks/0brk_next_dist_0dm07mh._.js:776
[  550492ms] [LOG] [Fast Refresh] done in 288ms @ http://localhost:3000/_next/static/chunks/0brk_next_dist_0dm07mh._.js:776
[  550837ms] [LOG] [Fast Refresh] done in 288ms @ http://localhost:3000/_next/static/chunks/0brk_next_dist_0dm07mh._.js:776
[  551072ms] [LOG] [Fast Refresh] done in 288ms @ http://localhost:3000/_next/static/chunks/0brk_next_dist_0dm07mh._.js:776
[  551242ms] [LOG] [Fast Refresh] done in 288ms @ http://localhost:3000/_next/static/chunks/0brk_next_dist_0dm07mh._.js:776
[  551406ms] [LOG] [Fast Refresh] done in 288ms @ http://localhost:3000/_next/static/chunks/0brk_next_dist_0dm07mh._.js:776
[  551464ms] [LOG] [Fast Refresh] done in 288ms @ http://localhost:3000/_next/static/chunks/0brk_next_dist_0dm07mh._.js:776
[  551526ms] [LOG] [Fast Refresh] done in 288ms @ http://localhost:3000/_next/static/chunks/0brk_next_dist_0dm07mh._.js:776
[  551589ms] [LOG] [Fast Refresh] done in 288ms @ http://localhost:3000/_next/static/chunks/0brk_next_dist_0dm07mh._.js:776
[  551640ms] [LOG] [Fast Refresh] done in 288ms @ http://localhost:3000/_next/static/chunks/0brk_next_dist_0dm07mh._.js:776
[  551706ms] [LOG] [Fast Refresh] done in 288ms @ http://localhost:3000/_next/static/chunks/0brk_next_dist_0dm07mh._.js:776
[  551768ms] [LOG] [Fast Refresh] done in 288ms @ http://localhost:3000/_next/static/chunks/0brk_next_dist_0dm07mh._.js:776
[  551846ms] [LOG] [Fast Refresh] done in 288ms @ http://localhost:3000/_next/static/chunks/0brk_next_dist_0dm07mh._.js:776
[  551917ms] [LOG] [Fast Refresh] done in 288ms @ http://localhost:3000/_next/static/chunks/0brk_next_dist_0dm07mh._.js:776
[  551964ms] [LOG] [Fast Refresh] done in 288ms @ http://localhost:3000/_next/static/chunks/0brk_next_dist_0dm07mh._.js:776
[  552040ms] [LOG] [Fast Refresh] done in 288ms @ http://localhost:3000/_next/static/chunks/0brk_next_dist_0dm07mh._.js:776
[  552111ms] [LOG] [Fast Refresh] done in 288ms @ http://localhost:3000/_next/static/chunks/0brk_next_dist_0dm07mh._.js:776
[  552190ms] [LOG] [Fast Refresh] done in 288ms @ http://localhost:3000/_next/static/chunks/0brk_next_dist_0dm07mh._.js:776
[  552251ms] [LOG] [Fast Refresh] done in 288ms @ http://localhost:3000/_next/static/chunks/0brk_next_dist_0dm07mh._.js:776
[  552309ms] [LOG] [Fast Refresh] done in 288ms @ http://localhost:3000/_next/static/chunks/0brk_next_dist_0dm07mh._.js:776
[  552373ms] [LOG] [Fast Refresh] done in 288ms @ http://localhost:3000/_next/static/chunks/0brk_next_dist_0dm07mh._.js:776
[  552429ms] [LOG] [Fast Refresh] done in 288ms @ http://localhost:3000/_next/static/chunks/0brk_next_dist_0dm07mh._.js:776
[  552490ms] [LOG] [Fast Refresh] done in 288ms @ http://localhost:3000/_next/static/chunks/0brk_next_dist_0dm07mh._.js:776
[  552555ms] [LOG] [Fast Refresh] done in 288ms @ http://localhost:3000/_next/static/chunks/0brk_next_dist_0dm07mh._.js:776
[  552609ms] [LOG] [Fast Refresh] done in 288ms @ http://localhost:3000/_next/static/chunks/0brk_next_dist_0dm07mh._.js:776
[  552659ms] [LOG] [Fast Refresh] done in 288ms @ http://localhost:3000/_next/static/chunks/0brk_next_dist_0dm07mh._.js:776
[  552724ms] [LOG] [Fast Refresh] done in 288ms @ http://localhost:3000/_next/static/chunks/0brk_next_dist_0dm07mh._.js:776
[  552774ms] [LOG] [Fast Refresh] done in 288ms @ http://localhost:3000/_next/static/chunks/0brk_next_dist_0dm07mh._.js:776
[  552854ms] [LOG] [Fast Refresh] done in 288ms @ http://localhost:3000/_next/static/chunks/0brk_next_dist_0dm07mh._.js:776
[  552908ms] [LOG] [Fast Refresh] done in 288ms @ http://localhost:3000/_next/static/chunks/0brk_next_dist_0dm07mh._.js:776
[  552958ms] [LOG] [Fast Refresh] done in 288ms @ http://localhost:3000/_next/static/chunks/0brk_next_dist_0dm07mh._.js:776
[  553019ms] [LOG] [Fast Refresh] done in 288ms @ http://localhost:3000/_next/static/chunks/0brk_next_dist_0dm07mh._.js:776
[  553097ms] [LOG] [Fast Refresh] done in 288ms @ http://localhost:3000/_next/static/chunks/0brk_next_dist_0dm07mh._.js:776
[  553177ms] [LOG] [Fast Refresh] done in 288ms @ http://localhost:3000/_next/static/chunks/0brk_next_dist_0dm07mh._.js:776
[  553241ms] [LOG] [Fast Refresh] done in 288ms @ http://localhost:3000/_next/static/chunks/0brk_next_dist_0dm07mh._.js:776
[  553292ms] [LOG] [Fast Refresh] done in 288ms @ http://localhost:3000/_next/static/chunks/0brk_next_dist_0dm07mh._.js:776
[  553354ms] [LOG] [Fast Refresh] done in 288ms @ http://localhost:3000/_next/static/chunks/0brk_next_dist_0dm07mh._.js:776
[  553427ms] [LOG] [Fast Refresh] done in 288ms @ http://localhost:3000/_next/static/chunks/0brk_next_dist_0dm07mh._.js:776
[  553507ms] [LOG] [Fast Refresh] done in 288ms @ http://localhost:3000/_next/static/chunks/0brk_next_dist_0dm07mh._.js:776
[  553593ms] [LOG] [Fast Refresh] done in 288ms @ http://localhost:3000/_next/static/chunks/0brk_next_dist_0dm07mh._.js:776
[  553662ms] [LOG] [Fast Refresh] done in 288ms @ http://localhost:3000/_next/static/chunks/0brk_next_dist_0dm07mh._.js:776
[  553714ms] [LOG] [Fast Refresh] done in 288ms @ http://localhost:3000/_next/static/chunks/0brk_next_dist_0dm07mh._.js:776
[  553790ms] [LOG] [Fast Refresh] done in 288ms @ http://localhost:3000/_next/static/chunks/0brk_next_dist_0dm07mh._.js:776
[  553993ms] [LOG] [Fast Refresh] done in 288ms @ http://localhost:3000/_next/static/chunks/0brk_next_dist_0dm07mh._.js:776
[  554068ms] [LOG] [Fast Refresh] done in 288ms @ http://localhost:3000/_next/static/chunks/0brk_next_dist_0dm07mh._.js:776
[  554148ms] [LOG] [Fast Refresh] done in 288ms @ http://localhost:3000/_next/static/chunks/0brk_next_dist_0dm07mh._.js:776
[  554221ms] [LOG] [Fast Refresh] done in 288ms @ http://localhost:3000/_next/static/chunks/0brk_next_dist_0dm07mh._.js:776
[  554292ms] [LOG] [Fast Refresh] done in 288ms @ http://localhost:3000/_next/static/chunks/0brk_next_dist_0dm07mh._.js:776
[  554362ms] [LOG] [Fast Refresh] done in 288ms @ http://localhost:3000/_next/static/chunks/0brk_next_dist_0dm07mh._.js:776
[  554438ms] [LOG] [Fast Refresh] done in 288ms @ http://localhost:3000/_next/static/chunks/0brk_next_dist_0dm07mh._.js:776
[  554499ms] [LOG] [Fast Refresh] done in 288ms @ http://localhost:3000/_next/static/chunks/0brk_next_dist_0dm07mh._.js:776
[  554564ms] [LOG] [Fast Refresh] done in 288ms @ http://localhost:3000/_next/static/chunks/0brk_next_dist_0dm07mh._.js:776
[  554636ms] [LOG] [Fast Refresh] done in 288ms @ http://localhost:3000/_next/static/chunks/0brk_next_dist_0dm07mh._.js:776
[  554688ms] [LOG] [Fast Refresh] done in 288ms @ http://localhost:3000/_next/static/chunks/0brk_next_dist_0dm07mh._.js:776
[  554763ms] [LOG] [Fast Refresh] done in 288ms @ http://localhost:3000/_next/static/chunks/0brk_next_dist_0dm07mh._.js:776
[  554827ms] [LOG] [Fast Refresh] done in 288ms @ http://localhost:3000/_next/static/chunks/0brk_next_dist_0dm07mh._.js:776
[  554926ms] [LOG] [Fast Refresh] done in 288ms @ http://localhost:3000/_next/static/chunks/0brk_next_dist_0dm07mh._.js:776
[  554996ms] [LOG] [Fast Refresh] done in 288ms @ http://localhost:3000/_next/static/chunks/0brk_next_dist_0dm07mh._.js:776
[  555066ms] [LOG] [Fast Refresh] done in 288ms @ http://localhost:3000/_next/static/chunks/0brk_next_dist_0dm07mh._.js:776
[  555139ms] [LOG] [Fast Refresh] done in 288ms @ http://localhost:3000/_next/static/chunks/0brk_next_dist_0dm07mh._.js:776
[  555212ms] [LOG] [Fast Refresh] done in 288ms @ http://localhost:3000/_next/static/chunks/0brk_next_dist_0dm07mh._.js:776
[  555274ms] [LOG] [Fast Refresh] done in 288ms @ http://localhost:3000/_next/static/chunks/0brk_next_dist_0dm07mh._.js:776
[  555324ms] [LOG] [Fast Refresh] done in 288ms @ http://localhost:3000/_next/static/chunks/0brk_next_dist_0dm07mh._.js:776
[  555393ms] [LOG] [Fast Refresh] done in 288ms @ http://localhost:3000/_next/static/chunks/0brk_next_dist_0dm07mh._.js:776
[  555455ms] [LOG] [Fast Refresh] done in 288ms @ http://localhost:3000/_next/static/chunks/0brk_next_dist_0dm07mh._.js:776
[  555525ms] [LOG] [Fast Refresh] done in 288ms @ http://localhost:3000/_next/static/chunks/0brk_next_dist_0dm07mh._.js:776
[  555597ms] [LOG] [Fast Refresh] done in 288ms @ http://localhost:3000/_next/static/chunks/0brk_next_dist_0dm07mh._.js:776
[  555656ms] [LOG] [Fast Refresh] done in 288ms @ http://localhost:3000/_next/static/chunks/0brk_next_dist_0dm07mh._.js:776
[  555708ms] [LOG] [Fast Refresh] done in 288ms @ http://localhost:3000/_next/static/chunks/0brk_next_dist_0dm07mh._.js:776
[  555811ms] [LOG] [Fast Refresh] done in 288ms @ http://localhost:3000/_next/static/chunks/0brk_next_dist_0dm07mh._.js:776
[  555932ms] [LOG] [Fast Refresh] done in 288ms @ http://localhost:3000/_next/static/chunks/0brk_next_dist_0dm07mh._.js:776
[  556073ms] [LOG] [Fast Refresh] done in 288ms @ http://localhost:3000/_next/static/chunks/0brk_next_dist_0dm07mh._.js:776
[  556238ms] [LOG] [Fast Refresh] done in 288ms @ http://localhost:3000/_next/static/chunks/0brk_next_dist_0dm07mh._.js:776
[  557357ms] [LOG] [Fast Refresh] done in 288ms @ http://localhost:3000/_next/static/chunks/0brk_next_dist_0dm07mh._.js:776
[  557561ms] [LOG] [Fast Refresh] done in 288ms @ http://localhost:3000/_next/static/chunks/0brk_next_dist_0dm07mh._.js:776
[  557661ms] [LOG] [Fast Refresh] done in 288ms @ http://localhost:3000/_next/static/chunks/0brk_next_dist_0dm07mh._.js:776
[  557779ms] [LOG] [Fast Refresh] done in 288ms @ http://localhost:3000/_next/static/chunks/0brk_next_dist_0dm07mh._.js:776
[  557925ms] [LOG] [Fast Refresh] done in 288ms @ http://localhost:3000/_next/static/chunks/0brk_next_dist_0dm07mh._.js:776
[  558139ms] [LOG] [Fast Refresh] done in 288ms @ http://localhost:3000/_next/static/chunks/0brk_next_dist_0dm07mh._.js:776
[  558262ms] [LOG] [Fast Refresh] done in 288ms @ http://localhost:3000/_next/static/chunks/0brk_next_dist_0dm07mh._.js:776
[  558367ms] [LOG] [Fast Refresh] done in 288ms @ http://localhost:3000/_next/static/chunks/0brk_next_dist_0dm07mh._.js:776
[  558443ms] [LOG] [Fast Refresh] done in 288ms @ http://localhost:3000/_next/static/chunks/0brk_next_dist_0dm07mh._.js:776
[  558509ms] [LOG] [Fast Refresh] done in 288ms @ http://localhost:3000/_next/static/chunks/0brk_next_dist_0dm07mh._.js:776
[  558573ms] [LOG] [Fast Refresh] done in 288ms @ http://localhost:3000/_next/static/chunks/0brk_next_dist_0dm07mh._.js:776
[  558627ms] [LOG] [Fast Refresh] done in 288ms @ http://localhost:3000/_next/static/chunks/0brk_next_dist_0dm07mh._.js:776
[  558672ms] [LOG] [Fast Refresh] done in 288ms @ http://localhost:3000/_next/static/chunks/0brk_next_dist_0dm07mh._.js:776
[  558732ms] [LOG] [Fast Refresh] done in 288ms @ http://localhost:3000/_next/static/chunks/0brk_next_dist_0dm07mh._.js:776
[  558810ms] [LOG] [Fast Refresh] done in 288ms @ http://localhost:3000/_next/static/chunks/0brk_next_dist_0dm07mh._.js:776
[  558882ms] [LOG] [Fast Refresh] done in 288ms @ http://localhost:3000/_next/static/chunks/0brk_next_dist_0dm07mh._.js:776
[  558945ms] [LOG] [Fast Refresh] done in 288ms @ http://localhost:3000/_next/static/chunks/0brk_next_dist_0dm07mh._.js:776
[  559008ms] [LOG] [Fast Refresh] done in 288ms @ http://localhost:3000/_next/static/chunks/0brk_next_dist_0dm07mh._.js:776
[  559069ms] [LOG] [Fast Refresh] done in 288ms @ http://localhost:3000/_next/static/chunks/0brk_next_dist_0dm07mh._.js:776
[  559126ms] [LOG] [Fast Refresh] done in 288ms @ http://localhost:3000/_next/static/chunks/0brk_next_dist_0dm07mh._.js:776
[  559178ms] [LOG] [Fast Refresh] done in 288ms @ http://localhost:3000/_next/static/chunks/0brk_next_dist_0dm07mh._.js:776
[  559237ms] [LOG] [Fast Refresh] done in 288ms @ http://localhost:3000/_next/static/chunks/0brk_next_dist_0dm07mh._.js:776
[  559461ms] [LOG] [Fast Refresh] done in 288ms @ http://localhost:3000/_next/static/chunks/0brk_next_dist_0dm07mh._.js:776
[  560518ms] [LOG] [Fast Refresh] done in 288ms @ http://localhost:3000/_next/static/chunks/0brk_next_dist_0dm07mh._.js:776
[  560673ms] [LOG] [Fast Refresh] done in 288ms @ http://localhost:3000/_next/static/chunks/0brk_next_dist_0dm07mh._.js:776
[  560736ms] [LOG] [Fast Refresh] done in 288ms @ http://localhost:3000/_next/static/chunks/0brk_next_dist_0dm07mh._.js:776
[  560790ms] [LOG] [Fast Refresh] done in 288ms @ http://localhost:3000/_next/static/chunks/0brk_next_dist_0dm07mh._.js:776
[  560852ms] [LOG] [Fast Refresh] done in 288ms @ http://localhost:3000/_next/static/chunks/0brk_next_dist_0dm07mh._.js:776
[  560908ms] [LOG] [Fast Refresh] done in 288ms @ http://localhost:3000/_next/static/chunks/0brk_next_dist_0dm07mh._.js:776
[  560975ms] [LOG] [Fast Refresh] done in 288ms @ http://localhost:3000/_next/static/chunks/0brk_next_dist_0dm07mh._.js:776
[  561045ms] [LOG] [Fast Refresh] done in 288ms @ http://localhost:3000/_next/static/chunks/0brk_next_dist_0dm07mh._.js:776
[  561118ms] [LOG] [Fast Refresh] done in 288ms @ http://localhost:3000/_next/static/chunks/0brk_next_dist_0dm07mh._.js:776
[  561181ms] [LOG] [Fast Refresh] done in 288ms @ http://localhost:3000/_next/static/chunks/0brk_next_dist_0dm07mh._.js:776
[  561248ms] [LOG] [Fast Refresh] done in 288ms @ http://localhost:3000/_next/static/chunks/0brk_next_dist_0dm07mh._.js:776
[  561305ms] [LOG] [Fast Refresh] done in 288ms @ http://localhost:3000/_next/static/chunks/0brk_next_dist_0dm07mh._.js:776
[  561362ms] [LOG] [Fast Refresh] done in 288ms @ http://localhost:3000/_next/static/chunks/0brk_next_dist_0dm07mh._.js:776
[  561436ms] [LOG] [Fast Refresh] done in 288ms @ http://localhost:3000/_next/static/chunks/0brk_next_dist_0dm07mh._.js:776
[  561489ms] [LOG] [Fast Refresh] done in 288ms @ http://localhost:3000/_next/static/chunks/0brk_next_dist_0dm07mh._.js:776
[  561551ms] [LOG] [Fast Refresh] done in 288ms @ http://localhost:3000/_next/static/chunks/0brk_next_dist_0dm07mh._.js:776
[  561604ms] [LOG] [Fast Refresh] done in 288ms @ http://localhost:3000/_next/static/chunks/0brk_next_dist_0dm07mh._.js:776
[  561671ms] [LOG] [Fast Refresh] done in 288ms @ http://localhost:3000/_next/static/chunks/0brk_next_dist_0dm07mh._.js:776
[  561732ms] [LOG] [Fast Refresh] done in 288ms @ http://localhost:3000/_next/static/chunks/0brk_next_dist_0dm07mh._.js:776
[  561794ms] [LOG] [Fast Refresh] done in 288ms @ http://localhost:3000/_next/static/chunks/0brk_next_dist_0dm07mh._.js:776
[  561855ms] [LOG] [Fast Refresh] done in 288ms @ http://localhost:3000/_next/static/chunks/0brk_next_dist_0dm07mh._.js:776
[  561919ms] [LOG] [Fast Refresh] done in 288ms @ http://localhost:3000/_next/static/chunks/0brk_next_dist_0dm07mh._.js:776
[  561977ms] [LOG] [Fast Refresh] done in 288ms @ http://localhost:3000/_next/static/chunks/0brk_next_dist_0dm07mh._.js:776
[  562109ms] [LOG] [Fast Refresh] done in 288ms @ http://localhost:3000/_next/static/chunks/0brk_next_dist_0dm07mh._.js:776
[  562685ms] [LOG] [Fast Refresh] done in 288ms @ http://localhost:3000/_next/static/chunks/0brk_next_dist_0dm07mh._.js:776
[  563152ms] [LOG] [Fast Refresh] done in 288ms @ http://localhost:3000/_next/static/chunks/0brk_next_dist_0dm07mh._.js:776
[  563261ms] [LOG] [Fast Refresh] done in 288ms @ http://localhost:3000/_next/static/chunks/0brk_next_dist_0dm07mh._.js:776
[  563360ms] [LOG] [Fast Refresh] done in 288ms @ http://localhost:3000/_next/static/chunks/0brk_next_dist_0dm07mh._.js:776
[  563429ms] [LOG] [Fast Refresh] done in 288ms @ http://localhost:3000/_next/static/chunks/0brk_next_dist_0dm07mh._.js:776
[  563508ms] [LOG] [Fast Refresh] done in 288ms @ http://localhost:3000/_next/static/chunks/0brk_next_dist_0dm07mh._.js:776
[  563570ms] [LOG] [Fast Refresh] done in 288ms @ http://localhost:3000/_next/static/chunks/0brk_next_dist_0dm07mh._.js:776
[  563632ms] [LOG] [Fast Refresh] done in 288ms @ http://localhost:3000/_next/static/chunks/0brk_next_dist_0dm07mh._.js:776
[  563693ms] [LOG] [Fast Refresh] done in 288ms @ http://localhost:3000/_next/static/chunks/0brk_next_dist_0dm07mh._.js:776
[  563745ms] [LOG] [Fast Refresh] done in 288ms @ http://localhost:3000/_next/static/chunks/0brk_next_dist_0dm07mh._.js:776
[  563806ms] [LOG] [Fast Refresh] done in 288ms @ http://localhost:3000/_next/static/chunks/0brk_next_dist_0dm07mh._.js:776
[  563861ms] [LOG] [Fast Refresh] done in 288ms @ http://localhost:3000/_next/static/chunks/0brk_next_dist_0dm07mh._.js:776
[  563922ms] [LOG] [Fast Refresh] done in 288ms @ http://localhost:3000/_next/static/chunks/0brk_next_dist_0dm07mh._.js:776
[  563989ms] [LOG] [Fast Refresh] done in 288ms @ http://localhost:3000/_next/static/chunks/0brk_next_dist_0dm07mh._.js:776
[  564060ms] [LOG] [Fast Refresh] done in 288ms @ http://localhost:3000/_next/static/chunks/0brk_next_dist_0dm07mh._.js:776
[  564122ms] [LOG] [Fast Refresh] done in 288ms @ http://localhost:3000/_next/static/chunks/0brk_next_dist_0dm07mh._.js:776
[  564173ms] [LOG] [Fast Refresh] done in 288ms @ http://localhost:3000/_next/static/chunks/0brk_next_dist_0dm07mh._.js:776
[  564232ms] [LOG] [Fast Refresh] done in 288ms @ http://localhost:3000/_next/static/chunks/0brk_next_dist_0dm07mh._.js:776
[  564294ms] [LOG] [Fast Refresh] done in 288ms @ http://localhost:3000/_next/static/chunks/0brk_next_dist_0dm07mh._.js:776
[  564351ms] [LOG] [Fast Refresh] done in 288ms @ http://localhost:3000/_next/static/chunks/0brk_next_dist_0dm07mh._.js:776
[  564406ms] [LOG] [Fast Refresh] done in 288ms @ http://localhost:3000/_next/static/chunks/0brk_next_dist_0dm07mh._.js:776
[  564457ms] [LOG] [Fast Refresh] done in 288ms @ http://localhost:3000/_next/static/chunks/0brk_next_dist_0dm07mh._.js:776
[  564518ms] [LOG] [Fast Refresh] done in 288ms @ http://localhost:3000/_next/static/chunks/0brk_next_dist_0dm07mh._.js:776
[  564576ms] [LOG] [Fast Refresh] done in 288ms @ http://localhost:3000/_next/static/chunks/0brk_next_dist_0dm07mh._.js:776
[  564638ms] [LOG] [Fast Refresh] done in 288ms @ http://localhost:3000/_next/static/chunks/0brk_next_dist_0dm07mh._.js:776
[  564705ms] [LOG] [Fast Refresh] done in 288ms @ http://localhost:3000/_next/static/chunks/0brk_next_dist_0dm07mh._.js:776
[  564769ms] [LOG] [Fast Refresh] done in 288ms @ http://localhost:3000/_next/static/chunks/0brk_next_dist_0dm07mh._.js:776
[  564843ms] [LOG] [Fast Refresh] done in 288ms @ http://localhost:3000/_next/static/chunks/0brk_next_dist_0dm07mh._.js:776
[  566136ms] [LOG] [Fast Refresh] done in 288ms @ http://localhost:3000/_next/static/chunks/0brk_next_dist_0dm07mh._.js:776
[  566184ms] [LOG] [Fast Refresh] done in 288ms @ http://localhost:3000/_next/static/chunks/0brk_next_dist_0dm07mh._.js:776
[  566244ms] [LOG] [Fast Refresh] done in 288ms @ http://localhost:3000/_next/static/chunks/0brk_next_dist_0dm07mh._.js:776
[  566311ms] [LOG] [Fast Refresh] done in 288ms @ http://localhost:3000/_next/static/chunks/0brk_next_dist_0dm07mh._.js:776
[  566370ms] [LOG] [Fast Refresh] done in 288ms @ http://localhost:3000/_next/static/chunks/0brk_next_dist_0dm07mh._.js:776
[  566433ms] [LOG] [Fast Refresh] done in 288ms @ http://localhost:3000/_next/static/chunks/0brk_next_dist_0dm07mh._.js:776
[  566490ms] [LOG] [Fast Refresh] done in 288ms @ http://localhost:3000/_next/static/chunks/0brk_next_dist_0dm07mh._.js:776
[  566544ms] [LOG] [Fast Refresh] done in 288ms @ http://localhost:3000/_next/static/chunks/0brk_next_dist_0dm07mh._.js:776
[  566605ms] [LOG] [Fast Refresh] done in 288ms @ http://localhost:3000/_next/static/chunks/0brk_next_dist_0dm07mh._.js:776
[  566656ms] [LOG] [Fast Refresh] done in 288ms @ http://localhost:3000/_next/static/chunks/0brk_next_dist_0dm07mh._.js:776
[  566706ms] [LOG] [Fast Refresh] done in 288ms @ http://localhost:3000/_next/static/chunks/0brk_next_dist_0dm07mh._.js:776
[  566761ms] [LOG] [Fast Refresh] done in 288ms @ http://localhost:3000/_next/static/chunks/0brk_next_dist_0dm07mh._.js:776
[  566829ms] [LOG] [Fast Refresh] done in 288ms @ http://localhost:3000/_next/static/chunks/0brk_next_dist_0dm07mh._.js:776
[  567033ms] [LOG] [Fast Refresh] done in 288ms @ http://localhost:3000/_next/static/chunks/0brk_next_dist_0dm07mh._.js:776
[  567090ms] [LOG] [Fast Refresh] done in 288ms @ http://localhost:3000/_next/static/chunks/0brk_next_dist_0dm07mh._.js:776
[  567142ms] [LOG] [Fast Refresh] done in 288ms @ http://localhost:3000/_next/static/chunks/0brk_next_dist_0dm07mh._.js:776
[  567205ms] [LOG] [Fast Refresh] done in 288ms @ http://localhost:3000/_next/static/chunks/0brk_next_dist_0dm07mh._.js:776
[  567267ms] [LOG] [Fast Refresh] done in 288ms @ http://localhost:3000/_next/static/chunks/0brk_next_dist_0dm07mh._.js:776
[  567336ms] [LOG] [Fast Refresh] done in 288ms @ http://localhost:3000/_next/static/chunks/0brk_next_dist_0dm07mh._.js:776
[  567390ms] [LOG] [Fast Refresh] done in 288ms @ http://localhost:3000/_next/static/chunks/0brk_next_dist_0dm07mh._.js:776
[  567453ms] [LOG] [Fast Refresh] done in 288ms @ http://localhost:3000/_next/static/chunks/0brk_next_dist_0dm07mh._.js:776
[  567509ms] [LOG] [Fast Refresh] done in 288ms @ http://localhost:3000/_next/static/chunks/0brk_next_dist_0dm07mh._.js:776
[  567575ms] [LOG] [Fast Refresh] done in 288ms @ http://localhost:3000/_next/static/chunks/0brk_next_dist_0dm07mh._.js:776
[  567636ms] [LOG] [Fast Refresh] done in 288ms @ http://localhost:3000/_next/static/chunks/0brk_next_dist_0dm07mh._.js:776
[  567686ms] [LOG] [Fast Refresh] done in 288ms @ http://localhost:3000/_next/static/chunks/0brk_next_dist_0dm07mh._.js:776
[  567754ms] [LOG] [Fast Refresh] done in 288ms @ http://localhost:3000/_next/static/chunks/0brk_next_dist_0dm07mh._.js:776
[  567827ms] [LOG] [Fast Refresh] done in 288ms @ http://localhost:3000/_next/static/chunks/0brk_next_dist_0dm07mh._.js:776
[  567898ms] [LOG] [Fast Refresh] done in 288ms @ http://localhost:3000/_next/static/chunks/0brk_next_dist_0dm07mh._.js:776
[  567972ms] [LOG] [Fast Refresh] done in 288ms @ http://localhost:3000/_next/static/chunks/0brk_next_dist_0dm07mh._.js:776
[  568656ms] [LOG] [Fast Refresh] done in 288ms @ http://localhost:3000/_next/static/chunks/0brk_next_dist_0dm07mh._.js:776
[  569022ms] [LOG] [Fast Refresh] done in 288ms @ http://localhost:3000/_next/static/chunks/0brk_next_dist_0dm07mh._.js:776
[  569130ms] [LOG] [Fast Refresh] done in 288ms @ http://localhost:3000/_next/static/chunks/0brk_next_dist_0dm07mh._.js:776
[  569188ms] [LOG] [Fast Refresh] done in 288ms @ http://localhost:3000/_next/static/chunks/0brk_next_dist_0dm07mh._.js:776
[  569238ms] [LOG] [Fast Refresh] done in 288ms @ http://localhost:3000/_next/static/chunks/0brk_next_dist_0dm07mh._.js:776
[  569303ms] [LOG] [Fast Refresh] done in 288ms @ http://localhost:3000/_next/static/chunks/0brk_next_dist_0dm07mh._.js:776
[  569380ms] [LOG] [Fast Refresh] done in 288ms @ http://localhost:3000/_next/static/chunks/0brk_next_dist_0dm07mh._.js:776
[  569426ms] [LOG] [Fast Refresh] done in 288ms @ http://localhost:3000/_next/static/chunks/0brk_next_dist_0dm07mh._.js:776
[  569473ms] [LOG] [Fast Refresh] done in 288ms @ http://localhost:3000/_next/static/chunks/0brk_next_dist_0dm07mh._.js:776
[  569534ms] [LOG] [Fast Refresh] done in 288ms @ http://localhost:3000/_next/static/chunks/0brk_next_dist_0dm07mh._.js:776
[  569589ms] [LOG] [Fast Refresh] done in 288ms @ http://localhost:3000/_next/static/chunks/0brk_next_dist_0dm07mh._.js:776
[  569653ms] [LOG] [Fast Refresh] done in 288ms @ http://localhost:3000/_next/static/chunks/0brk_next_dist_0dm07mh._.js:776
[  569720ms] [LOG] [Fast Refresh] done in 288ms @ http://localhost:3000/_next/static/chunks/0brk_next_dist_0dm07mh._.js:776
[  569776ms] [LOG] [Fast Refresh] done in 288ms @ http://localhost:3000/_next/static/chunks/0brk_next_dist_0dm07mh._.js:776
[  569836ms] [LOG] [Fast Refresh] done in 288ms @ http://localhost:3000/_next/static/chunks/0brk_next_dist_0dm07mh._.js:776
[  569892ms] [LOG] [Fast Refresh] done in 288ms @ http://localhost:3000/_next/static/chunks/0brk_next_dist_0dm07mh._.js:776
[  569942ms] [LOG] [Fast Refresh] done in 288ms @ http://localhost:3000/_next/static/chunks/0brk_next_dist_0dm07mh._.js:776
[  569998ms] [LOG] [Fast Refresh] done in 288ms @ http://localhost:3000/_next/static/chunks/0brk_next_dist_0dm07mh._.js:776
[  570062ms] [LOG] [Fast Refresh] done in 288ms @ http://localhost:3000/_next/static/chunks/0brk_next_dist_0dm07mh._.js:776
[  570135ms] [LOG] [Fast Refresh] done in 288ms @ http://localhost:3000/_next/static/chunks/0brk_next_dist_0dm07mh._.js:776
[  570204ms] [LOG] [Fast Refresh] done in 288ms @ http://localhost:3000/_next/static/chunks/0brk_next_dist_0dm07mh._.js:776
[  570285ms] [LOG] [Fast Refresh] done in 288ms @ http://localhost:3000/_next/static/chunks/0brk_next_dist_0dm07mh._.js:776
[  570346ms] [LOG] [Fast Refresh] done in 288ms @ http://localhost:3000/_next/static/chunks/0brk_next_dist_0dm07mh._.js:776
[  570410ms] [LOG] [Fast Refresh] done in 288ms @ http://localhost:3000/_next/static/chunks/0brk_next_dist_0dm07mh._.js:776
[  570479ms] [LOG] [Fast Refresh] done in 288ms @ http://localhost:3000/_next/static/chunks/0brk_next_dist_0dm07mh._.js:776
[  570565ms] [LOG] [Fast Refresh] done in 288ms @ http://localhost:3000/_next/static/chunks/0brk_next_dist_0dm07mh._.js:776
[  570625ms] [LOG] [Fast Refresh] done in 288ms @ http://localhost:3000/_next/static/chunks/0brk_next_dist_0dm07mh._.js:776
[  570677ms] [LOG] [Fast Refresh] done in 288ms @ http://localhost:3000/_next/static/chunks/0brk_next_dist_0dm07mh._.js:776
[  571886ms] [LOG] [Fast Refresh] done in 288ms @ http://localhost:3000/_next/static/chunks/0brk_next_dist_0dm07mh._.js:776
[  571958ms] [LOG] [Fast Refresh] done in 288ms @ http://localhost:3000/_next/static/chunks/0brk_next_dist_0dm07mh._.js:776
[  572103ms] [LOG] [Fast Refresh] done in 288ms @ http://localhost:3000/_next/static/chunks/0brk_next_dist_0dm07mh._.js:776
[  572321ms] [LOG] [Fast Refresh] done in 288ms @ http://localhost:3000/_next/static/chunks/0brk_next_dist_0dm07mh._.js:776
[  572380ms] [LOG] [Fast Refresh] done in 288ms @ http://localhost:3000/_next/static/chunks/0brk_next_dist_0dm07mh._.js:776
[  572442ms] [LOG] [Fast Refresh] done in 288ms @ http://localhost:3000/_next/static/chunks/0brk_next_dist_0dm07mh._.js:776
[  572499ms] [LOG] [Fast Refresh] done in 288ms @ http://localhost:3000/_next/static/chunks/0brk_next_dist_0dm07mh._.js:776
[  572562ms] [LOG] [Fast Refresh] done in 288ms @ http://localhost:3000/_next/static/chunks/0brk_next_dist_0dm07mh._.js:776
[  572625ms] [LOG] [Fast Refresh] done in 288ms @ http://localhost:3000/_next/static/chunks/0brk_next_dist_0dm07mh._.js:776
[  572686ms] [LOG] [Fast Refresh] done in 288ms @ http://localhost:3000/_next/static/chunks/0brk_next_dist_0dm07mh._.js:776
[  572739ms] [LOG] [Fast Refresh] done in 288ms @ http://localhost:3000/_next/static/chunks/0brk_next_dist_0dm07mh._.js:776
[  572801ms] [LOG] [Fast Refresh] done in 288ms @ http://localhost:3000/_next/static/chunks/0brk_next_dist_0dm07mh._.js:776
[  572863ms] [LOG] [Fast Refresh] done in 288ms @ http://localhost:3000/_next/static/chunks/0brk_next_dist_0dm07mh._.js:776
[  572919ms] [LOG] [Fast Refresh] done in 288ms @ http://localhost:3000/_next/static/chunks/0brk_next_dist_0dm07mh._.js:776
[  572996ms] [LOG] [Fast Refresh] done in 288ms @ http://localhost:3000/_next/static/chunks/0brk_next_dist_0dm07mh._.js:776
[  573038ms] [LOG] [Fast Refresh] done in 288ms @ http://localhost:3000/_next/static/chunks/0brk_next_dist_0dm07mh._.js:776
[  573102ms] [LOG] [Fast Refresh] done in 288ms @ http://localhost:3000/_next/static/chunks/0brk_next_dist_0dm07mh._.js:776
[  573147ms] [LOG] [Fast Refresh] done in 288ms @ http://localhost:3000/_next/static/chunks/0brk_next_dist_0dm07mh._.js:776
[  573194ms] [LOG] [Fast Refresh] done in 288ms @ http://localhost:3000/_next/static/chunks/0brk_next_dist_0dm07mh._.js:776
[  573257ms] [LOG] [Fast Refresh] done in 288ms @ http://localhost:3000/_next/static/chunks/0brk_next_dist_0dm07mh._.js:776
[  573324ms] [LOG] [Fast Refresh] done in 288ms @ http://localhost:3000/_next/static/chunks/0brk_next_dist_0dm07mh._.js:776
[  573387ms] [LOG] [Fast Refresh] done in 288ms @ http://localhost:3000/_next/static/chunks/0brk_next_dist_0dm07mh._.js:776
[  573449ms] [LOG] [Fast Refresh] done in 288ms @ http://localhost:3000/_next/static/chunks/0brk_next_dist_0dm07mh._.js:776
[  573498ms] [LOG] [Fast Refresh] done in 288ms @ http://localhost:3000/_next/static/chunks/0brk_next_dist_0dm07mh._.js:776
[  573562ms] [LOG] [Fast Refresh] done in 288ms @ http://localhost:3000/_next/static/chunks/0brk_next_dist_0dm07mh._.js:776
[  573625ms] [LOG] [Fast Refresh] done in 288ms @ http://localhost:3000/_next/static/chunks/0brk_next_dist_0dm07mh._.js:776
[  573685ms] [LOG] [Fast Refresh] done in 288ms @ http://localhost:3000/_next/static/chunks/0brk_next_dist_0dm07mh._.js:776
[  573747ms] [LOG] [Fast Refresh] done in 288ms @ http://localhost:3000/_next/static/chunks/0brk_next_dist_0dm07mh._.js:776
[  573827ms] [LOG] [Fast Refresh] done in 288ms @ http://localhost:3000/_next/static/chunks/0brk_next_dist_0dm07mh._.js:776
[  573887ms] [LOG] [Fast Refresh] done in 288ms @ http://localhost:3000/_next/static/chunks/0brk_next_dist_0dm07mh._.js:776
[  573949ms] [LOG] [Fast Refresh] done in 288ms @ http://localhost:3000/_next/static/chunks/0brk_next_dist_0dm07mh._.js:776
[  574026ms] [LOG] [Fast Refresh] done in 288ms @ http://localhost:3000/_next/static/chunks/0brk_next_dist_0dm07mh._.js:776
[  574093ms] [LOG] [Fast Refresh] done in 288ms @ http://localhost:3000/_next/static/chunks/0brk_next_dist_0dm07mh._.js:776
[  574172ms] [LOG] [Fast Refresh] done in 288ms @ http://localhost:3000/_next/static/chunks/0brk_next_dist_0dm07mh._.js:776
[  574228ms] [LOG] [Fast Refresh] done in 288ms @ http://localhost:3000/_next/static/chunks/0brk_next_dist_0dm07mh._.js:776
[  574327ms] [LOG] [Fast Refresh] done in 288ms @ http://localhost:3000/_next/static/chunks/0brk_next_dist_0dm07mh._.js:776
[  574402ms] [LOG] [Fast Refresh] done in 288ms @ http://localhost:3000/_next/static/chunks/0brk_next_dist_0dm07mh._.js:776
[  574463ms] [LOG] [Fast Refresh] done in 288ms @ http://localhost:3000/_next/static/chunks/0brk_next_dist_0dm07mh._.js:776
[  574530ms] [LOG] [Fast Refresh] done in 288ms @ http://localhost:3000/_next/static/chunks/0brk_next_dist_0dm07mh._.js:776
[  574605ms] [LOG] [Fast Refresh] done in 288ms @ http://localhost:3000/_next/static/chunks/0brk_next_dist_0dm07mh._.js:776
[  574667ms] [LOG] [Fast Refresh] done in 288ms @ http://localhost:3000/_next/static/chunks/0brk_next_dist_0dm07mh._.js:776
[  574722ms] [LOG] [Fast Refresh] done in 288ms @ http://localhost:3000/_next/static/chunks/0brk_next_dist_0dm07mh._.js:776
[  574775ms] [LOG] [Fast Refresh] done in 288ms @ http://localhost:3000/_next/static/chunks/0brk_next_dist_0dm07mh._.js:776
[  574836ms] [LOG] [Fast Refresh] done in 288ms @ http://localhost:3000/_next/static/chunks/0brk_next_dist_0dm07mh._.js:776
[  574893ms] [LOG] [Fast Refresh] done in 288ms @ http://localhost:3000/_next/static/chunks/0brk_next_dist_0dm07mh._.js:776
[  574955ms] [LOG] [Fast Refresh] done in 288ms @ http://localhost:3000/_next/static/chunks/0brk_next_dist_0dm07mh._.js:776
[  575011ms] [LOG] [Fast Refresh] done in 288ms @ http://localhost:3000/_next/static/chunks/0brk_next_dist_0dm07mh._.js:776
[  575105ms] [LOG] [Fast Refresh] done in 288ms @ http://localhost:3000/_next/static/chunks/0brk_next_dist_0dm07mh._.js:776
[  575266ms] [LOG] [Fast Refresh] done in 288ms @ http://localhost:3000/_next/static/chunks/0brk_next_dist_0dm07mh._.js:776
[  575415ms] [LOG] [Fast Refresh] done in 288ms @ http://localhost:3000/_next/static/chunks/0brk_next_dist_0dm07mh._.js:776
[  575476ms] [LOG] [Fast Refresh] done in 288ms @ http://localhost:3000/_next/static/chunks/0brk_next_dist_0dm07mh._.js:776
[  575537ms] [LOG] [Fast Refresh] done in 288ms @ http://localhost:3000/_next/static/chunks/0brk_next_dist_0dm07mh._.js:776
[  575612ms] [LOG] [Fast Refresh] done in 288ms @ http://localhost:3000/_next/static/chunks/0brk_next_dist_0dm07mh._.js:776
[  575675ms] [LOG] [Fast Refresh] done in 288ms @ http://localhost:3000/_next/static/chunks/0brk_next_dist_0dm07mh._.js:776
[  575729ms] [LOG] [Fast Refresh] done in 288ms @ http://localhost:3000/_next/static/chunks/0brk_next_dist_0dm07mh._.js:776
[  575821ms] [LOG] [Fast Refresh] done in 288ms @ http://localhost:3000/_next/static/chunks/0brk_next_dist_0dm07mh._.js:776
[  575916ms] [LOG] [Fast Refresh] done in 288ms @ http://localhost:3000/_next/static/chunks/0brk_next_dist_0dm07mh._.js:776
[  576013ms] [LOG] [Fast Refresh] done in 288ms @ http://localhost:3000/_next/static/chunks/0brk_next_dist_0dm07mh._.js:776
[  576151ms] [LOG] [Fast Refresh] done in 288ms @ http://localhost:3000/_next/static/chunks/0brk_next_dist_0dm07mh._.js:776
[  576206ms] [LOG] [Fast Refresh] done in 288ms @ http://localhost:3000/_next/static/chunks/0brk_next_dist_0dm07mh._.js:776
[  576268ms] [LOG] [Fast Refresh] done in 288ms @ http://localhost:3000/_next/static/chunks/0brk_next_dist_0dm07mh._.js:776
[  576326ms] [LOG] [Fast Refresh] done in 288ms @ http://localhost:3000/_next/static/chunks/0brk_next_dist_0dm07mh._.js:776
[  576387ms] [LOG] [Fast Refresh] done in 288ms @ http://localhost:3000/_next/static/chunks/0brk_next_dist_0dm07mh._.js:776
[  576451ms] [LOG] [Fast Refresh] done in 288ms @ http://localhost:3000/_next/static/chunks/0brk_next_dist_0dm07mh._.js:776
[  576516ms] [LOG] [Fast Refresh] done in 288ms @ http://localhost:3000/_next/static/chunks/0brk_next_dist_0dm07mh._.js:776
[  576576ms] [LOG] [Fast Refresh] done in 288ms @ http://localhost:3000/_next/static/chunks/0brk_next_dist_0dm07mh._.js:776
[  576673ms] [LOG] [Fast Refresh] done in 288ms @ http://localhost:3000/_next/static/chunks/0brk_next_dist_0dm07mh._.js:776
[  576865ms] [LOG] [Fast Refresh] done in 288ms @ http://localhost:3000/_next/static/chunks/0brk_next_dist_0dm07mh._.js:776
[  577016ms] [LOG] [Fast Refresh] done in 288ms @ http://localhost:3000/_next/static/chunks/0brk_next_dist_0dm07mh._.js:776
[  577107ms] [LOG] [Fast Refresh] done in 288ms @ http://localhost:3000/_next/static/chunks/0brk_next_dist_0dm07mh._.js:776
[  577182ms] [LOG] [Fast Refresh] done in 288ms @ http://localhost:3000/_next/static/chunks/0brk_next_dist_0dm07mh._.js:776
[  577244ms] [LOG] [Fast Refresh] done in 288ms @ http://localhost:3000/_next/static/chunks/0brk_next_dist_0dm07mh._.js:776
[  577312ms] [LOG] [Fast Refresh] done in 288ms @ http://localhost:3000/_next/static/chunks/0brk_next_dist_0dm07mh._.js:776
[  577397ms] [LOG] [Fast Refresh] done in 288ms @ http://localhost:3000/_next/static/chunks/0brk_next_dist_0dm07mh._.js:776
[  577464ms] [LOG] [Fast Refresh] done in 288ms @ http://localhost:3000/_next/static/chunks/0brk_next_dist_0dm07mh._.js:776
[  577547ms] [LOG] [Fast Refresh] done in 288ms @ http://localhost:3000/_next/static/chunks/0brk_next_dist_0dm07mh._.js:776
[  577612ms] [LOG] [Fast Refresh] done in 288ms @ http://localhost:3000/_next/static/chunks/0brk_next_dist_0dm07mh._.js:776
[  577674ms] [LOG] [Fast Refresh] done in 288ms @ http://localhost:3000/_next/static/chunks/0brk_next_dist_0dm07mh._.js:776
[  577723ms] [LOG] [Fast Refresh] done in 288ms @ http://localhost:3000/_next/static/chunks/0brk_next_dist_0dm07mh._.js:776
[  577777ms] [LOG] [Fast Refresh] done in 288ms @ http://localhost:3000/_next/static/chunks/0brk_next_dist_0dm07mh._.js:776
[  577839ms] [LOG] [Fast Refresh] done in 288ms @ http://localhost:3000/_next/static/chunks/0brk_next_dist_0dm07mh._.js:776
[  577900ms] [LOG] [Fast Refresh] done in 288ms @ http://localhost:3000/_next/static/chunks/0brk_next_dist_0dm07mh._.js:776
[  577962ms] [LOG] [Fast Refresh] done in 288ms @ http://localhost:3000/_next/static/chunks/0brk_next_dist_0dm07mh._.js:776
[  578025ms] [LOG] [Fast Refresh] done in 288ms @ http://localhost:3000/_next/static/chunks/0brk_next_dist_0dm07mh._.js:776
[  578072ms] [LOG] [Fast Refresh] done in 288ms @ http://localhost:3000/_next/static/chunks/0brk_next_dist_0dm07mh._.js:776
[  578129ms] [LOG] [Fast Refresh] done in 288ms @ http://localhost:3000/_next/static/chunks/0brk_next_dist_0dm07mh._.js:776
[  578205ms] [LOG] [Fast Refresh] done in 288ms @ http://localhost:3000/_next/static/chunks/0brk_next_dist_0dm07mh._.js:776
[  578262ms] [LOG] [Fast Refresh] done in 288ms @ http://localhost:3000/_next/static/chunks/0brk_next_dist_0dm07mh._.js:776
[  578326ms] [LOG] [Fast Refresh] done in 288ms @ http://localhost:3000/_next/static/chunks/0brk_next_dist_0dm07mh._.js:776
[  578388ms] [LOG] [Fast Refresh] done in 288ms @ http://localhost:3000/_next/static/chunks/0brk_next_dist_0dm07mh._.js:776
[  578451ms] [LOG] [Fast Refresh] done in 288ms @ http://localhost:3000/_next/static/chunks/0brk_next_dist_0dm07mh._.js:776
[  578501ms] [LOG] [Fast Refresh] done in 288ms @ http://localhost:3000/_next/static/chunks/0brk_next_dist_0dm07mh._.js:776
[  578555ms] [LOG] [Fast Refresh] done in 288ms @ http://localhost:3000/_next/static/chunks/0brk_next_dist_0dm07mh._.js:776
[  578617ms] [LOG] [Fast Refresh] done in 288ms @ http://localhost:3000/_next/static/chunks/0brk_next_dist_0dm07mh._.js:776
[  578675ms] [LOG] [Fast Refresh] done in 288ms @ http://localhost:3000/_next/static/chunks/0brk_next_dist_0dm07mh._.js:776
[  578737ms] [LOG] [Fast Refresh] done in 288ms @ http://localhost:3000/_next/static/chunks/0brk_next_dist_0dm07mh._.js:776
[  578801ms] [LOG] [Fast Refresh] done in 288ms @ http://localhost:3000/_next/static/chunks/0brk_next_dist_0dm07mh._.js:776
[  578863ms] [LOG] [Fast Refresh] done in 288ms @ http://localhost:3000/_next/static/chunks/0brk_next_dist_0dm07mh._.js:776
[  578926ms] [LOG] [Fast Refresh] done in 288ms @ http://localhost:3000/_next/static/chunks/0brk_next_dist_0dm07mh._.js:776
[  578988ms] [LOG] [Fast Refresh] done in 288ms @ http://localhost:3000/_next/static/chunks/0brk_next_dist_0dm07mh._.js:776
[  579053ms] [LOG] [Fast Refresh] done in 288ms @ http://localhost:3000/_next/static/chunks/0brk_next_dist_0dm07mh._.js:776
[  579114ms] [LOG] [Fast Refresh] done in 288ms @ http://localhost:3000/_next/static/chunks/0brk_next_dist_0dm07mh._.js:776
[  579164ms] [LOG] [Fast Refresh] done in 288ms @ http://localhost:3000/_next/static/chunks/0brk_next_dist_0dm07mh._.js:776
[  579211ms] [LOG] [Fast Refresh] done in 288ms @ http://localhost:3000/_next/static/chunks/0brk_next_dist_0dm07mh._.js:776
[  579275ms] [LOG] [Fast Refresh] done in 288ms @ http://localhost:3000/_next/static/chunks/0brk_next_dist_0dm07mh._.js:776
[  579336ms] [LOG] [Fast Refresh] done in 288ms @ http://localhost:3000/_next/static/chunks/0brk_next_dist_0dm07mh._.js:776
[  579429ms] [LOG] [Fast Refresh] done in 288ms @ http://localhost:3000/_next/static/chunks/0brk_next_dist_0dm07mh._.js:776
[  580048ms] [LOG] [Fast Refresh] done in 288ms @ http://localhost:3000/_next/static/chunks/0brk_next_dist_0dm07mh._.js:776
[  580172ms] [LOG] [Fast Refresh] done in 288ms @ http://localhost:3000/_next/static/chunks/0brk_next_dist_0dm07mh._.js:776
[  580319ms] [LOG] [Fast Refresh] done in 288ms @ http://localhost:3000/_next/static/chunks/0brk_next_dist_0dm07mh._.js:776
[  580522ms] [LOG] [Fast Refresh] done in 288ms @ http://localhost:3000/_next/static/chunks/0brk_next_dist_0dm07mh._.js:776
[  580594ms] [LOG] [Fast Refresh] done in 288ms @ http://localhost:3000/_next/static/chunks/0brk_next_dist_0dm07mh._.js:776
[  580655ms] [LOG] [Fast Refresh] done in 288ms @ http://localhost:3000/_next/static/chunks/0brk_next_dist_0dm07mh._.js:776
[  580716ms] [LOG] [Fast Refresh] done in 288ms @ http://localhost:3000/_next/static/chunks/0brk_next_dist_0dm07mh._.js:776
[  580778ms] [LOG] [Fast Refresh] done in 288ms @ http://localhost:3000/_next/static/chunks/0brk_next_dist_0dm07mh._.js:776
[  580840ms] [LOG] [Fast Refresh] done in 288ms @ http://localhost:3000/_next/static/chunks/0brk_next_dist_0dm07mh._.js:776
[  580901ms] [LOG] [Fast Refresh] done in 288ms @ http://localhost:3000/_next/static/chunks/0brk_next_dist_0dm07mh._.js:776
[  580964ms] [LOG] [Fast Refresh] done in 288ms @ http://localhost:3000/_next/static/chunks/0brk_next_dist_0dm07mh._.js:776
[  581026ms] [LOG] [Fast Refresh] done in 288ms @ http://localhost:3000/_next/static/chunks/0brk_next_dist_0dm07mh._.js:776
[  581088ms] [LOG] [Fast Refresh] done in 288ms @ http://localhost:3000/_next/static/chunks/0brk_next_dist_0dm07mh._.js:776
[  581151ms] [LOG] [Fast Refresh] done in 288ms @ http://localhost:3000/_next/static/chunks/0brk_next_dist_0dm07mh._.js:776
[  581212ms] [LOG] [Fast Refresh] done in 288ms @ http://localhost:3000/_next/static/chunks/0brk_next_dist_0dm07mh._.js:776
[  581273ms] [LOG] [Fast Refresh] done in 288ms @ http://localhost:3000/_next/static/chunks/0brk_next_dist_0dm07mh._.js:776
[  581335ms] [LOG] [Fast Refresh] done in 288ms @ http://localhost:3000/_next/static/chunks/0brk_next_dist_0dm07mh._.js:776
[  581390ms] [LOG] [Fast Refresh] done in 288ms @ http://localhost:3000/_next/static/chunks/0brk_next_dist_0dm07mh._.js:776
[  581451ms] [LOG] [Fast Refresh] done in 288ms @ http://localhost:3000/_next/static/chunks/0brk_next_dist_0dm07mh._.js:776
[  581515ms] [LOG] [Fast Refresh] done in 288ms @ http://localhost:3000/_next/static/chunks/0brk_next_dist_0dm07mh._.js:776
[  581573ms] [LOG] [Fast Refresh] done in 288ms @ http://localhost:3000/_next/static/chunks/0brk_next_dist_0dm07mh._.js:776
[  581635ms] [LOG] [Fast Refresh] done in 288ms @ http://localhost:3000/_next/static/chunks/0brk_next_dist_0dm07mh._.js:776
[  581698ms] [LOG] [Fast Refresh] done in 288ms @ http://localhost:3000/_next/static/chunks/0brk_next_dist_0dm07mh._.js:776
[  581746ms] [LOG] [Fast Refresh] done in 288ms @ http://localhost:3000/_next/static/chunks/0brk_next_dist_0dm07mh._.js:776
[  581808ms] [LOG] [Fast Refresh] done in 288ms @ http://localhost:3000/_next/static/chunks/0brk_next_dist_0dm07mh._.js:776
[  581858ms] [LOG] [Fast Refresh] done in 288ms @ http://localhost:3000/_next/static/chunks/0brk_next_dist_0dm07mh._.js:776
[  581905ms] [LOG] [Fast Refresh] done in 288ms @ http://localhost:3000/_next/static/chunks/0brk_next_dist_0dm07mh._.js:776
[  581967ms] [LOG] [Fast Refresh] done in 288ms @ http://localhost:3000/_next/static/chunks/0brk_next_dist_0dm07mh._.js:776
[  582028ms] [LOG] [Fast Refresh] done in 288ms @ http://localhost:3000/_next/static/chunks/0brk_next_dist_0dm07mh._.js:776
[  582090ms] [LOG] [Fast Refresh] done in 288ms @ http://localhost:3000/_next/static/chunks/0brk_next_dist_0dm07mh._.js:776
[  582151ms] [LOG] [Fast Refresh] done in 288ms @ http://localhost:3000/_next/static/chunks/0brk_next_dist_0dm07mh._.js:776
[  582213ms] [LOG] [Fast Refresh] done in 288ms @ http://localhost:3000/_next/static/chunks/0brk_next_dist_0dm07mh._.js:776
[  582262ms] [LOG] [Fast Refresh] done in 288ms @ http://localhost:3000/_next/static/chunks/0brk_next_dist_0dm07mh._.js:776
[  582324ms] [LOG] [Fast Refresh] done in 288ms @ http://localhost:3000/_next/static/chunks/0brk_next_dist_0dm07mh._.js:776
[  582376ms] [LOG] [Fast Refresh] done in 288ms @ http://localhost:3000/_next/static/chunks/0brk_next_dist_0dm07mh._.js:776
[  582436ms] [LOG] [Fast Refresh] done in 288ms @ http://localhost:3000/_next/static/chunks/0brk_next_dist_0dm07mh._.js:776
[  582489ms] [LOG] [Fast Refresh] done in 288ms @ http://localhost:3000/_next/static/chunks/0brk_next_dist_0dm07mh._.js:776
[  582566ms] [LOG] [Fast Refresh] done in 288ms @ http://localhost:3000/_next/static/chunks/0brk_next_dist_0dm07mh._.js:776
[  582614ms] [LOG] [Fast Refresh] done in 288ms @ http://localhost:3000/_next/static/chunks/0brk_next_dist_0dm07mh._.js:776
[  582674ms] [LOG] [Fast Refresh] done in 288ms @ http://localhost:3000/_next/static/chunks/0brk_next_dist_0dm07mh._.js:776
[  582736ms] [LOG] [Fast Refresh] done in 288ms @ http://localhost:3000/_next/static/chunks/0brk_next_dist_0dm07mh._.js:776
[  582794ms] [LOG] [Fast Refresh] done in 288ms @ http://localhost:3000/_next/static/chunks/0brk_next_dist_0dm07mh._.js:776
[  582855ms] [LOG] [Fast Refresh] done in 288ms @ http://localhost:3000/_next/static/chunks/0brk_next_dist_0dm07mh._.js:776
[  582903ms] [LOG] [Fast Refresh] done in 288ms @ http://localhost:3000/_next/static/chunks/0brk_next_dist_0dm07mh._.js:776
[  582965ms] [LOG] [Fast Refresh] done in 288ms @ http://localhost:3000/_next/static/chunks/0brk_next_dist_0dm07mh._.js:776
[  583028ms] [LOG] [Fast Refresh] done in 288ms @ http://localhost:3000/_next/static/chunks/0brk_next_dist_0dm07mh._.js:776
[  583089ms] [LOG] [Fast Refresh] done in 288ms @ http://localhost:3000/_next/static/chunks/0brk_next_dist_0dm07mh._.js:776
[  583151ms] [LOG] [Fast Refresh] done in 288ms @ http://localhost:3000/_next/static/chunks/0brk_next_dist_0dm07mh._.js:776
[  583202ms] [LOG] [Fast Refresh] done in 288ms @ http://localhost:3000/_next/static/chunks/0brk_next_dist_0dm07mh._.js:776
[  583260ms] [LOG] [Fast Refresh] done in 288ms @ http://localhost:3000/_next/static/chunks/0brk_next_dist_0dm07mh._.js:776
[  583312ms] [LOG] [Fast Refresh] done in 288ms @ http://localhost:3000/_next/static/chunks/0brk_next_dist_0dm07mh._.js:776
[  583373ms] [LOG] [Fast Refresh] done in 288ms @ http://localhost:3000/_next/static/chunks/0brk_next_dist_0dm07mh._.js:776
[  583435ms] [LOG] [Fast Refresh] done in 288ms @ http://localhost:3000/_next/static/chunks/0brk_next_dist_0dm07mh._.js:776
[  583498ms] [LOG] [Fast Refresh] done in 288ms @ http://localhost:3000/_next/static/chunks/0brk_next_dist_0dm07mh._.js:776
[  583560ms] [LOG] [Fast Refresh] done in 288ms @ http://localhost:3000/_next/static/chunks/0brk_next_dist_0dm07mh._.js:776
[  583622ms] [LOG] [Fast Refresh] done in 288ms @ http://localhost:3000/_next/static/chunks/0brk_next_dist_0dm07mh._.js:776
[  583683ms] [LOG] [Fast Refresh] done in 288ms @ http://localhost:3000/_next/static/chunks/0brk_next_dist_0dm07mh._.js:776
[  583745ms] [LOG] [Fast Refresh] done in 288ms @ http://localhost:3000/_next/static/chunks/0brk_next_dist_0dm07mh._.js:776
[  583806ms] [LOG] [Fast Refresh] done in 288ms @ http://localhost:3000/_next/static/chunks/0brk_next_dist_0dm07mh._.js:776
[  583867ms] [LOG] [Fast Refresh] done in 288ms @ http://localhost:3000/_next/static/chunks/0brk_next_dist_0dm07mh._.js:776
[  583921ms] [LOG] [Fast Refresh] done in 288ms @ http://localhost:3000/_next/static/chunks/0brk_next_dist_0dm07mh._.js:776
[  583970ms] [LOG] [Fast Refresh] done in 288ms @ http://localhost:3000/_next/static/chunks/0brk_next_dist_0dm07mh._.js:776
[  584031ms] [LOG] [Fast Refresh] done in 288ms @ http://localhost:3000/_next/static/chunks/0brk_next_dist_0dm07mh._.js:776
[  584091ms] [LOG] [Fast Refresh] done in 288ms @ http://localhost:3000/_next/static/chunks/0brk_next_dist_0dm07mh._.js:776
[  584141ms] [LOG] [Fast Refresh] done in 288ms @ http://localhost:3000/_next/static/chunks/0brk_next_dist_0dm07mh._.js:776
[  584203ms] [LOG] [Fast Refresh] done in 288ms @ http://localhost:3000/_next/static/chunks/0brk_next_dist_0dm07mh._.js:776
[  584265ms] [LOG] [Fast Refresh] done in 288ms @ http://localhost:3000/_next/static/chunks/0brk_next_dist_0dm07mh._.js:776
[  584326ms] [LOG] [Fast Refresh] done in 288ms @ http://localhost:3000/_next/static/chunks/0brk_next_dist_0dm07mh._.js:776
[  584387ms] [LOG] [Fast Refresh] done in 288ms @ http://localhost:3000/_next/static/chunks/0brk_next_dist_0dm07mh._.js:776
[  584449ms] [LOG] [Fast Refresh] done in 288ms @ http://localhost:3000/_next/static/chunks/0brk_next_dist_0dm07mh._.js:776
[  584511ms] [LOG] [Fast Refresh] done in 288ms @ http://localhost:3000/_next/static/chunks/0brk_next_dist_0dm07mh._.js:776
[  584564ms] [LOG] [Fast Refresh] done in 288ms @ http://localhost:3000/_next/static/chunks/0brk_next_dist_0dm07mh._.js:776
[  584625ms] [LOG] [Fast Refresh] done in 288ms @ http://localhost:3000/_next/static/chunks/0brk_next_dist_0dm07mh._.js:776
[  584688ms] [LOG] [Fast Refresh] done in 288ms @ http://localhost:3000/_next/static/chunks/0brk_next_dist_0dm07mh._.js:776
[  584749ms] [LOG] [Fast Refresh] done in 288ms @ http://localhost:3000/_next/static/chunks/0brk_next_dist_0dm07mh._.js:776
[  584805ms] [LOG] [Fast Refresh] done in 288ms @ http://localhost:3000/_next/static/chunks/0brk_next_dist_0dm07mh._.js:776
[  584865ms] [LOG] [Fast Refresh] done in 288ms @ http://localhost:3000/_next/static/chunks/0brk_next_dist_0dm07mh._.js:776
[  584942ms] [LOG] [Fast Refresh] done in 288ms @ http://localhost:3000/_next/static/chunks/0brk_next_dist_0dm07mh._.js:776
[  585003ms] [LOG] [Fast Refresh] done in 288ms @ http://localhost:3000/_next/static/chunks/0brk_next_dist_0dm07mh._.js:776
[  585064ms] [LOG] [Fast Refresh] done in 288ms @ http://localhost:3000/_next/static/chunks/0brk_next_dist_0dm07mh._.js:776
[  585123ms] [LOG] [Fast Refresh] done in 288ms @ http://localhost:3000/_next/static/chunks/0brk_next_dist_0dm07mh._.js:776
[  585177ms] [LOG] [Fast Refresh] done in 288ms @ http://localhost:3000/_next/static/chunks/0brk_next_dist_0dm07mh._.js:776
[  585236ms] [LOG] [Fast Refresh] done in 288ms @ http://localhost:3000/_next/static/chunks/0brk_next_dist_0dm07mh._.js:776
[  585295ms] [LOG] [Fast Refresh] done in 288ms @ http://localhost:3000/_next/static/chunks/0brk_next_dist_0dm07mh._.js:776
[  585364ms] [LOG] [Fast Refresh] done in 288ms @ http://localhost:3000/_next/static/chunks/0brk_next_dist_0dm07mh._.js:776
[  585423ms] [LOG] [Fast Refresh] done in 288ms @ http://localhost:3000/_next/static/chunks/0brk_next_dist_0dm07mh._.js:776
[  585483ms] [LOG] [Fast Refresh] done in 288ms @ http://localhost:3000/_next/static/chunks/0brk_next_dist_0dm07mh._.js:776
[  585547ms] [LOG] [Fast Refresh] done in 288ms @ http://localhost:3000/_next/static/chunks/0brk_next_dist_0dm07mh._.js:776
[  585608ms] [LOG] [Fast Refresh] done in 288ms @ http://localhost:3000/_next/static/chunks/0brk_next_dist_0dm07mh._.js:776
[  585671ms] [LOG] [Fast Refresh] done in 288ms @ http://localhost:3000/_next/static/chunks/0brk_next_dist_0dm07mh._.js:776
[  585721ms] [LOG] [Fast Refresh] done in 288ms @ http://localhost:3000/_next/static/chunks/0brk_next_dist_0dm07mh._.js:776
[  585783ms] [LOG] [Fast Refresh] done in 288ms @ http://localhost:3000/_next/static/chunks/0brk_next_dist_0dm07mh._.js:776
[  585842ms] [LOG] [Fast Refresh] done in 288ms @ http://localhost:3000/_next/static/chunks/0brk_next_dist_0dm07mh._.js:776
[  585905ms] [LOG] [Fast Refresh] done in 288ms @ http://localhost:3000/_next/static/chunks/0brk_next_dist_0dm07mh._.js:776
[  585968ms] [LOG] [Fast Refresh] done in 288ms @ http://localhost:3000/_next/static/chunks/0brk_next_dist_0dm07mh._.js:776
[  586029ms] [LOG] [Fast Refresh] done in 288ms @ http://localhost:3000/_next/static/chunks/0brk_next_dist_0dm07mh._.js:776
[  586090ms] [LOG] [Fast Refresh] done in 288ms @ http://localhost:3000/_next/static/chunks/0brk_next_dist_0dm07mh._.js:776
[  586139ms] [LOG] [Fast Refresh] done in 288ms @ http://localhost:3000/_next/static/chunks/0brk_next_dist_0dm07mh._.js:776
[  586201ms] [LOG] [Fast Refresh] done in 288ms @ http://localhost:3000/_next/static/chunks/0brk_next_dist_0dm07mh._.js:776
[  586263ms] [LOG] [Fast Refresh] done in 288ms @ http://localhost:3000/_next/static/chunks/0brk_next_dist_0dm07mh._.js:776
[  586326ms] [LOG] [Fast Refresh] done in 288ms @ http://localhost:3000/_next/static/chunks/0brk_next_dist_0dm07mh._.js:776
[  586390ms] [LOG] [Fast Refresh] done in 288ms @ http://localhost:3000/_next/static/chunks/0brk_next_dist_0dm07mh._.js:776
[  586452ms] [LOG] [Fast Refresh] done in 288ms @ http://localhost:3000/_next/static/chunks/0brk_next_dist_0dm07mh._.js:776
[  586513ms] [LOG] [Fast Refresh] done in 288ms @ http://localhost:3000/_next/static/chunks/0brk_next_dist_0dm07mh._.js:776
[  586600ms] [LOG] [Fast Refresh] done in 288ms @ http://localhost:3000/_next/static/chunks/0brk_next_dist_0dm07mh._.js:776
[  586754ms] [LOG] [Fast Refresh] done in 288ms @ http://localhost:3000/_next/static/chunks/0brk_next_dist_0dm07mh._.js:776
[  586823ms] [LOG] [Fast Refresh] done in 288ms @ http://localhost:3000/_next/static/chunks/0brk_next_dist_0dm07mh._.js:776
[  586886ms] [LOG] [Fast Refresh] done in 288ms @ http://localhost:3000/_next/static/chunks/0brk_next_dist_0dm07mh._.js:776
[  586948ms] [LOG] [Fast Refresh] done in 288ms @ http://localhost:3000/_next/static/chunks/0brk_next_dist_0dm07mh._.js:776
[  587010ms] [LOG] [Fast Refresh] done in 288ms @ http://localhost:3000/_next/static/chunks/0brk_next_dist_0dm07mh._.js:776
[  587058ms] [LOG] [Fast Refresh] done in 288ms @ http://localhost:3000/_next/static/chunks/0brk_next_dist_0dm07mh._.js:776
[  587120ms] [LOG] [Fast Refresh] done in 288ms @ http://localhost:3000/_next/static/chunks/0brk_next_dist_0dm07mh._.js:776
[  587175ms] [LOG] [Fast Refresh] done in 288ms @ http://localhost:3000/_next/static/chunks/0brk_next_dist_0dm07mh._.js:776
[  587236ms] [LOG] [Fast Refresh] done in 288ms @ http://localhost:3000/_next/static/chunks/0brk_next_dist_0dm07mh._.js:776
[  587297ms] [LOG] [Fast Refresh] done in 288ms @ http://localhost:3000/_next/static/chunks/0brk_next_dist_0dm07mh._.js:776
[  587356ms] [LOG] [Fast Refresh] done in 288ms @ http://localhost:3000/_next/static/chunks/0brk_next_dist_0dm07mh._.js:776
[  587408ms] [LOG] [Fast Refresh] done in 288ms @ http://localhost:3000/_next/static/chunks/0brk_next_dist_0dm07mh._.js:776
[  587471ms] [LOG] [Fast Refresh] done in 288ms @ http://localhost:3000/_next/static/chunks/0brk_next_dist_0dm07mh._.js:776
[  587524ms] [LOG] [Fast Refresh] done in 288ms @ http://localhost:3000/_next/static/chunks/0brk_next_dist_0dm07mh._.js:776
[  587586ms] [LOG] [Fast Refresh] done in 288ms @ http://localhost:3000/_next/static/chunks/0brk_next_dist_0dm07mh._.js:776
[  587649ms] [LOG] [Fast Refresh] done in 288ms @ http://localhost:3000/_next/static/chunks/0brk_next_dist_0dm07mh._.js:776
[  587714ms] [LOG] [Fast Refresh] done in 288ms @ http://localhost:3000/_next/static/chunks/0brk_next_dist_0dm07mh._.js:776
[  587786ms] [LOG] [Fast Refresh] done in 288ms @ http://localhost:3000/_next/static/chunks/0brk_next_dist_0dm07mh._.js:776
[  587870ms] [LOG] [Fast Refresh] done in 288ms @ http://localhost:3000/_next/static/chunks/0brk_next_dist_0dm07mh._.js:776
[  587932ms] [LOG] [Fast Refresh] done in 288ms @ http://localhost:3000/_next/static/chunks/0brk_next_dist_0dm07mh._.js:776
[  587986ms] [LOG] [Fast Refresh] done in 288ms @ http://localhost:3000/_next/static/chunks/0brk_next_dist_0dm07mh._.js:776
[  588064ms] [LOG] [Fast Refresh] done in 288ms @ http://localhost:3000/_next/static/chunks/0brk_next_dist_0dm07mh._.js:776
[  588126ms] [LOG] [Fast Refresh] done in 288ms @ http://localhost:3000/_next/static/chunks/0brk_next_dist_0dm07mh._.js:776
[  588189ms] [LOG] [Fast Refresh] done in 288ms @ http://localhost:3000/_next/static/chunks/0brk_next_dist_0dm07mh._.js:776
[  588241ms] [LOG] [Fast Refresh] done in 288ms @ http://localhost:3000/_next/static/chunks/0brk_next_dist_0dm07mh._.js:776
[  588304ms] [LOG] [Fast Refresh] done in 288ms @ http://localhost:3000/_next/static/chunks/0brk_next_dist_0dm07mh._.js:776
[  588361ms] [LOG] [Fast Refresh] done in 288ms @ http://localhost:3000/_next/static/chunks/0brk_next_dist_0dm07mh._.js:776
[  588423ms] [LOG] [Fast Refresh] done in 288ms @ http://localhost:3000/_next/static/chunks/0brk_next_dist_0dm07mh._.js:776
[  588474ms] [LOG] [Fast Refresh] done in 288ms @ http://localhost:3000/_next/static/chunks/0brk_next_dist_0dm07mh._.js:776
[  588529ms] [LOG] [Fast Refresh] done in 288ms @ http://localhost:3000/_next/static/chunks/0brk_next_dist_0dm07mh._.js:776
[  588575ms] [LOG] [Fast Refresh] done in 288ms @ http://localhost:3000/_next/static/chunks/0brk_next_dist_0dm07mh._.js:776
[  588636ms] [LOG] [Fast Refresh] done in 288ms @ http://localhost:3000/_next/static/chunks/0brk_next_dist_0dm07mh._.js:776
[  588697ms] [LOG] [Fast Refresh] done in 288ms @ http://localhost:3000/_next/static/chunks/0brk_next_dist_0dm07mh._.js:776
[  588757ms] [LOG] [Fast Refresh] done in 288ms @ http://localhost:3000/_next/static/chunks/0brk_next_dist_0dm07mh._.js:776
[  588821ms] [LOG] [Fast Refresh] done in 288ms @ http://localhost:3000/_next/static/chunks/0brk_next_dist_0dm07mh._.js:776
[  588899ms] [LOG] [Fast Refresh] done in 288ms @ http://localhost:3000/_next/static/chunks/0brk_next_dist_0dm07mh._.js:776
[  588972ms] [LOG] [Fast Refresh] done in 288ms @ http://localhost:3000/_next/static/chunks/0brk_next_dist_0dm07mh._.js:776
[  589019ms] [LOG] [Fast Refresh] done in 288ms @ http://localhost:3000/_next/static/chunks/0brk_next_dist_0dm07mh._.js:776
[  589150ms] [LOG] [Fast Refresh] done in 288ms @ http://localhost:3000/_next/static/chunks/0brk_next_dist_0dm07mh._.js:776
[  589266ms] [LOG] [Fast Refresh] done in 288ms @ http://localhost:3000/_next/static/chunks/0brk_next_dist_0dm07mh._.js:776
[  589561ms] [LOG] [Fast Refresh] done in 288ms @ http://localhost:3000/_next/static/chunks/0brk_next_dist_0dm07mh._.js:776
[  589685ms] [LOG] [Fast Refresh] done in 288ms @ http://localhost:3000/_next/static/chunks/0brk_next_dist_0dm07mh._.js:776
[  589790ms] [LOG] [Fast Refresh] done in 288ms @ http://localhost:3000/_next/static/chunks/0brk_next_dist_0dm07mh._.js:776
[  590063ms] [LOG] [Fast Refresh] done in 288ms @ http://localhost:3000/_next/static/chunks/0brk_next_dist_0dm07mh._.js:776
[  590149ms] [LOG] [Fast Refresh] done in 288ms @ http://localhost:3000/_next/static/chunks/0brk_next_dist_0dm07mh._.js:776
[  590302ms] [LOG] [Fast Refresh] done in 288ms @ http://localhost:3000/_next/static/chunks/0brk_next_dist_0dm07mh._.js:776
[  590402ms] [LOG] [Fast Refresh] done in 288ms @ http://localhost:3000/_next/static/chunks/0brk_next_dist_0dm07mh._.js:776
[  590478ms] [LOG] [Fast Refresh] done in 288ms @ http://localhost:3000/_next/static/chunks/0brk_next_dist_0dm07mh._.js:776
[  590593ms] [LOG] [Fast Refresh] done in 288ms @ http://localhost:3000/_next/static/chunks/0brk_next_dist_0dm07mh._.js:776
[  590687ms] [LOG] [Fast Refresh] done in 288ms @ http://localhost:3000/_next/static/chunks/0brk_next_dist_0dm07mh._.js:776
[  590782ms] [LOG] [Fast Refresh] done in 288ms @ http://localhost:3000/_next/static/chunks/0brk_next_dist_0dm07mh._.js:776
[  590913ms] [LOG] [Fast Refresh] done in 288ms @ http://localhost:3000/_next/static/chunks/0brk_next_dist_0dm07mh._.js:776
[  590986ms] [LOG] [Fast Refresh] done in 288ms @ http://localhost:3000/_next/static/chunks/0brk_next_dist_0dm07mh._.js:776
[  591065ms] [LOG] [Fast Refresh] done in 288ms @ http://localhost:3000/_next/static/chunks/0brk_next_dist_0dm07mh._.js:776
[  591129ms] [LOG] [Fast Refresh] done in 288ms @ http://localhost:3000/_next/static/chunks/0brk_next_dist_0dm07mh._.js:776
[  591189ms] [LOG] [Fast Refresh] done in 288ms @ http://localhost:3000/_next/static/chunks/0brk_next_dist_0dm07mh._.js:776
[  591272ms] [LOG] [Fast Refresh] done in 288ms @ http://localhost:3000/_next/static/chunks/0brk_next_dist_0dm07mh._.js:776
[  591375ms] [LOG] [Fast Refresh] done in 288ms @ http://localhost:3000/_next/static/chunks/0brk_next_dist_0dm07mh._.js:776
[  591473ms] [LOG] [Fast Refresh] done in 288ms @ http://localhost:3000/_next/static/chunks/0brk_next_dist_0dm07mh._.js:776
[  591610ms] [LOG] [Fast Refresh] done in 288ms @ http://localhost:3000/_next/static/chunks/0brk_next_dist_0dm07mh._.js:776
[  591672ms] [LOG] [Fast Refresh] done in 288ms @ http://localhost:3000/_next/static/chunks/0brk_next_dist_0dm07mh._.js:776
[  591872ms] [LOG] [Fast Refresh] done in 288ms @ http://localhost:3000/_next/static/chunks/0brk_next_dist_0dm07mh._.js:776
[  591974ms] [LOG] [Fast Refresh] done in 288ms @ http://localhost:3000/_next/static/chunks/0brk_next_dist_0dm07mh._.js:776
[  592088ms] [LOG] [Fast Refresh] done in 288ms @ http://localhost:3000/_next/static/chunks/0brk_next_dist_0dm07mh._.js:776
[  592148ms] [LOG] [Fast Refresh] done in 288ms @ http://localhost:3000/_next/static/chunks/0brk_next_dist_0dm07mh._.js:776
[  592217ms] [LOG] [Fast Refresh] done in 288ms @ http://localhost:3000/_next/static/chunks/0brk_next_dist_0dm07mh._.js:776
[  592291ms] [LOG] [Fast Refresh] done in 288ms @ http://localhost:3000/_next/static/chunks/0brk_next_dist_0dm07mh._.js:776
[  592340ms] [LOG] [Fast Refresh] done in 288ms @ http://localhost:3000/_next/static/chunks/0brk_next_dist_0dm07mh._.js:776
[  592407ms] [LOG] [Fast Refresh] done in 288ms @ http://localhost:3000/_next/static/chunks/0brk_next_dist_0dm07mh._.js:776
[  592474ms] [LOG] [Fast Refresh] done in 288ms @ http://localhost:3000/_next/static/chunks/0brk_next_dist_0dm07mh._.js:776
[  592544ms] [LOG] [Fast Refresh] done in 288ms @ http://localhost:3000/_next/static/chunks/0brk_next_dist_0dm07mh._.js:776
[  592631ms] [LOG] [Fast Refresh] done in 288ms @ http://localhost:3000/_next/static/chunks/0brk_next_dist_0dm07mh._.js:776
[  592724ms] [LOG] [Fast Refresh] done in 288ms @ http://localhost:3000/_next/static/chunks/0brk_next_dist_0dm07mh._.js:776
[  592790ms] [LOG] [Fast Refresh] done in 288ms @ http://localhost:3000/_next/static/chunks/0brk_next_dist_0dm07mh._.js:776
[  592877ms] [LOG] [Fast Refresh] done in 288ms @ http://localhost:3000/_next/static/chunks/0brk_next_dist_0dm07mh._.js:776
[  592938ms] [LOG] [Fast Refresh] done in 288ms @ http://localhost:3000/_next/static/chunks/0brk_next_dist_0dm07mh._.js:776
[  593021ms] [LOG] [Fast Refresh] done in 288ms @ http://localhost:3000/_next/static/chunks/0brk_next_dist_0dm07mh._.js:776
[  593091ms] [LOG] [Fast Refresh] done in 288ms @ http://localhost:3000/_next/static/chunks/0brk_next_dist_0dm07mh._.js:776
[  593150ms] [LOG] [Fast Refresh] done in 288ms @ http://localhost:3000/_next/static/chunks/0brk_next_dist_0dm07mh._.js:776
[  593276ms] [LOG] [Fast Refresh] done in 288ms @ http://localhost:3000/_next/static/chunks/0brk_next_dist_0dm07mh._.js:776
[  593351ms] [LOG] [Fast Refresh] done in 288ms @ http://localhost:3000/_next/static/chunks/0brk_next_dist_0dm07mh._.js:776
[  593436ms] [LOG] [Fast Refresh] done in 288ms @ http://localhost:3000/_next/static/chunks/0brk_next_dist_0dm07mh._.js:776
[  593477ms] [LOG] [Fast Refresh] done in 288ms @ http://localhost:3000/_next/static/chunks/0brk_next_dist_0dm07mh._.js:776
[  593559ms] [LOG] [Fast Refresh] done in 288ms @ http://localhost:3000/_next/static/chunks/0brk_next_dist_0dm07mh._.js:776
[  593621ms] [LOG] [Fast Refresh] done in 288ms @ http://localhost:3000/_next/static/chunks/0brk_next_dist_0dm07mh._.js:776
[  593712ms] [LOG] [Fast Refresh] done in 288ms @ http://localhost:3000/_next/static/chunks/0brk_next_dist_0dm07mh._.js:776
[  593804ms] [LOG] [Fast Refresh] done in 288ms @ http://localhost:3000/_next/static/chunks/0brk_next_dist_0dm07mh._.js:776
[  593867ms] [LOG] [Fast Refresh] done in 288ms @ http://localhost:3000/_next/static/chunks/0brk_next_dist_0dm07mh._.js:776
[  593938ms] [LOG] [Fast Refresh] done in 288ms @ http://localhost:3000/_next/static/chunks/0brk_next_dist_0dm07mh._.js:776
[  594048ms] [LOG] [Fast Refresh] done in 288ms @ http://localhost:3000/_next/static/chunks/0brk_next_dist_0dm07mh._.js:776
[  594136ms] [LOG] [Fast Refresh] done in 288ms @ http://localhost:3000/_next/static/chunks/0brk_next_dist_0dm07mh._.js:776
[  594196ms] [LOG] [Fast Refresh] done in 288ms @ http://localhost:3000/_next/static/chunks/0brk_next_dist_0dm07mh._.js:776
[  594263ms] [LOG] [Fast Refresh] done in 288ms @ http://localhost:3000/_next/static/chunks/0brk_next_dist_0dm07mh._.js:776
[  594320ms] [LOG] [Fast Refresh] done in 288ms @ http://localhost:3000/_next/static/chunks/0brk_next_dist_0dm07mh._.js:776
[  594392ms] [LOG] [Fast Refresh] done in 288ms @ http://localhost:3000/_next/static/chunks/0brk_next_dist_0dm07mh._.js:776
[  594442ms] [LOG] [Fast Refresh] done in 288ms @ http://localhost:3000/_next/static/chunks/0brk_next_dist_0dm07mh._.js:776
[  594491ms] [LOG] [Fast Refresh] done in 288ms @ http://localhost:3000/_next/static/chunks/0brk_next_dist_0dm07mh._.js:776
[  594561ms] [LOG] [Fast Refresh] done in 288ms @ http://localhost:3000/_next/static/chunks/0brk_next_dist_0dm07mh._.js:776
[  594647ms] [LOG] [Fast Refresh] done in 288ms @ http://localhost:3000/_next/static/chunks/0brk_next_dist_0dm07mh._.js:776
[  594761ms] [LOG] [Fast Refresh] done in 288ms @ http://localhost:3000/_next/static/chunks/0brk_next_dist_0dm07mh._.js:776
[  594876ms] [LOG] [Fast Refresh] done in 288ms @ http://localhost:3000/_next/static/chunks/0brk_next_dist_0dm07mh._.js:776
[  594997ms] [LOG] [Fast Refresh] done in 288ms @ http://localhost:3000/_next/static/chunks/0brk_next_dist_0dm07mh._.js:776
[  595200ms] [LOG] [Fast Refresh] done in 288ms @ http://localhost:3000/_next/static/chunks/0brk_next_dist_0dm07mh._.js:776
[  595350ms] [LOG] [Fast Refresh] done in 288ms @ http://localhost:3000/_next/static/chunks/0brk_next_dist_0dm07mh._.js:776
[  595430ms] [LOG] [Fast Refresh] done in 288ms @ http://localhost:3000/_next/static/chunks/0brk_next_dist_0dm07mh._.js:776
[  595505ms] [LOG] [Fast Refresh] done in 288ms @ http://localhost:3000/_next/static/chunks/0brk_next_dist_0dm07mh._.js:776
[  595578ms] [LOG] [Fast Refresh] done in 288ms @ http://localhost:3000/_next/static/chunks/0brk_next_dist_0dm07mh._.js:776
[  595891ms] [LOG] [Fast Refresh] done in 288ms @ http://localhost:3000/_next/static/chunks/0brk_next_dist_0dm07mh._.js:776
[  596381ms] [LOG] [Fast Refresh] done in 288ms @ http://localhost:3000/_next/static/chunks/0brk_next_dist_0dm07mh._.js:776
[  597293ms] [LOG] [Fast Refresh] done in 288ms @ http://localhost:3000/_next/static/chunks/0brk_next_dist_0dm07mh._.js:776
[  597424ms] [LOG] [Fast Refresh] done in 288ms @ http://localhost:3000/_next/static/chunks/0brk_next_dist_0dm07mh._.js:776
[  597556ms] [LOG] [Fast Refresh] done in 288ms @ http://localhost:3000/_next/static/chunks/0brk_next_dist_0dm07mh._.js:776
[  597621ms] [LOG] [Fast Refresh] done in 288ms @ http://localhost:3000/_next/static/chunks/0brk_next_dist_0dm07mh._.js:776
[  597721ms] [LOG] [Fast Refresh] done in 288ms @ http://localhost:3000/_next/static/chunks/0brk_next_dist_0dm07mh._.js:776
[  597834ms] [LOG] [Fast Refresh] done in 288ms @ http://localhost:3000/_next/static/chunks/0brk_next_dist_0dm07mh._.js:776
[  597906ms] [LOG] [Fast Refresh] done in 288ms @ http://localhost:3000/_next/static/chunks/0brk_next_dist_0dm07mh._.js:776
[  597992ms] [LOG] [Fast Refresh] done in 288ms @ http://localhost:3000/_next/static/chunks/0brk_next_dist_0dm07mh._.js:776
[  598214ms] [LOG] [Fast Refresh] done in 288ms @ http://localhost:3000/_next/static/chunks/0brk_next_dist_0dm07mh._.js:776
[  598552ms] [LOG] [Fast Refresh] done in 288ms @ http://localhost:3000/_next/static/chunks/0brk_next_dist_0dm07mh._.js:776
[  598883ms] [LOG] [Fast Refresh] done in 288ms @ http://localhost:3000/_next/static/chunks/0brk_next_dist_0dm07mh._.js:776
[  599057ms] [LOG] [Fast Refresh] done in 288ms @ http://localhost:3000/_next/static/chunks/0brk_next_dist_0dm07mh._.js:776
[  599279ms] [LOG] [Fast Refresh] done in 288ms @ http://localhost:3000/_next/static/chunks/0brk_next_dist_0dm07mh._.js:776
[  599345ms] [LOG] [Fast Refresh] done in 288ms @ http://localhost:3000/_next/static/chunks/0brk_next_dist_0dm07mh._.js:776
[  599405ms] [LOG] [Fast Refresh] done in 288ms @ http://localhost:3000/_next/static/chunks/0brk_next_dist_0dm07mh._.js:776
[  599468ms] [LOG] [Fast Refresh] done in 288ms @ http://localhost:3000/_next/static/chunks/0brk_next_dist_0dm07mh._.js:776
[  599516ms] [LOG] [Fast Refresh] done in 288ms @ http://localhost:3000/_next/static/chunks/0brk_next_dist_0dm07mh._.js:776
[  599579ms] [LOG] [Fast Refresh] done in 288ms @ http://localhost:3000/_next/static/chunks/0brk_next_dist_0dm07mh._.js:776
[  599661ms] [LOG] [Fast Refresh] done in 288ms @ http://localhost:3000/_next/static/chunks/0brk_next_dist_0dm07mh._.js:776
[  599756ms] [LOG] [Fast Refresh] done in 288ms @ http://localhost:3000/_next/static/chunks/0brk_next_dist_0dm07mh._.js:776
[  599836ms] [LOG] [Fast Refresh] done in 288ms @ http://localhost:3000/_next/static/chunks/0brk_next_dist_0dm07mh._.js:776
[  600117ms] [LOG] [Fast Refresh] done in 288ms @ http://localhost:3000/_next/static/chunks/0brk_next_dist_0dm07mh._.js:776
[  600241ms] [LOG] [Fast Refresh] done in 288ms @ http://localhost:3000/_next/static/chunks/0brk_next_dist_0dm07mh._.js:776
[  600412ms] [LOG] [Fast Refresh] done in 288ms @ http://localhost:3000/_next/static/chunks/0brk_next_dist_0dm07mh._.js:776
[  600469ms] [LOG] [Fast Refresh] done in 288ms @ http://localhost:3000/_next/static/chunks/0brk_next_dist_0dm07mh._.js:776
[  600575ms] [LOG] [Fast Refresh] done in 288ms @ http://localhost:3000/_next/static/chunks/0brk_next_dist_0dm07mh._.js:776
[  600649ms] [LOG] [Fast Refresh] done in 288ms @ http://localhost:3000/_next/static/chunks/0brk_next_dist_0dm07mh._.js:776
[  600709ms] [LOG] [Fast Refresh] done in 288ms @ http://localhost:3000/_next/static/chunks/0brk_next_dist_0dm07mh._.js:776
[  600771ms] [LOG] [Fast Refresh] done in 288ms @ http://localhost:3000/_next/static/chunks/0brk_next_dist_0dm07mh._.js:776
[  600833ms] [LOG] [Fast Refresh] done in 288ms @ http://localhost:3000/_next/static/chunks/0brk_next_dist_0dm07mh._.js:776
[  600911ms] [LOG] [Fast Refresh] done in 288ms @ http://localhost:3000/_next/static/chunks/0brk_next_dist_0dm07mh._.js:776
[  600986ms] [LOG] [Fast Refresh] done in 288ms @ http://localhost:3000/_next/static/chunks/0brk_next_dist_0dm07mh._.js:776
[  601042ms] [LOG] [Fast Refresh] done in 288ms @ http://localhost:3000/_next/static/chunks/0brk_next_dist_0dm07mh._.js:776
[  601106ms] [LOG] [Fast Refresh] done in 288ms @ http://localhost:3000/_next/static/chunks/0brk_next_dist_0dm07mh._.js:776
[  601163ms] [LOG] [Fast Refresh] done in 288ms @ http://localhost:3000/_next/static/chunks/0brk_next_dist_0dm07mh._.js:776
[  601218ms] [LOG] [Fast Refresh] done in 288ms @ http://localhost:3000/_next/static/chunks/0brk_next_dist_0dm07mh._.js:776
[  601301ms] [LOG] [Fast Refresh] done in 288ms @ http://localhost:3000/_next/static/chunks/0brk_next_dist_0dm07mh._.js:776
[  601362ms] [LOG] [Fast Refresh] done in 288ms @ http://localhost:3000/_next/static/chunks/0brk_next_dist_0dm07mh._.js:776
[  601452ms] [LOG] [Fast Refresh] done in 288ms @ http://localhost:3000/_next/static/chunks/0brk_next_dist_0dm07mh._.js:776
[  601589ms] [LOG] [Fast Refresh] done in 288ms @ http://localhost:3000/_next/static/chunks/0brk_next_dist_0dm07mh._.js:776
[  601645ms] [LOG] [Fast Refresh] done in 288ms @ http://localhost:3000/_next/static/chunks/0brk_next_dist_0dm07mh._.js:776
[  601745ms] [LOG] [Fast Refresh] done in 288ms @ http://localhost:3000/_next/static/chunks/0brk_next_dist_0dm07mh._.js:776
[  601848ms] [LOG] [Fast Refresh] done in 288ms @ http://localhost:3000/_next/static/chunks/0brk_next_dist_0dm07mh._.js:776
[  601910ms] [LOG] [Fast Refresh] done in 288ms @ http://localhost:3000/_next/static/chunks/0brk_next_dist_0dm07mh._.js:776
[  601988ms] [LOG] [Fast Refresh] done in 288ms @ http://localhost:3000/_next/static/chunks/0brk_next_dist_0dm07mh._.js:776
[  602077ms] [LOG] [Fast Refresh] done in 288ms @ http://localhost:3000/_next/static/chunks/0brk_next_dist_0dm07mh._.js:776
[  602139ms] [LOG] [Fast Refresh] done in 288ms @ http://localhost:3000/_next/static/chunks/0brk_next_dist_0dm07mh._.js:776
[  602200ms] [LOG] [Fast Refresh] done in 288ms @ http://localhost:3000/_next/static/chunks/0brk_next_dist_0dm07mh._.js:776
[  602277ms] [LOG] [Fast Refresh] done in 288ms @ http://localhost:3000/_next/static/chunks/0brk_next_dist_0dm07mh._.js:776
[  602338ms] [LOG] [Fast Refresh] done in 288ms @ http://localhost:3000/_next/static/chunks/0brk_next_dist_0dm07mh._.js:776
[  602401ms] [LOG] [Fast Refresh] done in 288ms @ http://localhost:3000/_next/static/chunks/0brk_next_dist_0dm07mh._.js:776
[  602459ms] [LOG] [Fast Refresh] done in 288ms @ http://localhost:3000/_next/static/chunks/0brk_next_dist_0dm07mh._.js:776
[  602511ms] [LOG] [Fast Refresh] done in 288ms @ http://localhost:3000/_next/static/chunks/0brk_next_dist_0dm07mh._.js:776
[  602560ms] [LOG] [Fast Refresh] done in 288ms @ http://localhost:3000/_next/static/chunks/0brk_next_dist_0dm07mh._.js:776
[  602606ms] [LOG] [Fast Refresh] done in 288ms @ http://localhost:3000/_next/static/chunks/0brk_next_dist_0dm07mh._.js:776
[  602663ms] [LOG] [Fast Refresh] done in 288ms @ http://localhost:3000/_next/static/chunks/0brk_next_dist_0dm07mh._.js:776
[  602711ms] [LOG] [Fast Refresh] done in 288ms @ http://localhost:3000/_next/static/chunks/0brk_next_dist_0dm07mh._.js:776
[  602803ms] [LOG] [Fast Refresh] done in 288ms @ http://localhost:3000/_next/static/chunks/0brk_next_dist_0dm07mh._.js:776
[  602897ms] [LOG] [Fast Refresh] done in 288ms @ http://localhost:3000/_next/static/chunks/0brk_next_dist_0dm07mh._.js:776
[  603888ms] [LOG] [Fast Refresh] done in 288ms @ http://localhost:3000/_next/static/chunks/0brk_next_dist_0dm07mh._.js:776
[  604012ms] [LOG] [Fast Refresh] done in 288ms @ http://localhost:3000/_next/static/chunks/0brk_next_dist_0dm07mh._.js:776
[  604289ms] [LOG] [Fast Refresh] done in 288ms @ http://localhost:3000/_next/static/chunks/0brk_next_dist_0dm07mh._.js:776
[  604351ms] [LOG] [Fast Refresh] done in 288ms @ http://localhost:3000/_next/static/chunks/0brk_next_dist_0dm07mh._.js:776
[  604406ms] [LOG] [Fast Refresh] done in 288ms @ http://localhost:3000/_next/static/chunks/0brk_next_dist_0dm07mh._.js:776
[  604475ms] [LOG] [Fast Refresh] done in 288ms @ http://localhost:3000/_next/static/chunks/0brk_next_dist_0dm07mh._.js:776
[  604534ms] [LOG] [Fast Refresh] done in 288ms @ http://localhost:3000/_next/static/chunks/0brk_next_dist_0dm07mh._.js:776
[  604591ms] [LOG] [Fast Refresh] done in 288ms @ http://localhost:3000/_next/static/chunks/0brk_next_dist_0dm07mh._.js:776
[  604652ms] [LOG] [Fast Refresh] done in 288ms @ http://localhost:3000/_next/static/chunks/0brk_next_dist_0dm07mh._.js:776
[  604717ms] [LOG] [Fast Refresh] done in 288ms @ http://localhost:3000/_next/static/chunks/0brk_next_dist_0dm07mh._.js:776
[  604775ms] [LOG] [Fast Refresh] done in 288ms @ http://localhost:3000/_next/static/chunks/0brk_next_dist_0dm07mh._.js:776
[  604837ms] [LOG] [Fast Refresh] done in 288ms @ http://localhost:3000/_next/static/chunks/0brk_next_dist_0dm07mh._.js:776
[  604891ms] [LOG] [Fast Refresh] done in 288ms @ http://localhost:3000/_next/static/chunks/0brk_next_dist_0dm07mh._.js:776
[  604953ms] [LOG] [Fast Refresh] done in 288ms @ http://localhost:3000/_next/static/chunks/0brk_next_dist_0dm07mh._.js:776
[  605015ms] [LOG] [Fast Refresh] done in 288ms @ http://localhost:3000/_next/static/chunks/0brk_next_dist_0dm07mh._.js:776
[  605079ms] [LOG] [Fast Refresh] done in 288ms @ http://localhost:3000/_next/static/chunks/0brk_next_dist_0dm07mh._.js:776
[  605141ms] [LOG] [Fast Refresh] done in 288ms @ http://localhost:3000/_next/static/chunks/0brk_next_dist_0dm07mh._.js:776
[  605204ms] [LOG] [Fast Refresh] done in 288ms @ http://localhost:3000/_next/static/chunks/0brk_next_dist_0dm07mh._.js:776
[  605252ms] [LOG] [Fast Refresh] done in 288ms @ http://localhost:3000/_next/static/chunks/0brk_next_dist_0dm07mh._.js:776
[  605307ms] [LOG] [Fast Refresh] done in 288ms @ http://localhost:3000/_next/static/chunks/0brk_next_dist_0dm07mh._.js:776
[  605358ms] [LOG] [Fast Refresh] done in 288ms @ http://localhost:3000/_next/static/chunks/0brk_next_dist_0dm07mh._.js:776
[  605420ms] [LOG] [Fast Refresh] done in 288ms @ http://localhost:3000/_next/static/chunks/0brk_next_dist_0dm07mh._.js:776
[  605466ms] [LOG] [Fast Refresh] done in 288ms @ http://localhost:3000/_next/static/chunks/0brk_next_dist_0dm07mh._.js:776
[  605523ms] [LOG] [Fast Refresh] done in 288ms @ http://localhost:3000/_next/static/chunks/0brk_next_dist_0dm07mh._.js:776
[  605575ms] [LOG] [Fast Refresh] done in 288ms @ http://localhost:3000/_next/static/chunks/0brk_next_dist_0dm07mh._.js:776
[  605637ms] [LOG] [Fast Refresh] done in 288ms @ http://localhost:3000/_next/static/chunks/0brk_next_dist_0dm07mh._.js:776
[  605690ms] [LOG] [Fast Refresh] done in 288ms @ http://localhost:3000/_next/static/chunks/0brk_next_dist_0dm07mh._.js:776
[  605753ms] [LOG] [Fast Refresh] done in 288ms @ http://localhost:3000/_next/static/chunks/0brk_next_dist_0dm07mh._.js:776
[  605814ms] [LOG] [Fast Refresh] done in 288ms @ http://localhost:3000/_next/static/chunks/0brk_next_dist_0dm07mh._.js:776
[  605875ms] [LOG] [Fast Refresh] done in 288ms @ http://localhost:3000/_next/static/chunks/0brk_next_dist_0dm07mh._.js:776
[  605923ms] [LOG] [Fast Refresh] done in 288ms @ http://localhost:3000/_next/static/chunks/0brk_next_dist_0dm07mh._.js:776
[  605971ms] [LOG] [Fast Refresh] done in 288ms @ http://localhost:3000/_next/static/chunks/0brk_next_dist_0dm07mh._.js:776
[  606033ms] [LOG] [Fast Refresh] done in 288ms @ http://localhost:3000/_next/static/chunks/0brk_next_dist_0dm07mh._.js:776
[  606091ms] [LOG] [Fast Refresh] done in 288ms @ http://localhost:3000/_next/static/chunks/0brk_next_dist_0dm07mh._.js:776
[  606155ms] [LOG] [Fast Refresh] done in 288ms @ http://localhost:3000/_next/static/chunks/0brk_next_dist_0dm07mh._.js:776
[  606219ms] [LOG] [Fast Refresh] done in 288ms @ http://localhost:3000/_next/static/chunks/0brk_next_dist_0dm07mh._.js:776
[  606267ms] [LOG] [Fast Refresh] done in 288ms @ http://localhost:3000/_next/static/chunks/0brk_next_dist_0dm07mh._.js:776
[  606329ms] [LOG] [Fast Refresh] done in 288ms @ http://localhost:3000/_next/static/chunks/0brk_next_dist_0dm07mh._.js:776
[  606390ms] [LOG] [Fast Refresh] done in 288ms @ http://localhost:3000/_next/static/chunks/0brk_next_dist_0dm07mh._.js:776
[  606451ms] [LOG] [Fast Refresh] done in 288ms @ http://localhost:3000/_next/static/chunks/0brk_next_dist_0dm07mh._.js:776
[  606513ms] [LOG] [Fast Refresh] done in 288ms @ http://localhost:3000/_next/static/chunks/0brk_next_dist_0dm07mh._.js:776
[  606575ms] [LOG] [Fast Refresh] done in 288ms @ http://localhost:3000/_next/static/chunks/0brk_next_dist_0dm07mh._.js:776
[  606637ms] [LOG] [Fast Refresh] done in 288ms @ http://localhost:3000/_next/static/chunks/0brk_next_dist_0dm07mh._.js:776
[  606704ms] [LOG] [Fast Refresh] done in 288ms @ http://localhost:3000/_next/static/chunks/0brk_next_dist_0dm07mh._.js:776
[  606758ms] [LOG] [Fast Refresh] done in 288ms @ http://localhost:3000/_next/static/chunks/0brk_next_dist_0dm07mh._.js:776
[  606805ms] [LOG] [Fast Refresh] done in 288ms @ http://localhost:3000/_next/static/chunks/0brk_next_dist_0dm07mh._.js:776
[  606866ms] [LOG] [Fast Refresh] done in 288ms @ http://localhost:3000/_next/static/chunks/0brk_next_dist_0dm07mh._.js:776
[  606921ms] [LOG] [Fast Refresh] done in 288ms @ http://localhost:3000/_next/static/chunks/0brk_next_dist_0dm07mh._.js:776
[  606984ms] [LOG] [Fast Refresh] done in 288ms @ http://localhost:3000/_next/static/chunks/0brk_next_dist_0dm07mh._.js:776
[  607061ms] [LOG] [Fast Refresh] done in 288ms @ http://localhost:3000/_next/static/chunks/0brk_next_dist_0dm07mh._.js:776
[  607165ms] [LOG] [Fast Refresh] done in 288ms @ http://localhost:3000/_next/static/chunks/0brk_next_dist_0dm07mh._.js:776
[  607261ms] [LOG] [Fast Refresh] done in 288ms @ http://localhost:3000/_next/static/chunks/0brk_next_dist_0dm07mh._.js:776
[  607415ms] [LOG] [Fast Refresh] done in 288ms @ http://localhost:3000/_next/static/chunks/0brk_next_dist_0dm07mh._.js:776
[  607477ms] [LOG] [Fast Refresh] done in 288ms @ http://localhost:3000/_next/static/chunks/0brk_next_dist_0dm07mh._.js:776
[  607579ms] [LOG] [Fast Refresh] done in 288ms @ http://localhost:3000/_next/static/chunks/0brk_next_dist_0dm07mh._.js:776
[  607640ms] [LOG] [Fast Refresh] done in 288ms @ http://localhost:3000/_next/static/chunks/0brk_next_dist_0dm07mh._.js:776
[  607701ms] [LOG] [Fast Refresh] done in 288ms @ http://localhost:3000/_next/static/chunks/0brk_next_dist_0dm07mh._.js:776
[  607773ms] [LOG] [Fast Refresh] done in 288ms @ http://localhost:3000/_next/static/chunks/0brk_next_dist_0dm07mh._.js:776
[  607843ms] [LOG] [Fast Refresh] done in 288ms @ http://localhost:3000/_next/static/chunks/0brk_next_dist_0dm07mh._.js:776
[  607904ms] [LOG] [Fast Refresh] done in 288ms @ http://localhost:3000/_next/static/chunks/0brk_next_dist_0dm07mh._.js:776
[  607956ms] [LOG] [Fast Refresh] done in 288ms @ http://localhost:3000/_next/static/chunks/0brk_next_dist_0dm07mh._.js:776
[  608018ms] [LOG] [Fast Refresh] done in 288ms @ http://localhost:3000/_next/static/chunks/0brk_next_dist_0dm07mh._.js:776
[  608080ms] [LOG] [Fast Refresh] done in 288ms @ http://localhost:3000/_next/static/chunks/0brk_next_dist_0dm07mh._.js:776
[  608143ms] [LOG] [Fast Refresh] done in 288ms @ http://localhost:3000/_next/static/chunks/0brk_next_dist_0dm07mh._.js:776
[  608192ms] [LOG] [Fast Refresh] done in 288ms @ http://localhost:3000/_next/static/chunks/0brk_next_dist_0dm07mh._.js:776
[  608272ms] [LOG] [Fast Refresh] done in 288ms @ http://localhost:3000/_next/static/chunks/0brk_next_dist_0dm07mh._.js:776
[  608346ms] [LOG] [Fast Refresh] done in 288ms @ http://localhost:3000/_next/static/chunks/0brk_next_dist_0dm07mh._.js:776
[  608436ms] [LOG] [Fast Refresh] done in 288ms @ http://localhost:3000/_next/static/chunks/0brk_next_dist_0dm07mh._.js:776
[  608528ms] [LOG] [Fast Refresh] done in 288ms @ http://localhost:3000/_next/static/chunks/0brk_next_dist_0dm07mh._.js:776
[  608621ms] [LOG] [Fast Refresh] done in 288ms @ http://localhost:3000/_next/static/chunks/0brk_next_dist_0dm07mh._.js:776
[  608732ms] [LOG] [Fast Refresh] done in 288ms @ http://localhost:3000/_next/static/chunks/0brk_next_dist_0dm07mh._.js:776
[  608770ms] [LOG] [Fast Refresh] done in 288ms @ http://localhost:3000/_next/static/chunks/0brk_next_dist_0dm07mh._.js:776
[  608824ms] [LOG] [Fast Refresh] done in 288ms @ http://localhost:3000/_next/static/chunks/0brk_next_dist_0dm07mh._.js:776
[  608947ms] [LOG] [Fast Refresh] done in 288ms @ http://localhost:3000/_next/static/chunks/0brk_next_dist_0dm07mh._.js:776
[  609013ms] [LOG] [Fast Refresh] done in 288ms @ http://localhost:3000/_next/static/chunks/0brk_next_dist_0dm07mh._.js:776
[  609079ms] [LOG] [Fast Refresh] done in 288ms @ http://localhost:3000/_next/static/chunks/0brk_next_dist_0dm07mh._.js:776
[  609152ms] [LOG] [Fast Refresh] done in 288ms @ http://localhost:3000/_next/static/chunks/0brk_next_dist_0dm07mh._.js:776
[  609232ms] [LOG] [Fast Refresh] done in 288ms @ http://localhost:3000/_next/static/chunks/0brk_next_dist_0dm07mh._.js:776
[  609318ms] [LOG] [Fast Refresh] done in 288ms @ http://localhost:3000/_next/static/chunks/0brk_next_dist_0dm07mh._.js:776
[  609378ms] [LOG] [Fast Refresh] done in 288ms @ http://localhost:3000/_next/static/chunks/0brk_next_dist_0dm07mh._.js:776
[  609438ms] [LOG] [Fast Refresh] done in 288ms @ http://localhost:3000/_next/static/chunks/0brk_next_dist_0dm07mh._.js:776
[  609500ms] [LOG] [Fast Refresh] done in 288ms @ http://localhost:3000/_next/static/chunks/0brk_next_dist_0dm07mh._.js:776
[  609645ms] [LOG] [Fast Refresh] done in 288ms @ http://localhost:3000/_next/static/chunks/0brk_next_dist_0dm07mh._.js:776
[  609710ms] [LOG] [Fast Refresh] done in 288ms @ http://localhost:3000/_next/static/chunks/0brk_next_dist_0dm07mh._.js:776
[  609834ms] [LOG] [Fast Refresh] done in 288ms @ http://localhost:3000/_next/static/chunks/0brk_next_dist_0dm07mh._.js:776
[  609911ms] [LOG] [Fast Refresh] done in 288ms @ http://localhost:3000/_next/static/chunks/0brk_next_dist_0dm07mh._.js:776
[  609977ms] [LOG] [Fast Refresh] done in 288ms @ http://localhost:3000/_next/static/chunks/0brk_next_dist_0dm07mh._.js:776
[  610039ms] [LOG] [Fast Refresh] done in 288ms @ http://localhost:3000/_next/static/chunks/0brk_next_dist_0dm07mh._.js:776
[  610117ms] [LOG] [Fast Refresh] done in 288ms @ http://localhost:3000/_next/static/chunks/0brk_next_dist_0dm07mh._.js:776
[  610177ms] [LOG] [Fast Refresh] done in 288ms @ http://localhost:3000/_next/static/chunks/0brk_next_dist_0dm07mh._.js:776
[  610260ms] [LOG] [Fast Refresh] done in 288ms @ http://localhost:3000/_next/static/chunks/0brk_next_dist_0dm07mh._.js:776
[  610332ms] [LOG] [Fast Refresh] done in 288ms @ http://localhost:3000/_next/static/chunks/0brk_next_dist_0dm07mh._.js:776
[  610395ms] [LOG] [Fast Refresh] done in 288ms @ http://localhost:3000/_next/static/chunks/0brk_next_dist_0dm07mh._.js:776
[  610471ms] [LOG] [Fast Refresh] done in 288ms @ http://localhost:3000/_next/static/chunks/0brk_next_dist_0dm07mh._.js:776
[  610530ms] [LOG] [Fast Refresh] done in 288ms @ http://localhost:3000/_next/static/chunks/0brk_next_dist_0dm07mh._.js:776
[  610596ms] [LOG] [Fast Refresh] done in 288ms @ http://localhost:3000/_next/static/chunks/0brk_next_dist_0dm07mh._.js:776
[  610672ms] [LOG] [Fast Refresh] done in 288ms @ http://localhost:3000/_next/static/chunks/0brk_next_dist_0dm07mh._.js:776
[  610737ms] [LOG] [Fast Refresh] done in 288ms @ http://localhost:3000/_next/static/chunks/0brk_next_dist_0dm07mh._.js:776
[  610811ms] [LOG] [Fast Refresh] done in 288ms @ http://localhost:3000/_next/static/chunks/0brk_next_dist_0dm07mh._.js:776
[  610869ms] [LOG] [Fast Refresh] done in 288ms @ http://localhost:3000/_next/static/chunks/0brk_next_dist_0dm07mh._.js:776
[  610947ms] [LOG] [Fast Refresh] done in 288ms @ http://localhost:3000/_next/static/chunks/0brk_next_dist_0dm07mh._.js:776
[  611024ms] [LOG] [Fast Refresh] done in 288ms @ http://localhost:3000/_next/static/chunks/0brk_next_dist_0dm07mh._.js:776
[  611126ms] [LOG] [Fast Refresh] done in 288ms @ http://localhost:3000/_next/static/chunks/0brk_next_dist_0dm07mh._.js:776
[  611187ms] [LOG] [Fast Refresh] done in 288ms @ http://localhost:3000/_next/static/chunks/0brk_next_dist_0dm07mh._.js:776
[  611249ms] [LOG] [Fast Refresh] done in 288ms @ http://localhost:3000/_next/static/chunks/0brk_next_dist_0dm07mh._.js:776
[  611310ms] [LOG] [Fast Refresh] done in 288ms @ http://localhost:3000/_next/static/chunks/0brk_next_dist_0dm07mh._.js:776
[  611375ms] [LOG] [Fast Refresh] done in 288ms @ http://localhost:3000/_next/static/chunks/0brk_next_dist_0dm07mh._.js:776
[  611494ms] [LOG] [Fast Refresh] done in 288ms @ http://localhost:3000/_next/static/chunks/0brk_next_dist_0dm07mh._.js:776
[  611568ms] [LOG] [Fast Refresh] done in 288ms @ http://localhost:3000/_next/static/chunks/0brk_next_dist_0dm07mh._.js:776
[  611684ms] [LOG] [Fast Refresh] done in 288ms @ http://localhost:3000/_next/static/chunks/0brk_next_dist_0dm07mh._.js:776
[  611743ms] [LOG] [Fast Refresh] done in 288ms @ http://localhost:3000/_next/static/chunks/0brk_next_dist_0dm07mh._.js:776
[  611799ms] [LOG] [Fast Refresh] done in 288ms @ http://localhost:3000/_next/static/chunks/0brk_next_dist_0dm07mh._.js:776
[  611890ms] [LOG] [Fast Refresh] done in 288ms @ http://localhost:3000/_next/static/chunks/0brk_next_dist_0dm07mh._.js:776
[  611956ms] [LOG] [Fast Refresh] done in 288ms @ http://localhost:3000/_next/static/chunks/0brk_next_dist_0dm07mh._.js:776
[  612034ms] [LOG] [Fast Refresh] done in 288ms @ http://localhost:3000/_next/static/chunks/0brk_next_dist_0dm07mh._.js:776
[  612104ms] [LOG] [Fast Refresh] done in 288ms @ http://localhost:3000/_next/static/chunks/0brk_next_dist_0dm07mh._.js:776
[  612166ms] [LOG] [Fast Refresh] done in 288ms @ http://localhost:3000/_next/static/chunks/0brk_next_dist_0dm07mh._.js:776
[  612229ms] [LOG] [Fast Refresh] done in 288ms @ http://localhost:3000/_next/static/chunks/0brk_next_dist_0dm07mh._.js:776
[  612297ms] [LOG] [Fast Refresh] done in 288ms @ http://localhost:3000/_next/static/chunks/0brk_next_dist_0dm07mh._.js:776
[  612376ms] [LOG] [Fast Refresh] done in 288ms @ http://localhost:3000/_next/static/chunks/0brk_next_dist_0dm07mh._.js:776
[  612468ms] [LOG] [Fast Refresh] done in 288ms @ http://localhost:3000/_next/static/chunks/0brk_next_dist_0dm07mh._.js:776
[  612596ms] [LOG] [Fast Refresh] done in 288ms @ http://localhost:3000/_next/static/chunks/0brk_next_dist_0dm07mh._.js:776
[  613021ms] [LOG] [Fast Refresh] done in 288ms @ http://localhost:3000/_next/static/chunks/0brk_next_dist_0dm07mh._.js:776
[  613132ms] [LOG] [Fast Refresh] done in 288ms @ http://localhost:3000/_next/static/chunks/0brk_next_dist_0dm07mh._.js:776
[  613224ms] [LOG] [Fast Refresh] done in 288ms @ http://localhost:3000/_next/static/chunks/0brk_next_dist_0dm07mh._.js:776
[  613370ms] [LOG] [Fast Refresh] done in 288ms @ http://localhost:3000/_next/static/chunks/0brk_next_dist_0dm07mh._.js:776
[  613454ms] [LOG] [Fast Refresh] done in 288ms @ http://localhost:3000/_next/static/chunks/0brk_next_dist_0dm07mh._.js:776
[  613515ms] [LOG] [Fast Refresh] done in 288ms @ http://localhost:3000/_next/static/chunks/0brk_next_dist_0dm07mh._.js:776
[  613598ms] [LOG] [Fast Refresh] done in 288ms @ http://localhost:3000/_next/static/chunks/0brk_next_dist_0dm07mh._.js:776
[  613824ms] [LOG] [Fast Refresh] rebuilding @ http://localhost:3000/_next/static/chunks/0brk_next_dist_0dm07mh._.js:776
[  614232ms] [LOG] [Fast Refresh] done in 516ms @ http://localhost:3000/_next/static/chunks/0brk_next_dist_0dm07mh._.js:776
[  619677ms] [LOG] [Fast Refresh] rebuilding @ http://localhost:3000/_next/static/chunks/0brk_next_dist_0dm07mh._.js:776
[  619941ms] [LOG] [Fast Refresh] done in 371ms @ http://localhost:3000/_next/static/chunks/0brk_next_dist_0dm07mh._.js:776
[  639495ms] [LOG] [Fast Refresh] rebuilding @ http://localhost:3000/_next/static/chunks/0brk_next_dist_0dm07mh._.js:776
[  639814ms] [LOG] [Fast Refresh] done in 428ms @ http://localhost:3000/_next/static/chunks/0brk_next_dist_0dm07mh._.js:776
[  640388ms] [LOG] [Fast Refresh] rebuilding @ http://localhost:3000/_next/static/chunks/0brk_next_dist_0dm07mh._.js:776
[  640392ms] [LOG] [Fast Refresh] done in 110ms @ http://localhost:3000/_next/static/chunks/0brk_next_dist_0dm07mh._.js:776
[  711750ms] [LOG] [Fast Refresh] rebuilding @ http://localhost:3000/_next/static/chunks/0brk_next_dist_0dm07mh._.js:776
[  711831ms] [LOG] [Fast Refresh] done in 41ms @ http://localhost:3000/_next/static/chunks/0brk_next_dist_0dm07mh._.js:776
[  711897ms] [LOG] [Fast Refresh] done in 41ms @ http://localhost:3000/_next/static/chunks/0brk_next_dist_0dm07mh._.js:776
[  711959ms] [LOG] [Fast Refresh] done in 41ms @ http://localhost:3000/_next/static/chunks/0brk_next_dist_0dm07mh._.js:776
[  712021ms] [LOG] [Fast Refresh] done in 41ms @ http://localhost:3000/_next/static/chunks/0brk_next_dist_0dm07mh._.js:776
[  712084ms] [LOG] [Fast Refresh] done in 41ms @ http://localhost:3000/_next/static/chunks/0brk_next_dist_0dm07mh._.js:776
[  712147ms] [LOG] [Fast Refresh] done in 41ms @ http://localhost:3000/_next/static/chunks/0brk_next_dist_0dm07mh._.js:776
[  712208ms] [LOG] [Fast Refresh] done in 41ms @ http://localhost:3000/_next/static/chunks/0brk_next_dist_0dm07mh._.js:776
[  712263ms] [LOG] [Fast Refresh] done in 41ms @ http://localhost:3000/_next/static/chunks/0brk_next_dist_0dm07mh._.js:776
[  712326ms] [LOG] [Fast Refresh] done in 41ms @ http://localhost:3000/_next/static/chunks/0brk_next_dist_0dm07mh._.js:776
[  712385ms] [LOG] [Fast Refresh] done in 41ms @ http://localhost:3000/_next/static/chunks/0brk_next_dist_0dm07mh._.js:776
[  712446ms] [LOG] [Fast Refresh] done in 41ms @ http://localhost:3000/_next/static/chunks/0brk_next_dist_0dm07mh._.js:776
[  712496ms] [LOG] [Fast Refresh] done in 41ms @ http://localhost:3000/_next/static/chunks/0brk_next_dist_0dm07mh._.js:776
[  712558ms] [LOG] [Fast Refresh] done in 41ms @ http://localhost:3000/_next/static/chunks/0brk_next_dist_0dm07mh._.js:776
[  712613ms] [LOG] [Fast Refresh] done in 41ms @ http://localhost:3000/_next/static/chunks/0brk_next_dist_0dm07mh._.js:776
[  712673ms] [LOG] [Fast Refresh] done in 41ms @ http://localhost:3000/_next/static/chunks/0brk_next_dist_0dm07mh._.js:776
[  712735ms] [LOG] [Fast Refresh] done in 41ms @ http://localhost:3000/_next/static/chunks/0brk_next_dist_0dm07mh._.js:776
[  712787ms] [LOG] [Fast Refresh] done in 41ms @ http://localhost:3000/_next/static/chunks/0brk_next_dist_0dm07mh._.js:776
[  712846ms] [LOG] [Fast Refresh] done in 41ms @ http://localhost:3000/_next/static/chunks/0brk_next_dist_0dm07mh._.js:776
[  712911ms] [LOG] [Fast Refresh] done in 41ms @ http://localhost:3000/_next/static/chunks/0brk_next_dist_0dm07mh._.js:776
[  712973ms] [LOG] [Fast Refresh] done in 41ms @ http://localhost:3000/_next/static/chunks/0brk_next_dist_0dm07mh._.js:776
[  713034ms] [LOG] [Fast Refresh] done in 41ms @ http://localhost:3000/_next/static/chunks/0brk_next_dist_0dm07mh._.js:776
[  713087ms] [LOG] [Fast Refresh] done in 41ms @ http://localhost:3000/_next/static/chunks/0brk_next_dist_0dm07mh._.js:776
[  713148ms] [LOG] [Fast Refresh] done in 41ms @ http://localhost:3000/_next/static/chunks/0brk_next_dist_0dm07mh._.js:776
[  713208ms] [LOG] [Fast Refresh] done in 41ms @ http://localhost:3000/_next/static/chunks/0brk_next_dist_0dm07mh._.js:776
[  713269ms] [LOG] [Fast Refresh] done in 41ms @ http://localhost:3000/_next/static/chunks/0brk_next_dist_0dm07mh._.js:776
[  713331ms] [LOG] [Fast Refresh] done in 41ms @ http://localhost:3000/_next/static/chunks/0brk_next_dist_0dm07mh._.js:776
[  713393ms] [LOG] [Fast Refresh] done in 41ms @ http://localhost:3000/_next/static/chunks/0brk_next_dist_0dm07mh._.js:776
[  713454ms] [LOG] [Fast Refresh] done in 41ms @ http://localhost:3000/_next/static/chunks/0brk_next_dist_0dm07mh._.js:776
[  713516ms] [LOG] [Fast Refresh] done in 41ms @ http://localhost:3000/_next/static/chunks/0brk_next_dist_0dm07mh._.js:776
[  713577ms] [LOG] [Fast Refresh] done in 41ms @ http://localhost:3000/_next/static/chunks/0brk_next_dist_0dm07mh._.js:776
[  713639ms] [LOG] [Fast Refresh] done in 41ms @ http://localhost:3000/_next/static/chunks/0brk_next_dist_0dm07mh._.js:776
[  713699ms] [LOG] [Fast Refresh] done in 41ms @ http://localhost:3000/_next/static/chunks/0brk_next_dist_0dm07mh._.js:776
[  713759ms] [LOG] [Fast Refresh] done in 41ms @ http://localhost:3000/_next/static/chunks/0brk_next_dist_0dm07mh._.js:776
[  713821ms] [LOG] [Fast Refresh] done in 41ms @ http://localhost:3000/_next/static/chunks/0brk_next_dist_0dm07mh._.js:776
[  713875ms] [LOG] [Fast Refresh] done in 41ms @ http://localhost:3000/_next/static/chunks/0brk_next_dist_0dm07mh._.js:776
[  713953ms] [LOG] [Fast Refresh] done in 41ms @ http://localhost:3000/_next/static/chunks/0brk_next_dist_0dm07mh._.js:776
[  714014ms] [LOG] [Fast Refresh] done in 41ms @ http://localhost:3000/_next/static/chunks/0brk_next_dist_0dm07mh._.js:776
[  714074ms] [LOG] [Fast Refresh] done in 41ms @ http://localhost:3000/_next/static/chunks/0brk_next_dist_0dm07mh._.js:776
[  714135ms] [LOG] [Fast Refresh] done in 41ms @ http://localhost:3000/_next/static/chunks/0brk_next_dist_0dm07mh._.js:776
[  714198ms] [LOG] [Fast Refresh] done in 41ms @ http://localhost:3000/_next/static/chunks/0brk_next_dist_0dm07mh._.js:776
[  714260ms] [LOG] [Fast Refresh] done in 41ms @ http://localhost:3000/_next/static/chunks/0brk_next_dist_0dm07mh._.js:776
[  714321ms] [LOG] [Fast Refresh] done in 41ms @ http://localhost:3000/_next/static/chunks/0brk_next_dist_0dm07mh._.js:776
[  714375ms] [LOG] [Fast Refresh] done in 41ms @ http://localhost:3000/_next/static/chunks/0brk_next_dist_0dm07mh._.js:776
[  714445ms] [LOG] [Fast Refresh] done in 41ms @ http://localhost:3000/_next/static/chunks/0brk_next_dist_0dm07mh._.js:776
[  714495ms] [LOG] [Fast Refresh] done in 41ms @ http://localhost:3000/_next/static/chunks/0brk_next_dist_0dm07mh._.js:776
[  714598ms] [LOG] [Fast Refresh] done in 41ms @ http://localhost:3000/_next/static/chunks/0brk_next_dist_0dm07mh._.js:776
[  714693ms] [LOG] [Fast Refresh] done in 41ms @ http://localhost:3000/_next/static/chunks/0brk_next_dist_0dm07mh._.js:776
[  714771ms] [LOG] [Fast Refresh] done in 41ms @ http://localhost:3000/_next/static/chunks/0brk_next_dist_0dm07mh._.js:776
[  714868ms] [LOG] [Fast Refresh] done in 41ms @ http://localhost:3000/_next/static/chunks/0brk_next_dist_0dm07mh._.js:776
[  715031ms] [LOG] [Fast Refresh] done in 41ms @ http://localhost:3000/_next/static/chunks/0brk_next_dist_0dm07mh._.js:776
[  715106ms] [LOG] [Fast Refresh] done in 41ms @ http://localhost:3000/_next/static/chunks/0brk_next_dist_0dm07mh._.js:776
[  715172ms] [LOG] [Fast Refresh] done in 41ms @ http://localhost:3000/_next/static/chunks/0brk_next_dist_0dm07mh._.js:776
[  715267ms] [LOG] [Fast Refresh] done in 41ms @ http://localhost:3000/_next/static/chunks/0brk_next_dist_0dm07mh._.js:776
[  715359ms] [LOG] [Fast Refresh] done in 41ms @ http://localhost:3000/_next/static/chunks/0brk_next_dist_0dm07mh._.js:776
[  715420ms] [LOG] [Fast Refresh] done in 41ms @ http://localhost:3000/_next/static/chunks/0brk_next_dist_0dm07mh._.js:776
[  715483ms] [LOG] [Fast Refresh] done in 41ms @ http://localhost:3000/_next/static/chunks/0brk_next_dist_0dm07mh._.js:776
[  715543ms] [LOG] [Fast Refresh] done in 41ms @ http://localhost:3000/_next/static/chunks/0brk_next_dist_0dm07mh._.js:776
[  715601ms] [LOG] [Fast Refresh] done in 41ms @ http://localhost:3000/_next/static/chunks/0brk_next_dist_0dm07mh._.js:776
[  715661ms] [LOG] [Fast Refresh] done in 41ms @ http://localhost:3000/_next/static/chunks/0brk_next_dist_0dm07mh._.js:776
[  715722ms] [LOG] [Fast Refresh] done in 41ms @ http://localhost:3000/_next/static/chunks/0brk_next_dist_0dm07mh._.js:776
[  715784ms] [LOG] [Fast Refresh] done in 41ms @ http://localhost:3000/_next/static/chunks/0brk_next_dist_0dm07mh._.js:776
[  715846ms] [LOG] [Fast Refresh] done in 41ms @ http://localhost:3000/_next/static/chunks/0brk_next_dist_0dm07mh._.js:776
[  715908ms] [LOG] [Fast Refresh] done in 41ms @ http://localhost:3000/_next/static/chunks/0brk_next_dist_0dm07mh._.js:776
[  715978ms] [LOG] [Fast Refresh] done in 41ms @ http://localhost:3000/_next/static/chunks/0brk_next_dist_0dm07mh._.js:776
[  716041ms] [LOG] [Fast Refresh] done in 41ms @ http://localhost:3000/_next/static/chunks/0brk_next_dist_0dm07mh._.js:776
[  716112ms] [LOG] [Fast Refresh] done in 41ms @ http://localhost:3000/_next/static/chunks/0brk_next_dist_0dm07mh._.js:776
[  716198ms] [LOG] [Fast Refresh] done in 41ms @ http://localhost:3000/_next/static/chunks/0brk_next_dist_0dm07mh._.js:776
[  716597ms] [LOG] [Fast Refresh] done in 41ms @ http://localhost:3000/_next/static/chunks/0brk_next_dist_0dm07mh._.js:776
[  716690ms] [LOG] [Fast Refresh] done in 41ms @ http://localhost:3000/_next/static/chunks/0brk_next_dist_0dm07mh._.js:776
[  716751ms] [LOG] [Fast Refresh] done in 41ms @ http://localhost:3000/_next/static/chunks/0brk_next_dist_0dm07mh._.js:776
[  716813ms] [LOG] [Fast Refresh] done in 41ms @ http://localhost:3000/_next/static/chunks/0brk_next_dist_0dm07mh._.js:776
[  716873ms] [LOG] [Fast Refresh] done in 41ms @ http://localhost:3000/_next/static/chunks/0brk_next_dist_0dm07mh._.js:776
[  716936ms] [LOG] [Fast Refresh] done in 41ms @ http://localhost:3000/_next/static/chunks/0brk_next_dist_0dm07mh._.js:776
[  716992ms] [LOG] [Fast Refresh] done in 41ms @ http://localhost:3000/_next/static/chunks/0brk_next_dist_0dm07mh._.js:776
[  717055ms] [LOG] [Fast Refresh] done in 41ms @ http://localhost:3000/_next/static/chunks/0brk_next_dist_0dm07mh._.js:776
[  717116ms] [LOG] [Fast Refresh] done in 41ms @ http://localhost:3000/_next/static/chunks/0brk_next_dist_0dm07mh._.js:776
[  717178ms] [LOG] [Fast Refresh] done in 41ms @ http://localhost:3000/_next/static/chunks/0brk_next_dist_0dm07mh._.js:776
[  717240ms] [LOG] [Fast Refresh] done in 41ms @ http://localhost:3000/_next/static/chunks/0brk_next_dist_0dm07mh._.js:776
[  717323ms] [LOG] [Fast Refresh] done in 41ms @ http://localhost:3000/_next/static/chunks/0brk_next_dist_0dm07mh._.js:776
[  717618ms] [LOG] [Fast Refresh] done in 41ms @ http://localhost:3000/_next/static/chunks/0brk_next_dist_0dm07mh._.js:776
[  717691ms] [LOG] [Fast Refresh] done in 41ms @ http://localhost:3000/_next/static/chunks/0brk_next_dist_0dm07mh._.js:776
[  717840ms] [LOG] [Fast Refresh] done in 41ms @ http://localhost:3000/_next/static/chunks/0brk_next_dist_0dm07mh._.js:776
[  717908ms] [LOG] [Fast Refresh] done in 41ms @ http://localhost:3000/_next/static/chunks/0brk_next_dist_0dm07mh._.js:776
[  718134ms] [LOG] [Fast Refresh] done in 41ms @ http://localhost:3000/_next/static/chunks/0brk_next_dist_0dm07mh._.js:776
[  718361ms] [LOG] [Fast Refresh] done in 41ms @ http://localhost:3000/_next/static/chunks/0brk_next_dist_0dm07mh._.js:776
[  718621ms] [LOG] [Fast Refresh] done in 41ms @ http://localhost:3000/_next/static/chunks/0brk_next_dist_0dm07mh._.js:776
[  718819ms] [LOG] [Fast Refresh] done in 41ms @ http://localhost:3000/_next/static/chunks/0brk_next_dist_0dm07mh._.js:776
[  718968ms] [LOG] [Fast Refresh] done in 41ms @ http://localhost:3000/_next/static/chunks/0brk_next_dist_0dm07mh._.js:776
[  719165ms] [LOG] [Fast Refresh] done in 41ms @ http://localhost:3000/_next/static/chunks/0brk_next_dist_0dm07mh._.js:776
[  719325ms] [LOG] [Fast Refresh] done in 41ms @ http://localhost:3000/_next/static/chunks/0brk_next_dist_0dm07mh._.js:776
[  719375ms] [LOG] [Fast Refresh] done in 41ms @ http://localhost:3000/_next/static/chunks/0brk_next_dist_0dm07mh._.js:776
[  719437ms] [LOG] [Fast Refresh] done in 41ms @ http://localhost:3000/_next/static/chunks/0brk_next_dist_0dm07mh._.js:776
[  719492ms] [LOG] [Fast Refresh] done in 41ms @ http://localhost:3000/_next/static/chunks/0brk_next_dist_0dm07mh._.js:776
[  719554ms] [LOG] [Fast Refresh] done in 41ms @ http://localhost:3000/_next/static/chunks/0brk_next_dist_0dm07mh._.js:776
[  719617ms] [LOG] [Fast Refresh] done in 41ms @ http://localhost:3000/_next/static/chunks/0brk_next_dist_0dm07mh._.js:776
[  719675ms] [LOG] [Fast Refresh] done in 41ms @ http://localhost:3000/_next/static/chunks/0brk_next_dist_0dm07mh._.js:776
[  719733ms] [LOG] [Fast Refresh] done in 41ms @ http://localhost:3000/_next/static/chunks/0brk_next_dist_0dm07mh._.js:776
[  719781ms] [LOG] [Fast Refresh] done in 41ms @ http://localhost:3000/_next/static/chunks/0brk_next_dist_0dm07mh._.js:776
[  719843ms] [LOG] [Fast Refresh] done in 41ms @ http://localhost:3000/_next/static/chunks/0brk_next_dist_0dm07mh._.js:776
[  719904ms] [LOG] [Fast Refresh] done in 41ms @ http://localhost:3000/_next/static/chunks/0brk_next_dist_0dm07mh._.js:776
[  719960ms] [LOG] [Fast Refresh] done in 41ms @ http://localhost:3000/_next/static/chunks/0brk_next_dist_0dm07mh._.js:776
[  720021ms] [LOG] [Fast Refresh] done in 41ms @ http://localhost:3000/_next/static/chunks/0brk_next_dist_0dm07mh._.js:776
[  720084ms] [LOG] [Fast Refresh] done in 41ms @ http://localhost:3000/_next/static/chunks/0brk_next_dist_0dm07mh._.js:776
[  720142ms] [LOG] [Fast Refresh] done in 41ms @ http://localhost:3000/_next/static/chunks/0brk_next_dist_0dm07mh._.js:776
[  720210ms] [LOG] [Fast Refresh] done in 41ms @ http://localhost:3000/_next/static/chunks/0brk_next_dist_0dm07mh._.js:776
[  720273ms] [LOG] [Fast Refresh] done in 41ms @ http://localhost:3000/_next/static/chunks/0brk_next_dist_0dm07mh._.js:776
[  720330ms] [LOG] [Fast Refresh] done in 41ms @ http://localhost:3000/_next/static/chunks/0brk_next_dist_0dm07mh._.js:776
[  720405ms] [LOG] [Fast Refresh] done in 41ms @ http://localhost:3000/_next/static/chunks/0brk_next_dist_0dm07mh._.js:776
[  720467ms] [LOG] [Fast Refresh] done in 41ms @ http://localhost:3000/_next/static/chunks/0brk_next_dist_0dm07mh._.js:776
[  720524ms] [LOG] [Fast Refresh] done in 41ms @ http://localhost:3000/_next/static/chunks/0brk_next_dist_0dm07mh._.js:776
[  720586ms] [LOG] [Fast Refresh] done in 41ms @ http://localhost:3000/_next/static/chunks/0brk_next_dist_0dm07mh._.js:776
[  720644ms] [LOG] [Fast Refresh] done in 41ms @ http://localhost:3000/_next/static/chunks/0brk_next_dist_0dm07mh._.js:776
[  720721ms] [LOG] [Fast Refresh] done in 41ms @ http://localhost:3000/_next/static/chunks/0brk_next_dist_0dm07mh._.js:776
[  720799ms] [LOG] [Fast Refresh] done in 41ms @ http://localhost:3000/_next/static/chunks/0brk_next_dist_0dm07mh._.js:776
[  720860ms] [LOG] [Fast Refresh] done in 41ms @ http://localhost:3000/_next/static/chunks/0brk_next_dist_0dm07mh._.js:776
[  720920ms] [LOG] [Fast Refresh] done in 41ms @ http://localhost:3000/_next/static/chunks/0brk_next_dist_0dm07mh._.js:776
[  720981ms] [LOG] [Fast Refresh] done in 41ms @ http://localhost:3000/_next/static/chunks/0brk_next_dist_0dm07mh._.js:776
[  721042ms] [LOG] [Fast Refresh] done in 41ms @ http://localhost:3000/_next/static/chunks/0brk_next_dist_0dm07mh._.js:776
[  721105ms] [LOG] [Fast Refresh] done in 41ms @ http://localhost:3000/_next/static/chunks/0brk_next_dist_0dm07mh._.js:776
[  721166ms] [LOG] [Fast Refresh] done in 41ms @ http://localhost:3000/_next/static/chunks/0brk_next_dist_0dm07mh._.js:776
[  721226ms] [LOG] [Fast Refresh] done in 41ms @ http://localhost:3000/_next/static/chunks/0brk_next_dist_0dm07mh._.js:776
[  721286ms] [LOG] [Fast Refresh] done in 41ms @ http://localhost:3000/_next/static/chunks/0brk_next_dist_0dm07mh._.js:776
[  721348ms] [LOG] [Fast Refresh] done in 41ms @ http://localhost:3000/_next/static/chunks/0brk_next_dist_0dm07mh._.js:776
[  721401ms] [LOG] [Fast Refresh] done in 41ms @ http://localhost:3000/_next/static/chunks/0brk_next_dist_0dm07mh._.js:776
[  721497ms] [LOG] [Fast Refresh] done in 41ms @ http://localhost:3000/_next/static/chunks/0brk_next_dist_0dm07mh._.js:776
[  721559ms] [LOG] [Fast Refresh] done in 41ms @ http://localhost:3000/_next/static/chunks/0brk_next_dist_0dm07mh._.js:776
[  721632ms] [LOG] [Fast Refresh] done in 41ms @ http://localhost:3000/_next/static/chunks/0brk_next_dist_0dm07mh._.js:776
[  721726ms] [LOG] [Fast Refresh] done in 41ms @ http://localhost:3000/_next/static/chunks/0brk_next_dist_0dm07mh._.js:776
[  721847ms] [LOG] [Fast Refresh] done in 41ms @ http://localhost:3000/_next/static/chunks/0brk_next_dist_0dm07mh._.js:776
[  721919ms] [LOG] [Fast Refresh] done in 41ms @ http://localhost:3000/_next/static/chunks/0brk_next_dist_0dm07mh._.js:776
[  722002ms] [LOG] [Fast Refresh] done in 41ms @ http://localhost:3000/_next/static/chunks/0brk_next_dist_0dm07mh._.js:776
[  722097ms] [LOG] [Fast Refresh] done in 41ms @ http://localhost:3000/_next/static/chunks/0brk_next_dist_0dm07mh._.js:776
[  722162ms] [LOG] [Fast Refresh] done in 41ms @ http://localhost:3000/_next/static/chunks/0brk_next_dist_0dm07mh._.js:776
[  722276ms] [LOG] [Fast Refresh] done in 41ms @ http://localhost:3000/_next/static/chunks/0brk_next_dist_0dm07mh._.js:776
[  722340ms] [LOG] [Fast Refresh] done in 41ms @ http://localhost:3000/_next/static/chunks/0brk_next_dist_0dm07mh._.js:776
[  722402ms] [LOG] [Fast Refresh] done in 41ms @ http://localhost:3000/_next/static/chunks/0brk_next_dist_0dm07mh._.js:776
[  722462ms] [LOG] [Fast Refresh] done in 41ms @ http://localhost:3000/_next/static/chunks/0brk_next_dist_0dm07mh._.js:776
[  722523ms] [LOG] [Fast Refresh] done in 41ms @ http://localhost:3000/_next/static/chunks/0brk_next_dist_0dm07mh._.js:776
[  722586ms] [LOG] [Fast Refresh] done in 41ms @ http://localhost:3000/_next/static/chunks/0brk_next_dist_0dm07mh._.js:776
[  722634ms] [LOG] [Fast Refresh] done in 41ms @ http://localhost:3000/_next/static/chunks/0brk_next_dist_0dm07mh._.js:776
[  722691ms] [LOG] [Fast Refresh] done in 41ms @ http://localhost:3000/_next/static/chunks/0brk_next_dist_0dm07mh._.js:776
[  722747ms] [LOG] [Fast Refresh] done in 41ms @ http://localhost:3000/_next/static/chunks/0brk_next_dist_0dm07mh._.js:776
[  722815ms] [LOG] [Fast Refresh] done in 41ms @ http://localhost:3000/_next/static/chunks/0brk_next_dist_0dm07mh._.js:776
[  722949ms] [LOG] [Fast Refresh] done in 41ms @ http://localhost:3000/_next/static/chunks/0brk_next_dist_0dm07mh._.js:776
[  723046ms] [LOG] [Fast Refresh] done in 41ms @ http://localhost:3000/_next/static/chunks/0brk_next_dist_0dm07mh._.js:776
[  723231ms] [LOG] [Fast Refresh] done in 41ms @ http://localhost:3000/_next/static/chunks/0brk_next_dist_0dm07mh._.js:776
[  723354ms] [LOG] [Fast Refresh] done in 41ms @ http://localhost:3000/_next/static/chunks/0brk_next_dist_0dm07mh._.js:776
[  723500ms] [LOG] [Fast Refresh] done in 41ms @ http://localhost:3000/_next/static/chunks/0brk_next_dist_0dm07mh._.js:776
[  723604ms] [LOG] [Fast Refresh] done in 41ms @ http://localhost:3000/_next/static/chunks/0brk_next_dist_0dm07mh._.js:776
[  723679ms] [LOG] [Fast Refresh] done in 41ms @ http://localhost:3000/_next/static/chunks/0brk_next_dist_0dm07mh._.js:776
[  723739ms] [LOG] [Fast Refresh] done in 41ms @ http://localhost:3000/_next/static/chunks/0brk_next_dist_0dm07mh._.js:776
[  723794ms] [LOG] [Fast Refresh] done in 41ms @ http://localhost:3000/_next/static/chunks/0brk_next_dist_0dm07mh._.js:776
[  723844ms] [LOG] [Fast Refresh] done in 41ms @ http://localhost:3000/_next/static/chunks/0brk_next_dist_0dm07mh._.js:776
[  723905ms] [LOG] [Fast Refresh] done in 41ms @ http://localhost:3000/_next/static/chunks/0brk_next_dist_0dm07mh._.js:776
[  723963ms] [LOG] [Fast Refresh] done in 41ms @ http://localhost:3000/_next/static/chunks/0brk_next_dist_0dm07mh._.js:776
[  724009ms] [LOG] [Fast Refresh] done in 41ms @ http://localhost:3000/_next/static/chunks/0brk_next_dist_0dm07mh._.js:776
[  724073ms] [LOG] [Fast Refresh] done in 41ms @ http://localhost:3000/_next/static/chunks/0brk_next_dist_0dm07mh._.js:776
[  724126ms] [LOG] [Fast Refresh] done in 41ms @ http://localhost:3000/_next/static/chunks/0brk_next_dist_0dm07mh._.js:776
[  724189ms] [LOG] [Fast Refresh] done in 41ms @ http://localhost:3000/_next/static/chunks/0brk_next_dist_0dm07mh._.js:776
[  724253ms] [LOG] [Fast Refresh] done in 41ms @ http://localhost:3000/_next/static/chunks/0brk_next_dist_0dm07mh._.js:776
[  724348ms] [LOG] [Fast Refresh] done in 41ms @ http://localhost:3000/_next/static/chunks/0brk_next_dist_0dm07mh._.js:776
[  724499ms] [LOG] [Fast Refresh] done in 41ms @ http://localhost:3000/_next/static/chunks/0brk_next_dist_0dm07mh._.js:776
[  724634ms] [LOG] [Fast Refresh] done in 41ms @ http://localhost:3000/_next/static/chunks/0brk_next_dist_0dm07mh._.js:776
[  725105ms] [LOG] [Fast Refresh] done in 41ms @ http://localhost:3000/_next/static/chunks/0brk_next_dist_0dm07mh._.js:776
[  725179ms] [LOG] [Fast Refresh] done in 41ms @ http://localhost:3000/_next/static/chunks/0brk_next_dist_0dm07mh._.js:776
[  725241ms] [LOG] [Fast Refresh] done in 41ms @ http://localhost:3000/_next/static/chunks/0brk_next_dist_0dm07mh._.js:776
[  725324ms] [LOG] [Fast Refresh] done in 41ms @ http://localhost:3000/_next/static/chunks/0brk_next_dist_0dm07mh._.js:776
[  725401ms] [LOG] [Fast Refresh] done in 41ms @ http://localhost:3000/_next/static/chunks/0brk_next_dist_0dm07mh._.js:776
[  725474ms] [LOG] [Fast Refresh] done in 41ms @ http://localhost:3000/_next/static/chunks/0brk_next_dist_0dm07mh._.js:776
[  725575ms] [LOG] [Fast Refresh] done in 41ms @ http://localhost:3000/_next/static/chunks/0brk_next_dist_0dm07mh._.js:776
[  725726ms] [LOG] [Fast Refresh] done in 41ms @ http://localhost:3000/_next/static/chunks/0brk_next_dist_0dm07mh._.js:776
[  725861ms] [LOG] [Fast Refresh] done in 41ms @ http://localhost:3000/_next/static/chunks/0brk_next_dist_0dm07mh._.js:776
[  726065ms] [LOG] [Fast Refresh] done in 41ms @ http://localhost:3000/_next/static/chunks/0brk_next_dist_0dm07mh._.js:776
[  726349ms] [LOG] [Fast Refresh] done in 41ms @ http://localhost:3000/_next/static/chunks/0brk_next_dist_0dm07mh._.js:776
[  726460ms] [LOG] [Fast Refresh] done in 41ms @ http://localhost:3000/_next/static/chunks/0brk_next_dist_0dm07mh._.js:776
[  726560ms] [LOG] [Fast Refresh] done in 41ms @ http://localhost:3000/_next/static/chunks/0brk_next_dist_0dm07mh._.js:776
[  726700ms] [LOG] [Fast Refresh] done in 41ms @ http://localhost:3000/_next/static/chunks/0brk_next_dist_0dm07mh._.js:776
[  726785ms] [LOG] [Fast Refresh] done in 41ms @ http://localhost:3000/_next/static/chunks/0brk_next_dist_0dm07mh._.js:776
[  726888ms] [LOG] [Fast Refresh] done in 41ms @ http://localhost:3000/_next/static/chunks/0brk_next_dist_0dm07mh._.js:776
[  726965ms] [LOG] [Fast Refresh] done in 41ms @ http://localhost:3000/_next/static/chunks/0brk_next_dist_0dm07mh._.js:776
[  727064ms] [LOG] [Fast Refresh] done in 41ms @ http://localhost:3000/_next/static/chunks/0brk_next_dist_0dm07mh._.js:776
[  727140ms] [LOG] [Fast Refresh] done in 41ms @ http://localhost:3000/_next/static/chunks/0brk_next_dist_0dm07mh._.js:776
[  727209ms] [LOG] [Fast Refresh] done in 41ms @ http://localhost:3000/_next/static/chunks/0brk_next_dist_0dm07mh._.js:776
[  727535ms] [LOG] [Fast Refresh] done in 41ms @ http://localhost:3000/_next/static/chunks/0brk_next_dist_0dm07mh._.js:776
[  727583ms] [LOG] [Fast Refresh] done in 41ms @ http://localhost:3000/_next/static/chunks/0brk_next_dist_0dm07mh._.js:776
[  727645ms] [LOG] [Fast Refresh] done in 41ms @ http://localhost:3000/_next/static/chunks/0brk_next_dist_0dm07mh._.js:776
[  727752ms] [LOG] [Fast Refresh] done in 41ms @ http://localhost:3000/_next/static/chunks/0brk_next_dist_0dm07mh._.js:776
[  727862ms] [LOG] [Fast Refresh] done in 41ms @ http://localhost:3000/_next/static/chunks/0brk_next_dist_0dm07mh._.js:776
[  727936ms] [LOG] [Fast Refresh] done in 41ms @ http://localhost:3000/_next/static/chunks/0brk_next_dist_0dm07mh._.js:776
[  727996ms] [LOG] [Fast Refresh] done in 41ms @ http://localhost:3000/_next/static/chunks/0brk_next_dist_0dm07mh._.js:776
[  728087ms] [LOG] [Fast Refresh] done in 41ms @ http://localhost:3000/_next/static/chunks/0brk_next_dist_0dm07mh._.js:776
[  728149ms] [LOG] [Fast Refresh] done in 41ms @ http://localhost:3000/_next/static/chunks/0brk_next_dist_0dm07mh._.js:776
[  728210ms] [LOG] [Fast Refresh] done in 41ms @ http://localhost:3000/_next/static/chunks/0brk_next_dist_0dm07mh._.js:776
[  728296ms] [LOG] [Fast Refresh] done in 41ms @ http://localhost:3000/_next/static/chunks/0brk_next_dist_0dm07mh._.js:776
[  728360ms] [LOG] [Fast Refresh] done in 41ms @ http://localhost:3000/_next/static/chunks/0brk_next_dist_0dm07mh._.js:776
[  728407ms] [LOG] [Fast Refresh] done in 41ms @ http://localhost:3000/_next/static/chunks/0brk_next_dist_0dm07mh._.js:776
[  728468ms] [LOG] [Fast Refresh] done in 41ms @ http://localhost:3000/_next/static/chunks/0brk_next_dist_0dm07mh._.js:776
[  728535ms] [LOG] [Fast Refresh] done in 41ms @ http://localhost:3000/_next/static/chunks/0brk_next_dist_0dm07mh._.js:776
[  728607ms] [LOG] [Fast Refresh] done in 41ms @ http://localhost:3000/_next/static/chunks/0brk_next_dist_0dm07mh._.js:776
[  728662ms] [LOG] [Fast Refresh] done in 41ms @ http://localhost:3000/_next/static/chunks/0brk_next_dist_0dm07mh._.js:776
[  728726ms] [LOG] [Fast Refresh] done in 41ms @ http://localhost:3000/_next/static/chunks/0brk_next_dist_0dm07mh._.js:776
[  728792ms] [LOG] [Fast Refresh] done in 41ms @ http://localhost:3000/_next/static/chunks/0brk_next_dist_0dm07mh._.js:776
[  728947ms] [LOG] [Fast Refresh] done in 41ms @ http://localhost:3000/_next/static/chunks/0brk_next_dist_0dm07mh._.js:776
[  729012ms] [LOG] [Fast Refresh] done in 41ms @ http://localhost:3000/_next/static/chunks/0brk_next_dist_0dm07mh._.js:776
[  729105ms] [LOG] [Fast Refresh] done in 41ms @ http://localhost:3000/_next/static/chunks/0brk_next_dist_0dm07mh._.js:776
[  729303ms] [LOG] [Fast Refresh] done in 41ms @ http://localhost:3000/_next/static/chunks/0brk_next_dist_0dm07mh._.js:776
[  729375ms] [LOG] [Fast Refresh] done in 41ms @ http://localhost:3000/_next/static/chunks/0brk_next_dist_0dm07mh._.js:776
[  729428ms] [LOG] [Fast Refresh] done in 41ms @ http://localhost:3000/_next/static/chunks/0brk_next_dist_0dm07mh._.js:776
[  729500ms] [LOG] [Fast Refresh] done in 41ms @ http://localhost:3000/_next/static/chunks/0brk_next_dist_0dm07mh._.js:776
[  729569ms] [LOG] [Fast Refresh] done in 41ms @ http://localhost:3000/_next/static/chunks/0brk_next_dist_0dm07mh._.js:776
[  729647ms] [LOG] [Fast Refresh] done in 41ms @ http://localhost:3000/_next/static/chunks/0brk_next_dist_0dm07mh._.js:776
[  729707ms] [LOG] [Fast Refresh] done in 41ms @ http://localhost:3000/_next/static/chunks/0brk_next_dist_0dm07mh._.js:776
[  729761ms] [LOG] [Fast Refresh] done in 41ms @ http://localhost:3000/_next/static/chunks/0brk_next_dist_0dm07mh._.js:776
[  729810ms] [LOG] [Fast Refresh] done in 41ms @ http://localhost:3000/_next/static/chunks/0brk_next_dist_0dm07mh._.js:776
[  729870ms] [LOG] [Fast Refresh] done in 41ms @ http://localhost:3000/_next/static/chunks/0brk_next_dist_0dm07mh._.js:776
[  729933ms] [LOG] [Fast Refresh] done in 41ms @ http://localhost:3000/_next/static/chunks/0brk_next_dist_0dm07mh._.js:776
[  730041ms] [LOG] [Fast Refresh] done in 41ms @ http://localhost:3000/_next/static/chunks/0brk_next_dist_0dm07mh._.js:776
[  730135ms] [LOG] [Fast Refresh] done in 41ms @ http://localhost:3000/_next/static/chunks/0brk_next_dist_0dm07mh._.js:776
[  730231ms] [LOG] [Fast Refresh] done in 41ms @ http://localhost:3000/_next/static/chunks/0brk_next_dist_0dm07mh._.js:776
[  730343ms] [LOG] [Fast Refresh] done in 41ms @ http://localhost:3000/_next/static/chunks/0brk_next_dist_0dm07mh._.js:776
[  730422ms] [LOG] [Fast Refresh] done in 41ms @ http://localhost:3000/_next/static/chunks/0brk_next_dist_0dm07mh._.js:776
[  730491ms] [LOG] [Fast Refresh] done in 41ms @ http://localhost:3000/_next/static/chunks/0brk_next_dist_0dm07mh._.js:776
[  730589ms] [LOG] [Fast Refresh] done in 41ms @ http://localhost:3000/_next/static/chunks/0brk_next_dist_0dm07mh._.js:776
[  730693ms] [LOG] [Fast Refresh] done in 41ms @ http://localhost:3000/_next/static/chunks/0brk_next_dist_0dm07mh._.js:776
[  730815ms] [LOG] [Fast Refresh] done in 41ms @ http://localhost:3000/_next/static/chunks/0brk_next_dist_0dm07mh._.js:776
[  730929ms] [LOG] [Fast Refresh] done in 41ms @ http://localhost:3000/_next/static/chunks/0brk_next_dist_0dm07mh._.js:776
[  731072ms] [LOG] [Fast Refresh] done in 41ms @ http://localhost:3000/_next/static/chunks/0brk_next_dist_0dm07mh._.js:776
[  731143ms] [LOG] [Fast Refresh] done in 41ms @ http://localhost:3000/_next/static/chunks/0brk_next_dist_0dm07mh._.js:776
[  731209ms] [LOG] [Fast Refresh] done in 41ms @ http://localhost:3000/_next/static/chunks/0brk_next_dist_0dm07mh._.js:776
[  731262ms] [LOG] [Fast Refresh] done in 41ms @ http://localhost:3000/_next/static/chunks/0brk_next_dist_0dm07mh._.js:776
[  731320ms] [LOG] [Fast Refresh] done in 41ms @ http://localhost:3000/_next/static/chunks/0brk_next_dist_0dm07mh._.js:776
[  731382ms] [LOG] [Fast Refresh] done in 41ms @ http://localhost:3000/_next/static/chunks/0brk_next_dist_0dm07mh._.js:776
[  731444ms] [LOG] [Fast Refresh] done in 41ms @ http://localhost:3000/_next/static/chunks/0brk_next_dist_0dm07mh._.js:776
[  731504ms] [LOG] [Fast Refresh] done in 41ms @ http://localhost:3000/_next/static/chunks/0brk_next_dist_0dm07mh._.js:776
[  731568ms] [LOG] [Fast Refresh] done in 41ms @ http://localhost:3000/_next/static/chunks/0brk_next_dist_0dm07mh._.js:776
[  731640ms] [LOG] [Fast Refresh] done in 41ms @ http://localhost:3000/_next/static/chunks/0brk_next_dist_0dm07mh._.js:776
[  731896ms] [LOG] [Fast Refresh] done in 41ms @ http://localhost:3000/_next/static/chunks/0brk_next_dist_0dm07mh._.js:776
[  732108ms] [LOG] [Fast Refresh] done in 41ms @ http://localhost:3000/_next/static/chunks/0brk_next_dist_0dm07mh._.js:776
[  732238ms] [LOG] [Fast Refresh] done in 41ms @ http://localhost:3000/_next/static/chunks/0brk_next_dist_0dm07mh._.js:776
[  732391ms] [LOG] [Fast Refresh] done in 41ms @ http://localhost:3000/_next/static/chunks/0brk_next_dist_0dm07mh._.js:776
[  733369ms] [LOG] [Fast Refresh] done in 41ms @ http://localhost:3000/_next/static/chunks/0brk_next_dist_0dm07mh._.js:776
[  733471ms] [LOG] [Fast Refresh] done in 41ms @ http://localhost:3000/_next/static/chunks/0brk_next_dist_0dm07mh._.js:776
[  733616ms] [LOG] [Fast Refresh] done in 41ms @ http://localhost:3000/_next/static/chunks/0brk_next_dist_0dm07mh._.js:776
[  733767ms] [LOG] [Fast Refresh] done in 41ms @ http://localhost:3000/_next/static/chunks/0brk_next_dist_0dm07mh._.js:776
[  733883ms] [LOG] [Fast Refresh] done in 41ms @ http://localhost:3000/_next/static/chunks/0brk_next_dist_0dm07mh._.js:776
[  733974ms] [LOG] [Fast Refresh] done in 41ms @ http://localhost:3000/_next/static/chunks/0brk_next_dist_0dm07mh._.js:776
[  734093ms] [LOG] [Fast Refresh] done in 41ms @ http://localhost:3000/_next/static/chunks/0brk_next_dist_0dm07mh._.js:776
[  734199ms] [LOG] [Fast Refresh] done in 41ms @ http://localhost:3000/_next/static/chunks/0brk_next_dist_0dm07mh._.js:776
[  734273ms] [LOG] [Fast Refresh] done in 41ms @ http://localhost:3000/_next/static/chunks/0brk_next_dist_0dm07mh._.js:776
[  734352ms] [LOG] [Fast Refresh] done in 41ms @ http://localhost:3000/_next/static/chunks/0brk_next_dist_0dm07mh._.js:776
[  734414ms] [LOG] [Fast Refresh] done in 41ms @ http://localhost:3000/_next/static/chunks/0brk_next_dist_0dm07mh._.js:776
[  734473ms] [LOG] [Fast Refresh] done in 41ms @ http://localhost:3000/_next/static/chunks/0brk_next_dist_0dm07mh._.js:776
[  734523ms] [LOG] [Fast Refresh] done in 41ms @ http://localhost:3000/_next/static/chunks/0brk_next_dist_0dm07mh._.js:776
[  734585ms] [LOG] [Fast Refresh] done in 41ms @ http://localhost:3000/_next/static/chunks/0brk_next_dist_0dm07mh._.js:776
[  734646ms] [LOG] [Fast Refresh] done in 41ms @ http://localhost:3000/_next/static/chunks/0brk_next_dist_0dm07mh._.js:776
[  734706ms] [LOG] [Fast Refresh] done in 41ms @ http://localhost:3000/_next/static/chunks/0brk_next_dist_0dm07mh._.js:776
[  734760ms] [LOG] [Fast Refresh] done in 41ms @ http://localhost:3000/_next/static/chunks/0brk_next_dist_0dm07mh._.js:776
[  734823ms] [LOG] [Fast Refresh] done in 41ms @ http://localhost:3000/_next/static/chunks/0brk_next_dist_0dm07mh._.js:776
[  734886ms] [LOG] [Fast Refresh] done in 41ms @ http://localhost:3000/_next/static/chunks/0brk_next_dist_0dm07mh._.js:776
[  734933ms] [LOG] [Fast Refresh] done in 41ms @ http://localhost:3000/_next/static/chunks/0brk_next_dist_0dm07mh._.js:776
[  734992ms] [LOG] [Fast Refresh] done in 41ms @ http://localhost:3000/_next/static/chunks/0brk_next_dist_0dm07mh._.js:776
[  735069ms] [LOG] [Fast Refresh] done in 41ms @ http://localhost:3000/_next/static/chunks/0brk_next_dist_0dm07mh._.js:776
[  735167ms] [LOG] [Fast Refresh] done in 41ms @ http://localhost:3000/_next/static/chunks/0brk_next_dist_0dm07mh._.js:776
[  735349ms] [LOG] [Fast Refresh] done in 41ms @ http://localhost:3000/_next/static/chunks/0brk_next_dist_0dm07mh._.js:776
[  735439ms] [LOG] [Fast Refresh] done in 41ms @ http://localhost:3000/_next/static/chunks/0brk_next_dist_0dm07mh._.js:776
[  735499ms] [LOG] [Fast Refresh] done in 41ms @ http://localhost:3000/_next/static/chunks/0brk_next_dist_0dm07mh._.js:776
[  735593ms] [LOG] [Fast Refresh] done in 41ms @ http://localhost:3000/_next/static/chunks/0brk_next_dist_0dm07mh._.js:776
[  735651ms] [LOG] [Fast Refresh] done in 41ms @ http://localhost:3000/_next/static/chunks/0brk_next_dist_0dm07mh._.js:776
[  735714ms] [LOG] [Fast Refresh] done in 41ms @ http://localhost:3000/_next/static/chunks/0brk_next_dist_0dm07mh._.js:776
[  735777ms] [LOG] [Fast Refresh] done in 41ms @ http://localhost:3000/_next/static/chunks/0brk_next_dist_0dm07mh._.js:776
[  735838ms] [LOG] [Fast Refresh] done in 41ms @ http://localhost:3000/_next/static/chunks/0brk_next_dist_0dm07mh._.js:776
[  735906ms] [LOG] [Fast Refresh] done in 41ms @ http://localhost:3000/_next/static/chunks/0brk_next_dist_0dm07mh._.js:776
[  735960ms] [LOG] [Fast Refresh] done in 41ms @ http://localhost:3000/_next/static/chunks/0brk_next_dist_0dm07mh._.js:776
[  736029ms] [LOG] [Fast Refresh] done in 41ms @ http://localhost:3000/_next/static/chunks/0brk_next_dist_0dm07mh._.js:776
[  736110ms] [LOG] [Fast Refresh] done in 41ms @ http://localhost:3000/_next/static/chunks/0brk_next_dist_0dm07mh._.js:776
[  736185ms] [LOG] [Fast Refresh] done in 41ms @ http://localhost:3000/_next/static/chunks/0brk_next_dist_0dm07mh._.js:776
[  736246ms] [LOG] [Fast Refresh] done in 41ms @ http://localhost:3000/_next/static/chunks/0brk_next_dist_0dm07mh._.js:776
[  736309ms] [LOG] [Fast Refresh] done in 41ms @ http://localhost:3000/_next/static/chunks/0brk_next_dist_0dm07mh._.js:776
[  736409ms] [LOG] [Fast Refresh] done in 41ms @ http://localhost:3000/_next/static/chunks/0brk_next_dist_0dm07mh._.js:776
[  736492ms] [LOG] [Fast Refresh] done in 41ms @ http://localhost:3000/_next/static/chunks/0brk_next_dist_0dm07mh._.js:776
[  736682ms] [LOG] [Fast Refresh] done in 41ms @ http://localhost:3000/_next/static/chunks/0brk_next_dist_0dm07mh._.js:776
[  736758ms] [LOG] [Fast Refresh] done in 41ms @ http://localhost:3000/_next/static/chunks/0brk_next_dist_0dm07mh._.js:776
[  736813ms] [LOG] [Fast Refresh] done in 41ms @ http://localhost:3000/_next/static/chunks/0brk_next_dist_0dm07mh._.js:776
[  736858ms] [LOG] [Fast Refresh] done in 41ms @ http://localhost:3000/_next/static/chunks/0brk_next_dist_0dm07mh._.js:776
[  736919ms] [LOG] [Fast Refresh] done in 41ms @ http://localhost:3000/_next/static/chunks/0brk_next_dist_0dm07mh._.js:776
[  736976ms] [LOG] [Fast Refresh] done in 41ms @ http://localhost:3000/_next/static/chunks/0brk_next_dist_0dm07mh._.js:776
[  737040ms] [LOG] [Fast Refresh] done in 41ms @ http://localhost:3000/_next/static/chunks/0brk_next_dist_0dm07mh._.js:776
[  737107ms] [LOG] [Fast Refresh] done in 41ms @ http://localhost:3000/_next/static/chunks/0brk_next_dist_0dm07mh._.js:776
[  737158ms] [LOG] [Fast Refresh] done in 41ms @ http://localhost:3000/_next/static/chunks/0brk_next_dist_0dm07mh._.js:776
[  737220ms] [LOG] [Fast Refresh] done in 41ms @ http://localhost:3000/_next/static/chunks/0brk_next_dist_0dm07mh._.js:776
[  737275ms] [LOG] [Fast Refresh] done in 41ms @ http://localhost:3000/_next/static/chunks/0brk_next_dist_0dm07mh._.js:776
[  737339ms] [LOG] [Fast Refresh] done in 41ms @ http://localhost:3000/_next/static/chunks/0brk_next_dist_0dm07mh._.js:776
[  737407ms] [LOG] [Fast Refresh] done in 41ms @ http://localhost:3000/_next/static/chunks/0brk_next_dist_0dm07mh._.js:776
[  737461ms] [LOG] [Fast Refresh] done in 41ms @ http://localhost:3000/_next/static/chunks/0brk_next_dist_0dm07mh._.js:776
[  737524ms] [LOG] [Fast Refresh] done in 41ms @ http://localhost:3000/_next/static/chunks/0brk_next_dist_0dm07mh._.js:776
[  737575ms] [LOG] [Fast Refresh] done in 41ms @ http://localhost:3000/_next/static/chunks/0brk_next_dist_0dm07mh._.js:776
[  737666ms] [LOG] [Fast Refresh] done in 41ms @ http://localhost:3000/_next/static/chunks/0brk_next_dist_0dm07mh._.js:776
[  737724ms] [LOG] [Fast Refresh] done in 41ms @ http://localhost:3000/_next/static/chunks/0brk_next_dist_0dm07mh._.js:776
[  737792ms] [LOG] [Fast Refresh] done in 41ms @ http://localhost:3000/_next/static/chunks/0brk_next_dist_0dm07mh._.js:776
[  737846ms] [LOG] [Fast Refresh] done in 41ms @ http://localhost:3000/_next/static/chunks/0brk_next_dist_0dm07mh._.js:776
[  737894ms] [LOG] [Fast Refresh] done in 41ms @ http://localhost:3000/_next/static/chunks/0brk_next_dist_0dm07mh._.js:776
[  737946ms] [LOG] [Fast Refresh] done in 41ms @ http://localhost:3000/_next/static/chunks/0brk_next_dist_0dm07mh._.js:776
[  738010ms] [LOG] [Fast Refresh] done in 41ms @ http://localhost:3000/_next/static/chunks/0brk_next_dist_0dm07mh._.js:776
[  738072ms] [LOG] [Fast Refresh] done in 41ms @ http://localhost:3000/_next/static/chunks/0brk_next_dist_0dm07mh._.js:776
[  738135ms] [LOG] [Fast Refresh] done in 41ms @ http://localhost:3000/_next/static/chunks/0brk_next_dist_0dm07mh._.js:776
[  738197ms] [LOG] [Fast Refresh] done in 41ms @ http://localhost:3000/_next/static/chunks/0brk_next_dist_0dm07mh._.js:776
[  738260ms] [LOG] [Fast Refresh] done in 41ms @ http://localhost:3000/_next/static/chunks/0brk_next_dist_0dm07mh._.js:776
[  738328ms] [LOG] [Fast Refresh] done in 41ms @ http://localhost:3000/_next/static/chunks/0brk_next_dist_0dm07mh._.js:776
[  738378ms] [LOG] [Fast Refresh] done in 41ms @ http://localhost:3000/_next/static/chunks/0brk_next_dist_0dm07mh._.js:776
[  738441ms] [LOG] [Fast Refresh] done in 41ms @ http://localhost:3000/_next/static/chunks/0brk_next_dist_0dm07mh._.js:776
[  738503ms] [LOG] [Fast Refresh] done in 41ms @ http://localhost:3000/_next/static/chunks/0brk_next_dist_0dm07mh._.js:776
[  738560ms] [LOG] [Fast Refresh] done in 41ms @ http://localhost:3000/_next/static/chunks/0brk_next_dist_0dm07mh._.js:776
[  738622ms] [LOG] [Fast Refresh] done in 41ms @ http://localhost:3000/_next/static/chunks/0brk_next_dist_0dm07mh._.js:776
[  738675ms] [LOG] [Fast Refresh] done in 41ms @ http://localhost:3000/_next/static/chunks/0brk_next_dist_0dm07mh._.js:776
[  738723ms] [LOG] [Fast Refresh] done in 41ms @ http://localhost:3000/_next/static/chunks/0brk_next_dist_0dm07mh._.js:776
[  738776ms] [LOG] [Fast Refresh] done in 41ms @ http://localhost:3000/_next/static/chunks/0brk_next_dist_0dm07mh._.js:776
[  738835ms] [LOG] [Fast Refresh] done in 41ms @ http://localhost:3000/_next/static/chunks/0brk_next_dist_0dm07mh._.js:776
[  738892ms] [LOG] [Fast Refresh] done in 41ms @ http://localhost:3000/_next/static/chunks/0brk_next_dist_0dm07mh._.js:776
[  738947ms] [LOG] [Fast Refresh] done in 41ms @ http://localhost:3000/_next/static/chunks/0brk_next_dist_0dm07mh._.js:776
[  739007ms] [LOG] [Fast Refresh] done in 41ms @ http://localhost:3000/_next/static/chunks/0brk_next_dist_0dm07mh._.js:776
[  739062ms] [LOG] [Fast Refresh] done in 41ms @ http://localhost:3000/_next/static/chunks/0brk_next_dist_0dm07mh._.js:776
[  739124ms] [LOG] [Fast Refresh] done in 41ms @ http://localhost:3000/_next/static/chunks/0brk_next_dist_0dm07mh._.js:776
[  739186ms] [LOG] [Fast Refresh] done in 41ms @ http://localhost:3000/_next/static/chunks/0brk_next_dist_0dm07mh._.js:776
[  739236ms] [LOG] [Fast Refresh] done in 41ms @ http://localhost:3000/_next/static/chunks/0brk_next_dist_0dm07mh._.js:776
[  739284ms] [LOG] [Fast Refresh] done in 41ms @ http://localhost:3000/_next/static/chunks/0brk_next_dist_0dm07mh._.js:776
[  739362ms] [LOG] [Fast Refresh] done in 41ms @ http://localhost:3000/_next/static/chunks/0brk_next_dist_0dm07mh._.js:776
[  739437ms] [LOG] [Fast Refresh] done in 41ms @ http://localhost:3000/_next/static/chunks/0brk_next_dist_0dm07mh._.js:776
[  739495ms] [LOG] [Fast Refresh] done in 41ms @ http://localhost:3000/_next/static/chunks/0brk_next_dist_0dm07mh._.js:776
[  739558ms] [LOG] [Fast Refresh] done in 41ms @ http://localhost:3000/_next/static/chunks/0brk_next_dist_0dm07mh._.js:776
[  739607ms] [LOG] [Fast Refresh] done in 41ms @ http://localhost:3000/_next/static/chunks/0brk_next_dist_0dm07mh._.js:776
[  739669ms] [LOG] [Fast Refresh] done in 41ms @ http://localhost:3000/_next/static/chunks/0brk_next_dist_0dm07mh._.js:776
[  739714ms] [LOG] [Fast Refresh] done in 41ms @ http://localhost:3000/_next/static/chunks/0brk_next_dist_0dm07mh._.js:776
[  739763ms] [LOG] [Fast Refresh] done in 41ms @ http://localhost:3000/_next/static/chunks/0brk_next_dist_0dm07mh._.js:776
[  739834ms] [LOG] [Fast Refresh] done in 41ms @ http://localhost:3000/_next/static/chunks/0brk_next_dist_0dm07mh._.js:776
[  739906ms] [LOG] [Fast Refresh] done in 41ms @ http://localhost:3000/_next/static/chunks/0brk_next_dist_0dm07mh._.js:776
[  739968ms] [LOG] [Fast Refresh] done in 41ms @ http://localhost:3000/_next/static/chunks/0brk_next_dist_0dm07mh._.js:776
[  740031ms] [LOG] [Fast Refresh] done in 41ms @ http://localhost:3000/_next/static/chunks/0brk_next_dist_0dm07mh._.js:776
[  740153ms] [LOG] [Fast Refresh] done in 41ms @ http://localhost:3000/_next/static/chunks/0brk_next_dist_0dm07mh._.js:776
[  740215ms] [LOG] [Fast Refresh] done in 41ms @ http://localhost:3000/_next/static/chunks/0brk_next_dist_0dm07mh._.js:776
[  740279ms] [LOG] [Fast Refresh] done in 41ms @ http://localhost:3000/_next/static/chunks/0brk_next_dist_0dm07mh._.js:776
[  740340ms] [LOG] [Fast Refresh] done in 41ms @ http://localhost:3000/_next/static/chunks/0brk_next_dist_0dm07mh._.js:776
[  740396ms] [LOG] [Fast Refresh] done in 41ms @ http://localhost:3000/_next/static/chunks/0brk_next_dist_0dm07mh._.js:776
[  740460ms] [LOG] [Fast Refresh] done in 41ms @ http://localhost:3000/_next/static/chunks/0brk_next_dist_0dm07mh._.js:776
[  740527ms] [LOG] [Fast Refresh] done in 41ms @ http://localhost:3000/_next/static/chunks/0brk_next_dist_0dm07mh._.js:776
[  740631ms] [LOG] [Fast Refresh] done in 41ms @ http://localhost:3000/_next/static/chunks/0brk_next_dist_0dm07mh._.js:776
[  740705ms] [LOG] [Fast Refresh] done in 41ms @ http://localhost:3000/_next/static/chunks/0brk_next_dist_0dm07mh._.js:776
[  740784ms] [LOG] [Fast Refresh] done in 41ms @ http://localhost:3000/_next/static/chunks/0brk_next_dist_0dm07mh._.js:776
[  740856ms] [LOG] [Fast Refresh] done in 41ms @ http://localhost:3000/_next/static/chunks/0brk_next_dist_0dm07mh._.js:776
[  740934ms] [LOG] [Fast Refresh] done in 41ms @ http://localhost:3000/_next/static/chunks/0brk_next_dist_0dm07mh._.js:776
[  741001ms] [LOG] [Fast Refresh] done in 41ms @ http://localhost:3000/_next/static/chunks/0brk_next_dist_0dm07mh._.js:776
[  741106ms] [LOG] [Fast Refresh] done in 41ms @ http://localhost:3000/_next/static/chunks/0brk_next_dist_0dm07mh._.js:776
[  741167ms] [LOG] [Fast Refresh] done in 41ms @ http://localhost:3000/_next/static/chunks/0brk_next_dist_0dm07mh._.js:776
[  741230ms] [LOG] [Fast Refresh] done in 41ms @ http://localhost:3000/_next/static/chunks/0brk_next_dist_0dm07mh._.js:776
[  741286ms] [LOG] [Fast Refresh] done in 41ms @ http://localhost:3000/_next/static/chunks/0brk_next_dist_0dm07mh._.js:776
[  741363ms] [LOG] [Fast Refresh] done in 41ms @ http://localhost:3000/_next/static/chunks/0brk_next_dist_0dm07mh._.js:776
[  741425ms] [LOG] [Fast Refresh] done in 41ms @ http://localhost:3000/_next/static/chunks/0brk_next_dist_0dm07mh._.js:776
[  741486ms] [LOG] [Fast Refresh] done in 41ms @ http://localhost:3000/_next/static/chunks/0brk_next_dist_0dm07mh._.js:776
[  741546ms] [LOG] [Fast Refresh] done in 41ms @ http://localhost:3000/_next/static/chunks/0brk_next_dist_0dm07mh._.js:776
[  741597ms] [LOG] [Fast Refresh] done in 41ms @ http://localhost:3000/_next/static/chunks/0brk_next_dist_0dm07mh._.js:776
[  741695ms] [LOG] [Fast Refresh] done in 41ms @ http://localhost:3000/_next/static/chunks/0brk_next_dist_0dm07mh._.js:776
[  741763ms] [LOG] [Fast Refresh] done in 41ms @ http://localhost:3000/_next/static/chunks/0brk_next_dist_0dm07mh._.js:776
[  741847ms] [LOG] [Fast Refresh] done in 41ms @ http://localhost:3000/_next/static/chunks/0brk_next_dist_0dm07mh._.js:776
[  741940ms] [LOG] [Fast Refresh] done in 41ms @ http://localhost:3000/_next/static/chunks/0brk_next_dist_0dm07mh._.js:776
[  742007ms] [LOG] [Fast Refresh] done in 41ms @ http://localhost:3000/_next/static/chunks/0brk_next_dist_0dm07mh._.js:776
[  742235ms] [LOG] [Fast Refresh] done in 41ms @ http://localhost:3000/_next/static/chunks/0brk_next_dist_0dm07mh._.js:776
[  742358ms] [LOG] [Fast Refresh] done in 41ms @ http://localhost:3000/_next/static/chunks/0brk_next_dist_0dm07mh._.js:776
[  742454ms] [LOG] [Fast Refresh] done in 41ms @ http://localhost:3000/_next/static/chunks/0brk_next_dist_0dm07mh._.js:776
[  742540ms] [LOG] [Fast Refresh] done in 41ms @ http://localhost:3000/_next/static/chunks/0brk_next_dist_0dm07mh._.js:776
[  742648ms] [LOG] [Fast Refresh] done in 41ms @ http://localhost:3000/_next/static/chunks/0brk_next_dist_0dm07mh._.js:776
[  742752ms] [LOG] [Fast Refresh] done in 41ms @ http://localhost:3000/_next/static/chunks/0brk_next_dist_0dm07mh._.js:776
[  742814ms] [LOG] [Fast Refresh] done in 41ms @ http://localhost:3000/_next/static/chunks/0brk_next_dist_0dm07mh._.js:776
[  742910ms] [LOG] [Fast Refresh] done in 41ms @ http://localhost:3000/_next/static/chunks/0brk_next_dist_0dm07mh._.js:776
[  742986ms] [LOG] [Fast Refresh] done in 41ms @ http://localhost:3000/_next/static/chunks/0brk_next_dist_0dm07mh._.js:776
[  743100ms] [LOG] [Fast Refresh] done in 41ms @ http://localhost:3000/_next/static/chunks/0brk_next_dist_0dm07mh._.js:776
[  743189ms] [LOG] [Fast Refresh] done in 41ms @ http://localhost:3000/_next/static/chunks/0brk_next_dist_0dm07mh._.js:776
[  743353ms] [LOG] [Fast Refresh] done in 41ms @ http://localhost:3000/_next/static/chunks/0brk_next_dist_0dm07mh._.js:776
[  743493ms] [LOG] [Fast Refresh] done in 41ms @ http://localhost:3000/_next/static/chunks/0brk_next_dist_0dm07mh._.js:776
[  743577ms] [LOG] [Fast Refresh] done in 41ms @ http://localhost:3000/_next/static/chunks/0brk_next_dist_0dm07mh._.js:776
[  743656ms] [LOG] [Fast Refresh] done in 41ms @ http://localhost:3000/_next/static/chunks/0brk_next_dist_0dm07mh._.js:776
[  743809ms] [LOG] [Fast Refresh] done in 41ms @ http://localhost:3000/_next/static/chunks/0brk_next_dist_0dm07mh._.js:776
[  744123ms] [LOG] [Fast Refresh] done in 41ms @ http://localhost:3000/_next/static/chunks/0brk_next_dist_0dm07mh._.js:776
[  744233ms] [LOG] [Fast Refresh] done in 41ms @ http://localhost:3000/_next/static/chunks/0brk_next_dist_0dm07mh._.js:776
[  744331ms] [LOG] [Fast Refresh] done in 41ms @ http://localhost:3000/_next/static/chunks/0brk_next_dist_0dm07mh._.js:776
[  744395ms] [LOG] [Fast Refresh] done in 41ms @ http://localhost:3000/_next/static/chunks/0brk_next_dist_0dm07mh._.js:776
[  744464ms] [LOG] [Fast Refresh] done in 41ms @ http://localhost:3000/_next/static/chunks/0brk_next_dist_0dm07mh._.js:776
[  744524ms] [LOG] [Fast Refresh] done in 41ms @ http://localhost:3000/_next/static/chunks/0brk_next_dist_0dm07mh._.js:776
[  744585ms] [LOG] [Fast Refresh] done in 41ms @ http://localhost:3000/_next/static/chunks/0brk_next_dist_0dm07mh._.js:776
[  744649ms] [LOG] [Fast Refresh] done in 41ms @ http://localhost:3000/_next/static/chunks/0brk_next_dist_0dm07mh._.js:776
[  744724ms] [LOG] [Fast Refresh] done in 41ms @ http://localhost:3000/_next/static/chunks/0brk_next_dist_0dm07mh._.js:776
[  744851ms] [LOG] [Fast Refresh] done in 41ms @ http://localhost:3000/_next/static/chunks/0brk_next_dist_0dm07mh._.js:776
[  745119ms] [LOG] [Fast Refresh] done in 41ms @ http://localhost:3000/_next/static/chunks/0brk_next_dist_0dm07mh._.js:776
[  745208ms] [LOG] [Fast Refresh] done in 41ms @ http://localhost:3000/_next/static/chunks/0brk_next_dist_0dm07mh._.js:776
[  745377ms] [LOG] [Fast Refresh] done in 41ms @ http://localhost:3000/_next/static/chunks/0brk_next_dist_0dm07mh._.js:776
[  745432ms] [LOG] [Fast Refresh] done in 41ms @ http://localhost:3000/_next/static/chunks/0brk_next_dist_0dm07mh._.js:776
[  745575ms] [LOG] [Fast Refresh] done in 41ms @ http://localhost:3000/_next/static/chunks/0brk_next_dist_0dm07mh._.js:776
[  745657ms] [LOG] [Fast Refresh] done in 41ms @ http://localhost:3000/_next/static/chunks/0brk_next_dist_0dm07mh._.js:776
[  745724ms] [LOG] [Fast Refresh] done in 41ms @ http://localhost:3000/_next/static/chunks/0brk_next_dist_0dm07mh._.js:776
[  748226ms] [LOG] [Fast Refresh] rebuilding @ http://localhost:3000/_next/static/chunks/0brk_next_dist_0dm07mh._.js:776
[  748249ms] [LOG] [Fast Refresh] done in 126ms @ http://localhost:3000/_next/static/chunks/0brk_next_dist_0dm07mh._.js:776
[  905672ms] [LOG] [Fast Refresh] rebuilding @ http://localhost:3000/_next/static/chunks/0brk_next_dist_0dm07mh._.js:776
[  905877ms] [LOG] [Fast Refresh] done in 256ms @ http://localhost:3000/_next/static/chunks/0brk_next_dist_0dm07mh._.js:776
[  905944ms] [LOG] [Fast Refresh] done in 256ms @ http://localhost:3000/_next/static/chunks/0brk_next_dist_0dm07mh._.js:776
[  906011ms] [LOG] [Fast Refresh] done in 256ms @ http://localhost:3000/_next/static/chunks/0brk_next_dist_0dm07mh._.js:776
[  906073ms] [LOG] [Fast Refresh] done in 256ms @ http://localhost:3000/_next/static/chunks/0brk_next_dist_0dm07mh._.js:776
[  906120ms] [LOG] [Fast Refresh] done in 256ms @ http://localhost:3000/_next/static/chunks/0brk_next_dist_0dm07mh._.js:776
[  906183ms] [LOG] [Fast Refresh] done in 256ms @ http://localhost:3000/_next/static/chunks/0brk_next_dist_0dm07mh._.js:776
[  906245ms] [LOG] [Fast Refresh] done in 256ms @ http://localhost:3000/_next/static/chunks/0brk_next_dist_0dm07mh._.js:776
[  906293ms] [LOG] [Fast Refresh] done in 256ms @ http://localhost:3000/_next/static/chunks/0brk_next_dist_0dm07mh._.js:776
[  906348ms] [LOG] [Fast Refresh] done in 256ms @ http://localhost:3000/_next/static/chunks/0brk_next_dist_0dm07mh._.js:776
[  906412ms] [LOG] [Fast Refresh] done in 256ms @ http://localhost:3000/_next/static/chunks/0brk_next_dist_0dm07mh._.js:776
[  906464ms] [LOG] [Fast Refresh] done in 256ms @ http://localhost:3000/_next/static/chunks/0brk_next_dist_0dm07mh._.js:776
[  906512ms] [LOG] [Fast Refresh] done in 256ms @ http://localhost:3000/_next/static/chunks/0brk_next_dist_0dm07mh._.js:776
[  906566ms] [LOG] [Fast Refresh] done in 256ms @ http://localhost:3000/_next/static/chunks/0brk_next_dist_0dm07mh._.js:776
[  906628ms] [LOG] [Fast Refresh] done in 256ms @ http://localhost:3000/_next/static/chunks/0brk_next_dist_0dm07mh._.js:776
[  906685ms] [LOG] [Fast Refresh] done in 256ms @ http://localhost:3000/_next/static/chunks/0brk_next_dist_0dm07mh._.js:776
[  906732ms] [LOG] [Fast Refresh] done in 256ms @ http://localhost:3000/_next/static/chunks/0brk_next_dist_0dm07mh._.js:776
[  906782ms] [LOG] [Fast Refresh] done in 256ms @ http://localhost:3000/_next/static/chunks/0brk_next_dist_0dm07mh._.js:776
[  906850ms] [LOG] [Fast Refresh] done in 256ms @ http://localhost:3000/_next/static/chunks/0brk_next_dist_0dm07mh._.js:776
[  906912ms] [LOG] [Fast Refresh] done in 256ms @ http://localhost:3000/_next/static/chunks/0brk_next_dist_0dm07mh._.js:776
[  906965ms] [LOG] [Fast Refresh] done in 256ms @ http://localhost:3000/_next/static/chunks/0brk_next_dist_0dm07mh._.js:776
[  907029ms] [LOG] [Fast Refresh] done in 256ms @ http://localhost:3000/_next/static/chunks/0brk_next_dist_0dm07mh._.js:776
[  907092ms] [LOG] [Fast Refresh] done in 256ms @ http://localhost:3000/_next/static/chunks/0brk_next_dist_0dm07mh._.js:776
[  907157ms] [LOG] [Fast Refresh] done in 256ms @ http://localhost:3000/_next/static/chunks/0brk_next_dist_0dm07mh._.js:776
[  907217ms] [LOG] [Fast Refresh] done in 256ms @ http://localhost:3000/_next/static/chunks/0brk_next_dist_0dm07mh._.js:776
[  907283ms] [LOG] [Fast Refresh] done in 256ms @ http://localhost:3000/_next/static/chunks/0brk_next_dist_0dm07mh._.js:776
[  907332ms] [LOG] [Fast Refresh] done in 256ms @ http://localhost:3000/_next/static/chunks/0brk_next_dist_0dm07mh._.js:776
[  907382ms] [LOG] [Fast Refresh] done in 256ms @ http://localhost:3000/_next/static/chunks/0brk_next_dist_0dm07mh._.js:776
[  907445ms] [LOG] [Fast Refresh] done in 256ms @ http://localhost:3000/_next/static/chunks/0brk_next_dist_0dm07mh._.js:776
[  907524ms] [LOG] [Fast Refresh] done in 256ms @ http://localhost:3000/_next/static/chunks/0brk_next_dist_0dm07mh._.js:776
[  907597ms] [LOG] [Fast Refresh] done in 256ms @ http://localhost:3000/_next/static/chunks/0brk_next_dist_0dm07mh._.js:776
[  907678ms] [LOG] [Fast Refresh] done in 256ms @ http://localhost:3000/_next/static/chunks/0brk_next_dist_0dm07mh._.js:776
[  908873ms] [LOG] [Fast Refresh] done in 256ms @ http://localhost:3000/_next/static/chunks/0brk_next_dist_0dm07mh._.js:776
[  908934ms] [LOG] [Fast Refresh] done in 256ms @ http://localhost:3000/_next/static/chunks/0brk_next_dist_0dm07mh._.js:776
[  908992ms] [LOG] [Fast Refresh] done in 256ms @ http://localhost:3000/_next/static/chunks/0brk_next_dist_0dm07mh._.js:776
[  909055ms] [LOG] [Fast Refresh] done in 256ms @ http://localhost:3000/_next/static/chunks/0brk_next_dist_0dm07mh._.js:776
[  909131ms] [LOG] [Fast Refresh] done in 256ms @ http://localhost:3000/_next/static/chunks/0brk_next_dist_0dm07mh._.js:776
[  909195ms] [LOG] [Fast Refresh] done in 256ms @ http://localhost:3000/_next/static/chunks/0brk_next_dist_0dm07mh._.js:776
[  909263ms] [LOG] [Fast Refresh] done in 256ms @ http://localhost:3000/_next/static/chunks/0brk_next_dist_0dm07mh._.js:776
[  909325ms] [LOG] [Fast Refresh] done in 256ms @ http://localhost:3000/_next/static/chunks/0brk_next_dist_0dm07mh._.js:776
[  909379ms] [LOG] [Fast Refresh] done in 256ms @ http://localhost:3000/_next/static/chunks/0brk_next_dist_0dm07mh._.js:776
[  909446ms] [LOG] [Fast Refresh] done in 256ms @ http://localhost:3000/_next/static/chunks/0brk_next_dist_0dm07mh._.js:776
[  909496ms] [LOG] [Fast Refresh] done in 256ms @ http://localhost:3000/_next/static/chunks/0brk_next_dist_0dm07mh._.js:776
[  909547ms] [LOG] [Fast Refresh] done in 256ms @ http://localhost:3000/_next/static/chunks/0brk_next_dist_0dm07mh._.js:776
[  909592ms] [LOG] [Fast Refresh] done in 256ms @ http://localhost:3000/_next/static/chunks/0brk_next_dist_0dm07mh._.js:776
[  909658ms] [LOG] [Fast Refresh] done in 256ms @ http://localhost:3000/_next/static/chunks/0brk_next_dist_0dm07mh._.js:776
[  909722ms] [LOG] [Fast Refresh] done in 256ms @ http://localhost:3000/_next/static/chunks/0brk_next_dist_0dm07mh._.js:776
[  909774ms] [LOG] [Fast Refresh] done in 256ms @ http://localhost:3000/_next/static/chunks/0brk_next_dist_0dm07mh._.js:776
[  909836ms] [LOG] [Fast Refresh] done in 256ms @ http://localhost:3000/_next/static/chunks/0brk_next_dist_0dm07mh._.js:776
[  909906ms] [LOG] [Fast Refresh] done in 256ms @ http://localhost:3000/_next/static/chunks/0brk_next_dist_0dm07mh._.js:776
[  909965ms] [LOG] [Fast Refresh] done in 256ms @ http://localhost:3000/_next/static/chunks/0brk_next_dist_0dm07mh._.js:776
[  910030ms] [LOG] [Fast Refresh] done in 256ms @ http://localhost:3000/_next/static/chunks/0brk_next_dist_0dm07mh._.js:776
[  910123ms] [LOG] [Fast Refresh] done in 256ms @ http://localhost:3000/_next/static/chunks/0brk_next_dist_0dm07mh._.js:776
[  910183ms] [LOG] [Fast Refresh] done in 256ms @ http://localhost:3000/_next/static/chunks/0brk_next_dist_0dm07mh._.js:776
[  910244ms] [LOG] [Fast Refresh] done in 256ms @ http://localhost:3000/_next/static/chunks/0brk_next_dist_0dm07mh._.js:776
[  910296ms] [LOG] [Fast Refresh] done in 256ms @ http://localhost:3000/_next/static/chunks/0brk_next_dist_0dm07mh._.js:776
[  910359ms] [LOG] [Fast Refresh] done in 256ms @ http://localhost:3000/_next/static/chunks/0brk_next_dist_0dm07mh._.js:776
[  910421ms] [LOG] [Fast Refresh] done in 256ms @ http://localhost:3000/_next/static/chunks/0brk_next_dist_0dm07mh._.js:776
[  910472ms] [LOG] [Fast Refresh] done in 256ms @ http://localhost:3000/_next/static/chunks/0brk_next_dist_0dm07mh._.js:776
[  910533ms] [LOG] [Fast Refresh] done in 256ms @ http://localhost:3000/_next/static/chunks/0brk_next_dist_0dm07mh._.js:776
[  910595ms] [LOG] [Fast Refresh] done in 256ms @ http://localhost:3000/_next/static/chunks/0brk_next_dist_0dm07mh._.js:776
[  910643ms] [LOG] [Fast Refresh] done in 256ms @ http://localhost:3000/_next/static/chunks/0brk_next_dist_0dm07mh._.js:776
[  910711ms] [LOG] [Fast Refresh] done in 256ms @ http://localhost:3000/_next/static/chunks/0brk_next_dist_0dm07mh._.js:776
[  910765ms] [LOG] [Fast Refresh] done in 256ms @ http://localhost:3000/_next/static/chunks/0brk_next_dist_0dm07mh._.js:776
[  910927ms] [LOG] [Fast Refresh] done in 256ms @ http://localhost:3000/_next/static/chunks/0brk_next_dist_0dm07mh._.js:776
[  912064ms] [LOG] [Fast Refresh] done in 256ms @ http://localhost:3000/_next/static/chunks/0brk_next_dist_0dm07mh._.js:776
[  912119ms] [LOG] [Fast Refresh] done in 256ms @ http://localhost:3000/_next/static/chunks/0brk_next_dist_0dm07mh._.js:776
[  912180ms] [LOG] [Fast Refresh] done in 256ms @ http://localhost:3000/_next/static/chunks/0brk_next_dist_0dm07mh._.js:776
[  912257ms] [LOG] [Fast Refresh] done in 256ms @ http://localhost:3000/_next/static/chunks/0brk_next_dist_0dm07mh._.js:776
[  912320ms] [LOG] [Fast Refresh] done in 256ms @ http://localhost:3000/_next/static/chunks/0brk_next_dist_0dm07mh._.js:776
[  912381ms] [LOG] [Fast Refresh] done in 256ms @ http://localhost:3000/_next/static/chunks/0brk_next_dist_0dm07mh._.js:776
[  912443ms] [LOG] [Fast Refresh] done in 256ms @ http://localhost:3000/_next/static/chunks/0brk_next_dist_0dm07mh._.js:776
[  912506ms] [LOG] [Fast Refresh] done in 256ms @ http://localhost:3000/_next/static/chunks/0brk_next_dist_0dm07mh._.js:776
[  912569ms] [LOG] [Fast Refresh] done in 256ms @ http://localhost:3000/_next/static/chunks/0brk_next_dist_0dm07mh._.js:776
[  912631ms] [LOG] [Fast Refresh] done in 256ms @ http://localhost:3000/_next/static/chunks/0brk_next_dist_0dm07mh._.js:776
[  912698ms] [LOG] [Fast Refresh] done in 256ms @ http://localhost:3000/_next/static/chunks/0brk_next_dist_0dm07mh._.js:776
[  912750ms] [LOG] [Fast Refresh] done in 256ms @ http://localhost:3000/_next/static/chunks/0brk_next_dist_0dm07mh._.js:776
[  912831ms] [LOG] [Fast Refresh] done in 256ms @ http://localhost:3000/_next/static/chunks/0brk_next_dist_0dm07mh._.js:776
[  912888ms] [LOG] [Fast Refresh] done in 256ms @ http://localhost:3000/_next/static/chunks/0brk_next_dist_0dm07mh._.js:776
[  912932ms] [LOG] [Fast Refresh] done in 256ms @ http://localhost:3000/_next/static/chunks/0brk_next_dist_0dm07mh._.js:776
[  912982ms] [LOG] [Fast Refresh] done in 256ms @ http://localhost:3000/_next/static/chunks/0brk_next_dist_0dm07mh._.js:776
[  913044ms] [LOG] [Fast Refresh] done in 256ms @ http://localhost:3000/_next/static/chunks/0brk_next_dist_0dm07mh._.js:776
[  913096ms] [LOG] [Fast Refresh] done in 256ms @ http://localhost:3000/_next/static/chunks/0brk_next_dist_0dm07mh._.js:776
[  913149ms] [LOG] [Fast Refresh] done in 256ms @ http://localhost:3000/_next/static/chunks/0brk_next_dist_0dm07mh._.js:776
[  913197ms] [LOG] [Fast Refresh] done in 256ms @ http://localhost:3000/_next/static/chunks/0brk_next_dist_0dm07mh._.js:776
[  913249ms] [LOG] [Fast Refresh] done in 256ms @ http://localhost:3000/_next/static/chunks/0brk_next_dist_0dm07mh._.js:776
[  913298ms] [LOG] [Fast Refresh] done in 256ms @ http://localhost:3000/_next/static/chunks/0brk_next_dist_0dm07mh._.js:776
[  913346ms] [LOG] [Fast Refresh] done in 256ms @ http://localhost:3000/_next/static/chunks/0brk_next_dist_0dm07mh._.js:776
[  913409ms] [LOG] [Fast Refresh] done in 256ms @ http://localhost:3000/_next/static/chunks/0brk_next_dist_0dm07mh._.js:776
[  913465ms] [LOG] [Fast Refresh] done in 256ms @ http://localhost:3000/_next/static/chunks/0brk_next_dist_0dm07mh._.js:776
[  913527ms] [LOG] [Fast Refresh] done in 256ms @ http://localhost:3000/_next/static/chunks/0brk_next_dist_0dm07mh._.js:776
[  913587ms] [LOG] [Fast Refresh] done in 256ms @ http://localhost:3000/_next/static/chunks/0brk_next_dist_0dm07mh._.js:776
[  913650ms] [LOG] [Fast Refresh] done in 256ms @ http://localhost:3000/_next/static/chunks/0brk_next_dist_0dm07mh._.js:776
[  913699ms] [LOG] [Fast Refresh] done in 256ms @ http://localhost:3000/_next/static/chunks/0brk_next_dist_0dm07mh._.js:776
[  913751ms] [LOG] [Fast Refresh] done in 256ms @ http://localhost:3000/_next/static/chunks/0brk_next_dist_0dm07mh._.js:776
[  913803ms] [LOG] [Fast Refresh] done in 256ms @ http://localhost:3000/_next/static/chunks/0brk_next_dist_0dm07mh._.js:776
[  913866ms] [LOG] [Fast Refresh] done in 256ms @ http://localhost:3000/_next/static/chunks/0brk_next_dist_0dm07mh._.js:776
[  913922ms] [LOG] [Fast Refresh] done in 256ms @ http://localhost:3000/_next/static/chunks/0brk_next_dist_0dm07mh._.js:776
[  913970ms] [LOG] [Fast Refresh] done in 256ms @ http://localhost:3000/_next/static/chunks/0brk_next_dist_0dm07mh._.js:776
[  914033ms] [LOG] [Fast Refresh] done in 256ms @ http://localhost:3000/_next/static/chunks/0brk_next_dist_0dm07mh._.js:776
[  914110ms] [LOG] [Fast Refresh] done in 256ms @ http://localhost:3000/_next/static/chunks/0brk_next_dist_0dm07mh._.js:776
[  914182ms] [LOG] [Fast Refresh] done in 256ms @ http://localhost:3000/_next/static/chunks/0brk_next_dist_0dm07mh._.js:776
[  914244ms] [LOG] [Fast Refresh] done in 256ms @ http://localhost:3000/_next/static/chunks/0brk_next_dist_0dm07mh._.js:776
[  914306ms] [LOG] [Fast Refresh] done in 256ms @ http://localhost:3000/_next/static/chunks/0brk_next_dist_0dm07mh._.js:776
[  914368ms] [LOG] [Fast Refresh] done in 256ms @ http://localhost:3000/_next/static/chunks/0brk_next_dist_0dm07mh._.js:776
[  914430ms] [LOG] [Fast Refresh] done in 256ms @ http://localhost:3000/_next/static/chunks/0brk_next_dist_0dm07mh._.js:776
[  914483ms] [LOG] [Fast Refresh] done in 256ms @ http://localhost:3000/_next/static/chunks/0brk_next_dist_0dm07mh._.js:776
[  914553ms] [LOG] [Fast Refresh] done in 256ms @ http://localhost:3000/_next/static/chunks/0brk_next_dist_0dm07mh._.js:776
[  914614ms] [LOG] [Fast Refresh] done in 256ms @ http://localhost:3000/_next/static/chunks/0brk_next_dist_0dm07mh._.js:776
[  914680ms] [LOG] [Fast Refresh] done in 256ms @ http://localhost:3000/_next/static/chunks/0brk_next_dist_0dm07mh._.js:776
[  914733ms] [LOG] [Fast Refresh] done in 256ms @ http://localhost:3000/_next/static/chunks/0brk_next_dist_0dm07mh._.js:776
[  914795ms] [LOG] [Fast Refresh] done in 256ms @ http://localhost:3000/_next/static/chunks/0brk_next_dist_0dm07mh._.js:776
[  914850ms] [LOG] [Fast Refresh] done in 256ms @ http://localhost:3000/_next/static/chunks/0brk_next_dist_0dm07mh._.js:776
[  914900ms] [LOG] [Fast Refresh] done in 256ms @ http://localhost:3000/_next/static/chunks/0brk_next_dist_0dm07mh._.js:776
[  914964ms] [LOG] [Fast Refresh] done in 256ms @ http://localhost:3000/_next/static/chunks/0brk_next_dist_0dm07mh._.js:776
[  915026ms] [LOG] [Fast Refresh] done in 256ms @ http://localhost:3000/_next/static/chunks/0brk_next_dist_0dm07mh._.js:776
[  915105ms] [LOG] [Fast Refresh] done in 256ms @ http://localhost:3000/_next/static/chunks/0brk_next_dist_0dm07mh._.js:776
[  915167ms] [LOG] [Fast Refresh] done in 256ms @ http://localhost:3000/_next/static/chunks/0brk_next_dist_0dm07mh._.js:776
[  915217ms] [LOG] [Fast Refresh] done in 256ms @ http://localhost:3000/_next/static/chunks/0brk_next_dist_0dm07mh._.js:776
[  915304ms] [LOG] [Fast Refresh] done in 256ms @ http://localhost:3000/_next/static/chunks/0brk_next_dist_0dm07mh._.js:776
[  915375ms] [LOG] [Fast Refresh] done in 256ms @ http://localhost:3000/_next/static/chunks/0brk_next_dist_0dm07mh._.js:776
[  915757ms] [LOG] [Fast Refresh] done in 256ms @ http://localhost:3000/_next/static/chunks/0brk_next_dist_0dm07mh._.js:776
[  915927ms] [LOG] [Fast Refresh] done in 256ms @ http://localhost:3000/_next/static/chunks/0brk_next_dist_0dm07mh._.js:776
[  916086ms] [LOG] [Fast Refresh] done in 256ms @ http://localhost:3000/_next/static/chunks/0brk_next_dist_0dm07mh._.js:776
[  916162ms] [LOG] [Fast Refresh] done in 256ms @ http://localhost:3000/_next/static/chunks/0brk_next_dist_0dm07mh._.js:776
[  916239ms] [LOG] [Fast Refresh] done in 256ms @ http://localhost:3000/_next/static/chunks/0brk_next_dist_0dm07mh._.js:776
[  916293ms] [LOG] [Fast Refresh] done in 256ms @ http://localhost:3000/_next/static/chunks/0brk_next_dist_0dm07mh._.js:776
[  916350ms] [LOG] [Fast Refresh] done in 256ms @ http://localhost:3000/_next/static/chunks/0brk_next_dist_0dm07mh._.js:776
[  916407ms] [LOG] [Fast Refresh] done in 256ms @ http://localhost:3000/_next/static/chunks/0brk_next_dist_0dm07mh._.js:776
[  916467ms] [LOG] [Fast Refresh] done in 256ms @ http://localhost:3000/_next/static/chunks/0brk_next_dist_0dm07mh._.js:776
[  916529ms] [LOG] [Fast Refresh] done in 256ms @ http://localhost:3000/_next/static/chunks/0brk_next_dist_0dm07mh._.js:776
[  916587ms] [LOG] [Fast Refresh] done in 256ms @ http://localhost:3000/_next/static/chunks/0brk_next_dist_0dm07mh._.js:776
[  916649ms] [LOG] [Fast Refresh] done in 256ms @ http://localhost:3000/_next/static/chunks/0brk_next_dist_0dm07mh._.js:776
[  916705ms] [LOG] [Fast Refresh] done in 256ms @ http://localhost:3000/_next/static/chunks/0brk_next_dist_0dm07mh._.js:776
[  916762ms] [LOG] [Fast Refresh] done in 256ms @ http://localhost:3000/_next/static/chunks/0brk_next_dist_0dm07mh._.js:776
[  916829ms] [LOG] [Fast Refresh] done in 256ms @ http://localhost:3000/_next/static/chunks/0brk_next_dist_0dm07mh._.js:776
[  916889ms] [LOG] [Fast Refresh] done in 256ms @ http://localhost:3000/_next/static/chunks/0brk_next_dist_0dm07mh._.js:776
[  916950ms] [LOG] [Fast Refresh] done in 256ms @ http://localhost:3000/_next/static/chunks/0brk_next_dist_0dm07mh._.js:776
[  916998ms] [LOG] [Fast Refresh] done in 256ms @ http://localhost:3000/_next/static/chunks/0brk_next_dist_0dm07mh._.js:776
[  917054ms] [LOG] [Fast Refresh] done in 256ms @ http://localhost:3000/_next/static/chunks/0brk_next_dist_0dm07mh._.js:776
[  917113ms] [LOG] [Fast Refresh] done in 256ms @ http://localhost:3000/_next/static/chunks/0brk_next_dist_0dm07mh._.js:776
[  917163ms] [LOG] [Fast Refresh] done in 256ms @ http://localhost:3000/_next/static/chunks/0brk_next_dist_0dm07mh._.js:776
[  917218ms] [LOG] [Fast Refresh] done in 256ms @ http://localhost:3000/_next/static/chunks/0brk_next_dist_0dm07mh._.js:776
[  917297ms] [LOG] [Fast Refresh] done in 256ms @ http://localhost:3000/_next/static/chunks/0brk_next_dist_0dm07mh._.js:776
[  917388ms] [LOG] [Fast Refresh] done in 256ms @ http://localhost:3000/_next/static/chunks/0brk_next_dist_0dm07mh._.js:776
[  917480ms] [LOG] [Fast Refresh] done in 256ms @ http://localhost:3000/_next/static/chunks/0brk_next_dist_0dm07mh._.js:776
[  917613ms] [LOG] [Fast Refresh] done in 256ms @ http://localhost:3000/_next/static/chunks/0brk_next_dist_0dm07mh._.js:776
[  917691ms] [LOG] [Fast Refresh] done in 256ms @ http://localhost:3000/_next/static/chunks/0brk_next_dist_0dm07mh._.js:776
[  917763ms] [LOG] [Fast Refresh] done in 256ms @ http://localhost:3000/_next/static/chunks/0brk_next_dist_0dm07mh._.js:776
[  918204ms] [LOG] [Fast Refresh] done in 256ms @ http://localhost:3000/_next/static/chunks/0brk_next_dist_0dm07mh._.js:776
[  918284ms] [LOG] [Fast Refresh] done in 256ms @ http://localhost:3000/_next/static/chunks/0brk_next_dist_0dm07mh._.js:776
[  918343ms] [LOG] [Fast Refresh] done in 256ms @ http://localhost:3000/_next/static/chunks/0brk_next_dist_0dm07mh._.js:776
[  918413ms] [LOG] [Fast Refresh] done in 256ms @ http://localhost:3000/_next/static/chunks/0brk_next_dist_0dm07mh._.js:776
[  918465ms] [LOG] [Fast Refresh] done in 256ms @ http://localhost:3000/_next/static/chunks/0brk_next_dist_0dm07mh._.js:776
[  918528ms] [LOG] [Fast Refresh] done in 256ms @ http://localhost:3000/_next/static/chunks/0brk_next_dist_0dm07mh._.js:776
[  918580ms] [LOG] [Fast Refresh] done in 256ms @ http://localhost:3000/_next/static/chunks/0brk_next_dist_0dm07mh._.js:776
[  918640ms] [LOG] [Fast Refresh] done in 256ms @ http://localhost:3000/_next/static/chunks/0brk_next_dist_0dm07mh._.js:776
[  918695ms] [LOG] [Fast Refresh] done in 256ms @ http://localhost:3000/_next/static/chunks/0brk_next_dist_0dm07mh._.js:776
[  918756ms] [LOG] [Fast Refresh] done in 256ms @ http://localhost:3000/_next/static/chunks/0brk_next_dist_0dm07mh._.js:776
[  918819ms] [LOG] [Fast Refresh] done in 256ms @ http://localhost:3000/_next/static/chunks/0brk_next_dist_0dm07mh._.js:776
[  918881ms] [LOG] [Fast Refresh] done in 256ms @ http://localhost:3000/_next/static/chunks/0brk_next_dist_0dm07mh._.js:776
[  918933ms] [LOG] [Fast Refresh] done in 256ms @ http://localhost:3000/_next/static/chunks/0brk_next_dist_0dm07mh._.js:776
[  918994ms] [LOG] [Fast Refresh] done in 256ms @ http://localhost:3000/_next/static/chunks/0brk_next_dist_0dm07mh._.js:776
[  919056ms] [LOG] [Fast Refresh] done in 256ms @ http://localhost:3000/_next/static/chunks/0brk_next_dist_0dm07mh._.js:776
[  919117ms] [LOG] [Fast Refresh] done in 256ms @ http://localhost:3000/_next/static/chunks/0brk_next_dist_0dm07mh._.js:776
[  919166ms] [LOG] [Fast Refresh] done in 256ms @ http://localhost:3000/_next/static/chunks/0brk_next_dist_0dm07mh._.js:776
[  919229ms] [LOG] [Fast Refresh] done in 256ms @ http://localhost:3000/_next/static/chunks/0brk_next_dist_0dm07mh._.js:776
[  919281ms] [LOG] [Fast Refresh] done in 256ms @ http://localhost:3000/_next/static/chunks/0brk_next_dist_0dm07mh._.js:776
[  919364ms] [LOG] [Fast Refresh] done in 256ms @ http://localhost:3000/_next/static/chunks/0brk_next_dist_0dm07mh._.js:776
[  919444ms] [LOG] [Fast Refresh] done in 256ms @ http://localhost:3000/_next/static/chunks/0brk_next_dist_0dm07mh._.js:776
[  919946ms] [LOG] [Fast Refresh] done in 256ms @ http://localhost:3000/_next/static/chunks/0brk_next_dist_0dm07mh._.js:776
[  920030ms] [LOG] [Fast Refresh] done in 256ms @ http://localhost:3000/_next/static/chunks/0brk_next_dist_0dm07mh._.js:776
[  920331ms] [LOG] [Fast Refresh] done in 256ms @ http://localhost:3000/_next/static/chunks/0brk_next_dist_0dm07mh._.js:776
[  920401ms] [LOG] [Fast Refresh] done in 256ms @ http://localhost:3000/_next/static/chunks/0brk_next_dist_0dm07mh._.js:776
[  920463ms] [LOG] [Fast Refresh] done in 256ms @ http://localhost:3000/_next/static/chunks/0brk_next_dist_0dm07mh._.js:776
[  920531ms] [LOG] [Fast Refresh] done in 256ms @ http://localhost:3000/_next/static/chunks/0brk_next_dist_0dm07mh._.js:776
[  920593ms] [LOG] [Fast Refresh] done in 256ms @ http://localhost:3000/_next/static/chunks/0brk_next_dist_0dm07mh._.js:776
[  920643ms] [LOG] [Fast Refresh] done in 256ms @ http://localhost:3000/_next/static/chunks/0brk_next_dist_0dm07mh._.js:776
[  920702ms] [LOG] [Fast Refresh] done in 256ms @ http://localhost:3000/_next/static/chunks/0brk_next_dist_0dm07mh._.js:776
[  920853ms] [LOG] [Fast Refresh] done in 256ms @ http://localhost:3000/_next/static/chunks/0brk_next_dist_0dm07mh._.js:776
[  921286ms] [LOG] [Fast Refresh] done in 256ms @ http://localhost:3000/_next/static/chunks/0brk_next_dist_0dm07mh._.js:776
[  921629ms] [LOG] [Fast Refresh] done in 256ms @ http://localhost:3000/_next/static/chunks/0brk_next_dist_0dm07mh._.js:776
[  921696ms] [LOG] [Fast Refresh] done in 256ms @ http://localhost:3000/_next/static/chunks/0brk_next_dist_0dm07mh._.js:776
[  921757ms] [LOG] [Fast Refresh] done in 256ms @ http://localhost:3000/_next/static/chunks/0brk_next_dist_0dm07mh._.js:776
[  921815ms] [LOG] [Fast Refresh] done in 256ms @ http://localhost:3000/_next/static/chunks/0brk_next_dist_0dm07mh._.js:776
[  921867ms] [LOG] [Fast Refresh] done in 256ms @ http://localhost:3000/_next/static/chunks/0brk_next_dist_0dm07mh._.js:776
[  921920ms] [LOG] [Fast Refresh] done in 256ms @ http://localhost:3000/_next/static/chunks/0brk_next_dist_0dm07mh._.js:776
[  921970ms] [LOG] [Fast Refresh] done in 256ms @ http://localhost:3000/_next/static/chunks/0brk_next_dist_0dm07mh._.js:776
[  922031ms] [LOG] [Fast Refresh] done in 256ms @ http://localhost:3000/_next/static/chunks/0brk_next_dist_0dm07mh._.js:776
[  922094ms] [LOG] [Fast Refresh] done in 256ms @ http://localhost:3000/_next/static/chunks/0brk_next_dist_0dm07mh._.js:776
[  922150ms] [LOG] [Fast Refresh] done in 256ms @ http://localhost:3000/_next/static/chunks/0brk_next_dist_0dm07mh._.js:776
[  922197ms] [LOG] [Fast Refresh] done in 256ms @ http://localhost:3000/_next/static/chunks/0brk_next_dist_0dm07mh._.js:776
[  922250ms] [LOG] [Fast Refresh] done in 256ms @ http://localhost:3000/_next/static/chunks/0brk_next_dist_0dm07mh._.js:776
[  922314ms] [LOG] [Fast Refresh] done in 256ms @ http://localhost:3000/_next/static/chunks/0brk_next_dist_0dm07mh._.js:776
[  922374ms] [LOG] [Fast Refresh] done in 256ms @ http://localhost:3000/_next/static/chunks/0brk_next_dist_0dm07mh._.js:776
[  922425ms] [LOG] [Fast Refresh] done in 256ms @ http://localhost:3000/_next/static/chunks/0brk_next_dist_0dm07mh._.js:776
[  922475ms] [LOG] [Fast Refresh] done in 256ms @ http://localhost:3000/_next/static/chunks/0brk_next_dist_0dm07mh._.js:776
[  922533ms] [LOG] [Fast Refresh] done in 256ms @ http://localhost:3000/_next/static/chunks/0brk_next_dist_0dm07mh._.js:776
[  922590ms] [LOG] [Fast Refresh] done in 256ms @ http://localhost:3000/_next/static/chunks/0brk_next_dist_0dm07mh._.js:776
[  922633ms] [LOG] [Fast Refresh] done in 256ms @ http://localhost:3000/_next/static/chunks/0brk_next_dist_0dm07mh._.js:776
[  922683ms] [LOG] [Fast Refresh] done in 256ms @ http://localhost:3000/_next/static/chunks/0brk_next_dist_0dm07mh._.js:776
[  922736ms] [LOG] [Fast Refresh] done in 256ms @ http://localhost:3000/_next/static/chunks/0brk_next_dist_0dm07mh._.js:776
[  922798ms] [LOG] [Fast Refresh] done in 256ms @ http://localhost:3000/_next/static/chunks/0brk_next_dist_0dm07mh._.js:776
[  922847ms] [LOG] [Fast Refresh] done in 256ms @ http://localhost:3000/_next/static/chunks/0brk_next_dist_0dm07mh._.js:776
[  922908ms] [LOG] [Fast Refresh] done in 256ms @ http://localhost:3000/_next/static/chunks/0brk_next_dist_0dm07mh._.js:776
[  922965ms] [LOG] [Fast Refresh] done in 256ms @ http://localhost:3000/_next/static/chunks/0brk_next_dist_0dm07mh._.js:776
[  923027ms] [LOG] [Fast Refresh] done in 256ms @ http://localhost:3000/_next/static/chunks/0brk_next_dist_0dm07mh._.js:776
[  923088ms] [LOG] [Fast Refresh] done in 256ms @ http://localhost:3000/_next/static/chunks/0brk_next_dist_0dm07mh._.js:776
[  923144ms] [LOG] [Fast Refresh] done in 256ms @ http://localhost:3000/_next/static/chunks/0brk_next_dist_0dm07mh._.js:776
[  923193ms] [LOG] [Fast Refresh] done in 256ms @ http://localhost:3000/_next/static/chunks/0brk_next_dist_0dm07mh._.js:776
[  923248ms] [LOG] [Fast Refresh] done in 256ms @ http://localhost:3000/_next/static/chunks/0brk_next_dist_0dm07mh._.js:776
[  923327ms] [LOG] [Fast Refresh] done in 256ms @ http://localhost:3000/_next/static/chunks/0brk_next_dist_0dm07mh._.js:776
[  923400ms] [LOG] [Fast Refresh] done in 256ms @ http://localhost:3000/_next/static/chunks/0brk_next_dist_0dm07mh._.js:776
[  923518ms] [LOG] [Fast Refresh] done in 256ms @ http://localhost:3000/_next/static/chunks/0brk_next_dist_0dm07mh._.js:776
[  923606ms] [LOG] [Fast Refresh] done in 256ms @ http://localhost:3000/_next/static/chunks/0brk_next_dist_0dm07mh._.js:776
[  923662ms] [LOG] [Fast Refresh] done in 256ms @ http://localhost:3000/_next/static/chunks/0brk_next_dist_0dm07mh._.js:776
[  923751ms] [LOG] [Fast Refresh] done in 256ms @ http://localhost:3000/_next/static/chunks/0brk_next_dist_0dm07mh._.js:776
[  923805ms] [LOG] [Fast Refresh] done in 256ms @ http://localhost:3000/_next/static/chunks/0brk_next_dist_0dm07mh._.js:776
[  923860ms] [LOG] [Fast Refresh] done in 256ms @ http://localhost:3000/_next/static/chunks/0brk_next_dist_0dm07mh._.js:776
[  923922ms] [LOG] [Fast Refresh] done in 256ms @ http://localhost:3000/_next/static/chunks/0brk_next_dist_0dm07mh._.js:776
[  923975ms] [LOG] [Fast Refresh] done in 256ms @ http://localhost:3000/_next/static/chunks/0brk_next_dist_0dm07mh._.js:776
[  924142ms] [LOG] [Fast Refresh] done in 256ms @ http://localhost:3000/_next/static/chunks/0brk_next_dist_0dm07mh._.js:776
[  924192ms] [LOG] [Fast Refresh] done in 256ms @ http://localhost:3000/_next/static/chunks/0brk_next_dist_0dm07mh._.js:776
[  924266ms] [LOG] [Fast Refresh] done in 256ms @ http://localhost:3000/_next/static/chunks/0brk_next_dist_0dm07mh._.js:776
[  924333ms] [LOG] [Fast Refresh] done in 256ms @ http://localhost:3000/_next/static/chunks/0brk_next_dist_0dm07mh._.js:776
[  924383ms] [LOG] [Fast Refresh] done in 256ms @ http://localhost:3000/_next/static/chunks/0brk_next_dist_0dm07mh._.js:776
[  924434ms] [LOG] [Fast Refresh] done in 256ms @ http://localhost:3000/_next/static/chunks/0brk_next_dist_0dm07mh._.js:776
[  924488ms] [LOG] [Fast Refresh] done in 256ms @ http://localhost:3000/_next/static/chunks/0brk_next_dist_0dm07mh._.js:776
[  924548ms] [LOG] [Fast Refresh] done in 256ms @ http://localhost:3000/_next/static/chunks/0brk_next_dist_0dm07mh._.js:776
[  924627ms] [LOG] [Fast Refresh] done in 256ms @ http://localhost:3000/_next/static/chunks/0brk_next_dist_0dm07mh._.js:776
[  924702ms] [LOG] [Fast Refresh] done in 256ms @ http://localhost:3000/_next/static/chunks/0brk_next_dist_0dm07mh._.js:776
[  924791ms] [LOG] [Fast Refresh] done in 256ms @ http://localhost:3000/_next/static/chunks/0brk_next_dist_0dm07mh._.js:776
[  924888ms] [LOG] [Fast Refresh] done in 256ms @ http://localhost:3000/_next/static/chunks/0brk_next_dist_0dm07mh._.js:776
[  924942ms] [LOG] [Fast Refresh] done in 256ms @ http://localhost:3000/_next/static/chunks/0brk_next_dist_0dm07mh._.js:776
[  924991ms] [LOG] [Fast Refresh] done in 256ms @ http://localhost:3000/_next/static/chunks/0brk_next_dist_0dm07mh._.js:776
[  925069ms] [LOG] [Fast Refresh] done in 256ms @ http://localhost:3000/_next/static/chunks/0brk_next_dist_0dm07mh._.js:776
[  925128ms] [LOG] [Fast Refresh] done in 256ms @ http://localhost:3000/_next/static/chunks/0brk_next_dist_0dm07mh._.js:776
[  925193ms] [LOG] [Fast Refresh] done in 256ms @ http://localhost:3000/_next/static/chunks/0brk_next_dist_0dm07mh._.js:776
[  925268ms] [LOG] [Fast Refresh] done in 256ms @ http://localhost:3000/_next/static/chunks/0brk_next_dist_0dm07mh._.js:776
[  925331ms] [LOG] [Fast Refresh] done in 256ms @ http://localhost:3000/_next/static/chunks/0brk_next_dist_0dm07mh._.js:776
[  925390ms] [LOG] [Fast Refresh] done in 256ms @ http://localhost:3000/_next/static/chunks/0brk_next_dist_0dm07mh._.js:776
[  925454ms] [LOG] [Fast Refresh] done in 256ms @ http://localhost:3000/_next/static/chunks/0brk_next_dist_0dm07mh._.js:776
[  925529ms] [LOG] [Fast Refresh] done in 256ms @ http://localhost:3000/_next/static/chunks/0brk_next_dist_0dm07mh._.js:776
[  925670ms] [LOG] [Fast Refresh] done in 256ms @ http://localhost:3000/_next/static/chunks/0brk_next_dist_0dm07mh._.js:776
[  925718ms] [LOG] [Fast Refresh] done in 256ms @ http://localhost:3000/_next/static/chunks/0brk_next_dist_0dm07mh._.js:776
[  925769ms] [LOG] [Fast Refresh] done in 256ms @ http://localhost:3000/_next/static/chunks/0brk_next_dist_0dm07mh._.js:776
[  925839ms] [LOG] [Fast Refresh] done in 256ms @ http://localhost:3000/_next/static/chunks/0brk_next_dist_0dm07mh._.js:776
[  925902ms] [LOG] [Fast Refresh] done in 256ms @ http://localhost:3000/_next/static/chunks/0brk_next_dist_0dm07mh._.js:776
[  925970ms] [LOG] [Fast Refresh] done in 256ms @ http://localhost:3000/_next/static/chunks/0brk_next_dist_0dm07mh._.js:776
[  926030ms] [LOG] [Fast Refresh] done in 256ms @ http://localhost:3000/_next/static/chunks/0brk_next_dist_0dm07mh._.js:776
[  926088ms] [LOG] [Fast Refresh] done in 256ms @ http://localhost:3000/_next/static/chunks/0brk_next_dist_0dm07mh._.js:776
[  926169ms] [LOG] [Fast Refresh] done in 256ms @ http://localhost:3000/_next/static/chunks/0brk_next_dist_0dm07mh._.js:776
[  926226ms] [LOG] [Fast Refresh] done in 256ms @ http://localhost:3000/_next/static/chunks/0brk_next_dist_0dm07mh._.js:776
[  926286ms] [LOG] [Fast Refresh] done in 256ms @ http://localhost:3000/_next/static/chunks/0brk_next_dist_0dm07mh._.js:776
[  926901ms] [LOG] [Fast Refresh] done in 256ms @ http://localhost:3000/_next/static/chunks/0brk_next_dist_0dm07mh._.js:776
[  927312ms] [LOG] [Fast Refresh] done in 256ms @ http://localhost:3000/_next/static/chunks/0brk_next_dist_0dm07mh._.js:776
[  927404ms] [LOG] [Fast Refresh] done in 256ms @ http://localhost:3000/_next/static/chunks/0brk_next_dist_0dm07mh._.js:776
[  927457ms] [LOG] [Fast Refresh] done in 256ms @ http://localhost:3000/_next/static/chunks/0brk_next_dist_0dm07mh._.js:776
[  927531ms] [LOG] [Fast Refresh] done in 256ms @ http://localhost:3000/_next/static/chunks/0brk_next_dist_0dm07mh._.js:776
[  927614ms] [LOG] [Fast Refresh] done in 256ms @ http://localhost:3000/_next/static/chunks/0brk_next_dist_0dm07mh._.js:776
[  927675ms] [LOG] [Fast Refresh] done in 256ms @ http://localhost:3000/_next/static/chunks/0brk_next_dist_0dm07mh._.js:776
[  927844ms] [LOG] [Fast Refresh] done in 256ms @ http://localhost:3000/_next/static/chunks/0brk_next_dist_0dm07mh._.js:776
[  927983ms] [LOG] [Fast Refresh] done in 256ms @ http://localhost:3000/_next/static/chunks/0brk_next_dist_0dm07mh._.js:776
[  928091ms] [LOG] [Fast Refresh] done in 256ms @ http://localhost:3000/_next/static/chunks/0brk_next_dist_0dm07mh._.js:776
[  928192ms] [LOG] [Fast Refresh] done in 256ms @ http://localhost:3000/_next/static/chunks/0brk_next_dist_0dm07mh._.js:776
[  928286ms] [LOG] [Fast Refresh] done in 256ms @ http://localhost:3000/_next/static/chunks/0brk_next_dist_0dm07mh._.js:776
[  928355ms] [LOG] [Fast Refresh] done in 256ms @ http://localhost:3000/_next/static/chunks/0brk_next_dist_0dm07mh._.js:776
[  928406ms] [LOG] [Fast Refresh] done in 256ms @ http://localhost:3000/_next/static/chunks/0brk_next_dist_0dm07mh._.js:776
[  928513ms] [LOG] [Fast Refresh] done in 256ms @ http://localhost:3000/_next/static/chunks/0brk_next_dist_0dm07mh._.js:776
[  928594ms] [LOG] [Fast Refresh] done in 256ms @ http://localhost:3000/_next/static/chunks/0brk_next_dist_0dm07mh._.js:776
[  928664ms] [LOG] [Fast Refresh] done in 256ms @ http://localhost:3000/_next/static/chunks/0brk_next_dist_0dm07mh._.js:776
[  928737ms] [LOG] [Fast Refresh] done in 256ms @ http://localhost:3000/_next/static/chunks/0brk_next_dist_0dm07mh._.js:776
[  928783ms] [LOG] [Fast Refresh] done in 256ms @ http://localhost:3000/_next/static/chunks/0brk_next_dist_0dm07mh._.js:776
[  928853ms] [LOG] [Fast Refresh] done in 256ms @ http://localhost:3000/_next/static/chunks/0brk_next_dist_0dm07mh._.js:776
[  928919ms] [LOG] [Fast Refresh] done in 256ms @ http://localhost:3000/_next/static/chunks/0brk_next_dist_0dm07mh._.js:776
[  928981ms] [LOG] [Fast Refresh] done in 256ms @ http://localhost:3000/_next/static/chunks/0brk_next_dist_0dm07mh._.js:776
[  929042ms] [LOG] [Fast Refresh] done in 256ms @ http://localhost:3000/_next/static/chunks/0brk_next_dist_0dm07mh._.js:776
[  929104ms] [LOG] [Fast Refresh] done in 256ms @ http://localhost:3000/_next/static/chunks/0brk_next_dist_0dm07mh._.js:776
[  929152ms] [LOG] [Fast Refresh] done in 256ms @ http://localhost:3000/_next/static/chunks/0brk_next_dist_0dm07mh._.js:776
[  929205ms] [LOG] [Fast Refresh] done in 256ms @ http://localhost:3000/_next/static/chunks/0brk_next_dist_0dm07mh._.js:776
[  929264ms] [LOG] [Fast Refresh] done in 256ms @ http://localhost:3000/_next/static/chunks/0brk_next_dist_0dm07mh._.js:776
[  929326ms] [LOG] [Fast Refresh] done in 256ms @ http://localhost:3000/_next/static/chunks/0brk_next_dist_0dm07mh._.js:776
[  929383ms] [LOG] [Fast Refresh] done in 256ms @ http://localhost:3000/_next/static/chunks/0brk_next_dist_0dm07mh._.js:776
[  929448ms] [LOG] [Fast Refresh] done in 256ms @ http://localhost:3000/_next/static/chunks/0brk_next_dist_0dm07mh._.js:776
[  929501ms] [LOG] [Fast Refresh] done in 256ms @ http://localhost:3000/_next/static/chunks/0brk_next_dist_0dm07mh._.js:776
[  929562ms] [LOG] [Fast Refresh] done in 256ms @ http://localhost:3000/_next/static/chunks/0brk_next_dist_0dm07mh._.js:776
[  929670ms] [LOG] [Fast Refresh] done in 256ms @ http://localhost:3000/_next/static/chunks/0brk_next_dist_0dm07mh._.js:776
[  929732ms] [LOG] [Fast Refresh] done in 256ms @ http://localhost:3000/_next/static/chunks/0brk_next_dist_0dm07mh._.js:776
[  929780ms] [LOG] [Fast Refresh] done in 256ms @ http://localhost:3000/_next/static/chunks/0brk_next_dist_0dm07mh._.js:776
[  929892ms] [LOG] [Fast Refresh] rebuilding @ http://localhost:3000/_next/static/chunks/0brk_next_dist_0dm07mh._.js:776
[  929983ms] [LOG] [Fast Refresh] done in 6ms @ http://localhost:3000/_next/static/chunks/0brk_next_dist_0dm07mh._.js:776
[  930050ms] [LOG] [Fast Refresh] done in 6ms @ http://localhost:3000/_next/static/chunks/0brk_next_dist_0dm07mh._.js:776
[  930113ms] [LOG] [Fast Refresh] done in 6ms @ http://localhost:3000/_next/static/chunks/0brk_next_dist_0dm07mh._.js:776
[  930162ms] [LOG] [Fast Refresh] done in 6ms @ http://localhost:3000/_next/static/chunks/0brk_next_dist_0dm07mh._.js:776
[  930223ms] [LOG] [Fast Refresh] done in 6ms @ http://localhost:3000/_next/static/chunks/0brk_next_dist_0dm07mh._.js:776
[  930281ms] [LOG] [Fast Refresh] done in 6ms @ http://localhost:3000/_next/static/chunks/0brk_next_dist_0dm07mh._.js:776
[  930332ms] [LOG] [Fast Refresh] done in 6ms @ http://localhost:3000/_next/static/chunks/0brk_next_dist_0dm07mh._.js:776
[  930394ms] [LOG] [Fast Refresh] done in 6ms @ http://localhost:3000/_next/static/chunks/0brk_next_dist_0dm07mh._.js:776
[  930443ms] [LOG] [Fast Refresh] done in 6ms @ http://localhost:3000/_next/static/chunks/0brk_next_dist_0dm07mh._.js:776
[  930482ms] [LOG] [Fast Refresh] done in 6ms @ http://localhost:3000/_next/static/chunks/0brk_next_dist_0dm07mh._.js:776
[  930545ms] [LOG] [Fast Refresh] done in 6ms @ http://localhost:3000/_next/static/chunks/0brk_next_dist_0dm07mh._.js:776
[  930608ms] [LOG] [Fast Refresh] done in 6ms @ http://localhost:3000/_next/static/chunks/0brk_next_dist_0dm07mh._.js:776
[  930665ms] [LOG] [Fast Refresh] done in 6ms @ http://localhost:3000/_next/static/chunks/0brk_next_dist_0dm07mh._.js:776
[  930715ms] [LOG] [Fast Refresh] done in 6ms @ http://localhost:3000/_next/static/chunks/0brk_next_dist_0dm07mh._.js:776
[  930763ms] [LOG] [Fast Refresh] done in 6ms @ http://localhost:3000/_next/static/chunks/0brk_next_dist_0dm07mh._.js:776
[  930826ms] [LOG] [Fast Refresh] done in 6ms @ http://localhost:3000/_next/static/chunks/0brk_next_dist_0dm07mh._.js:776
[  930882ms] [LOG] [Fast Refresh] done in 6ms @ http://localhost:3000/_next/static/chunks/0brk_next_dist_0dm07mh._.js:776
[  930945ms] [LOG] [Fast Refresh] done in 6ms @ http://localhost:3000/_next/static/chunks/0brk_next_dist_0dm07mh._.js:776
[  930993ms] [LOG] [Fast Refresh] done in 6ms @ http://localhost:3000/_next/static/chunks/0brk_next_dist_0dm07mh._.js:776
[  931056ms] [LOG] [Fast Refresh] done in 6ms @ http://localhost:3000/_next/static/chunks/0brk_next_dist_0dm07mh._.js:776
[  931117ms] [LOG] [Fast Refresh] done in 6ms @ http://localhost:3000/_next/static/chunks/0brk_next_dist_0dm07mh._.js:776
[  931167ms] [LOG] [Fast Refresh] done in 6ms @ http://localhost:3000/_next/static/chunks/0brk_next_dist_0dm07mh._.js:776
[  931228ms] [LOG] [Fast Refresh] done in 6ms @ http://localhost:3000/_next/static/chunks/0brk_next_dist_0dm07mh._.js:776
[  931282ms] [LOG] [Fast Refresh] done in 6ms @ http://localhost:3000/_next/static/chunks/0brk_next_dist_0dm07mh._.js:776
[  931349ms] [LOG] [Fast Refresh] done in 6ms @ http://localhost:3000/_next/static/chunks/0brk_next_dist_0dm07mh._.js:776
[  931399ms] [LOG] [Fast Refresh] done in 6ms @ http://localhost:3000/_next/static/chunks/0brk_next_dist_0dm07mh._.js:776
[  931449ms] [LOG] [Fast Refresh] done in 6ms @ http://localhost:3000/_next/static/chunks/0brk_next_dist_0dm07mh._.js:776
[  931504ms] [LOG] [Fast Refresh] done in 6ms @ http://localhost:3000/_next/static/chunks/0brk_next_dist_0dm07mh._.js:776
[  931585ms] [LOG] [Fast Refresh] done in 6ms @ http://localhost:3000/_next/static/chunks/0brk_next_dist_0dm07mh._.js:776
[  931679ms] [LOG] [Fast Refresh] done in 6ms @ http://localhost:3000/_next/static/chunks/0brk_next_dist_0dm07mh._.js:776
[  931730ms] [LOG] [Fast Refresh] done in 6ms @ http://localhost:3000/_next/static/chunks/0brk_next_dist_0dm07mh._.js:776
[  931810ms] [LOG] [Fast Refresh] done in 6ms @ http://localhost:3000/_next/static/chunks/0brk_next_dist_0dm07mh._.js:776
[  932492ms] [LOG] [Fast Refresh] done in 6ms @ http://localhost:3000/_next/static/chunks/0brk_next_dist_0dm07mh._.js:776
[  932560ms] [LOG] [Fast Refresh] done in 6ms @ http://localhost:3000/_next/static/chunks/0brk_next_dist_0dm07mh._.js:776
[  932651ms] [LOG] [Fast Refresh] done in 6ms @ http://localhost:3000/_next/static/chunks/0brk_next_dist_0dm07mh._.js:776
[  932740ms] [LOG] [Fast Refresh] done in 6ms @ http://localhost:3000/_next/static/chunks/0brk_next_dist_0dm07mh._.js:776
[  932896ms] [LOG] [Fast Refresh] done in 6ms @ http://localhost:3000/_next/static/chunks/0brk_next_dist_0dm07mh._.js:776
[  933028ms] [LOG] [Fast Refresh] done in 6ms @ http://localhost:3000/_next/static/chunks/0brk_next_dist_0dm07mh._.js:776
[  933139ms] [LOG] [Fast Refresh] done in 6ms @ http://localhost:3000/_next/static/chunks/0brk_next_dist_0dm07mh._.js:776
[  933242ms] [LOG] [Fast Refresh] done in 6ms @ http://localhost:3000/_next/static/chunks/0brk_next_dist_0dm07mh._.js:776
[  933316ms] [LOG] [Fast Refresh] done in 6ms @ http://localhost:3000/_next/static/chunks/0brk_next_dist_0dm07mh._.js:776
[  933525ms] [LOG] [Fast Refresh] done in 6ms @ http://localhost:3000/_next/static/chunks/0brk_next_dist_0dm07mh._.js:776
[  933708ms] [LOG] [Fast Refresh] done in 6ms @ http://localhost:3000/_next/static/chunks/0brk_next_dist_0dm07mh._.js:776
[  933823ms] [LOG] [Fast Refresh] done in 6ms @ http://localhost:3000/_next/static/chunks/0brk_next_dist_0dm07mh._.js:776
[  933888ms] [LOG] [Fast Refresh] done in 6ms @ http://localhost:3000/_next/static/chunks/0brk_next_dist_0dm07mh._.js:776
[  933950ms] [LOG] [Fast Refresh] done in 6ms @ http://localhost:3000/_next/static/chunks/0brk_next_dist_0dm07mh._.js:776
[  934012ms] [LOG] [Fast Refresh] done in 6ms @ http://localhost:3000/_next/static/chunks/0brk_next_dist_0dm07mh._.js:776
[  934073ms] [LOG] [Fast Refresh] done in 6ms @ http://localhost:3000/_next/static/chunks/0brk_next_dist_0dm07mh._.js:776
[  934136ms] [LOG] [Fast Refresh] done in 6ms @ http://localhost:3000/_next/static/chunks/0brk_next_dist_0dm07mh._.js:776
[  934212ms] [LOG] [Fast Refresh] done in 6ms @ http://localhost:3000/_next/static/chunks/0brk_next_dist_0dm07mh._.js:776
[  934288ms] [LOG] [Fast Refresh] done in 6ms @ http://localhost:3000/_next/static/chunks/0brk_next_dist_0dm07mh._.js:776
[  934351ms] [LOG] [Fast Refresh] done in 6ms @ http://localhost:3000/_next/static/chunks/0brk_next_dist_0dm07mh._.js:776
[  934405ms] [LOG] [Fast Refresh] done in 6ms @ http://localhost:3000/_next/static/chunks/0brk_next_dist_0dm07mh._.js:776
[  934493ms] [LOG] [Fast Refresh] done in 6ms @ http://localhost:3000/_next/static/chunks/0brk_next_dist_0dm07mh._.js:776
[  934549ms] [LOG] [Fast Refresh] done in 6ms @ http://localhost:3000/_next/static/chunks/0brk_next_dist_0dm07mh._.js:776
[  934603ms] [LOG] [Fast Refresh] done in 6ms @ http://localhost:3000/_next/static/chunks/0brk_next_dist_0dm07mh._.js:776
[  934668ms] [LOG] [Fast Refresh] done in 6ms @ http://localhost:3000/_next/static/chunks/0brk_next_dist_0dm07mh._.js:776
[  934729ms] [LOG] [Fast Refresh] done in 6ms @ http://localhost:3000/_next/static/chunks/0brk_next_dist_0dm07mh._.js:776
[  934799ms] [LOG] [Fast Refresh] done in 6ms @ http://localhost:3000/_next/static/chunks/0brk_next_dist_0dm07mh._.js:776
[  934850ms] [LOG] [Fast Refresh] done in 6ms @ http://localhost:3000/_next/static/chunks/0brk_next_dist_0dm07mh._.js:776
[  934911ms] [LOG] [Fast Refresh] done in 6ms @ http://localhost:3000/_next/static/chunks/0brk_next_dist_0dm07mh._.js:776
[  934961ms] [LOG] [Fast Refresh] done in 6ms @ http://localhost:3000/_next/static/chunks/0brk_next_dist_0dm07mh._.js:776
[  935023ms] [LOG] [Fast Refresh] done in 6ms @ http://localhost:3000/_next/static/chunks/0brk_next_dist_0dm07mh._.js:776
[  935076ms] [LOG] [Fast Refresh] done in 6ms @ http://localhost:3000/_next/static/chunks/0brk_next_dist_0dm07mh._.js:776
[  935139ms] [LOG] [Fast Refresh] done in 6ms @ http://localhost:3000/_next/static/chunks/0brk_next_dist_0dm07mh._.js:776
[  935202ms] [LOG] [Fast Refresh] done in 6ms @ http://localhost:3000/_next/static/chunks/0brk_next_dist_0dm07mh._.js:776
[  935262ms] [LOG] [Fast Refresh] done in 6ms @ http://localhost:3000/_next/static/chunks/0brk_next_dist_0dm07mh._.js:776
[  935324ms] [LOG] [Fast Refresh] done in 6ms @ http://localhost:3000/_next/static/chunks/0brk_next_dist_0dm07mh._.js:776
[  935373ms] [LOG] [Fast Refresh] done in 6ms @ http://localhost:3000/_next/static/chunks/0brk_next_dist_0dm07mh._.js:776
[  935435ms] [LOG] [Fast Refresh] done in 6ms @ http://localhost:3000/_next/static/chunks/0brk_next_dist_0dm07mh._.js:776
[  935497ms] [LOG] [Fast Refresh] done in 6ms @ http://localhost:3000/_next/static/chunks/0brk_next_dist_0dm07mh._.js:776
[  935561ms] [LOG] [Fast Refresh] done in 6ms @ http://localhost:3000/_next/static/chunks/0brk_next_dist_0dm07mh._.js:776
[  935623ms] [LOG] [Fast Refresh] done in 6ms @ http://localhost:3000/_next/static/chunks/0brk_next_dist_0dm07mh._.js:776
[  935683ms] [LOG] [Fast Refresh] done in 6ms @ http://localhost:3000/_next/static/chunks/0brk_next_dist_0dm07mh._.js:776
[  935750ms] [LOG] [Fast Refresh] done in 6ms @ http://localhost:3000/_next/static/chunks/0brk_next_dist_0dm07mh._.js:776
[  935809ms] [LOG] [Fast Refresh] done in 6ms @ http://localhost:3000/_next/static/chunks/0brk_next_dist_0dm07mh._.js:776
[  936272ms] [LOG] [Fast Refresh] done in 6ms @ http://localhost:3000/_next/static/chunks/0brk_next_dist_0dm07mh._.js:776
[  936414ms] [LOG] [Fast Refresh] done in 6ms @ http://localhost:3000/_next/static/chunks/0brk_next_dist_0dm07mh._.js:776
[  937461ms] [LOG] [Fast Refresh] done in 6ms @ http://localhost:3000/_next/static/chunks/0brk_next_dist_0dm07mh._.js:776
[  937972ms] [LOG] [Fast Refresh] done in 6ms @ http://localhost:3000/_next/static/chunks/0brk_next_dist_0dm07mh._.js:776
[  938239ms] [LOG] [Fast Refresh] done in 6ms @ http://localhost:3000/_next/static/chunks/0brk_next_dist_0dm07mh._.js:776
[  938452ms] [LOG] [Fast Refresh] done in 6ms @ http://localhost:3000/_next/static/chunks/0brk_next_dist_0dm07mh._.js:776
[  939295ms] [LOG] [Fast Refresh] done in 6ms @ http://localhost:3000/_next/static/chunks/0brk_next_dist_0dm07mh._.js:776
[  939370ms] [LOG] [Fast Refresh] done in 6ms @ http://localhost:3000/_next/static/chunks/0brk_next_dist_0dm07mh._.js:776
[  939431ms] [LOG] [Fast Refresh] done in 6ms @ http://localhost:3000/_next/static/chunks/0brk_next_dist_0dm07mh._.js:776
[  939478ms] [LOG] [Fast Refresh] done in 6ms @ http://localhost:3000/_next/static/chunks/0brk_next_dist_0dm07mh._.js:776
[  939540ms] [LOG] [Fast Refresh] done in 6ms @ http://localhost:3000/_next/static/chunks/0brk_next_dist_0dm07mh._.js:776
[  939687ms] [LOG] [Fast Refresh] done in 6ms @ http://localhost:3000/_next/static/chunks/0brk_next_dist_0dm07mh._.js:776
[  939774ms] [LOG] [Fast Refresh] done in 6ms @ http://localhost:3000/_next/static/chunks/0brk_next_dist_0dm07mh._.js:776
[  939985ms] [LOG] [Fast Refresh] done in 6ms @ http://localhost:3000/_next/static/chunks/0brk_next_dist_0dm07mh._.js:776
[  940303ms] [LOG] [Fast Refresh] done in 6ms @ http://localhost:3000/_next/static/chunks/0brk_next_dist_0dm07mh._.js:776
[  940401ms] [LOG] [Fast Refresh] done in 6ms @ http://localhost:3000/_next/static/chunks/0brk_next_dist_0dm07mh._.js:776
[  940450ms] [LOG] [Fast Refresh] done in 6ms @ http://localhost:3000/_next/static/chunks/0brk_next_dist_0dm07mh._.js:776
[  940505ms] [LOG] [Fast Refresh] done in 6ms @ http://localhost:3000/_next/static/chunks/0brk_next_dist_0dm07mh._.js:776
[  940704ms] [LOG] [Fast Refresh] done in 6ms @ http://localhost:3000/_next/static/chunks/0brk_next_dist_0dm07mh._.js:776
[  940863ms] [LOG] [Fast Refresh] done in 6ms @ http://localhost:3000/_next/static/chunks/0brk_next_dist_0dm07mh._.js:776
[  940930ms] [LOG] [Fast Refresh] done in 6ms @ http://localhost:3000/_next/static/chunks/0brk_next_dist_0dm07mh._.js:776
[  941164ms] [LOG] [Fast Refresh] done in 6ms @ http://localhost:3000/_next/static/chunks/0brk_next_dist_0dm07mh._.js:776
[  948055ms] [LOG] [Fast Refresh] done in 6ms @ http://localhost:3000/_next/static/chunks/0brk_next_dist_0dm07mh._.js:776
[  948135ms] [LOG] [Fast Refresh] done in 6ms @ http://localhost:3000/_next/static/chunks/0brk_next_dist_0dm07mh._.js:776
[  948206ms] [LOG] [Fast Refresh] done in 6ms @ http://localhost:3000/_next/static/chunks/0brk_next_dist_0dm07mh._.js:776
[  948266ms] [LOG] [Fast Refresh] done in 6ms @ http://localhost:3000/_next/static/chunks/0brk_next_dist_0dm07mh._.js:776
[  948382ms] [LOG] [Fast Refresh] done in 6ms @ http://localhost:3000/_next/static/chunks/0brk_next_dist_0dm07mh._.js:776
[  948590ms] [LOG] [Fast Refresh] done in 6ms @ http://localhost:3000/_next/static/chunks/0brk_next_dist_0dm07mh._.js:776
[  948644ms] [LOG] [Fast Refresh] done in 6ms @ http://localhost:3000/_next/static/chunks/0brk_next_dist_0dm07mh._.js:776
[  948740ms] [LOG] [Fast Refresh] done in 6ms @ http://localhost:3000/_next/static/chunks/0brk_next_dist_0dm07mh._.js:776
[  948804ms] [LOG] [Fast Refresh] done in 6ms @ http://localhost:3000/_next/static/chunks/0brk_next_dist_0dm07mh._.js:776
[  948863ms] [LOG] [Fast Refresh] done in 6ms @ http://localhost:3000/_next/static/chunks/0brk_next_dist_0dm07mh._.js:776
[  948929ms] [LOG] [Fast Refresh] done in 6ms @ http://localhost:3000/_next/static/chunks/0brk_next_dist_0dm07mh._.js:776
[  948989ms] [LOG] [Fast Refresh] done in 6ms @ http://localhost:3000/_next/static/chunks/0brk_next_dist_0dm07mh._.js:776
[  949046ms] [LOG] [Fast Refresh] done in 6ms @ http://localhost:3000/_next/static/chunks/0brk_next_dist_0dm07mh._.js:776
[  949108ms] [LOG] [Fast Refresh] done in 6ms @ http://localhost:3000/_next/static/chunks/0brk_next_dist_0dm07mh._.js:776
[  949221ms] [LOG] [Fast Refresh] done in 6ms @ http://localhost:3000/_next/static/chunks/0brk_next_dist_0dm07mh._.js:776
[  949275ms] [LOG] [Fast Refresh] done in 6ms @ http://localhost:3000/_next/static/chunks/0brk_next_dist_0dm07mh._.js:776
[  949346ms] [LOG] [Fast Refresh] done in 6ms @ http://localhost:3000/_next/static/chunks/0brk_next_dist_0dm07mh._.js:776
[  949463ms] [LOG] [Fast Refresh] done in 6ms @ http://localhost:3000/_next/static/chunks/0brk_next_dist_0dm07mh._.js:776
[  949526ms] [LOG] [Fast Refresh] done in 6ms @ http://localhost:3000/_next/static/chunks/0brk_next_dist_0dm07mh._.js:776
[  949655ms] [LOG] [Fast Refresh] done in 6ms @ http://localhost:3000/_next/static/chunks/0brk_next_dist_0dm07mh._.js:776
[  949728ms] [LOG] [Fast Refresh] done in 6ms @ http://localhost:3000/_next/static/chunks/0brk_next_dist_0dm07mh._.js:776
[  949909ms] [LOG] [Fast Refresh] done in 6ms @ http://localhost:3000/_next/static/chunks/0brk_next_dist_0dm07mh._.js:776
[  950463ms] [LOG] [Fast Refresh] done in 6ms @ http://localhost:3000/_next/static/chunks/0brk_next_dist_0dm07mh._.js:776
[  950522ms] [LOG] [Fast Refresh] done in 6ms @ http://localhost:3000/_next/static/chunks/0brk_next_dist_0dm07mh._.js:776
[  950585ms] [LOG] [Fast Refresh] done in 6ms @ http://localhost:3000/_next/static/chunks/0brk_next_dist_0dm07mh._.js:776
[  950661ms] [LOG] [Fast Refresh] done in 6ms @ http://localhost:3000/_next/static/chunks/0brk_next_dist_0dm07mh._.js:776
[  950759ms] [LOG] [Fast Refresh] done in 6ms @ http://localhost:3000/_next/static/chunks/0brk_next_dist_0dm07mh._.js:776
[  950892ms] [LOG] [Fast Refresh] done in 6ms @ http://localhost:3000/_next/static/chunks/0brk_next_dist_0dm07mh._.js:776
[  951587ms] [LOG] [Fast Refresh] done in 6ms @ http://localhost:3000/_next/static/chunks/0brk_next_dist_0dm07mh._.js:776
[  951697ms] [LOG] [Fast Refresh] done in 6ms @ http://localhost:3000/_next/static/chunks/0brk_next_dist_0dm07mh._.js:776
[  951774ms] [LOG] [Fast Refresh] done in 6ms @ http://localhost:3000/_next/static/chunks/0brk_next_dist_0dm07mh._.js:776
[  951973ms] [LOG] [Fast Refresh] done in 6ms @ http://localhost:3000/_next/static/chunks/0brk_next_dist_0dm07mh._.js:776
[  952327ms] [LOG] [Fast Refresh] done in 6ms @ http://localhost:3000/_next/static/chunks/0brk_next_dist_0dm07mh._.js:776
[  952489ms] [LOG] [Fast Refresh] done in 6ms @ http://localhost:3000/_next/static/chunks/0brk_next_dist_0dm07mh._.js:776
[  952717ms] [LOG] [Fast Refresh] done in 6ms @ http://localhost:3000/_next/static/chunks/0brk_next_dist_0dm07mh._.js:776
[  952816ms] [LOG] [Fast Refresh] done in 6ms @ http://localhost:3000/_next/static/chunks/0brk_next_dist_0dm07mh._.js:776
[  952879ms] [LOG] [Fast Refresh] done in 6ms @ http://localhost:3000/_next/static/chunks/0brk_next_dist_0dm07mh._.js:776
[  952945ms] [LOG] [Fast Refresh] done in 6ms @ http://localhost:3000/_next/static/chunks/0brk_next_dist_0dm07mh._.js:776
[  952992ms] [LOG] [Fast Refresh] done in 6ms @ http://localhost:3000/_next/static/chunks/0brk_next_dist_0dm07mh._.js:776
[  953110ms] [LOG] [Fast Refresh] done in 6ms @ http://localhost:3000/_next/static/chunks/0brk_next_dist_0dm07mh._.js:776
[  953280ms] [LOG] [Fast Refresh] done in 6ms @ http://localhost:3000/_next/static/chunks/0brk_next_dist_0dm07mh._.js:776
[  953438ms] [LOG] [Fast Refresh] done in 6ms @ http://localhost:3000/_next/static/chunks/0brk_next_dist_0dm07mh._.js:776
[  953581ms] [LOG] [Fast Refresh] done in 6ms @ http://localhost:3000/_next/static/chunks/0brk_next_dist_0dm07mh._.js:776
[  953688ms] [LOG] [Fast Refresh] done in 6ms @ http://localhost:3000/_next/static/chunks/0brk_next_dist_0dm07mh._.js:776
[  953817ms] [LOG] [Fast Refresh] done in 6ms @ http://localhost:3000/_next/static/chunks/0brk_next_dist_0dm07mh._.js:776
[  953942ms] [LOG] [Fast Refresh] done in 6ms @ http://localhost:3000/_next/static/chunks/0brk_next_dist_0dm07mh._.js:776
[  953985ms] [LOG] [Fast Refresh] done in 6ms @ http://localhost:3000/_next/static/chunks/0brk_next_dist_0dm07mh._.js:776
[  954148ms] [LOG] [Fast Refresh] done in 6ms @ http://localhost:3000/_next/static/chunks/0brk_next_dist_0dm07mh._.js:776
[  954603ms] [LOG] [Fast Refresh] done in 6ms @ http://localhost:3000/_next/static/chunks/0brk_next_dist_0dm07mh._.js:776
[  954719ms] [LOG] [Fast Refresh] done in 6ms @ http://localhost:3000/_next/static/chunks/0brk_next_dist_0dm07mh._.js:776
[  954838ms] [LOG] [Fast Refresh] done in 6ms @ http://localhost:3000/_next/static/chunks/0brk_next_dist_0dm07mh._.js:776
[  954873ms] [LOG] [Fast Refresh] done in 6ms @ http://localhost:3000/_next/static/chunks/0brk_next_dist_0dm07mh._.js:776
[  954975ms] [LOG] [Fast Refresh] done in 6ms @ http://localhost:3000/_next/static/chunks/0brk_next_dist_0dm07mh._.js:776
[  955294ms] [LOG] [Fast Refresh] done in 6ms @ http://localhost:3000/_next/static/chunks/0brk_next_dist_0dm07mh._.js:776
[  955599ms] [LOG] [Fast Refresh] done in 6ms @ http://localhost:3000/_next/static/chunks/0brk_next_dist_0dm07mh._.js:776
[  955748ms] [LOG] [Fast Refresh] done in 6ms @ http://localhost:3000/_next/static/chunks/0brk_next_dist_0dm07mh._.js:776
[  955973ms] [LOG] [Fast Refresh] done in 6ms @ http://localhost:3000/_next/static/chunks/0brk_next_dist_0dm07mh._.js:776
[  956254ms] [LOG] [Fast Refresh] done in 6ms @ http://localhost:3000/_next/static/chunks/0brk_next_dist_0dm07mh._.js:776
[  956329ms] [LOG] [Fast Refresh] done in 6ms @ http://localhost:3000/_next/static/chunks/0brk_next_dist_0dm07mh._.js:776
[  956610ms] [LOG] [Fast Refresh] done in 6ms @ http://localhost:3000/_next/static/chunks/0brk_next_dist_0dm07mh._.js:776
[  956758ms] [LOG] [Fast Refresh] done in 6ms @ http://localhost:3000/_next/static/chunks/0brk_next_dist_0dm07mh._.js:776
[  956823ms] [LOG] [Fast Refresh] done in 6ms @ http://localhost:3000/_next/static/chunks/0brk_next_dist_0dm07mh._.js:776
[  956896ms] [LOG] [Fast Refresh] done in 6ms @ http://localhost:3000/_next/static/chunks/0brk_next_dist_0dm07mh._.js:776
[  956953ms] [LOG] [Fast Refresh] done in 6ms @ http://localhost:3000/_next/static/chunks/0brk_next_dist_0dm07mh._.js:776
[  957033ms] [LOG] [Fast Refresh] done in 6ms @ http://localhost:3000/_next/static/chunks/0brk_next_dist_0dm07mh._.js:776
[  957225ms] [LOG] [Fast Refresh] done in 6ms @ http://localhost:3000/_next/static/chunks/0brk_next_dist_0dm07mh._.js:776
[  957351ms] [LOG] [Fast Refresh] done in 6ms @ http://localhost:3000/_next/static/chunks/0brk_next_dist_0dm07mh._.js:776
[  957429ms] [LOG] [Fast Refresh] done in 6ms @ http://localhost:3000/_next/static/chunks/0brk_next_dist_0dm07mh._.js:776
[  957542ms] [LOG] [Fast Refresh] done in 6ms @ http://localhost:3000/_next/static/chunks/0brk_next_dist_0dm07mh._.js:776
[  957654ms] [LOG] [Fast Refresh] done in 6ms @ http://localhost:3000/_next/static/chunks/0brk_next_dist_0dm07mh._.js:776
[  957740ms] [LOG] [Fast Refresh] done in 6ms @ http://localhost:3000/_next/static/chunks/0brk_next_dist_0dm07mh._.js:776
[  957823ms] [LOG] [Fast Refresh] done in 6ms @ http://localhost:3000/_next/static/chunks/0brk_next_dist_0dm07mh._.js:776
[  957885ms] [LOG] [Fast Refresh] done in 6ms @ http://localhost:3000/_next/static/chunks/0brk_next_dist_0dm07mh._.js:776
[  957944ms] [LOG] [Fast Refresh] done in 6ms @ http://localhost:3000/_next/static/chunks/0brk_next_dist_0dm07mh._.js:776
[  958013ms] [LOG] [Fast Refresh] done in 6ms @ http://localhost:3000/_next/static/chunks/0brk_next_dist_0dm07mh._.js:776
[  958062ms] [LOG] [Fast Refresh] done in 6ms @ http://localhost:3000/_next/static/chunks/0brk_next_dist_0dm07mh._.js:776
[  958119ms] [LOG] [Fast Refresh] done in 6ms @ http://localhost:3000/_next/static/chunks/0brk_next_dist_0dm07mh._.js:776
[  958173ms] [LOG] [Fast Refresh] done in 6ms @ http://localhost:3000/_next/static/chunks/0brk_next_dist_0dm07mh._.js:776
[  958241ms] [LOG] [Fast Refresh] done in 6ms @ http://localhost:3000/_next/static/chunks/0brk_next_dist_0dm07mh._.js:776
[  958343ms] [LOG] [Fast Refresh] done in 6ms @ http://localhost:3000/_next/static/chunks/0brk_next_dist_0dm07mh._.js:776
[  958407ms] [LOG] [Fast Refresh] done in 6ms @ http://localhost:3000/_next/static/chunks/0brk_next_dist_0dm07mh._.js:776
[  958490ms] [LOG] [Fast Refresh] done in 6ms @ http://localhost:3000/_next/static/chunks/0brk_next_dist_0dm07mh._.js:776
[  958755ms] [LOG] [Fast Refresh] done in 6ms @ http://localhost:3000/_next/static/chunks/0brk_next_dist_0dm07mh._.js:776
[  958806ms] [LOG] [Fast Refresh] done in 6ms @ http://localhost:3000/_next/static/chunks/0brk_next_dist_0dm07mh._.js:776
[  959945ms] [LOG] [Fast Refresh] done in 6ms @ http://localhost:3000/_next/static/chunks/0brk_next_dist_0dm07mh._.js:776
[  960091ms] [LOG] [Fast Refresh] done in 6ms @ http://localhost:3000/_next/static/chunks/0brk_next_dist_0dm07mh._.js:776
[  960313ms] [LOG] [Fast Refresh] done in 6ms @ http://localhost:3000/_next/static/chunks/0brk_next_dist_0dm07mh._.js:776
[  960402ms] [LOG] [Fast Refresh] done in 6ms @ http://localhost:3000/_next/static/chunks/0brk_next_dist_0dm07mh._.js:776
[  960451ms] [LOG] [Fast Refresh] done in 6ms @ http://localhost:3000/_next/static/chunks/0brk_next_dist_0dm07mh._.js:776
[  960512ms] [LOG] [Fast Refresh] done in 6ms @ http://localhost:3000/_next/static/chunks/0brk_next_dist_0dm07mh._.js:776
[  960565ms] [LOG] [Fast Refresh] done in 6ms @ http://localhost:3000/_next/static/chunks/0brk_next_dist_0dm07mh._.js:776
[  960643ms] [LOG] [Fast Refresh] done in 6ms @ http://localhost:3000/_next/static/chunks/0brk_next_dist_0dm07mh._.js:776
[  960829ms] [LOG] [Fast Refresh] done in 6ms @ http://localhost:3000/_next/static/chunks/0brk_next_dist_0dm07mh._.js:776
[  961069ms] [LOG] [Fast Refresh] done in 6ms @ http://localhost:3000/_next/static/chunks/0brk_next_dist_0dm07mh._.js:776
[  961123ms] [LOG] [Fast Refresh] done in 6ms @ http://localhost:3000/_next/static/chunks/0brk_next_dist_0dm07mh._.js:776
[  961184ms] [LOG] [Fast Refresh] done in 6ms @ http://localhost:3000/_next/static/chunks/0brk_next_dist_0dm07mh._.js:776
[  961244ms] [LOG] [Fast Refresh] done in 6ms @ http://localhost:3000/_next/static/chunks/0brk_next_dist_0dm07mh._.js:776
[  961304ms] [LOG] [Fast Refresh] done in 6ms @ http://localhost:3000/_next/static/chunks/0brk_next_dist_0dm07mh._.js:776
[  961360ms] [LOG] [Fast Refresh] done in 6ms @ http://localhost:3000/_next/static/chunks/0brk_next_dist_0dm07mh._.js:776
[  961426ms] [LOG] [Fast Refresh] done in 6ms @ http://localhost:3000/_next/static/chunks/0brk_next_dist_0dm07mh._.js:776
[  961484ms] [LOG] [Fast Refresh] done in 6ms @ http://localhost:3000/_next/static/chunks/0brk_next_dist_0dm07mh._.js:776
[  961545ms] [LOG] [Fast Refresh] done in 6ms @ http://localhost:3000/_next/static/chunks/0brk_next_dist_0dm07mh._.js:776
[  961618ms] [LOG] [Fast Refresh] done in 6ms @ http://localhost:3000/_next/static/chunks/0brk_next_dist_0dm07mh._.js:776
[  961670ms] [LOG] [Fast Refresh] done in 6ms @ http://localhost:3000/_next/static/chunks/0brk_next_dist_0dm07mh._.js:776
[  961717ms] [LOG] [Fast Refresh] done in 6ms @ http://localhost:3000/_next/static/chunks/0brk_next_dist_0dm07mh._.js:776
[  961781ms] [LOG] [Fast Refresh] done in 6ms @ http://localhost:3000/_next/static/chunks/0brk_next_dist_0dm07mh._.js:776
[  961841ms] [LOG] [Fast Refresh] done in 6ms @ http://localhost:3000/_next/static/chunks/0brk_next_dist_0dm07mh._.js:776
[  961901ms] [LOG] [Fast Refresh] done in 6ms @ http://localhost:3000/_next/static/chunks/0brk_next_dist_0dm07mh._.js:776
[  961953ms] [LOG] [Fast Refresh] done in 6ms @ http://localhost:3000/_next/static/chunks/0brk_next_dist_0dm07mh._.js:776
[  962007ms] [LOG] [Fast Refresh] done in 6ms @ http://localhost:3000/_next/static/chunks/0brk_next_dist_0dm07mh._.js:776
[  962065ms] [LOG] [Fast Refresh] done in 6ms @ http://localhost:3000/_next/static/chunks/0brk_next_dist_0dm07mh._.js:776
[  962130ms] [LOG] [Fast Refresh] done in 6ms @ http://localhost:3000/_next/static/chunks/0brk_next_dist_0dm07mh._.js:776
[  962204ms] [LOG] [Fast Refresh] done in 6ms @ http://localhost:3000/_next/static/chunks/0brk_next_dist_0dm07mh._.js:776
[  962266ms] [LOG] [Fast Refresh] done in 6ms @ http://localhost:3000/_next/static/chunks/0brk_next_dist_0dm07mh._.js:776
[  962332ms] [LOG] [Fast Refresh] done in 6ms @ http://localhost:3000/_next/static/chunks/0brk_next_dist_0dm07mh._.js:776
[  962383ms] [LOG] [Fast Refresh] done in 6ms @ http://localhost:3000/_next/static/chunks/0brk_next_dist_0dm07mh._.js:776
[  962448ms] [LOG] [Fast Refresh] done in 6ms @ http://localhost:3000/_next/static/chunks/0brk_next_dist_0dm07mh._.js:776
[  962499ms] [LOG] [Fast Refresh] done in 6ms @ http://localhost:3000/_next/static/chunks/0brk_next_dist_0dm07mh._.js:776
[  962562ms] [LOG] [Fast Refresh] done in 6ms @ http://localhost:3000/_next/static/chunks/0brk_next_dist_0dm07mh._.js:776
[  962625ms] [LOG] [Fast Refresh] done in 6ms @ http://localhost:3000/_next/static/chunks/0brk_next_dist_0dm07mh._.js:776
[  962682ms] [LOG] [Fast Refresh] done in 6ms @ http://localhost:3000/_next/static/chunks/0brk_next_dist_0dm07mh._.js:776
[  962736ms] [LOG] [Fast Refresh] done in 6ms @ http://localhost:3000/_next/static/chunks/0brk_next_dist_0dm07mh._.js:776
[  962786ms] [LOG] [Fast Refresh] done in 6ms @ http://localhost:3000/_next/static/chunks/0brk_next_dist_0dm07mh._.js:776
[  962837ms] [LOG] [Fast Refresh] done in 6ms @ http://localhost:3000/_next/static/chunks/0brk_next_dist_0dm07mh._.js:776
[  962912ms] [LOG] [Fast Refresh] done in 6ms @ http://localhost:3000/_next/static/chunks/0brk_next_dist_0dm07mh._.js:776
[  963024ms] [LOG] [Fast Refresh] done in 6ms @ http://localhost:3000/_next/static/chunks/0brk_next_dist_0dm07mh._.js:776
[  963093ms] [LOG] [Fast Refresh] done in 6ms @ http://localhost:3000/_next/static/chunks/0brk_next_dist_0dm07mh._.js:776
[  963154ms] [LOG] [Fast Refresh] done in 6ms @ http://localhost:3000/_next/static/chunks/0brk_next_dist_0dm07mh._.js:776
[  963227ms] [LOG] [Fast Refresh] done in 6ms @ http://localhost:3000/_next/static/chunks/0brk_next_dist_0dm07mh._.js:776
[  963285ms] [LOG] [Fast Refresh] done in 6ms @ http://localhost:3000/_next/static/chunks/0brk_next_dist_0dm07mh._.js:776
[  963351ms] [LOG] [Fast Refresh] done in 6ms @ http://localhost:3000/_next/static/chunks/0brk_next_dist_0dm07mh._.js:776
[  963410ms] [LOG] [Fast Refresh] done in 6ms @ http://localhost:3000/_next/static/chunks/0brk_next_dist_0dm07mh._.js:776
[  963466ms] [LOG] [Fast Refresh] done in 6ms @ http://localhost:3000/_next/static/chunks/0brk_next_dist_0dm07mh._.js:776
[  963538ms] [LOG] [Fast Refresh] done in 6ms @ http://localhost:3000/_next/static/chunks/0brk_next_dist_0dm07mh._.js:776
[  963598ms] [LOG] [Fast Refresh] done in 6ms @ http://localhost:3000/_next/static/chunks/0brk_next_dist_0dm07mh._.js:776
[  963663ms] [LOG] [Fast Refresh] done in 6ms @ http://localhost:3000/_next/static/chunks/0brk_next_dist_0dm07mh._.js:776
[  963754ms] [LOG] [Fast Refresh] done in 6ms @ http://localhost:3000/_next/static/chunks/0brk_next_dist_0dm07mh._.js:776
[  963835ms] [LOG] [Fast Refresh] done in 6ms @ http://localhost:3000/_next/static/chunks/0brk_next_dist_0dm07mh._.js:776
[  963885ms] [LOG] [Fast Refresh] done in 6ms @ http://localhost:3000/_next/static/chunks/0brk_next_dist_0dm07mh._.js:776
[  963946ms] [LOG] [Fast Refresh] done in 6ms @ http://localhost:3000/_next/static/chunks/0brk_next_dist_0dm07mh._.js:776
[  963995ms] [LOG] [Fast Refresh] done in 6ms @ http://localhost:3000/_next/static/chunks/0brk_next_dist_0dm07mh._.js:776
[  964101ms] [LOG] [Fast Refresh] done in 6ms @ http://localhost:3000/_next/static/chunks/0brk_next_dist_0dm07mh._.js:776
[  964162ms] [LOG] [Fast Refresh] done in 6ms @ http://localhost:3000/_next/static/chunks/0brk_next_dist_0dm07mh._.js:776
[  964232ms] [LOG] [Fast Refresh] done in 6ms @ http://localhost:3000/_next/static/chunks/0brk_next_dist_0dm07mh._.js:776
[  964305ms] [LOG] [Fast Refresh] done in 6ms @ http://localhost:3000/_next/static/chunks/0brk_next_dist_0dm07mh._.js:776
[  964367ms] [LOG] [Fast Refresh] done in 6ms @ http://localhost:3000/_next/static/chunks/0brk_next_dist_0dm07mh._.js:776
[  964437ms] [LOG] [Fast Refresh] done in 6ms @ http://localhost:3000/_next/static/chunks/0brk_next_dist_0dm07mh._.js:776
[  964483ms] [LOG] [Fast Refresh] done in 6ms @ http://localhost:3000/_next/static/chunks/0brk_next_dist_0dm07mh._.js:776
[  964551ms] [LOG] [Fast Refresh] done in 6ms @ http://localhost:3000/_next/static/chunks/0brk_next_dist_0dm07mh._.js:776
[  964601ms] [LOG] [Fast Refresh] done in 6ms @ http://localhost:3000/_next/static/chunks/0brk_next_dist_0dm07mh._.js:776
[  964650ms] [LOG] [Fast Refresh] done in 6ms @ http://localhost:3000/_next/static/chunks/0brk_next_dist_0dm07mh._.js:776
[  964711ms] [LOG] [Fast Refresh] done in 6ms @ http://localhost:3000/_next/static/chunks/0brk_next_dist_0dm07mh._.js:776
[  964766ms] [LOG] [Fast Refresh] done in 6ms @ http://localhost:3000/_next/static/chunks/0brk_next_dist_0dm07mh._.js:776
[  964819ms] [LOG] [Fast Refresh] done in 6ms @ http://localhost:3000/_next/static/chunks/0brk_next_dist_0dm07mh._.js:776
[  964881ms] [LOG] [Fast Refresh] done in 6ms @ http://localhost:3000/_next/static/chunks/0brk_next_dist_0dm07mh._.js:776
[  964945ms] [LOG] [Fast Refresh] done in 6ms @ http://localhost:3000/_next/static/chunks/0brk_next_dist_0dm07mh._.js:776
[  965000ms] [LOG] [Fast Refresh] done in 6ms @ http://localhost:3000/_next/static/chunks/0brk_next_dist_0dm07mh._.js:776
[  965049ms] [LOG] [Fast Refresh] done in 6ms @ http://localhost:3000/_next/static/chunks/0brk_next_dist_0dm07mh._.js:776
[  965099ms] [LOG] [Fast Refresh] done in 6ms @ http://localhost:3000/_next/static/chunks/0brk_next_dist_0dm07mh._.js:776
[  965150ms] [LOG] [Fast Refresh] done in 6ms @ http://localhost:3000/_next/static/chunks/0brk_next_dist_0dm07mh._.js:776
[  965200ms] [LOG] [Fast Refresh] done in 6ms @ http://localhost:3000/_next/static/chunks/0brk_next_dist_0dm07mh._.js:776
[  965263ms] [LOG] [Fast Refresh] done in 6ms @ http://localhost:3000/_next/static/chunks/0brk_next_dist_0dm07mh._.js:776
[  965318ms] [LOG] [Fast Refresh] done in 6ms @ http://localhost:3000/_next/static/chunks/0brk_next_dist_0dm07mh._.js:776
[  965386ms] [LOG] [Fast Refresh] done in 6ms @ http://localhost:3000/_next/static/chunks/0brk_next_dist_0dm07mh._.js:776
[  965451ms] [LOG] [Fast Refresh] done in 6ms @ http://localhost:3000/_next/static/chunks/0brk_next_dist_0dm07mh._.js:776
[  965514ms] [LOG] [Fast Refresh] done in 6ms @ http://localhost:3000/_next/static/chunks/0brk_next_dist_0dm07mh._.js:776
[  965578ms] [LOG] [Fast Refresh] done in 6ms @ http://localhost:3000/_next/static/chunks/0brk_next_dist_0dm07mh._.js:776
[  965641ms] [LOG] [Fast Refresh] done in 6ms @ http://localhost:3000/_next/static/chunks/0brk_next_dist_0dm07mh._.js:776
[  965700ms] [LOG] [Fast Refresh] done in 6ms @ http://localhost:3000/_next/static/chunks/0brk_next_dist_0dm07mh._.js:776
[  965750ms] [LOG] [Fast Refresh] done in 6ms @ http://localhost:3000/_next/static/chunks/0brk_next_dist_0dm07mh._.js:776
[  965813ms] [LOG] [Fast Refresh] done in 6ms @ http://localhost:3000/_next/static/chunks/0brk_next_dist_0dm07mh._.js:776
[  965892ms] [LOG] [Fast Refresh] done in 6ms @ http://localhost:3000/_next/static/chunks/0brk_next_dist_0dm07mh._.js:776
[  965950ms] [LOG] [Fast Refresh] done in 6ms @ http://localhost:3000/_next/static/chunks/0brk_next_dist_0dm07mh._.js:776
[  966002ms] [LOG] [Fast Refresh] done in 6ms @ http://localhost:3000/_next/static/chunks/0brk_next_dist_0dm07mh._.js:776
[  966062ms] [LOG] [Fast Refresh] done in 6ms @ http://localhost:3000/_next/static/chunks/0brk_next_dist_0dm07mh._.js:776
[  966128ms] [LOG] [Fast Refresh] done in 6ms @ http://localhost:3000/_next/static/chunks/0brk_next_dist_0dm07mh._.js:776
[  966183ms] [LOG] [Fast Refresh] done in 6ms @ http://localhost:3000/_next/static/chunks/0brk_next_dist_0dm07mh._.js:776
[  966249ms] [LOG] [Fast Refresh] done in 6ms @ http://localhost:3000/_next/static/chunks/0brk_next_dist_0dm07mh._.js:776
[  966296ms] [LOG] [Fast Refresh] done in 6ms @ http://localhost:3000/_next/static/chunks/0brk_next_dist_0dm07mh._.js:776
[  966361ms] [LOG] [Fast Refresh] done in 6ms @ http://localhost:3000/_next/static/chunks/0brk_next_dist_0dm07mh._.js:776
[  966430ms] [LOG] [Fast Refresh] done in 6ms @ http://localhost:3000/_next/static/chunks/0brk_next_dist_0dm07mh._.js:776
[  966488ms] [LOG] [Fast Refresh] done in 6ms @ http://localhost:3000/_next/static/chunks/0brk_next_dist_0dm07mh._.js:776
[  966549ms] [LOG] [Fast Refresh] done in 6ms @ http://localhost:3000/_next/static/chunks/0brk_next_dist_0dm07mh._.js:776
[  966608ms] [LOG] [Fast Refresh] done in 6ms @ http://localhost:3000/_next/static/chunks/0brk_next_dist_0dm07mh._.js:776
[  966664ms] [LOG] [Fast Refresh] done in 6ms @ http://localhost:3000/_next/static/chunks/0brk_next_dist_0dm07mh._.js:776
[  966720ms] [LOG] [Fast Refresh] done in 6ms @ http://localhost:3000/_next/static/chunks/0brk_next_dist_0dm07mh._.js:776
[  966774ms] [LOG] [Fast Refresh] done in 6ms @ http://localhost:3000/_next/static/chunks/0brk_next_dist_0dm07mh._.js:776
[  966836ms] [LOG] [Fast Refresh] done in 6ms @ http://localhost:3000/_next/static/chunks/0brk_next_dist_0dm07mh._.js:776
[  966897ms] [LOG] [Fast Refresh] done in 6ms @ http://localhost:3000/_next/static/chunks/0brk_next_dist_0dm07mh._.js:776
[  966948ms] [LOG] [Fast Refresh] done in 6ms @ http://localhost:3000/_next/static/chunks/0brk_next_dist_0dm07mh._.js:776
[  967003ms] [LOG] [Fast Refresh] done in 6ms @ http://localhost:3000/_next/static/chunks/0brk_next_dist_0dm07mh._.js:776
[  967067ms] [LOG] [Fast Refresh] done in 6ms @ http://localhost:3000/_next/static/chunks/0brk_next_dist_0dm07mh._.js:776
[  967129ms] [LOG] [Fast Refresh] done in 6ms @ http://localhost:3000/_next/static/chunks/0brk_next_dist_0dm07mh._.js:776
[  967182ms] [LOG] [Fast Refresh] done in 6ms @ http://localhost:3000/_next/static/chunks/0brk_next_dist_0dm07mh._.js:776
[  968190ms] [LOG] [Fast Refresh] done in 6ms @ http://localhost:3000/_next/static/chunks/0brk_next_dist_0dm07mh._.js:776
[  968342ms] [LOG] [Fast Refresh] done in 6ms @ http://localhost:3000/_next/static/chunks/0brk_next_dist_0dm07mh._.js:776
[  968453ms] [LOG] [Fast Refresh] done in 6ms @ http://localhost:3000/_next/static/chunks/0brk_next_dist_0dm07mh._.js:776
[  968514ms] [LOG] [Fast Refresh] done in 6ms @ http://localhost:3000/_next/static/chunks/0brk_next_dist_0dm07mh._.js:776
[  968584ms] [LOG] [Fast Refresh] done in 6ms @ http://localhost:3000/_next/static/chunks/0brk_next_dist_0dm07mh._.js:776
[  968648ms] [LOG] [Fast Refresh] done in 6ms @ http://localhost:3000/_next/static/chunks/0brk_next_dist_0dm07mh._.js:776
[  968721ms] [LOG] [Fast Refresh] done in 6ms @ http://localhost:3000/_next/static/chunks/0brk_next_dist_0dm07mh._.js:776
[  968781ms] [LOG] [Fast Refresh] done in 6ms @ http://localhost:3000/_next/static/chunks/0brk_next_dist_0dm07mh._.js:776
[  968841ms] [LOG] [Fast Refresh] done in 6ms @ http://localhost:3000/_next/static/chunks/0brk_next_dist_0dm07mh._.js:776
[  968914ms] [LOG] [Fast Refresh] done in 6ms @ http://localhost:3000/_next/static/chunks/0brk_next_dist_0dm07mh._.js:776
[  968971ms] [LOG] [Fast Refresh] done in 6ms @ http://localhost:3000/_next/static/chunks/0brk_next_dist_0dm07mh._.js:776
[  969048ms] [LOG] [Fast Refresh] done in 6ms @ http://localhost:3000/_next/static/chunks/0brk_next_dist_0dm07mh._.js:776
[  969110ms] [LOG] [Fast Refresh] done in 6ms @ http://localhost:3000/_next/static/chunks/0brk_next_dist_0dm07mh._.js:776
[  969167ms] [LOG] [Fast Refresh] done in 6ms @ http://localhost:3000/_next/static/chunks/0brk_next_dist_0dm07mh._.js:776
[  969232ms] [LOG] [Fast Refresh] done in 6ms @ http://localhost:3000/_next/static/chunks/0brk_next_dist_0dm07mh._.js:776
[  969289ms] [LOG] [Fast Refresh] done in 6ms @ http://localhost:3000/_next/static/chunks/0brk_next_dist_0dm07mh._.js:776
[  969356ms] [LOG] [Fast Refresh] done in 6ms @ http://localhost:3000/_next/static/chunks/0brk_next_dist_0dm07mh._.js:776
[  969418ms] [LOG] [Fast Refresh] done in 6ms @ http://localhost:3000/_next/static/chunks/0brk_next_dist_0dm07mh._.js:776
[  969476ms] [LOG] [Fast Refresh] done in 6ms @ http://localhost:3000/_next/static/chunks/0brk_next_dist_0dm07mh._.js:776
[  969537ms] [LOG] [Fast Refresh] done in 6ms @ http://localhost:3000/_next/static/chunks/0brk_next_dist_0dm07mh._.js:776
[  969606ms] [LOG] [Fast Refresh] done in 6ms @ http://localhost:3000/_next/static/chunks/0brk_next_dist_0dm07mh._.js:776
[  969663ms] [LOG] [Fast Refresh] done in 6ms @ http://localhost:3000/_next/static/chunks/0brk_next_dist_0dm07mh._.js:776
[  969735ms] [LOG] [Fast Refresh] done in 6ms @ http://localhost:3000/_next/static/chunks/0brk_next_dist_0dm07mh._.js:776
[  969805ms] [LOG] [Fast Refresh] done in 6ms @ http://localhost:3000/_next/static/chunks/0brk_next_dist_0dm07mh._.js:776
[  970307ms] [LOG] [Fast Refresh] done in 6ms @ http://localhost:3000/_next/static/chunks/0brk_next_dist_0dm07mh._.js:776
[  970373ms] [LOG] [Fast Refresh] done in 6ms @ http://localhost:3000/_next/static/chunks/0brk_next_dist_0dm07mh._.js:776
[  970868ms] [LOG] [Fast Refresh] done in 6ms @ http://localhost:3000/_next/static/chunks/0brk_next_dist_0dm07mh._.js:776
[  970946ms] [LOG] [Fast Refresh] done in 6ms @ http://localhost:3000/_next/static/chunks/0brk_next_dist_0dm07mh._.js:776
[  971006ms] [LOG] [Fast Refresh] done in 6ms @ http://localhost:3000/_next/static/chunks/0brk_next_dist_0dm07mh._.js:776
[  971065ms] [LOG] [Fast Refresh] done in 6ms @ http://localhost:3000/_next/static/chunks/0brk_next_dist_0dm07mh._.js:776
[  971131ms] [LOG] [Fast Refresh] done in 6ms @ http://localhost:3000/_next/static/chunks/0brk_next_dist_0dm07mh._.js:776
[  971191ms] [LOG] [Fast Refresh] done in 6ms @ http://localhost:3000/_next/static/chunks/0brk_next_dist_0dm07mh._.js:776
[  971251ms] [LOG] [Fast Refresh] done in 6ms @ http://localhost:3000/_next/static/chunks/0brk_next_dist_0dm07mh._.js:776
[  971308ms] [LOG] [Fast Refresh] done in 6ms @ http://localhost:3000/_next/static/chunks/0brk_next_dist_0dm07mh._.js:776
[  971369ms] [LOG] [Fast Refresh] done in 6ms @ http://localhost:3000/_next/static/chunks/0brk_next_dist_0dm07mh._.js:776
[  971434ms] [LOG] [Fast Refresh] done in 6ms @ http://localhost:3000/_next/static/chunks/0brk_next_dist_0dm07mh._.js:776
[  971484ms] [LOG] [Fast Refresh] done in 6ms @ http://localhost:3000/_next/static/chunks/0brk_next_dist_0dm07mh._.js:776
[  971558ms] [LOG] [Fast Refresh] done in 6ms @ http://localhost:3000/_next/static/chunks/0brk_next_dist_0dm07mh._.js:776
[  971639ms] [LOG] [Fast Refresh] done in 6ms @ http://localhost:3000/_next/static/chunks/0brk_next_dist_0dm07mh._.js:776
[  971698ms] [LOG] [Fast Refresh] done in 6ms @ http://localhost:3000/_next/static/chunks/0brk_next_dist_0dm07mh._.js:776
[  971751ms] [LOG] [Fast Refresh] done in 6ms @ http://localhost:3000/_next/static/chunks/0brk_next_dist_0dm07mh._.js:776
[  971806ms] [LOG] [Fast Refresh] done in 6ms @ http://localhost:3000/_next/static/chunks/0brk_next_dist_0dm07mh._.js:776
[  971865ms] [LOG] [Fast Refresh] done in 6ms @ http://localhost:3000/_next/static/chunks/0brk_next_dist_0dm07mh._.js:776
[  971930ms] [LOG] [Fast Refresh] done in 6ms @ http://localhost:3000/_next/static/chunks/0brk_next_dist_0dm07mh._.js:776
[  971995ms] [LOG] [Fast Refresh] done in 6ms @ http://localhost:3000/_next/static/chunks/0brk_next_dist_0dm07mh._.js:776
[  972050ms] [LOG] [Fast Refresh] done in 6ms @ http://localhost:3000/_next/static/chunks/0brk_next_dist_0dm07mh._.js:776
[  972097ms] [LOG] [Fast Refresh] done in 6ms @ http://localhost:3000/_next/static/chunks/0brk_next_dist_0dm07mh._.js:776
[  972148ms] [LOG] [Fast Refresh] done in 6ms @ http://localhost:3000/_next/static/chunks/0brk_next_dist_0dm07mh._.js:776
[  972200ms] [LOG] [Fast Refresh] done in 6ms @ http://localhost:3000/_next/static/chunks/0brk_next_dist_0dm07mh._.js:776
[  972248ms] [LOG] [Fast Refresh] done in 6ms @ http://localhost:3000/_next/static/chunks/0brk_next_dist_0dm07mh._.js:776
[  972306ms] [LOG] [Fast Refresh] done in 6ms @ http://localhost:3000/_next/static/chunks/0brk_next_dist_0dm07mh._.js:776
[  972348ms] [LOG] [Fast Refresh] done in 6ms @ http://localhost:3000/_next/static/chunks/0brk_next_dist_0dm07mh._.js:776
[  972399ms] [LOG] [Fast Refresh] done in 6ms @ http://localhost:3000/_next/static/chunks/0brk_next_dist_0dm07mh._.js:776
[  972448ms] [LOG] [Fast Refresh] done in 6ms @ http://localhost:3000/_next/static/chunks/0brk_next_dist_0dm07mh._.js:776
[  972509ms] [LOG] [Fast Refresh] done in 6ms @ http://localhost:3000/_next/static/chunks/0brk_next_dist_0dm07mh._.js:776
[  972566ms] [LOG] [Fast Refresh] done in 6ms @ http://localhost:3000/_next/static/chunks/0brk_next_dist_0dm07mh._.js:776
[  972622ms] [LOG] [Fast Refresh] done in 6ms @ http://localhost:3000/_next/static/chunks/0brk_next_dist_0dm07mh._.js:776
[  972684ms] [LOG] [Fast Refresh] done in 6ms @ http://localhost:3000/_next/static/chunks/0brk_next_dist_0dm07mh._.js:776
[  972735ms] [LOG] [Fast Refresh] done in 6ms @ http://localhost:3000/_next/static/chunks/0brk_next_dist_0dm07mh._.js:776
[  972798ms] [LOG] [Fast Refresh] done in 6ms @ http://localhost:3000/_next/static/chunks/0brk_next_dist_0dm07mh._.js:776
[  972846ms] [LOG] [Fast Refresh] done in 6ms @ http://localhost:3000/_next/static/chunks/0brk_next_dist_0dm07mh._.js:776
[  972900ms] [LOG] [Fast Refresh] done in 6ms @ http://localhost:3000/_next/static/chunks/0brk_next_dist_0dm07mh._.js:776
[  972948ms] [LOG] [Fast Refresh] done in 6ms @ http://localhost:3000/_next/static/chunks/0brk_next_dist_0dm07mh._.js:776
[  973004ms] [LOG] [Fast Refresh] done in 6ms @ http://localhost:3000/_next/static/chunks/0brk_next_dist_0dm07mh._.js:776
[  973066ms] [LOG] [Fast Refresh] done in 6ms @ http://localhost:3000/_next/static/chunks/0brk_next_dist_0dm07mh._.js:776
[  973132ms] [LOG] [Fast Refresh] done in 6ms @ http://localhost:3000/_next/static/chunks/0brk_next_dist_0dm07mh._.js:776
[  973194ms] [LOG] [Fast Refresh] done in 6ms @ http://localhost:3000/_next/static/chunks/0brk_next_dist_0dm07mh._.js:776
[  973258ms] [LOG] [Fast Refresh] done in 6ms @ http://localhost:3000/_next/static/chunks/0brk_next_dist_0dm07mh._.js:776
[  973320ms] [LOG] [Fast Refresh] done in 6ms @ http://localhost:3000/_next/static/chunks/0brk_next_dist_0dm07mh._.js:776
[  973382ms] [LOG] [Fast Refresh] done in 6ms @ http://localhost:3000/_next/static/chunks/0brk_next_dist_0dm07mh._.js:776
[  973430ms] [LOG] [Fast Refresh] done in 6ms @ http://localhost:3000/_next/static/chunks/0brk_next_dist_0dm07mh._.js:776
[  973488ms] [LOG] [Fast Refresh] done in 6ms @ http://localhost:3000/_next/static/chunks/0brk_next_dist_0dm07mh._.js:776
[  973550ms] [LOG] [Fast Refresh] done in 6ms @ http://localhost:3000/_next/static/chunks/0brk_next_dist_0dm07mh._.js:776
[  973612ms] [LOG] [Fast Refresh] done in 6ms @ http://localhost:3000/_next/static/chunks/0brk_next_dist_0dm07mh._.js:776
[  973662ms] [LOG] [Fast Refresh] done in 6ms @ http://localhost:3000/_next/static/chunks/0brk_next_dist_0dm07mh._.js:776
[  973715ms] [LOG] [Fast Refresh] done in 6ms @ http://localhost:3000/_next/static/chunks/0brk_next_dist_0dm07mh._.js:776
[  973763ms] [LOG] [Fast Refresh] done in 6ms @ http://localhost:3000/_next/static/chunks/0brk_next_dist_0dm07mh._.js:776
[  973819ms] [LOG] [Fast Refresh] done in 6ms @ http://localhost:3000/_next/static/chunks/0brk_next_dist_0dm07mh._.js:776
[  973883ms] [LOG] [Fast Refresh] done in 6ms @ http://localhost:3000/_next/static/chunks/0brk_next_dist_0dm07mh._.js:776
[  973948ms] [LOG] [Fast Refresh] done in 6ms @ http://localhost:3000/_next/static/chunks/0brk_next_dist_0dm07mh._.js:776
[  974010ms] [LOG] [Fast Refresh] done in 6ms @ http://localhost:3000/_next/static/chunks/0brk_next_dist_0dm07mh._.js:776
[  974065ms] [LOG] [Fast Refresh] done in 6ms @ http://localhost:3000/_next/static/chunks/0brk_next_dist_0dm07mh._.js:776
[  974118ms] [LOG] [Fast Refresh] done in 6ms @ http://localhost:3000/_next/static/chunks/0brk_next_dist_0dm07mh._.js:776
[  974188ms] [LOG] [Fast Refresh] done in 6ms @ http://localhost:3000/_next/static/chunks/0brk_next_dist_0dm07mh._.js:776
[  974250ms] [LOG] [Fast Refresh] done in 6ms @ http://localhost:3000/_next/static/chunks/0brk_next_dist_0dm07mh._.js:776
[  974305ms] [LOG] [Fast Refresh] done in 6ms @ http://localhost:3000/_next/static/chunks/0brk_next_dist_0dm07mh._.js:776
[  974368ms] [LOG] [Fast Refresh] done in 6ms @ http://localhost:3000/_next/static/chunks/0brk_next_dist_0dm07mh._.js:776
[  974435ms] [LOG] [Fast Refresh] done in 6ms @ http://localhost:3000/_next/static/chunks/0brk_next_dist_0dm07mh._.js:776
[  974480ms] [LOG] [Fast Refresh] done in 6ms @ http://localhost:3000/_next/static/chunks/0brk_next_dist_0dm07mh._.js:776
[  974542ms] [LOG] [Fast Refresh] done in 6ms @ http://localhost:3000/_next/static/chunks/0brk_next_dist_0dm07mh._.js:776
[  974586ms] [LOG] [Fast Refresh] done in 6ms @ http://localhost:3000/_next/static/chunks/0brk_next_dist_0dm07mh._.js:776
[  974650ms] [LOG] [Fast Refresh] done in 6ms @ http://localhost:3000/_next/static/chunks/0brk_next_dist_0dm07mh._.js:776
[  974703ms] [LOG] [Fast Refresh] done in 6ms @ http://localhost:3000/_next/static/chunks/0brk_next_dist_0dm07mh._.js:776
[  974766ms] [LOG] [Fast Refresh] done in 6ms @ http://localhost:3000/_next/static/chunks/0brk_next_dist_0dm07mh._.js:776
[  974808ms] [LOG] [Fast Refresh] done in 6ms @ http://localhost:3000/_next/static/chunks/0brk_next_dist_0dm07mh._.js:776
[  974867ms] [LOG] [Fast Refresh] done in 6ms @ http://localhost:3000/_next/static/chunks/0brk_next_dist_0dm07mh._.js:776
[  974925ms] [LOG] [Fast Refresh] done in 6ms @ http://localhost:3000/_next/static/chunks/0brk_next_dist_0dm07mh._.js:776
[  974976ms] [LOG] [Fast Refresh] done in 6ms @ http://localhost:3000/_next/static/chunks/0brk_next_dist_0dm07mh._.js:776
[  975040ms] [LOG] [Fast Refresh] done in 6ms @ http://localhost:3000/_next/static/chunks/0brk_next_dist_0dm07mh._.js:776
[  975092ms] [LOG] [Fast Refresh] done in 6ms @ http://localhost:3000/_next/static/chunks/0brk_next_dist_0dm07mh._.js:776
[  975151ms] [LOG] [Fast Refresh] done in 6ms @ http://localhost:3000/_next/static/chunks/0brk_next_dist_0dm07mh._.js:776
[  975242ms] [LOG] [Fast Refresh] done in 6ms @ http://localhost:3000/_next/static/chunks/0brk_next_dist_0dm07mh._.js:776
[  975307ms] [LOG] [Fast Refresh] done in 6ms @ http://localhost:3000/_next/static/chunks/0brk_next_dist_0dm07mh._.js:776
[  975361ms] [LOG] [Fast Refresh] done in 6ms @ http://localhost:3000/_next/static/chunks/0brk_next_dist_0dm07mh._.js:776
[  975411ms] [LOG] [Fast Refresh] done in 6ms @ http://localhost:3000/_next/static/chunks/0brk_next_dist_0dm07mh._.js:776
[  975466ms] [LOG] [Fast Refresh] done in 6ms @ http://localhost:3000/_next/static/chunks/0brk_next_dist_0dm07mh._.js:776
[  975522ms] [LOG] [Fast Refresh] done in 6ms @ http://localhost:3000/_next/static/chunks/0brk_next_dist_0dm07mh._.js:776
[  975574ms] [LOG] [Fast Refresh] done in 6ms @ http://localhost:3000/_next/static/chunks/0brk_next_dist_0dm07mh._.js:776
[  975631ms] [LOG] [Fast Refresh] done in 6ms @ http://localhost:3000/_next/static/chunks/0brk_next_dist_0dm07mh._.js:776
[  975689ms] [LOG] [Fast Refresh] done in 6ms @ http://localhost:3000/_next/static/chunks/0brk_next_dist_0dm07mh._.js:776
[  975739ms] [LOG] [Fast Refresh] done in 6ms @ http://localhost:3000/_next/static/chunks/0brk_next_dist_0dm07mh._.js:776
[  975801ms] [LOG] [Fast Refresh] done in 6ms @ http://localhost:3000/_next/static/chunks/0brk_next_dist_0dm07mh._.js:776
[  975862ms] [LOG] [Fast Refresh] done in 6ms @ http://localhost:3000/_next/static/chunks/0brk_next_dist_0dm07mh._.js:776
[  975924ms] [LOG] [Fast Refresh] done in 6ms @ http://localhost:3000/_next/static/chunks/0brk_next_dist_0dm07mh._.js:776
[  975982ms] [LOG] [Fast Refresh] done in 6ms @ http://localhost:3000/_next/static/chunks/0brk_next_dist_0dm07mh._.js:776
[  976045ms] [LOG] [Fast Refresh] done in 6ms @ http://localhost:3000/_next/static/chunks/0brk_next_dist_0dm07mh._.js:776
[  976146ms] [LOG] [Fast Refresh] done in 6ms @ http://localhost:3000/_next/static/chunks/0brk_next_dist_0dm07mh._.js:776
[  976208ms] [LOG] [Fast Refresh] done in 6ms @ http://localhost:3000/_next/static/chunks/0brk_next_dist_0dm07mh._.js:776
[  976262ms] [LOG] [Fast Refresh] done in 6ms @ http://localhost:3000/_next/static/chunks/0brk_next_dist_0dm07mh._.js:776
[  976329ms] [LOG] [Fast Refresh] done in 6ms @ http://localhost:3000/_next/static/chunks/0brk_next_dist_0dm07mh._.js:776
[  976382ms] [LOG] [Fast Refresh] done in 6ms @ http://localhost:3000/_next/static/chunks/0brk_next_dist_0dm07mh._.js:776
[  976430ms] [LOG] [Fast Refresh] done in 6ms @ http://localhost:3000/_next/static/chunks/0brk_next_dist_0dm07mh._.js:776
[  976496ms] [LOG] [Fast Refresh] done in 6ms @ http://localhost:3000/_next/static/chunks/0brk_next_dist_0dm07mh._.js:776
[  976550ms] [LOG] [Fast Refresh] done in 6ms @ http://localhost:3000/_next/static/chunks/0brk_next_dist_0dm07mh._.js:776
[  976599ms] [LOG] [Fast Refresh] done in 6ms @ http://localhost:3000/_next/static/chunks/0brk_next_dist_0dm07mh._.js:776
[  976648ms] [LOG] [Fast Refresh] done in 6ms @ http://localhost:3000/_next/static/chunks/0brk_next_dist_0dm07mh._.js:776
[  976703ms] [LOG] [Fast Refresh] done in 6ms @ http://localhost:3000/_next/static/chunks/0brk_next_dist_0dm07mh._.js:776
[  976766ms] [LOG] [Fast Refresh] done in 6ms @ http://localhost:3000/_next/static/chunks/0brk_next_dist_0dm07mh._.js:776
[  976829ms] [LOG] [Fast Refresh] done in 6ms @ http://localhost:3000/_next/static/chunks/0brk_next_dist_0dm07mh._.js:776
[  976883ms] [LOG] [Fast Refresh] done in 6ms @ http://localhost:3000/_next/static/chunks/0brk_next_dist_0dm07mh._.js:776
[  976948ms] [LOG] [Fast Refresh] done in 6ms @ http://localhost:3000/_next/static/chunks/0brk_next_dist_0dm07mh._.js:776
[  977010ms] [LOG] [Fast Refresh] done in 6ms @ http://localhost:3000/_next/static/chunks/0brk_next_dist_0dm07mh._.js:776
[  977068ms] [LOG] [Fast Refresh] done in 6ms @ http://localhost:3000/_next/static/chunks/0brk_next_dist_0dm07mh._.js:776
[  977131ms] [LOG] [Fast Refresh] done in 6ms @ http://localhost:3000/_next/static/chunks/0brk_next_dist_0dm07mh._.js:776
[  977188ms] [LOG] [Fast Refresh] done in 6ms @ http://localhost:3000/_next/static/chunks/0brk_next_dist_0dm07mh._.js:776
[  977244ms] [LOG] [Fast Refresh] done in 6ms @ http://localhost:3000/_next/static/chunks/0brk_next_dist_0dm07mh._.js:776
[  977301ms] [LOG] [Fast Refresh] done in 6ms @ http://localhost:3000/_next/static/chunks/0brk_next_dist_0dm07mh._.js:776
[  977362ms] [LOG] [Fast Refresh] done in 6ms @ http://localhost:3000/_next/static/chunks/0brk_next_dist_0dm07mh._.js:776
[  977425ms] [LOG] [Fast Refresh] done in 6ms @ http://localhost:3000/_next/static/chunks/0brk_next_dist_0dm07mh._.js:776
[  977481ms] [LOG] [Fast Refresh] done in 6ms @ http://localhost:3000/_next/static/chunks/0brk_next_dist_0dm07mh._.js:776
[  977543ms] [LOG] [Fast Refresh] done in 6ms @ http://localhost:3000/_next/static/chunks/0brk_next_dist_0dm07mh._.js:776
[  977587ms] [LOG] [Fast Refresh] done in 6ms @ http://localhost:3000/_next/static/chunks/0brk_next_dist_0dm07mh._.js:776
[  977652ms] [LOG] [Fast Refresh] done in 6ms @ http://localhost:3000/_next/static/chunks/0brk_next_dist_0dm07mh._.js:776
[  977710ms] [LOG] [Fast Refresh] done in 6ms @ http://localhost:3000/_next/static/chunks/0brk_next_dist_0dm07mh._.js:776
[  977767ms] [LOG] [Fast Refresh] done in 6ms @ http://localhost:3000/_next/static/chunks/0brk_next_dist_0dm07mh._.js:776
[  977826ms] [LOG] [Fast Refresh] done in 6ms @ http://localhost:3000/_next/static/chunks/0brk_next_dist_0dm07mh._.js:776
[  977883ms] [LOG] [Fast Refresh] done in 6ms @ http://localhost:3000/_next/static/chunks/0brk_next_dist_0dm07mh._.js:776
[  977939ms] [LOG] [Fast Refresh] done in 6ms @ http://localhost:3000/_next/static/chunks/0brk_next_dist_0dm07mh._.js:776
[  978001ms] [LOG] [Fast Refresh] done in 6ms @ http://localhost:3000/_next/static/chunks/0brk_next_dist_0dm07mh._.js:776
[  978064ms] [LOG] [Fast Refresh] done in 6ms @ http://localhost:3000/_next/static/chunks/0brk_next_dist_0dm07mh._.js:776
[  978125ms] [LOG] [Fast Refresh] done in 6ms @ http://localhost:3000/_next/static/chunks/0brk_next_dist_0dm07mh._.js:776
[  978230ms] [LOG] [Fast Refresh] done in 6ms @ http://localhost:3000/_next/static/chunks/0brk_next_dist_0dm07mh._.js:776
[  978313ms] [LOG] [Fast Refresh] done in 6ms @ http://localhost:3000/_next/static/chunks/0brk_next_dist_0dm07mh._.js:776
[  978393ms] [LOG] [Fast Refresh] done in 6ms @ http://localhost:3000/_next/static/chunks/0brk_next_dist_0dm07mh._.js:776
[  978448ms] [LOG] [Fast Refresh] done in 6ms @ http://localhost:3000/_next/static/chunks/0brk_next_dist_0dm07mh._.js:776
[  978498ms] [LOG] [Fast Refresh] done in 6ms @ http://localhost:3000/_next/static/chunks/0brk_next_dist_0dm07mh._.js:776
[  978561ms] [LOG] [Fast Refresh] done in 6ms @ http://localhost:3000/_next/static/chunks/0brk_next_dist_0dm07mh._.js:776
[  978622ms] [LOG] [Fast Refresh] done in 6ms @ http://localhost:3000/_next/static/chunks/0brk_next_dist_0dm07mh._.js:776
[  978684ms] [LOG] [Fast Refresh] done in 6ms @ http://localhost:3000/_next/static/chunks/0brk_next_dist_0dm07mh._.js:776
[  978732ms] [LOG] [Fast Refresh] done in 6ms @ http://localhost:3000/_next/static/chunks/0brk_next_dist_0dm07mh._.js:776
[  978783ms] [LOG] [Fast Refresh] done in 6ms @ http://localhost:3000/_next/static/chunks/0brk_next_dist_0dm07mh._.js:776
[  978833ms] [LOG] [Fast Refresh] done in 6ms @ http://localhost:3000/_next/static/chunks/0brk_next_dist_0dm07mh._.js:776
[  978884ms] [LOG] [Fast Refresh] done in 6ms @ http://localhost:3000/_next/static/chunks/0brk_next_dist_0dm07mh._.js:776
[  978938ms] [LOG] [Fast Refresh] done in 6ms @ http://localhost:3000/_next/static/chunks/0brk_next_dist_0dm07mh._.js:776
[  979003ms] [LOG] [Fast Refresh] done in 6ms @ http://localhost:3000/_next/static/chunks/0brk_next_dist_0dm07mh._.js:776
[  979078ms] [LOG] [Fast Refresh] done in 6ms @ http://localhost:3000/_next/static/chunks/0brk_next_dist_0dm07mh._.js:776
[  979135ms] [LOG] [Fast Refresh] done in 6ms @ http://localhost:3000/_next/static/chunks/0brk_next_dist_0dm07mh._.js:776
[  979197ms] [LOG] [Fast Refresh] done in 6ms @ http://localhost:3000/_next/static/chunks/0brk_next_dist_0dm07mh._.js:776
[  979698ms] [LOG] [Fast Refresh] done in 6ms @ http://localhost:3000/_next/static/chunks/0brk_next_dist_0dm07mh._.js:776
[  979753ms] [LOG] [Fast Refresh] done in 6ms @ http://localhost:3000/_next/static/chunks/0brk_next_dist_0dm07mh._.js:776
[  980184ms] [LOG] [Fast Refresh] done in 6ms @ http://localhost:3000/_next/static/chunks/0brk_next_dist_0dm07mh._.js:776
[  980241ms] [LOG] [Fast Refresh] done in 6ms @ http://localhost:3000/_next/static/chunks/0brk_next_dist_0dm07mh._.js:776
[  980363ms] [LOG] [Fast Refresh] done in 6ms @ http://localhost:3000/_next/static/chunks/0brk_next_dist_0dm07mh._.js:776
[  980426ms] [LOG] [Fast Refresh] done in 6ms @ http://localhost:3000/_next/static/chunks/0brk_next_dist_0dm07mh._.js:776
[  980490ms] [LOG] [Fast Refresh] done in 6ms @ http://localhost:3000/_next/static/chunks/0brk_next_dist_0dm07mh._.js:776
[  980548ms] [LOG] [Fast Refresh] done in 6ms @ http://localhost:3000/_next/static/chunks/0brk_next_dist_0dm07mh._.js:776
[  980626ms] [LOG] [Fast Refresh] done in 6ms @ http://localhost:3000/_next/static/chunks/0brk_next_dist_0dm07mh._.js:776
[  980690ms] [LOG] [Fast Refresh] done in 6ms @ http://localhost:3000/_next/static/chunks/0brk_next_dist_0dm07mh._.js:776
[  980749ms] [LOG] [Fast Refresh] done in 6ms @ http://localhost:3000/_next/static/chunks/0brk_next_dist_0dm07mh._.js:776
[  980810ms] [LOG] [Fast Refresh] done in 6ms @ http://localhost:3000/_next/static/chunks/0brk_next_dist_0dm07mh._.js:776
[  980890ms] [LOG] [Fast Refresh] done in 6ms @ http://localhost:3000/_next/static/chunks/0brk_next_dist_0dm07mh._.js:776
[  980988ms] [LOG] [Fast Refresh] done in 6ms @ http://localhost:3000/_next/static/chunks/0brk_next_dist_0dm07mh._.js:776
[  981058ms] [LOG] [Fast Refresh] done in 6ms @ http://localhost:3000/_next/static/chunks/0brk_next_dist_0dm07mh._.js:776
[  981113ms] [LOG] [Fast Refresh] done in 6ms @ http://localhost:3000/_next/static/chunks/0brk_next_dist_0dm07mh._.js:776
[  981166ms] [LOG] [Fast Refresh] done in 6ms @ http://localhost:3000/_next/static/chunks/0brk_next_dist_0dm07mh._.js:776
[  981228ms] [LOG] [Fast Refresh] done in 6ms @ http://localhost:3000/_next/static/chunks/0brk_next_dist_0dm07mh._.js:776
[  981283ms] [LOG] [Fast Refresh] done in 6ms @ http://localhost:3000/_next/static/chunks/0brk_next_dist_0dm07mh._.js:776
[  981347ms] [LOG] [Fast Refresh] done in 6ms @ http://localhost:3000/_next/static/chunks/0brk_next_dist_0dm07mh._.js:776
[  981399ms] [LOG] [Fast Refresh] done in 6ms @ http://localhost:3000/_next/static/chunks/0brk_next_dist_0dm07mh._.js:776
[  981448ms] [LOG] [Fast Refresh] done in 6ms @ http://localhost:3000/_next/static/chunks/0brk_next_dist_0dm07mh._.js:776
[  981498ms] [LOG] [Fast Refresh] done in 6ms @ http://localhost:3000/_next/static/chunks/0brk_next_dist_0dm07mh._.js:776
[  981547ms] [LOG] [Fast Refresh] done in 6ms @ http://localhost:3000/_next/static/chunks/0brk_next_dist_0dm07mh._.js:776
[  981608ms] [LOG] [Fast Refresh] done in 6ms @ http://localhost:3000/_next/static/chunks/0brk_next_dist_0dm07mh._.js:776
[  981665ms] [LOG] [Fast Refresh] done in 6ms @ http://localhost:3000/_next/static/chunks/0brk_next_dist_0dm07mh._.js:776
[  981728ms] [LOG] [Fast Refresh] done in 6ms @ http://localhost:3000/_next/static/chunks/0brk_next_dist_0dm07mh._.js:776
[  981783ms] [LOG] [Fast Refresh] done in 6ms @ http://localhost:3000/_next/static/chunks/0brk_next_dist_0dm07mh._.js:776
[  981845ms] [LOG] [Fast Refresh] done in 6ms @ http://localhost:3000/_next/static/chunks/0brk_next_dist_0dm07mh._.js:776
[  981898ms] [LOG] [Fast Refresh] done in 6ms @ http://localhost:3000/_next/static/chunks/0brk_next_dist_0dm07mh._.js:776
[  981947ms] [LOG] [Fast Refresh] done in 6ms @ http://localhost:3000/_next/static/chunks/0brk_next_dist_0dm07mh._.js:776
[  982009ms] [LOG] [Fast Refresh] done in 6ms @ http://localhost:3000/_next/static/chunks/0brk_next_dist_0dm07mh._.js:776
[  982084ms] [LOG] [Fast Refresh] done in 6ms @ http://localhost:3000/_next/static/chunks/0brk_next_dist_0dm07mh._.js:776
[  982582ms] [LOG] [Fast Refresh] done in 6ms @ http://localhost:3000/_next/static/chunks/0brk_next_dist_0dm07mh._.js:776
[  982948ms] [LOG] [Fast Refresh] done in 6ms @ http://localhost:3000/_next/static/chunks/0brk_next_dist_0dm07mh._.js:776
[  983001ms] [LOG] [Fast Refresh] done in 6ms @ http://localhost:3000/_next/static/chunks/0brk_next_dist_0dm07mh._.js:776
[  983062ms] [LOG] [Fast Refresh] done in 6ms @ http://localhost:3000/_next/static/chunks/0brk_next_dist_0dm07mh._.js:776
[  983118ms] [LOG] [Fast Refresh] done in 6ms @ http://localhost:3000/_next/static/chunks/0brk_next_dist_0dm07mh._.js:776
[  983171ms] [LOG] [Fast Refresh] done in 6ms @ http://localhost:3000/_next/static/chunks/0brk_next_dist_0dm07mh._.js:776
[  983239ms] [LOG] [Fast Refresh] done in 6ms @ http://localhost:3000/_next/static/chunks/0brk_next_dist_0dm07mh._.js:776
[  983294ms] [LOG] [Fast Refresh] done in 6ms @ http://localhost:3000/_next/static/chunks/0brk_next_dist_0dm07mh._.js:776
[  983368ms] [LOG] [Fast Refresh] done in 6ms @ http://localhost:3000/_next/static/chunks/0brk_next_dist_0dm07mh._.js:776
[  983434ms] [LOG] [Fast Refresh] done in 6ms @ http://localhost:3000/_next/static/chunks/0brk_next_dist_0dm07mh._.js:776
[  983505ms] [LOG] [Fast Refresh] done in 6ms @ http://localhost:3000/_next/static/chunks/0brk_next_dist_0dm07mh._.js:776
[  983569ms] [LOG] [Fast Refresh] done in 6ms @ http://localhost:3000/_next/static/chunks/0brk_next_dist_0dm07mh._.js:776
[  983631ms] [LOG] [Fast Refresh] done in 6ms @ http://localhost:3000/_next/static/chunks/0brk_next_dist_0dm07mh._.js:776
[  983693ms] [LOG] [Fast Refresh] done in 6ms @ http://localhost:3000/_next/static/chunks/0brk_next_dist_0dm07mh._.js:776
[  983749ms] [LOG] [Fast Refresh] done in 6ms @ http://localhost:3000/_next/static/chunks/0brk_next_dist_0dm07mh._.js:776
[  983810ms] [LOG] [Fast Refresh] done in 6ms @ http://localhost:3000/_next/static/chunks/0brk_next_dist_0dm07mh._.js:776
[  983865ms] [LOG] [Fast Refresh] done in 6ms @ http://localhost:3000/_next/static/chunks/0brk_next_dist_0dm07mh._.js:776
[  983936ms] [LOG] [Fast Refresh] done in 6ms @ http://localhost:3000/_next/static/chunks/0brk_next_dist_0dm07mh._.js:776
[  983987ms] [LOG] [Fast Refresh] done in 6ms @ http://localhost:3000/_next/static/chunks/0brk_next_dist_0dm07mh._.js:776
[  984044ms] [LOG] [Fast Refresh] done in 6ms @ http://localhost:3000/_next/static/chunks/0brk_next_dist_0dm07mh._.js:776
[  984109ms] [LOG] [Fast Refresh] done in 6ms @ http://localhost:3000/_next/static/chunks/0brk_next_dist_0dm07mh._.js:776
[  984173ms] [LOG] [Fast Refresh] done in 6ms @ http://localhost:3000/_next/static/chunks/0brk_next_dist_0dm07mh._.js:776
[  984234ms] [LOG] [Fast Refresh] done in 6ms @ http://localhost:3000/_next/static/chunks/0brk_next_dist_0dm07mh._.js:776
[  984286ms] [LOG] [Fast Refresh] done in 6ms @ http://localhost:3000/_next/static/chunks/0brk_next_dist_0dm07mh._.js:776
[  984343ms] [LOG] [Fast Refresh] done in 6ms @ http://localhost:3000/_next/static/chunks/0brk_next_dist_0dm07mh._.js:776
[  984405ms] [LOG] [Fast Refresh] done in 6ms @ http://localhost:3000/_next/static/chunks/0brk_next_dist_0dm07mh._.js:776
[  984469ms] [LOG] [Fast Refresh] done in 6ms @ http://localhost:3000/_next/static/chunks/0brk_next_dist_0dm07mh._.js:776
[  984533ms] [LOG] [Fast Refresh] done in 6ms @ http://localhost:3000/_next/static/chunks/0brk_next_dist_0dm07mh._.js:776
[  984690ms] [LOG] [Fast Refresh] done in 6ms @ http://localhost:3000/_next/static/chunks/0brk_next_dist_0dm07mh._.js:776
[  984838ms] [LOG] [Fast Refresh] done in 6ms @ http://localhost:3000/_next/static/chunks/0brk_next_dist_0dm07mh._.js:776
[  984941ms] [LOG] [Fast Refresh] done in 6ms @ http://localhost:3000/_next/static/chunks/0brk_next_dist_0dm07mh._.js:776
[  985016ms] [LOG] [Fast Refresh] done in 6ms @ http://localhost:3000/_next/static/chunks/0brk_next_dist_0dm07mh._.js:776
[  985082ms] [LOG] [Fast Refresh] done in 6ms @ http://localhost:3000/_next/static/chunks/0brk_next_dist_0dm07mh._.js:776
[  985129ms] [LOG] [Fast Refresh] done in 6ms @ http://localhost:3000/_next/static/chunks/0brk_next_dist_0dm07mh._.js:776
[  985177ms] [LOG] [Fast Refresh] done in 6ms @ http://localhost:3000/_next/static/chunks/0brk_next_dist_0dm07mh._.js:776
[  985240ms] [LOG] [Fast Refresh] done in 6ms @ http://localhost:3000/_next/static/chunks/0brk_next_dist_0dm07mh._.js:776
[  985300ms] [LOG] [Fast Refresh] done in 6ms @ http://localhost:3000/_next/static/chunks/0brk_next_dist_0dm07mh._.js:776
[  985359ms] [LOG] [Fast Refresh] done in 6ms @ http://localhost:3000/_next/static/chunks/0brk_next_dist_0dm07mh._.js:776
[  985417ms] [LOG] [Fast Refresh] done in 6ms @ http://localhost:3000/_next/static/chunks/0brk_next_dist_0dm07mh._.js:776
[  985469ms] [LOG] [Fast Refresh] done in 6ms @ http://localhost:3000/_next/static/chunks/0brk_next_dist_0dm07mh._.js:776
[  985517ms] [LOG] [Fast Refresh] done in 6ms @ http://localhost:3000/_next/static/chunks/0brk_next_dist_0dm07mh._.js:776
[  985581ms] [LOG] [Fast Refresh] done in 6ms @ http://localhost:3000/_next/static/chunks/0brk_next_dist_0dm07mh._.js:776
[  985640ms] [LOG] [Fast Refresh] done in 6ms @ http://localhost:3000/_next/static/chunks/0brk_next_dist_0dm07mh._.js:776
[  985703ms] [LOG] [Fast Refresh] done in 6ms @ http://localhost:3000/_next/static/chunks/0brk_next_dist_0dm07mh._.js:776
[  985767ms] [LOG] [Fast Refresh] done in 6ms @ http://localhost:3000/_next/static/chunks/0brk_next_dist_0dm07mh._.js:776
[  985828ms] [LOG] [Fast Refresh] done in 6ms @ http://localhost:3000/_next/static/chunks/0brk_next_dist_0dm07mh._.js:776
[  985883ms] [LOG] [Fast Refresh] done in 6ms @ http://localhost:3000/_next/static/chunks/0brk_next_dist_0dm07mh._.js:776
[  985940ms] [LOG] [Fast Refresh] done in 6ms @ http://localhost:3000/_next/static/chunks/0brk_next_dist_0dm07mh._.js:776
[  985986ms] [LOG] [Fast Refresh] done in 6ms @ http://localhost:3000/_next/static/chunks/0brk_next_dist_0dm07mh._.js:776
[  986048ms] [LOG] [Fast Refresh] done in 6ms @ http://localhost:3000/_next/static/chunks/0brk_next_dist_0dm07mh._.js:776
[  986102ms] [LOG] [Fast Refresh] done in 6ms @ http://localhost:3000/_next/static/chunks/0brk_next_dist_0dm07mh._.js:776
[  986164ms] [LOG] [Fast Refresh] done in 6ms @ http://localhost:3000/_next/static/chunks/0brk_next_dist_0dm07mh._.js:776
[  986223ms] [LOG] [Fast Refresh] done in 6ms @ http://localhost:3000/_next/static/chunks/0brk_next_dist_0dm07mh._.js:776
[  986284ms] [LOG] [Fast Refresh] done in 6ms @ http://localhost:3000/_next/static/chunks/0brk_next_dist_0dm07mh._.js:776
[  986344ms] [LOG] [Fast Refresh] done in 6ms @ http://localhost:3000/_next/static/chunks/0brk_next_dist_0dm07mh._.js:776
[  986392ms] [LOG] [Fast Refresh] done in 6ms @ http://localhost:3000/_next/static/chunks/0brk_next_dist_0dm07mh._.js:776
[  986492ms] [LOG] [Fast Refresh] done in 6ms @ http://localhost:3000/_next/static/chunks/0brk_next_dist_0dm07mh._.js:776
[  986604ms] [LOG] [Fast Refresh] done in 6ms @ http://localhost:3000/_next/static/chunks/0brk_next_dist_0dm07mh._.js:776
[  986661ms] [LOG] [Fast Refresh] done in 6ms @ http://localhost:3000/_next/static/chunks/0brk_next_dist_0dm07mh._.js:776
[  986717ms] [LOG] [Fast Refresh] done in 6ms @ http://localhost:3000/_next/static/chunks/0brk_next_dist_0dm07mh._.js:776
[  986775ms] [LOG] [Fast Refresh] done in 6ms @ http://localhost:3000/_next/static/chunks/0brk_next_dist_0dm07mh._.js:776
[  986832ms] [LOG] [Fast Refresh] done in 6ms @ http://localhost:3000/_next/static/chunks/0brk_next_dist_0dm07mh._.js:776
[  986888ms] [LOG] [Fast Refresh] done in 6ms @ http://localhost:3000/_next/static/chunks/0brk_next_dist_0dm07mh._.js:776
[  986951ms] [LOG] [Fast Refresh] done in 6ms @ http://localhost:3000/_next/static/chunks/0brk_next_dist_0dm07mh._.js:776
[  987001ms] [LOG] [Fast Refresh] done in 6ms @ http://localhost:3000/_next/static/chunks/0brk_next_dist_0dm07mh._.js:776
[  987067ms] [LOG] [Fast Refresh] done in 6ms @ http://localhost:3000/_next/static/chunks/0brk_next_dist_0dm07mh._.js:776
[  987140ms] [LOG] [Fast Refresh] done in 6ms @ http://localhost:3000/_next/static/chunks/0brk_next_dist_0dm07mh._.js:776
[  987186ms] [LOG] [Fast Refresh] done in 6ms @ http://localhost:3000/_next/static/chunks/0brk_next_dist_0dm07mh._.js:776
[  987254ms] [LOG] [Fast Refresh] done in 6ms @ http://localhost:3000/_next/static/chunks/0brk_next_dist_0dm07mh._.js:776
[  987313ms] [LOG] [Fast Refresh] done in 6ms @ http://localhost:3000/_next/static/chunks/0brk_next_dist_0dm07mh._.js:776
[  987361ms] [LOG] [Fast Refresh] done in 6ms @ http://localhost:3000/_next/static/chunks/0brk_next_dist_0dm07mh._.js:776
[  987425ms] [LOG] [Fast Refresh] done in 6ms @ http://localhost:3000/_next/static/chunks/0brk_next_dist_0dm07mh._.js:776
[  987482ms] [LOG] [Fast Refresh] done in 6ms @ http://localhost:3000/_next/static/chunks/0brk_next_dist_0dm07mh._.js:776
[  987544ms] [LOG] [Fast Refresh] done in 6ms @ http://localhost:3000/_next/static/chunks/0brk_next_dist_0dm07mh._.js:776
[  987594ms] [LOG] [Fast Refresh] done in 6ms @ http://localhost:3000/_next/static/chunks/0brk_next_dist_0dm07mh._.js:776
[  987649ms] [LOG] [Fast Refresh] done in 6ms @ http://localhost:3000/_next/static/chunks/0brk_next_dist_0dm07mh._.js:776
[  987710ms] [LOG] [Fast Refresh] done in 6ms @ http://localhost:3000/_next/static/chunks/0brk_next_dist_0dm07mh._.js:776
[  987767ms] [LOG] [Fast Refresh] done in 6ms @ http://localhost:3000/_next/static/chunks/0brk_next_dist_0dm07mh._.js:776
[  987828ms] [LOG] [Fast Refresh] done in 6ms @ http://localhost:3000/_next/static/chunks/0brk_next_dist_0dm07mh._.js:776
[  987880ms] [LOG] [Fast Refresh] done in 6ms @ http://localhost:3000/_next/static/chunks/0brk_next_dist_0dm07mh._.js:776
[  987943ms] [LOG] [Fast Refresh] done in 6ms @ http://localhost:3000/_next/static/chunks/0brk_next_dist_0dm07mh._.js:776
[  987990ms] [LOG] [Fast Refresh] done in 6ms @ http://localhost:3000/_next/static/chunks/0brk_next_dist_0dm07mh._.js:776
[  988052ms] [LOG] [Fast Refresh] done in 6ms @ http://localhost:3000/_next/static/chunks/0brk_next_dist_0dm07mh._.js:776
[  988113ms] [LOG] [Fast Refresh] done in 6ms @ http://localhost:3000/_next/static/chunks/0brk_next_dist_0dm07mh._.js:776
[  988163ms] [LOG] [Fast Refresh] done in 6ms @ http://localhost:3000/_next/static/chunks/0brk_next_dist_0dm07mh._.js:776
[  988228ms] [LOG] [Fast Refresh] done in 6ms @ http://localhost:3000/_next/static/chunks/0brk_next_dist_0dm07mh._.js:776
[  988281ms] [LOG] [Fast Refresh] done in 6ms @ http://localhost:3000/_next/static/chunks/0brk_next_dist_0dm07mh._.js:776
[  988347ms] [LOG] [Fast Refresh] done in 6ms @ http://localhost:3000/_next/static/chunks/0brk_next_dist_0dm07mh._.js:776
[  988410ms] [LOG] [Fast Refresh] done in 6ms @ http://localhost:3000/_next/static/chunks/0brk_next_dist_0dm07mh._.js:776
[  988465ms] [LOG] [Fast Refresh] done in 6ms @ http://localhost:3000/_next/static/chunks/0brk_next_dist_0dm07mh._.js:776
[  988528ms] [LOG] [Fast Refresh] done in 6ms @ http://localhost:3000/_next/static/chunks/0brk_next_dist_0dm07mh._.js:776
[  988592ms] [LOG] [Fast Refresh] done in 6ms @ http://localhost:3000/_next/static/chunks/0brk_next_dist_0dm07mh._.js:776
[  988985ms] [LOG] [Fast Refresh] done in 6ms @ http://localhost:3000/_next/static/chunks/0brk_next_dist_0dm07mh._.js:776
[  989070ms] [LOG] [Fast Refresh] done in 6ms @ http://localhost:3000/_next/static/chunks/0brk_next_dist_0dm07mh._.js:776
[  989178ms] [LOG] [Fast Refresh] done in 6ms @ http://localhost:3000/_next/static/chunks/0brk_next_dist_0dm07mh._.js:776
[  989252ms] [LOG] [Fast Refresh] done in 6ms @ http://localhost:3000/_next/static/chunks/0brk_next_dist_0dm07mh._.js:776
[  989482ms] [LOG] [Fast Refresh] done in 6ms @ http://localhost:3000/_next/static/chunks/0brk_next_dist_0dm07mh._.js:776
[  989545ms] [LOG] [Fast Refresh] done in 6ms @ http://localhost:3000/_next/static/chunks/0brk_next_dist_0dm07mh._.js:776
[  989590ms] [LOG] [Fast Refresh] done in 6ms @ http://localhost:3000/_next/static/chunks/0brk_next_dist_0dm07mh._.js:776
[  989667ms] [LOG] [Fast Refresh] done in 6ms @ http://localhost:3000/_next/static/chunks/0brk_next_dist_0dm07mh._.js:776
[  989753ms] [LOG] [Fast Refresh] done in 6ms @ http://localhost:3000/_next/static/chunks/0brk_next_dist_0dm07mh._.js:776
[  989817ms] [LOG] [Fast Refresh] done in 6ms @ http://localhost:3000/_next/static/chunks/0brk_next_dist_0dm07mh._.js:776
[  989897ms] [LOG] [Fast Refresh] done in 6ms @ http://localhost:3000/_next/static/chunks/0brk_next_dist_0dm07mh._.js:776
[  989950ms] [LOG] [Fast Refresh] done in 6ms @ http://localhost:3000/_next/static/chunks/0brk_next_dist_0dm07mh._.js:776
[  990019ms] [LOG] [Fast Refresh] done in 6ms @ http://localhost:3000/_next/static/chunks/0brk_next_dist_0dm07mh._.js:776
[  990081ms] [LOG] [Fast Refresh] done in 6ms @ http://localhost:3000/_next/static/chunks/0brk_next_dist_0dm07mh._.js:776
[  990186ms] [LOG] [Fast Refresh] done in 6ms @ http://localhost:3000/_next/static/chunks/0brk_next_dist_0dm07mh._.js:776
[  990245ms] [LOG] [Fast Refresh] done in 6ms @ http://localhost:3000/_next/static/chunks/0brk_next_dist_0dm07mh._.js:776
[  990315ms] [LOG] [Fast Refresh] done in 6ms @ http://localhost:3000/_next/static/chunks/0brk_next_dist_0dm07mh._.js:776
[  990388ms] [LOG] [Fast Refresh] done in 6ms @ http://localhost:3000/_next/static/chunks/0brk_next_dist_0dm07mh._.js:776
[  990468ms] [LOG] [Fast Refresh] done in 6ms @ http://localhost:3000/_next/static/chunks/0brk_next_dist_0dm07mh._.js:776
[  990527ms] [LOG] [Fast Refresh] done in 6ms @ http://localhost:3000/_next/static/chunks/0brk_next_dist_0dm07mh._.js:776
[  990582ms] [LOG] [Fast Refresh] done in 6ms @ http://localhost:3000/_next/static/chunks/0brk_next_dist_0dm07mh._.js:776
[  990638ms] [LOG] [Fast Refresh] done in 6ms @ http://localhost:3000/_next/static/chunks/0brk_next_dist_0dm07mh._.js:776
[  990692ms] [LOG] [Fast Refresh] done in 6ms @ http://localhost:3000/_next/static/chunks/0brk_next_dist_0dm07mh._.js:776
[  990751ms] [LOG] [Fast Refresh] done in 6ms @ http://localhost:3000/_next/static/chunks/0brk_next_dist_0dm07mh._.js:776
[  990814ms] [LOG] [Fast Refresh] done in 6ms @ http://localhost:3000/_next/static/chunks/0brk_next_dist_0dm07mh._.js:776
[  990863ms] [LOG] [Fast Refresh] done in 6ms @ http://localhost:3000/_next/static/chunks/0brk_next_dist_0dm07mh._.js:776
[  990923ms] [LOG] [Fast Refresh] done in 6ms @ http://localhost:3000/_next/static/chunks/0brk_next_dist_0dm07mh._.js:776
[  990986ms] [LOG] [Fast Refresh] done in 6ms @ http://localhost:3000/_next/static/chunks/0brk_next_dist_0dm07mh._.js:776
[  991047ms] [LOG] [Fast Refresh] done in 6ms @ http://localhost:3000/_next/static/chunks/0brk_next_dist_0dm07mh._.js:776
[  991102ms] [LOG] [Fast Refresh] done in 6ms @ http://localhost:3000/_next/static/chunks/0brk_next_dist_0dm07mh._.js:776
[  991205ms] [LOG] [Fast Refresh] done in 6ms @ http://localhost:3000/_next/static/chunks/0brk_next_dist_0dm07mh._.js:776
[  991252ms] [LOG] [Fast Refresh] done in 6ms @ http://localhost:3000/_next/static/chunks/0brk_next_dist_0dm07mh._.js:776
[  991319ms] [LOG] [Fast Refresh] done in 6ms @ http://localhost:3000/_next/static/chunks/0brk_next_dist_0dm07mh._.js:776
[  991410ms] [LOG] [Fast Refresh] done in 6ms @ http://localhost:3000/_next/static/chunks/0brk_next_dist_0dm07mh._.js:776
[  991443ms] [LOG] [Fast Refresh] done in 6ms @ http://localhost:3000/_next/static/chunks/0brk_next_dist_0dm07mh._.js:776
[  991520ms] [LOG] [Fast Refresh] done in 6ms @ http://localhost:3000/_next/static/chunks/0brk_next_dist_0dm07mh._.js:776
[  991627ms] [LOG] [Fast Refresh] done in 6ms @ http://localhost:3000/_next/static/chunks/0brk_next_dist_0dm07mh._.js:776
[  991719ms] [LOG] [Fast Refresh] done in 6ms @ http://localhost:3000/_next/static/chunks/0brk_next_dist_0dm07mh._.js:776
[  991799ms] [LOG] [Fast Refresh] done in 6ms @ http://localhost:3000/_next/static/chunks/0brk_next_dist_0dm07mh._.js:776
[  991857ms] [LOG] [Fast Refresh] done in 6ms @ http://localhost:3000/_next/static/chunks/0brk_next_dist_0dm07mh._.js:776
[  991937ms] [LOG] [Fast Refresh] done in 6ms @ http://localhost:3000/_next/static/chunks/0brk_next_dist_0dm07mh._.js:776
[  992003ms] [LOG] [Fast Refresh] done in 6ms @ http://localhost:3000/_next/static/chunks/0brk_next_dist_0dm07mh._.js:776
[  992064ms] [LOG] [Fast Refresh] done in 6ms @ http://localhost:3000/_next/static/chunks/0brk_next_dist_0dm07mh._.js:776
[  992129ms] [LOG] [Fast Refresh] done in 6ms @ http://localhost:3000/_next/static/chunks/0brk_next_dist_0dm07mh._.js:776
[  992192ms] [LOG] [Fast Refresh] done in 6ms @ http://localhost:3000/_next/static/chunks/0brk_next_dist_0dm07mh._.js:776
[  992251ms] [LOG] [Fast Refresh] done in 6ms @ http://localhost:3000/_next/static/chunks/0brk_next_dist_0dm07mh._.js:776
[  992301ms] [LOG] [Fast Refresh] done in 6ms @ http://localhost:3000/_next/static/chunks/0brk_next_dist_0dm07mh._.js:776
[  992361ms] [LOG] [Fast Refresh] done in 6ms @ http://localhost:3000/_next/static/chunks/0brk_next_dist_0dm07mh._.js:776
[  992420ms] [LOG] [Fast Refresh] done in 6ms @ http://localhost:3000/_next/static/chunks/0brk_next_dist_0dm07mh._.js:776
[  992508ms] [LOG] [Fast Refresh] done in 6ms @ http://localhost:3000/_next/static/chunks/0brk_next_dist_0dm07mh._.js:776
[  992560ms] [LOG] [Fast Refresh] done in 6ms @ http://localhost:3000/_next/static/chunks/0brk_next_dist_0dm07mh._.js:776
[  992641ms] [LOG] [Fast Refresh] done in 6ms @ http://localhost:3000/_next/static/chunks/0brk_next_dist_0dm07mh._.js:776
[  992705ms] [LOG] [Fast Refresh] done in 6ms @ http://localhost:3000/_next/static/chunks/0brk_next_dist_0dm07mh._.js:776
[  992792ms] [LOG] [Fast Refresh] done in 6ms @ http://localhost:3000/_next/static/chunks/0brk_next_dist_0dm07mh._.js:776
[  992854ms] [LOG] [Fast Refresh] done in 6ms @ http://localhost:3000/_next/static/chunks/0brk_next_dist_0dm07mh._.js:776
[  992911ms] [LOG] [Fast Refresh] done in 6ms @ http://localhost:3000/_next/static/chunks/0brk_next_dist_0dm07mh._.js:776
[  992973ms] [LOG] [Fast Refresh] done in 6ms @ http://localhost:3000/_next/static/chunks/0brk_next_dist_0dm07mh._.js:776
[  993043ms] [LOG] [Fast Refresh] done in 6ms @ http://localhost:3000/_next/static/chunks/0brk_next_dist_0dm07mh._.js:776
[  993105ms] [LOG] [Fast Refresh] done in 6ms @ http://localhost:3000/_next/static/chunks/0brk_next_dist_0dm07mh._.js:776
[  993165ms] [LOG] [Fast Refresh] done in 6ms @ http://localhost:3000/_next/static/chunks/0brk_next_dist_0dm07mh._.js:776
[  993231ms] [LOG] [Fast Refresh] done in 6ms @ http://localhost:3000/_next/static/chunks/0brk_next_dist_0dm07mh._.js:776
[  993294ms] [LOG] [Fast Refresh] done in 6ms @ http://localhost:3000/_next/static/chunks/0brk_next_dist_0dm07mh._.js:776
[  993352ms] [LOG] [Fast Refresh] done in 6ms @ http://localhost:3000/_next/static/chunks/0brk_next_dist_0dm07mh._.js:776
[  993405ms] [LOG] [Fast Refresh] done in 6ms @ http://localhost:3000/_next/static/chunks/0brk_next_dist_0dm07mh._.js:776
[  993465ms] [LOG] [Fast Refresh] done in 6ms @ http://localhost:3000/_next/static/chunks/0brk_next_dist_0dm07mh._.js:776
[  993533ms] [LOG] [Fast Refresh] done in 6ms @ http://localhost:3000/_next/static/chunks/0brk_next_dist_0dm07mh._.js:776
[  993577ms] [LOG] [Fast Refresh] done in 6ms @ http://localhost:3000/_next/static/chunks/0brk_next_dist_0dm07mh._.js:776
[  993643ms] [LOG] [Fast Refresh] done in 6ms @ http://localhost:3000/_next/static/chunks/0brk_next_dist_0dm07mh._.js:776
[  993691ms] [LOG] [Fast Refresh] done in 6ms @ http://localhost:3000/_next/static/chunks/0brk_next_dist_0dm07mh._.js:776
[  993748ms] [LOG] [Fast Refresh] done in 6ms @ http://localhost:3000/_next/static/chunks/0brk_next_dist_0dm07mh._.js:776
[  993812ms] [LOG] [Fast Refresh] done in 6ms @ http://localhost:3000/_next/static/chunks/0brk_next_dist_0dm07mh._.js:776
[  994227ms] [LOG] [Fast Refresh] done in 6ms @ http://localhost:3000/_next/static/chunks/0brk_next_dist_0dm07mh._.js:776
[  995135ms] [LOG] [Fast Refresh] done in 6ms @ http://localhost:3000/_next/static/chunks/0brk_next_dist_0dm07mh._.js:776
[  995184ms] [LOG] [Fast Refresh] done in 6ms @ http://localhost:3000/_next/static/chunks/0brk_next_dist_0dm07mh._.js:776
[  995277ms] [LOG] [Fast Refresh] done in 6ms @ http://localhost:3000/_next/static/chunks/0brk_next_dist_0dm07mh._.js:776
[  995443ms] [LOG] [Fast Refresh] done in 6ms @ http://localhost:3000/_next/static/chunks/0brk_next_dist_0dm07mh._.js:776
[  995526ms] [LOG] [Fast Refresh] done in 6ms @ http://localhost:3000/_next/static/chunks/0brk_next_dist_0dm07mh._.js:776
[  995633ms] [LOG] [Fast Refresh] done in 6ms @ http://localhost:3000/_next/static/chunks/0brk_next_dist_0dm07mh._.js:776
[  995787ms] [LOG] [Fast Refresh] done in 6ms @ http://localhost:3000/_next/static/chunks/0brk_next_dist_0dm07mh._.js:776
[  995848ms] [LOG] [Fast Refresh] done in 6ms @ http://localhost:3000/_next/static/chunks/0brk_next_dist_0dm07mh._.js:776
[  995914ms] [LOG] [Fast Refresh] done in 6ms @ http://localhost:3000/_next/static/chunks/0brk_next_dist_0dm07mh._.js:776
[  995986ms] [LOG] [Fast Refresh] done in 6ms @ http://localhost:3000/_next/static/chunks/0brk_next_dist_0dm07mh._.js:776
[  996043ms] [LOG] [Fast Refresh] done in 6ms @ http://localhost:3000/_next/static/chunks/0brk_next_dist_0dm07mh._.js:776
[  996104ms] [LOG] [Fast Refresh] done in 6ms @ http://localhost:3000/_next/static/chunks/0brk_next_dist_0dm07mh._.js:776
[  996166ms] [LOG] [Fast Refresh] done in 6ms @ http://localhost:3000/_next/static/chunks/0brk_next_dist_0dm07mh._.js:776
[  996245ms] [LOG] [Fast Refresh] done in 6ms @ http://localhost:3000/_next/static/chunks/0brk_next_dist_0dm07mh._.js:776
[  996318ms] [LOG] [Fast Refresh] done in 6ms @ http://localhost:3000/_next/static/chunks/0brk_next_dist_0dm07mh._.js:776
[  996380ms] [LOG] [Fast Refresh] done in 6ms @ http://localhost:3000/_next/static/chunks/0brk_next_dist_0dm07mh._.js:776
[  996440ms] [LOG] [Fast Refresh] done in 6ms @ http://localhost:3000/_next/static/chunks/0brk_next_dist_0dm07mh._.js:776
[  996495ms] [LOG] [Fast Refresh] done in 6ms @ http://localhost:3000/_next/static/chunks/0brk_next_dist_0dm07mh._.js:776
[  996551ms] [LOG] [Fast Refresh] done in 6ms @ http://localhost:3000/_next/static/chunks/0brk_next_dist_0dm07mh._.js:776
[  996622ms] [LOG] [Fast Refresh] done in 6ms @ http://localhost:3000/_next/static/chunks/0brk_next_dist_0dm07mh._.js:776
[  996727ms] [LOG] [Fast Refresh] done in 6ms @ http://localhost:3000/_next/static/chunks/0brk_next_dist_0dm07mh._.js:776
[  996813ms] [LOG] [Fast Refresh] done in 6ms @ http://localhost:3000/_next/static/chunks/0brk_next_dist_0dm07mh._.js:776
[  996916ms] [LOG] [Fast Refresh] done in 6ms @ http://localhost:3000/_next/static/chunks/0brk_next_dist_0dm07mh._.js:776
[  997010ms] [LOG] [Fast Refresh] done in 6ms @ http://localhost:3000/_next/static/chunks/0brk_next_dist_0dm07mh._.js:776
[  997083ms] [LOG] [Fast Refresh] done in 6ms @ http://localhost:3000/_next/static/chunks/0brk_next_dist_0dm07mh._.js:776
[  997157ms] [LOG] [Fast Refresh] done in 6ms @ http://localhost:3000/_next/static/chunks/0brk_next_dist_0dm07mh._.js:776
[  997221ms] [LOG] [Fast Refresh] done in 6ms @ http://localhost:3000/_next/static/chunks/0brk_next_dist_0dm07mh._.js:776
[  997330ms] [LOG] [Fast Refresh] done in 6ms @ http://localhost:3000/_next/static/chunks/0brk_next_dist_0dm07mh._.js:776
[  997466ms] [LOG] [Fast Refresh] done in 6ms @ http://localhost:3000/_next/static/chunks/0brk_next_dist_0dm07mh._.js:776
[  997539ms] [LOG] [Fast Refresh] done in 6ms @ http://localhost:3000/_next/static/chunks/0brk_next_dist_0dm07mh._.js:776
[  997637ms] [LOG] [Fast Refresh] done in 6ms @ http://localhost:3000/_next/static/chunks/0brk_next_dist_0dm07mh._.js:776
[  997719ms] [LOG] [Fast Refresh] done in 6ms @ http://localhost:3000/_next/static/chunks/0brk_next_dist_0dm07mh._.js:776
[  997782ms] [LOG] [Fast Refresh] done in 6ms @ http://localhost:3000/_next/static/chunks/0brk_next_dist_0dm07mh._.js:776
[  997845ms] [LOG] [Fast Refresh] done in 6ms @ http://localhost:3000/_next/static/chunks/0brk_next_dist_0dm07mh._.js:776
[  997919ms] [LOG] [Fast Refresh] done in 6ms @ http://localhost:3000/_next/static/chunks/0brk_next_dist_0dm07mh._.js:776
[  997976ms] [LOG] [Fast Refresh] done in 6ms @ http://localhost:3000/_next/static/chunks/0brk_next_dist_0dm07mh._.js:776
[  998046ms] [LOG] [Fast Refresh] done in 6ms @ http://localhost:3000/_next/static/chunks/0brk_next_dist_0dm07mh._.js:776
[  998116ms] [LOG] [Fast Refresh] done in 6ms @ http://localhost:3000/_next/static/chunks/0brk_next_dist_0dm07mh._.js:776
[  998168ms] [LOG] [Fast Refresh] done in 6ms @ http://localhost:3000/_next/static/chunks/0brk_next_dist_0dm07mh._.js:776
[  998230ms] [LOG] [Fast Refresh] done in 6ms @ http://localhost:3000/_next/static/chunks/0brk_next_dist_0dm07mh._.js:776
[  998284ms] [LOG] [Fast Refresh] done in 6ms @ http://localhost:3000/_next/static/chunks/0brk_next_dist_0dm07mh._.js:776
[  998348ms] [LOG] [Fast Refresh] done in 6ms @ http://localhost:3000/_next/static/chunks/0brk_next_dist_0dm07mh._.js:776
[  998548ms] [LOG] [Fast Refresh] done in 6ms @ http://localhost:3000/_next/static/chunks/0brk_next_dist_0dm07mh._.js:776
[  998598ms] [LOG] [Fast Refresh] done in 6ms @ http://localhost:3000/_next/static/chunks/0brk_next_dist_0dm07mh._.js:776
[  998657ms] [LOG] [Fast Refresh] done in 6ms @ http://localhost:3000/_next/static/chunks/0brk_next_dist_0dm07mh._.js:776
[  998712ms] [LOG] [Fast Refresh] done in 6ms @ http://localhost:3000/_next/static/chunks/0brk_next_dist_0dm07mh._.js:776
[  998768ms] [LOG] [Fast Refresh] done in 6ms @ http://localhost:3000/_next/static/chunks/0brk_next_dist_0dm07mh._.js:776
[  998828ms] [LOG] [Fast Refresh] done in 6ms @ http://localhost:3000/_next/static/chunks/0brk_next_dist_0dm07mh._.js:776
[  998891ms] [LOG] [Fast Refresh] done in 6ms @ http://localhost:3000/_next/static/chunks/0brk_next_dist_0dm07mh._.js:776
[  998951ms] [LOG] [Fast Refresh] done in 6ms @ http://localhost:3000/_next/static/chunks/0brk_next_dist_0dm07mh._.js:776
[  999014ms] [LOG] [Fast Refresh] done in 6ms @ http://localhost:3000/_next/static/chunks/0brk_next_dist_0dm07mh._.js:776
[  999068ms] [LOG] [Fast Refresh] done in 6ms @ http://localhost:3000/_next/static/chunks/0brk_next_dist_0dm07mh._.js:776
[  999129ms] [LOG] [Fast Refresh] done in 6ms @ http://localhost:3000/_next/static/chunks/0brk_next_dist_0dm07mh._.js:776
[  999186ms] [LOG] [Fast Refresh] done in 6ms @ http://localhost:3000/_next/static/chunks/0brk_next_dist_0dm07mh._.js:776
[  999235ms] [LOG] [Fast Refresh] done in 6ms @ http://localhost:3000/_next/static/chunks/0brk_next_dist_0dm07mh._.js:776
[  999298ms] [LOG] [Fast Refresh] done in 6ms @ http://localhost:3000/_next/static/chunks/0brk_next_dist_0dm07mh._.js:776
[  999373ms] [LOG] [Fast Refresh] done in 6ms @ http://localhost:3000/_next/static/chunks/0brk_next_dist_0dm07mh._.js:776
[  999574ms] [LOG] [Fast Refresh] done in 6ms @ http://localhost:3000/_next/static/chunks/0brk_next_dist_0dm07mh._.js:776
[  999668ms] [LOG] [Fast Refresh] done in 6ms @ http://localhost:3000/_next/static/chunks/0brk_next_dist_0dm07mh._.js:776
[  999742ms] [LOG] [Fast Refresh] done in 6ms @ http://localhost:3000/_next/static/chunks/0brk_next_dist_0dm07mh._.js:776
[  999815ms] [LOG] [Fast Refresh] done in 6ms @ http://localhost:3000/_next/static/chunks/0brk_next_dist_0dm07mh._.js:776
[  999916ms] [LOG] [Fast Refresh] done in 6ms @ http://localhost:3000/_next/static/chunks/0brk_next_dist_0dm07mh._.js:776
[  999971ms] [LOG] [Fast Refresh] done in 6ms @ http://localhost:3000/_next/static/chunks/0brk_next_dist_0dm07mh._.js:776
[ 1000047ms] [LOG] [Fast Refresh] done in 6ms @ http://localhost:3000/_next/static/chunks/0brk_next_dist_0dm07mh._.js:776
[ 1000129ms] [LOG] [Fast Refresh] done in 6ms @ http://localhost:3000/_next/static/chunks/0brk_next_dist_0dm07mh._.js:776
[ 1000193ms] [LOG] [Fast Refresh] done in 6ms @ http://localhost:3000/_next/static/chunks/0brk_next_dist_0dm07mh._.js:776
[ 1000253ms] [LOG] [Fast Refresh] done in 6ms @ http://localhost:3000/_next/static/chunks/0brk_next_dist_0dm07mh._.js:776
[ 1000305ms] [LOG] [Fast Refresh] done in 6ms @ http://localhost:3000/_next/static/chunks/0brk_next_dist_0dm07mh._.js:776
[ 1000372ms] [LOG] [Fast Refresh] done in 6ms @ http://localhost:3000/_next/static/chunks/0brk_next_dist_0dm07mh._.js:776
[ 1000431ms] [LOG] [Fast Refresh] done in 6ms @ http://localhost:3000/_next/static/chunks/0brk_next_dist_0dm07mh._.js:776
[ 1000486ms] [LOG] [Fast Refresh] done in 6ms @ http://localhost:3000/_next/static/chunks/0brk_next_dist_0dm07mh._.js:776
[ 1000540ms] [LOG] [Fast Refresh] done in 6ms @ http://localhost:3000/_next/static/chunks/0brk_next_dist_0dm07mh._.js:776
[ 1000584ms] [LOG] [Fast Refresh] done in 6ms @ http://localhost:3000/_next/static/chunks/0brk_next_dist_0dm07mh._.js:776
[ 1000643ms] [LOG] [Fast Refresh] done in 6ms @ http://localhost:3000/_next/static/chunks/0brk_next_dist_0dm07mh._.js:776
[ 1000702ms] [LOG] [Fast Refresh] done in 6ms @ http://localhost:3000/_next/static/chunks/0brk_next_dist_0dm07mh._.js:776
[ 1000763ms] [LOG] [Fast Refresh] done in 6ms @ http://localhost:3000/_next/static/chunks/0brk_next_dist_0dm07mh._.js:776
[ 1000825ms] [LOG] [Fast Refresh] done in 6ms @ http://localhost:3000/_next/static/chunks/0brk_next_dist_0dm07mh._.js:776
[ 1000885ms] [LOG] [Fast Refresh] done in 6ms @ http://localhost:3000/_next/static/chunks/0brk_next_dist_0dm07mh._.js:776
[ 1000947ms] [LOG] [Fast Refresh] done in 6ms @ http://localhost:3000/_next/static/chunks/0brk_next_dist_0dm07mh._.js:776
[ 1001011ms] [LOG] [Fast Refresh] done in 6ms @ http://localhost:3000/_next/static/chunks/0brk_next_dist_0dm07mh._.js:776
[ 1001069ms] [LOG] [Fast Refresh] done in 6ms @ http://localhost:3000/_next/static/chunks/0brk_next_dist_0dm07mh._.js:776
[ 1001123ms] [LOG] [Fast Refresh] done in 6ms @ http://localhost:3000/_next/static/chunks/0brk_next_dist_0dm07mh._.js:776
[ 1001165ms] [LOG] [Fast Refresh] done in 6ms @ http://localhost:3000/_next/static/chunks/0brk_next_dist_0dm07mh._.js:776
[ 1001242ms] [LOG] [Fast Refresh] done in 6ms @ http://localhost:3000/_next/static/chunks/0brk_next_dist_0dm07mh._.js:776
[ 1001535ms] [LOG] [Fast Refresh] done in 6ms @ http://localhost:3000/_next/static/chunks/0brk_next_dist_0dm07mh._.js:776
[ 1001691ms] [LOG] [Fast Refresh] done in 6ms @ http://localhost:3000/_next/static/chunks/0brk_next_dist_0dm07mh._.js:776
[ 1001725ms] [LOG] [Fast Refresh] done in 6ms @ http://localhost:3000/_next/static/chunks/0brk_next_dist_0dm07mh._.js:776
[ 1001880ms] [LOG] [Fast Refresh] done in 6ms @ http://localhost:3000/_next/static/chunks/0brk_next_dist_0dm07mh._.js:776
[ 1002000ms] [LOG] [Fast Refresh] done in 6ms @ http://localhost:3000/_next/static/chunks/0brk_next_dist_0dm07mh._.js:776
[ 1002051ms] [LOG] [Fast Refresh] done in 6ms @ http://localhost:3000/_next/static/chunks/0brk_next_dist_0dm07mh._.js:776
[ 1002103ms] [LOG] [Fast Refresh] done in 6ms @ http://localhost:3000/_next/static/chunks/0brk_next_dist_0dm07mh._.js:776
[ 1002187ms] [LOG] [Fast Refresh] done in 6ms @ http://localhost:3000/_next/static/chunks/0brk_next_dist_0dm07mh._.js:776
[ 1002250ms] [LOG] [Fast Refresh] done in 6ms @ http://localhost:3000/_next/static/chunks/0brk_next_dist_0dm07mh._.js:776
[ 1002309ms] [LOG] [Fast Refresh] done in 6ms @ http://localhost:3000/_next/static/chunks/0brk_next_dist_0dm07mh._.js:776
[ 1002367ms] [LOG] [Fast Refresh] done in 6ms @ http://localhost:3000/_next/static/chunks/0brk_next_dist_0dm07mh._.js:776
[ 1002449ms] [LOG] [Fast Refresh] done in 6ms @ http://localhost:3000/_next/static/chunks/0brk_next_dist_0dm07mh._.js:776
[ 1002522ms] [LOG] [Fast Refresh] done in 6ms @ http://localhost:3000/_next/static/chunks/0brk_next_dist_0dm07mh._.js:776
[ 1002583ms] [LOG] [Fast Refresh] done in 6ms @ http://localhost:3000/_next/static/chunks/0brk_next_dist_0dm07mh._.js:776
[ 1002653ms] [LOG] [Fast Refresh] done in 6ms @ http://localhost:3000/_next/static/chunks/0brk_next_dist_0dm07mh._.js:776
[ 1002704ms] [LOG] [Fast Refresh] done in 6ms @ http://localhost:3000/_next/static/chunks/0brk_next_dist_0dm07mh._.js:776
[ 1002771ms] [LOG] [Fast Refresh] done in 6ms @ http://localhost:3000/_next/static/chunks/0brk_next_dist_0dm07mh._.js:776
[ 1002819ms] [LOG] [Fast Refresh] done in 6ms @ http://localhost:3000/_next/static/chunks/0brk_next_dist_0dm07mh._.js:776
[ 1002868ms] [LOG] [Fast Refresh] done in 6ms @ http://localhost:3000/_next/static/chunks/0brk_next_dist_0dm07mh._.js:776
[ 1002931ms] [LOG] [Fast Refresh] done in 6ms @ http://localhost:3000/_next/static/chunks/0brk_next_dist_0dm07mh._.js:776
[ 1003007ms] [LOG] [Fast Refresh] done in 6ms @ http://localhost:3000/_next/static/chunks/0brk_next_dist_0dm07mh._.js:776
[ 1003066ms] [LOG] [Fast Refresh] done in 6ms @ http://localhost:3000/_next/static/chunks/0brk_next_dist_0dm07mh._.js:776
[ 1003129ms] [LOG] [Fast Refresh] done in 6ms @ http://localhost:3000/_next/static/chunks/0brk_next_dist_0dm07mh._.js:776
[ 1003189ms] [LOG] [Fast Refresh] done in 6ms @ http://localhost:3000/_next/static/chunks/0brk_next_dist_0dm07mh._.js:776
[ 1003252ms] [LOG] [Fast Refresh] done in 6ms @ http://localhost:3000/_next/static/chunks/0brk_next_dist_0dm07mh._.js:776
[ 1003299ms] [LOG] [Fast Refresh] done in 6ms @ http://localhost:3000/_next/static/chunks/0brk_next_dist_0dm07mh._.js:776
[ 1003348ms] [LOG] [Fast Refresh] done in 6ms @ http://localhost:3000/_next/static/chunks/0brk_next_dist_0dm07mh._.js:776
[ 1003402ms] [LOG] [Fast Refresh] done in 6ms @ http://localhost:3000/_next/static/chunks/0brk_next_dist_0dm07mh._.js:776
[ 1003468ms] [LOG] [Fast Refresh] done in 6ms @ http://localhost:3000/_next/static/chunks/0brk_next_dist_0dm07mh._.js:776
[ 1003533ms] [LOG] [Fast Refresh] done in 6ms @ http://localhost:3000/_next/static/chunks/0brk_next_dist_0dm07mh._.js:776
[ 1003603ms] [LOG] [Fast Refresh] done in 6ms @ http://localhost:3000/_next/static/chunks/0brk_next_dist_0dm07mh._.js:776
[ 1004002ms] [LOG] [Fast Refresh] done in 6ms @ http://localhost:3000/_next/static/chunks/0brk_next_dist_0dm07mh._.js:776
[ 1004502ms] [LOG] [Fast Refresh] done in 6ms @ http://localhost:3000/_next/static/chunks/0brk_next_dist_0dm07mh._.js:776
[ 1004625ms] [LOG] [Fast Refresh] done in 6ms @ http://localhost:3000/_next/static/chunks/0brk_next_dist_0dm07mh._.js:776
[ 1004735ms] [LOG] [Fast Refresh] done in 6ms @ http://localhost:3000/_next/static/chunks/0brk_next_dist_0dm07mh._.js:776
[ 1004784ms] [LOG] [Fast Refresh] done in 6ms @ http://localhost:3000/_next/static/chunks/0brk_next_dist_0dm07mh._.js:776
[ 1004834ms] [LOG] [Fast Refresh] done in 6ms @ http://localhost:3000/_next/static/chunks/0brk_next_dist_0dm07mh._.js:776
[ 1004884ms] [LOG] [Fast Refresh] done in 6ms @ http://localhost:3000/_next/static/chunks/0brk_next_dist_0dm07mh._.js:776
[ 1004948ms] [LOG] [Fast Refresh] done in 6ms @ http://localhost:3000/_next/static/chunks/0brk_next_dist_0dm07mh._.js:776
[ 1004989ms] [LOG] [Fast Refresh] done in 6ms @ http://localhost:3000/_next/static/chunks/0brk_next_dist_0dm07mh._.js:776
[ 1005047ms] [LOG] [Fast Refresh] done in 6ms @ http://localhost:3000/_next/static/chunks/0brk_next_dist_0dm07mh._.js:776
[ 1005104ms] [LOG] [Fast Refresh] done in 6ms @ http://localhost:3000/_next/static/chunks/0brk_next_dist_0dm07mh._.js:776
[ 1005168ms] [LOG] [Fast Refresh] done in 6ms @ http://localhost:3000/_next/static/chunks/0brk_next_dist_0dm07mh._.js:776
[ 1005217ms] [LOG] [Fast Refresh] done in 6ms @ http://localhost:3000/_next/static/chunks/0brk_next_dist_0dm07mh._.js:776
[ 1005268ms] [LOG] [Fast Refresh] done in 6ms @ http://localhost:3000/_next/static/chunks/0brk_next_dist_0dm07mh._.js:776
[ 1005317ms] [LOG] [Fast Refresh] done in 6ms @ http://localhost:3000/_next/static/chunks/0brk_next_dist_0dm07mh._.js:776
[ 1005366ms] [LOG] [Fast Refresh] done in 6ms @ http://localhost:3000/_next/static/chunks/0brk_next_dist_0dm07mh._.js:776
[ 1005432ms] [LOG] [Fast Refresh] done in 6ms @ http://localhost:3000/_next/static/chunks/0brk_next_dist_0dm07mh._.js:776
[ 1005484ms] [LOG] [Fast Refresh] done in 6ms @ http://localhost:3000/_next/static/chunks/0brk_next_dist_0dm07mh._.js:776
[ 1005534ms] [LOG] [Fast Refresh] done in 6ms @ http://localhost:3000/_next/static/chunks/0brk_next_dist_0dm07mh._.js:776
[ 1005583ms] [LOG] [Fast Refresh] done in 6ms @ http://localhost:3000/_next/static/chunks/0brk_next_dist_0dm07mh._.js:776
[ 1005634ms] [LOG] [Fast Refresh] done in 6ms @ http://localhost:3000/_next/static/chunks/0brk_next_dist_0dm07mh._.js:776
[ 1005683ms] [LOG] [Fast Refresh] done in 6ms @ http://localhost:3000/_next/static/chunks/0brk_next_dist_0dm07mh._.js:776
[ 1005732ms] [LOG] [Fast Refresh] done in 6ms @ http://localhost:3000/_next/static/chunks/0brk_next_dist_0dm07mh._.js:776
[ 1005784ms] [LOG] [Fast Refresh] done in 6ms @ http://localhost:3000/_next/static/chunks/0brk_next_dist_0dm07mh._.js:776
[ 1005834ms] [LOG] [Fast Refresh] done in 6ms @ http://localhost:3000/_next/static/chunks/0brk_next_dist_0dm07mh._.js:776
[ 1005902ms] [LOG] [Fast Refresh] done in 6ms @ http://localhost:3000/_next/static/chunks/0brk_next_dist_0dm07mh._.js:776
[ 1005964ms] [LOG] [Fast Refresh] done in 6ms @ http://localhost:3000/_next/static/chunks/0brk_next_dist_0dm07mh._.js:776
[ 1006030ms] [LOG] [Fast Refresh] done in 6ms @ http://localhost:3000/_next/static/chunks/0brk_next_dist_0dm07mh._.js:776
[ 1006083ms] [LOG] [Fast Refresh] done in 6ms @ http://localhost:3000/_next/static/chunks/0brk_next_dist_0dm07mh._.js:776
[ 1006145ms] [LOG] [Fast Refresh] done in 6ms @ http://localhost:3000/_next/static/chunks/0brk_next_dist_0dm07mh._.js:776
[ 1006193ms] [LOG] [Fast Refresh] done in 6ms @ http://localhost:3000/_next/static/chunks/0brk_next_dist_0dm07mh._.js:776
[ 1006258ms] [LOG] [Fast Refresh] done in 6ms @ http://localhost:3000/_next/static/chunks/0brk_next_dist_0dm07mh._.js:776
[ 1006320ms] [LOG] [Fast Refresh] done in 6ms @ http://localhost:3000/_next/static/chunks/0brk_next_dist_0dm07mh._.js:776
[ 1006383ms] [LOG] [Fast Refresh] done in 6ms @ http://localhost:3000/_next/static/chunks/0brk_next_dist_0dm07mh._.js:776
[ 1006445ms] [LOG] [Fast Refresh] done in 6ms @ http://localhost:3000/_next/static/chunks/0brk_next_dist_0dm07mh._.js:776
[ 1006493ms] [LOG] [Fast Refresh] done in 6ms @ http://localhost:3000/_next/static/chunks/0brk_next_dist_0dm07mh._.js:776
[ 1006556ms] [LOG] [Fast Refresh] done in 6ms @ http://localhost:3000/_next/static/chunks/0brk_next_dist_0dm07mh._.js:776
[ 1006602ms] [LOG] [Fast Refresh] done in 6ms @ http://localhost:3000/_next/static/chunks/0brk_next_dist_0dm07mh._.js:776
[ 1006650ms] [LOG] [Fast Refresh] done in 6ms @ http://localhost:3000/_next/static/chunks/0brk_next_dist_0dm07mh._.js:776
[ 1006698ms] [LOG] [Fast Refresh] done in 6ms @ http://localhost:3000/_next/static/chunks/0brk_next_dist_0dm07mh._.js:776
[ 1006751ms] [LOG] [Fast Refresh] done in 6ms @ http://localhost:3000/_next/static/chunks/0brk_next_dist_0dm07mh._.js:776
[ 1006800ms] [LOG] [Fast Refresh] done in 6ms @ http://localhost:3000/_next/static/chunks/0brk_next_dist_0dm07mh._.js:776
[ 1006861ms] [LOG] [Fast Refresh] done in 6ms @ http://localhost:3000/_next/static/chunks/0brk_next_dist_0dm07mh._.js:776
[ 1006930ms] [LOG] [Fast Refresh] done in 6ms @ http://localhost:3000/_next/static/chunks/0brk_next_dist_0dm07mh._.js:776
[ 1006994ms] [LOG] [Fast Refresh] done in 6ms @ http://localhost:3000/_next/static/chunks/0brk_next_dist_0dm07mh._.js:776
[ 1007063ms] [LOG] [Fast Refresh] done in 6ms @ http://localhost:3000/_next/static/chunks/0brk_next_dist_0dm07mh._.js:776
[ 1007124ms] [LOG] [Fast Refresh] done in 6ms @ http://localhost:3000/_next/static/chunks/0brk_next_dist_0dm07mh._.js:776
[ 1007184ms] [LOG] [Fast Refresh] done in 6ms @ http://localhost:3000/_next/static/chunks/0brk_next_dist_0dm07mh._.js:776
[ 1007249ms] [LOG] [Fast Refresh] done in 6ms @ http://localhost:3000/_next/static/chunks/0brk_next_dist_0dm07mh._.js:776
[ 1007298ms] [LOG] [Fast Refresh] done in 6ms @ http://localhost:3000/_next/static/chunks/0brk_next_dist_0dm07mh._.js:776
[ 1007348ms] [LOG] [Fast Refresh] done in 6ms @ http://localhost:3000/_next/static/chunks/0brk_next_dist_0dm07mh._.js:776
[ 1007398ms] [LOG] [Fast Refresh] done in 6ms @ http://localhost:3000/_next/static/chunks/0brk_next_dist_0dm07mh._.js:776
[ 1007445ms] [LOG] [Fast Refresh] done in 6ms @ http://localhost:3000/_next/static/chunks/0brk_next_dist_0dm07mh._.js:776
[ 1007505ms] [LOG] [Fast Refresh] done in 6ms @ http://localhost:3000/_next/static/chunks/0brk_next_dist_0dm07mh._.js:776
[ 1007554ms] [LOG] [Fast Refresh] done in 6ms @ http://localhost:3000/_next/static/chunks/0brk_next_dist_0dm07mh._.js:776
[ 1007614ms] [LOG] [Fast Refresh] done in 6ms @ http://localhost:3000/_next/static/chunks/0brk_next_dist_0dm07mh._.js:776
[ 1007663ms] [LOG] [Fast Refresh] done in 6ms @ http://localhost:3000/_next/static/chunks/0brk_next_dist_0dm07mh._.js:776
[ 1007718ms] [LOG] [Fast Refresh] done in 6ms @ http://localhost:3000/_next/static/chunks/0brk_next_dist_0dm07mh._.js:776
[ 1007768ms] [LOG] [Fast Refresh] done in 6ms @ http://localhost:3000/_next/static/chunks/0brk_next_dist_0dm07mh._.js:776
[ 1007830ms] [LOG] [Fast Refresh] done in 6ms @ http://localhost:3000/_next/static/chunks/0brk_next_dist_0dm07mh._.js:776
[ 1007889ms] [LOG] [Fast Refresh] done in 6ms @ http://localhost:3000/_next/static/chunks/0brk_next_dist_0dm07mh._.js:776
[ 1007951ms] [LOG] [Fast Refresh] done in 6ms @ http://localhost:3000/_next/static/chunks/0brk_next_dist_0dm07mh._.js:776
[ 1008013ms] [LOG] [Fast Refresh] done in 6ms @ http://localhost:3000/_next/static/chunks/0brk_next_dist_0dm07mh._.js:776
[ 1008066ms] [LOG] [Fast Refresh] done in 6ms @ http://localhost:3000/_next/static/chunks/0brk_next_dist_0dm07mh._.js:776
[ 1008124ms] [LOG] [Fast Refresh] done in 6ms @ http://localhost:3000/_next/static/chunks/0brk_next_dist_0dm07mh._.js:776
[ 1008215ms] [LOG] [Fast Refresh] done in 6ms @ http://localhost:3000/_next/static/chunks/0brk_next_dist_0dm07mh._.js:776
[ 1008267ms] [LOG] [Fast Refresh] done in 6ms @ http://localhost:3000/_next/static/chunks/0brk_next_dist_0dm07mh._.js:776
[ 1008322ms] [LOG] [Fast Refresh] done in 6ms @ http://localhost:3000/_next/static/chunks/0brk_next_dist_0dm07mh._.js:776
[ 1008375ms] [LOG] [Fast Refresh] done in 6ms @ http://localhost:3000/_next/static/chunks/0brk_next_dist_0dm07mh._.js:776
[ 1008437ms] [LOG] [Fast Refresh] done in 6ms @ http://localhost:3000/_next/static/chunks/0brk_next_dist_0dm07mh._.js:776
[ 1008485ms] [LOG] [Fast Refresh] done in 6ms @ http://localhost:3000/_next/static/chunks/0brk_next_dist_0dm07mh._.js:776
[ 1008548ms] [LOG] [Fast Refresh] done in 6ms @ http://localhost:3000/_next/static/chunks/0brk_next_dist_0dm07mh._.js:776
[ 1008598ms] [LOG] [Fast Refresh] done in 6ms @ http://localhost:3000/_next/static/chunks/0brk_next_dist_0dm07mh._.js:776
[ 1008665ms] [LOG] [Fast Refresh] done in 6ms @ http://localhost:3000/_next/static/chunks/0brk_next_dist_0dm07mh._.js:776
[ 1008717ms] [LOG] [Fast Refresh] done in 6ms @ http://localhost:3000/_next/static/chunks/0brk_next_dist_0dm07mh._.js:776
[ 1008762ms] [LOG] [Fast Refresh] done in 6ms @ http://localhost:3000/_next/static/chunks/0brk_next_dist_0dm07mh._.js:776
[ 1008829ms] [LOG] [Fast Refresh] done in 6ms @ http://localhost:3000/_next/static/chunks/0brk_next_dist_0dm07mh._.js:776
[ 1008884ms] [LOG] [Fast Refresh] done in 6ms @ http://localhost:3000/_next/static/chunks/0brk_next_dist_0dm07mh._.js:776
[ 1008947ms] [LOG] [Fast Refresh] done in 6ms @ http://localhost:3000/_next/static/chunks/0brk_next_dist_0dm07mh._.js:776
[ 1008999ms] [LOG] [Fast Refresh] done in 6ms @ http://localhost:3000/_next/static/chunks/0brk_next_dist_0dm07mh._.js:776
[ 1009046ms] [LOG] [Fast Refresh] done in 6ms @ http://localhost:3000/_next/static/chunks/0brk_next_dist_0dm07mh._.js:776
[ 1009107ms] [LOG] [Fast Refresh] done in 6ms @ http://localhost:3000/_next/static/chunks/0brk_next_dist_0dm07mh._.js:776
[ 1009167ms] [LOG] [Fast Refresh] done in 6ms @ http://localhost:3000/_next/static/chunks/0brk_next_dist_0dm07mh._.js:776
[ 1009215ms] [LOG] [Fast Refresh] done in 6ms @ http://localhost:3000/_next/static/chunks/0brk_next_dist_0dm07mh._.js:776
[ 1009264ms] [LOG] [Fast Refresh] done in 6ms @ http://localhost:3000/_next/static/chunks/0brk_next_dist_0dm07mh._.js:776
[ 1009329ms] [LOG] [Fast Refresh] done in 6ms @ http://localhost:3000/_next/static/chunks/0brk_next_dist_0dm07mh._.js:776
[ 1009383ms] [LOG] [Fast Refresh] done in 6ms @ http://localhost:3000/_next/static/chunks/0brk_next_dist_0dm07mh._.js:776
[ 1009448ms] [LOG] [Fast Refresh] done in 6ms @ http://localhost:3000/_next/static/chunks/0brk_next_dist_0dm07mh._.js:776
[ 1009495ms] [LOG] [Fast Refresh] done in 6ms @ http://localhost:3000/_next/static/chunks/0brk_next_dist_0dm07mh._.js:776
[ 1009551ms] [LOG] [Fast Refresh] done in 6ms @ http://localhost:3000/_next/static/chunks/0brk_next_dist_0dm07mh._.js:776
[ 1009614ms] [LOG] [Fast Refresh] done in 6ms @ http://localhost:3000/_next/static/chunks/0brk_next_dist_0dm07mh._.js:776
[ 1009666ms] [LOG] [Fast Refresh] done in 6ms @ http://localhost:3000/_next/static/chunks/0brk_next_dist_0dm07mh._.js:776
[ 1009718ms] [LOG] [Fast Refresh] done in 6ms @ http://localhost:3000/_next/static/chunks/0brk_next_dist_0dm07mh._.js:776
[ 1009767ms] [LOG] [Fast Refresh] done in 6ms @ http://localhost:3000/_next/static/chunks/0brk_next_dist_0dm07mh._.js:776
[ 1009817ms] [LOG] [Fast Refresh] done in 6ms @ http://localhost:3000/_next/static/chunks/0brk_next_dist_0dm07mh._.js:776
[ 1009883ms] [LOG] [Fast Refresh] done in 6ms @ http://localhost:3000/_next/static/chunks/0brk_next_dist_0dm07mh._.js:776
[ 1009944ms] [LOG] [Fast Refresh] done in 6ms @ http://localhost:3000/_next/static/chunks/0brk_next_dist_0dm07mh._.js:776
[ 1009999ms] [LOG] [Fast Refresh] done in 6ms @ http://localhost:3000/_next/static/chunks/0brk_next_dist_0dm07mh._.js:776
[ 1010051ms] [LOG] [Fast Refresh] done in 6ms @ http://localhost:3000/_next/static/chunks/0brk_next_dist_0dm07mh._.js:776
[ 1010112ms] [LOG] [Fast Refresh] done in 6ms @ http://localhost:3000/_next/static/chunks/0brk_next_dist_0dm07mh._.js:776
[ 1010165ms] [LOG] [Fast Refresh] done in 6ms @ http://localhost:3000/_next/static/chunks/0brk_next_dist_0dm07mh._.js:776
[ 1010219ms] [LOG] [Fast Refresh] done in 6ms @ http://localhost:3000/_next/static/chunks/0brk_next_dist_0dm07mh._.js:776
[ 1010267ms] [LOG] [Fast Refresh] done in 6ms @ http://localhost:3000/_next/static/chunks/0brk_next_dist_0dm07mh._.js:776
[ 1010330ms] [LOG] [Fast Refresh] done in 6ms @ http://localhost:3000/_next/static/chunks/0brk_next_dist_0dm07mh._.js:776
[ 1010384ms] [LOG] [Fast Refresh] done in 6ms @ http://localhost:3000/_next/static/chunks/0brk_next_dist_0dm07mh._.js:776
[ 1010446ms] [LOG] [Fast Refresh] done in 6ms @ http://localhost:3000/_next/static/chunks/0brk_next_dist_0dm07mh._.js:776
[ 1010501ms] [LOG] [Fast Refresh] done in 6ms @ http://localhost:3000/_next/static/chunks/0brk_next_dist_0dm07mh._.js:776
[ 1010563ms] [LOG] [Fast Refresh] done in 6ms @ http://localhost:3000/_next/static/chunks/0brk_next_dist_0dm07mh._.js:776
[ 1010628ms] [LOG] [Fast Refresh] done in 6ms @ http://localhost:3000/_next/static/chunks/0brk_next_dist_0dm07mh._.js:776
[ 1010683ms] [LOG] [Fast Refresh] done in 6ms @ http://localhost:3000/_next/static/chunks/0brk_next_dist_0dm07mh._.js:776
[ 1010732ms] [LOG] [Fast Refresh] done in 6ms @ http://localhost:3000/_next/static/chunks/0brk_next_dist_0dm07mh._.js:776
[ 1010794ms] [LOG] [Fast Refresh] done in 6ms @ http://localhost:3000/_next/static/chunks/0brk_next_dist_0dm07mh._.js:776
[ 1010852ms] [LOG] [Fast Refresh] done in 6ms @ http://localhost:3000/_next/static/chunks/0brk_next_dist_0dm07mh._.js:776
[ 1010901ms] [LOG] [Fast Refresh] done in 6ms @ http://localhost:3000/_next/static/chunks/0brk_next_dist_0dm07mh._.js:776
[ 1010963ms] [LOG] [Fast Refresh] done in 6ms @ http://localhost:3000/_next/static/chunks/0brk_next_dist_0dm07mh._.js:776
[ 1011030ms] [LOG] [Fast Refresh] done in 6ms @ http://localhost:3000/_next/static/chunks/0brk_next_dist_0dm07mh._.js:776
[ 1011083ms] [LOG] [Fast Refresh] done in 6ms @ http://localhost:3000/_next/static/chunks/0brk_next_dist_0dm07mh._.js:776
[ 1011140ms] [LOG] [Fast Refresh] done in 6ms @ http://localhost:3000/_next/static/chunks/0brk_next_dist_0dm07mh._.js:776
[ 1011187ms] [LOG] [Fast Refresh] done in 6ms @ http://localhost:3000/_next/static/chunks/0brk_next_dist_0dm07mh._.js:776
[ 1011248ms] [LOG] [Fast Refresh] done in 6ms @ http://localhost:3000/_next/static/chunks/0brk_next_dist_0dm07mh._.js:776
[ 1011297ms] [LOG] [Fast Refresh] done in 6ms @ http://localhost:3000/_next/static/chunks/0brk_next_dist_0dm07mh._.js:776
[ 1011363ms] [LOG] [Fast Refresh] done in 6ms @ http://localhost:3000/_next/static/chunks/0brk_next_dist_0dm07mh._.js:776
[ 1011426ms] [LOG] [Fast Refresh] done in 6ms @ http://localhost:3000/_next/static/chunks/0brk_next_dist_0dm07mh._.js:776
[ 1011486ms] [LOG] [Fast Refresh] done in 6ms @ http://localhost:3000/_next/static/chunks/0brk_next_dist_0dm07mh._.js:776
[ 1011548ms] [LOG] [Fast Refresh] done in 6ms @ http://localhost:3000/_next/static/chunks/0brk_next_dist_0dm07mh._.js:776
[ 1011598ms] [LOG] [Fast Refresh] done in 6ms @ http://localhost:3000/_next/static/chunks/0brk_next_dist_0dm07mh._.js:776
[ 1011648ms] [LOG] [Fast Refresh] done in 6ms @ http://localhost:3000/_next/static/chunks/0brk_next_dist_0dm07mh._.js:776
[ 1011699ms] [LOG] [Fast Refresh] done in 6ms @ http://localhost:3000/_next/static/chunks/0brk_next_dist_0dm07mh._.js:776
[ 1011751ms] [LOG] [Fast Refresh] done in 6ms @ http://localhost:3000/_next/static/chunks/0brk_next_dist_0dm07mh._.js:776
[ 1011800ms] [LOG] [Fast Refresh] done in 6ms @ http://localhost:3000/_next/static/chunks/0brk_next_dist_0dm07mh._.js:776
[ 1011863ms] [LOG] [Fast Refresh] done in 6ms @ http://localhost:3000/_next/static/chunks/0brk_next_dist_0dm07mh._.js:776
[ 1011928ms] [LOG] [Fast Refresh] done in 6ms @ http://localhost:3000/_next/static/chunks/0brk_next_dist_0dm07mh._.js:776
[ 1011983ms] [LOG] [Fast Refresh] done in 6ms @ http://localhost:3000/_next/static/chunks/0brk_next_dist_0dm07mh._.js:776
[ 1012032ms] [LOG] [Fast Refresh] done in 6ms @ http://localhost:3000/_next/static/chunks/0brk_next_dist_0dm07mh._.js:776
[ 1012095ms] [LOG] [Fast Refresh] done in 6ms @ http://localhost:3000/_next/static/chunks/0brk_next_dist_0dm07mh._.js:776
[ 1012147ms] [LOG] [Fast Refresh] done in 6ms @ http://localhost:3000/_next/static/chunks/0brk_next_dist_0dm07mh._.js:776
[ 1012209ms] [LOG] [Fast Refresh] done in 6ms @ http://localhost:3000/_next/static/chunks/0brk_next_dist_0dm07mh._.js:776
[ 1012266ms] [LOG] [Fast Refresh] done in 6ms @ http://localhost:3000/_next/static/chunks/0brk_next_dist_0dm07mh._.js:776
[ 1012317ms] [LOG] [Fast Refresh] done in 6ms @ http://localhost:3000/_next/static/chunks/0brk_next_dist_0dm07mh._.js:776
[ 1012366ms] [LOG] [Fast Refresh] done in 6ms @ http://localhost:3000/_next/static/chunks/0brk_next_dist_0dm07mh._.js:776
[ 1012429ms] [LOG] [Fast Refresh] done in 6ms @ http://localhost:3000/_next/static/chunks/0brk_next_dist_0dm07mh._.js:776
[ 1012494ms] [LOG] [Fast Refresh] done in 6ms @ http://localhost:3000/_next/static/chunks/0brk_next_dist_0dm07mh._.js:776
[ 1012551ms] [LOG] [Fast Refresh] done in 6ms @ http://localhost:3000/_next/static/chunks/0brk_next_dist_0dm07mh._.js:776
[ 1012598ms] [LOG] [Fast Refresh] done in 6ms @ http://localhost:3000/_next/static/chunks/0brk_next_dist_0dm07mh._.js:776
[ 1012651ms] [LOG] [Fast Refresh] done in 6ms @ http://localhost:3000/_next/static/chunks/0brk_next_dist_0dm07mh._.js:776
[ 1012698ms] [LOG] [Fast Refresh] done in 6ms @ http://localhost:3000/_next/static/chunks/0brk_next_dist_0dm07mh._.js:776
[ 1012751ms] [LOG] [Fast Refresh] done in 6ms @ http://localhost:3000/_next/static/chunks/0brk_next_dist_0dm07mh._.js:776
[ 1012798ms] [LOG] [Fast Refresh] done in 6ms @ http://localhost:3000/_next/static/chunks/0brk_next_dist_0dm07mh._.js:776
[ 1012861ms] [LOG] [Fast Refresh] done in 6ms @ http://localhost:3000/_next/static/chunks/0brk_next_dist_0dm07mh._.js:776
[ 1012914ms] [LOG] [Fast Refresh] done in 6ms @ http://localhost:3000/_next/static/chunks/0brk_next_dist_0dm07mh._.js:776
[ 1012978ms] [LOG] [Fast Refresh] done in 6ms @ http://localhost:3000/_next/static/chunks/0brk_next_dist_0dm07mh._.js:776
[ 1013040ms] [LOG] [Fast Refresh] done in 6ms @ http://localhost:3000/_next/static/chunks/0brk_next_dist_0dm07mh._.js:776
[ 1013100ms] [LOG] [Fast Refresh] done in 6ms @ http://localhost:3000/_next/static/chunks/0brk_next_dist_0dm07mh._.js:776
[ 1013153ms] [LOG] [Fast Refresh] done in 6ms @ http://localhost:3000/_next/static/chunks/0brk_next_dist_0dm07mh._.js:776
[ 1013215ms] [LOG] [Fast Refresh] done in 6ms @ http://localhost:3000/_next/static/chunks/0brk_next_dist_0dm07mh._.js:776
[ 1013282ms] [LOG] [Fast Refresh] done in 6ms @ http://localhost:3000/_next/static/chunks/0brk_next_dist_0dm07mh._.js:776
[ 1013334ms] [LOG] [Fast Refresh] done in 6ms @ http://localhost:3000/_next/static/chunks/0brk_next_dist_0dm07mh._.js:776
[ 1013398ms] [LOG] [Fast Refresh] done in 6ms @ http://localhost:3000/_next/static/chunks/0brk_next_dist_0dm07mh._.js:776
[ 1013457ms] [LOG] [Fast Refresh] done in 6ms @ http://localhost:3000/_next/static/chunks/0brk_next_dist_0dm07mh._.js:776
[ 1013515ms] [LOG] [Fast Refresh] done in 6ms @ http://localhost:3000/_next/static/chunks/0brk_next_dist_0dm07mh._.js:776
[ 1013566ms] [LOG] [Fast Refresh] done in 6ms @ http://localhost:3000/_next/static/chunks/0brk_next_dist_0dm07mh._.js:776
[ 1013628ms] [LOG] [Fast Refresh] done in 6ms @ http://localhost:3000/_next/static/chunks/0brk_next_dist_0dm07mh._.js:776
[ 1013683ms] [LOG] [Fast Refresh] done in 6ms @ http://localhost:3000/_next/static/chunks/0brk_next_dist_0dm07mh._.js:776
[ 1013744ms] [LOG] [Fast Refresh] done in 6ms @ http://localhost:3000/_next/static/chunks/0brk_next_dist_0dm07mh._.js:776
[ 1013784ms] [LOG] [Fast Refresh] done in 6ms @ http://localhost:3000/_next/static/chunks/0brk_next_dist_0dm07mh._.js:776
[ 1013847ms] [LOG] [Fast Refresh] done in 6ms @ http://localhost:3000/_next/static/chunks/0brk_next_dist_0dm07mh._.js:776
[ 1013899ms] [LOG] [Fast Refresh] done in 6ms @ http://localhost:3000/_next/static/chunks/0brk_next_dist_0dm07mh._.js:776
[ 1013948ms] [LOG] [Fast Refresh] done in 6ms @ http://localhost:3000/_next/static/chunks/0brk_next_dist_0dm07mh._.js:776
[ 1013998ms] [LOG] [Fast Refresh] done in 6ms @ http://localhost:3000/_next/static/chunks/0brk_next_dist_0dm07mh._.js:776
[ 1014044ms] [LOG] [Fast Refresh] done in 6ms @ http://localhost:3000/_next/static/chunks/0brk_next_dist_0dm07mh._.js:776
[ 1014108ms] [LOG] [Fast Refresh] done in 6ms @ http://localhost:3000/_next/static/chunks/0brk_next_dist_0dm07mh._.js:776
[ 1014158ms] [LOG] [Fast Refresh] done in 6ms @ http://localhost:3000/_next/static/chunks/0brk_next_dist_0dm07mh._.js:776
[ 1014220ms] [LOG] [Fast Refresh] done in 6ms @ http://localhost:3000/_next/static/chunks/0brk_next_dist_0dm07mh._.js:776
[ 1014268ms] [LOG] [Fast Refresh] done in 6ms @ http://localhost:3000/_next/static/chunks/0brk_next_dist_0dm07mh._.js:776
[ 1014330ms] [LOG] [Fast Refresh] done in 6ms @ http://localhost:3000/_next/static/chunks/0brk_next_dist_0dm07mh._.js:776
[ 1014383ms] [LOG] [Fast Refresh] done in 6ms @ http://localhost:3000/_next/static/chunks/0brk_next_dist_0dm07mh._.js:776
[ 1014436ms] [LOG] [Fast Refresh] done in 6ms @ http://localhost:3000/_next/static/chunks/0brk_next_dist_0dm07mh._.js:776
[ 1014507ms] [LOG] [Fast Refresh] done in 6ms @ http://localhost:3000/_next/static/chunks/0brk_next_dist_0dm07mh._.js:776
[ 1014608ms] [LOG] [Fast Refresh] done in 6ms @ http://localhost:3000/_next/static/chunks/0brk_next_dist_0dm07mh._.js:776
[ 1014686ms] [LOG] [Fast Refresh] done in 6ms @ http://localhost:3000/_next/static/chunks/0brk_next_dist_0dm07mh._.js:776
[ 1014748ms] [LOG] [Fast Refresh] done in 6ms @ http://localhost:3000/_next/static/chunks/0brk_next_dist_0dm07mh._.js:776
[ 1014799ms] [LOG] [Fast Refresh] done in 6ms @ http://localhost:3000/_next/static/chunks/0brk_next_dist_0dm07mh._.js:776
[ 1014848ms] [LOG] [Fast Refresh] done in 6ms @ http://localhost:3000/_next/static/chunks/0brk_next_dist_0dm07mh._.js:776
[ 1014900ms] [LOG] [Fast Refresh] done in 6ms @ http://localhost:3000/_next/static/chunks/0brk_next_dist_0dm07mh._.js:776
[ 1014957ms] [LOG] [Fast Refresh] done in 6ms @ http://localhost:3000/_next/static/chunks/0brk_next_dist_0dm07mh._.js:776
[ 1015014ms] [LOG] [Fast Refresh] done in 6ms @ http://localhost:3000/_next/static/chunks/0brk_next_dist_0dm07mh._.js:776
[ 1015061ms] [LOG] [Fast Refresh] done in 6ms @ http://localhost:3000/_next/static/chunks/0brk_next_dist_0dm07mh._.js:776
[ 1015130ms] [LOG] [Fast Refresh] done in 6ms @ http://localhost:3000/_next/static/chunks/0brk_next_dist_0dm07mh._.js:776
[ 1015178ms] [LOG] [Fast Refresh] done in 6ms @ http://localhost:3000/_next/static/chunks/0brk_next_dist_0dm07mh._.js:776
[ 1015224ms] [LOG] [Fast Refresh] done in 6ms @ http://localhost:3000/_next/static/chunks/0brk_next_dist_0dm07mh._.js:776
[ 1015283ms] [LOG] [Fast Refresh] done in 6ms @ http://localhost:3000/_next/static/chunks/0brk_next_dist_0dm07mh._.js:776
[ 1015333ms] [LOG] [Fast Refresh] done in 6ms @ http://localhost:3000/_next/static/chunks/0brk_next_dist_0dm07mh._.js:776
[ 1015383ms] [LOG] [Fast Refresh] done in 6ms @ http://localhost:3000/_next/static/chunks/0brk_next_dist_0dm07mh._.js:776
[ 1015446ms] [LOG] [Fast Refresh] done in 6ms @ http://localhost:3000/_next/static/chunks/0brk_next_dist_0dm07mh._.js:776
[ 1015526ms] [LOG] [Fast Refresh] done in 6ms @ http://localhost:3000/_next/static/chunks/0brk_next_dist_0dm07mh._.js:776
[ 1015624ms] [LOG] [Fast Refresh] done in 6ms @ http://localhost:3000/_next/static/chunks/0brk_next_dist_0dm07mh._.js:776
[ 1015684ms] [LOG] [Fast Refresh] done in 6ms @ http://localhost:3000/_next/static/chunks/0brk_next_dist_0dm07mh._.js:776
[ 1015734ms] [LOG] [Fast Refresh] done in 6ms @ http://localhost:3000/_next/static/chunks/0brk_next_dist_0dm07mh._.js:776
[ 1015800ms] [LOG] [Fast Refresh] done in 6ms @ http://localhost:3000/_next/static/chunks/0brk_next_dist_0dm07mh._.js:776
[ 1015862ms] [LOG] [Fast Refresh] done in 6ms @ http://localhost:3000/_next/static/chunks/0brk_next_dist_0dm07mh._.js:776
[ 1015916ms] [LOG] [Fast Refresh] done in 6ms @ http://localhost:3000/_next/static/chunks/0brk_next_dist_0dm07mh._.js:776
[ 1015982ms] [LOG] [Fast Refresh] done in 6ms @ http://localhost:3000/_next/static/chunks/0brk_next_dist_0dm07mh._.js:776
[ 1016067ms] [LOG] [Fast Refresh] done in 6ms @ http://localhost:3000/_next/static/chunks/0brk_next_dist_0dm07mh._.js:776
[ 1016132ms] [LOG] [Fast Refresh] done in 6ms @ http://localhost:3000/_next/static/chunks/0brk_next_dist_0dm07mh._.js:776
[ 1016180ms] [LOG] [Fast Refresh] done in 6ms @ http://localhost:3000/_next/static/chunks/0brk_next_dist_0dm07mh._.js:776
[ 1016235ms] [LOG] [Fast Refresh] done in 6ms @ http://localhost:3000/_next/static/chunks/0brk_next_dist_0dm07mh._.js:776
[ 1016284ms] [LOG] [Fast Refresh] done in 6ms @ http://localhost:3000/_next/static/chunks/0brk_next_dist_0dm07mh._.js:776
[ 1016346ms] [LOG] [Fast Refresh] done in 6ms @ http://localhost:3000/_next/static/chunks/0brk_next_dist_0dm07mh._.js:776
[ 1016397ms] [LOG] [Fast Refresh] done in 6ms @ http://localhost:3000/_next/static/chunks/0brk_next_dist_0dm07mh._.js:776
[ 1016441ms] [LOG] [Fast Refresh] done in 6ms @ http://localhost:3000/_next/static/chunks/0brk_next_dist_0dm07mh._.js:776
[ 1016499ms] [LOG] [Fast Refresh] done in 6ms @ http://localhost:3000/_next/static/chunks/0brk_next_dist_0dm07mh._.js:776
[ 1016562ms] [LOG] [Fast Refresh] done in 6ms @ http://localhost:3000/_next/static/chunks/0brk_next_dist_0dm07mh._.js:776
[ 1016609ms] [LOG] [Fast Refresh] done in 6ms @ http://localhost:3000/_next/static/chunks/0brk_next_dist_0dm07mh._.js:776
[ 1016668ms] [LOG] [Fast Refresh] done in 6ms @ http://localhost:3000/_next/static/chunks/0brk_next_dist_0dm07mh._.js:776
[ 1016718ms] [LOG] [Fast Refresh] done in 6ms @ http://localhost:3000/_next/static/chunks/0brk_next_dist_0dm07mh._.js:776
[ 1016800ms] [LOG] [Fast Refresh] done in 6ms @ http://localhost:3000/_next/static/chunks/0brk_next_dist_0dm07mh._.js:776
[ 1016871ms] [LOG] [Fast Refresh] done in 6ms @ http://localhost:3000/_next/static/chunks/0brk_next_dist_0dm07mh._.js:776
[ 1016946ms] [LOG] [Fast Refresh] done in 6ms @ http://localhost:3000/_next/static/chunks/0brk_next_dist_0dm07mh._.js:776
[ 1018333ms] [LOG] [Fast Refresh] done in 6ms @ http://localhost:3000/_next/static/chunks/0brk_next_dist_0dm07mh._.js:776
[ 1018455ms] [LOG] [Fast Refresh] done in 6ms @ http://localhost:3000/_next/static/chunks/0brk_next_dist_0dm07mh._.js:776
[ 1018490ms] [LOG] [Fast Refresh] done in 6ms @ http://localhost:3000/_next/static/chunks/0brk_next_dist_0dm07mh._.js:776
[ 1018554ms] [LOG] [Fast Refresh] done in 6ms @ http://localhost:3000/_next/static/chunks/0brk_next_dist_0dm07mh._.js:776
[ 1018600ms] [LOG] [Fast Refresh] done in 6ms @ http://localhost:3000/_next/static/chunks/0brk_next_dist_0dm07mh._.js:776
[ 1018661ms] [LOG] [Fast Refresh] done in 6ms @ http://localhost:3000/_next/static/chunks/0brk_next_dist_0dm07mh._.js:776
[ 1018714ms] [LOG] [Fast Refresh] done in 6ms @ http://localhost:3000/_next/static/chunks/0brk_next_dist_0dm07mh._.js:776
[ 1018782ms] [LOG] [Fast Refresh] done in 6ms @ http://localhost:3000/_next/static/chunks/0brk_next_dist_0dm07mh._.js:776
[ 1018831ms] [LOG] [Fast Refresh] done in 6ms @ http://localhost:3000/_next/static/chunks/0brk_next_dist_0dm07mh._.js:776
[ 1018893ms] [LOG] [Fast Refresh] done in 6ms @ http://localhost:3000/_next/static/chunks/0brk_next_dist_0dm07mh._.js:776
[ 1018952ms] [LOG] [Fast Refresh] done in 6ms @ http://localhost:3000/_next/static/chunks/0brk_next_dist_0dm07mh._.js:776
[ 1019001ms] [LOG] [Fast Refresh] done in 6ms @ http://localhost:3000/_next/static/chunks/0brk_next_dist_0dm07mh._.js:776
[ 1019053ms] [LOG] [Fast Refresh] done in 6ms @ http://localhost:3000/_next/static/chunks/0brk_next_dist_0dm07mh._.js:776
[ 1019113ms] [LOG] [Fast Refresh] done in 6ms @ http://localhost:3000/_next/static/chunks/0brk_next_dist_0dm07mh._.js:776
[ 1019178ms] [LOG] [Fast Refresh] done in 6ms @ http://localhost:3000/_next/static/chunks/0brk_next_dist_0dm07mh._.js:776
[ 1019242ms] [LOG] [Fast Refresh] done in 6ms @ http://localhost:3000/_next/static/chunks/0brk_next_dist_0dm07mh._.js:776
[ 1019302ms] [LOG] [Fast Refresh] done in 6ms @ http://localhost:3000/_next/static/chunks/0brk_next_dist_0dm07mh._.js:776
[ 1019351ms] [LOG] [Fast Refresh] done in 6ms @ http://localhost:3000/_next/static/chunks/0brk_next_dist_0dm07mh._.js:776
[ 1019413ms] [LOG] [Fast Refresh] done in 6ms @ http://localhost:3000/_next/static/chunks/0brk_next_dist_0dm07mh._.js:776
[ 1019471ms] [LOG] [Fast Refresh] done in 6ms @ http://localhost:3000/_next/static/chunks/0brk_next_dist_0dm07mh._.js:776
[ 1019532ms] [LOG] [Fast Refresh] done in 6ms @ http://localhost:3000/_next/static/chunks/0brk_next_dist_0dm07mh._.js:776
[ 1019596ms] [LOG] [Fast Refresh] done in 6ms @ http://localhost:3000/_next/static/chunks/0brk_next_dist_0dm07mh._.js:776
[ 1019644ms] [LOG] [Fast Refresh] done in 6ms @ http://localhost:3000/_next/static/chunks/0brk_next_dist_0dm07mh._.js:776
[ 1019684ms] [LOG] [Fast Refresh] done in 6ms @ http://localhost:3000/_next/static/chunks/0brk_next_dist_0dm07mh._.js:776
[ 1019740ms] [LOG] [Fast Refresh] done in 6ms @ http://localhost:3000/_next/static/chunks/0brk_next_dist_0dm07mh._.js:776
[ 1019799ms] [LOG] [Fast Refresh] done in 6ms @ http://localhost:3000/_next/static/chunks/0brk_next_dist_0dm07mh._.js:776
[ 1019846ms] [LOG] [Fast Refresh] done in 6ms @ http://localhost:3000/_next/static/chunks/0brk_next_dist_0dm07mh._.js:776
[ 1019908ms] [LOG] [Fast Refresh] done in 6ms @ http://localhost:3000/_next/static/chunks/0brk_next_dist_0dm07mh._.js:776
[ 1019967ms] [LOG] [Fast Refresh] done in 6ms @ http://localhost:3000/_next/static/chunks/0brk_next_dist_0dm07mh._.js:776
[ 1020035ms] [LOG] [Fast Refresh] done in 6ms @ http://localhost:3000/_next/static/chunks/0brk_next_dist_0dm07mh._.js:776
[ 1020083ms] [LOG] [Fast Refresh] done in 6ms @ http://localhost:3000/_next/static/chunks/0brk_next_dist_0dm07mh._.js:776
[ 1020144ms] [LOG] [Fast Refresh] done in 6ms @ http://localhost:3000/_next/static/chunks/0brk_next_dist_0dm07mh._.js:776
[ 1020202ms] [LOG] [Fast Refresh] done in 6ms @ http://localhost:3000/_next/static/chunks/0brk_next_dist_0dm07mh._.js:776
[ 1020264ms] [LOG] [Fast Refresh] done in 6ms @ http://localhost:3000/_next/static/chunks/0brk_next_dist_0dm07mh._.js:776
[ 1020331ms] [LOG] [Fast Refresh] done in 6ms @ http://localhost:3000/_next/static/chunks/0brk_next_dist_0dm07mh._.js:776
[ 1020421ms] [LOG] [Fast Refresh] done in 6ms @ http://localhost:3000/_next/static/chunks/0brk_next_dist_0dm07mh._.js:776
[ 1020481ms] [LOG] [Fast Refresh] done in 6ms @ http://localhost:3000/_next/static/chunks/0brk_next_dist_0dm07mh._.js:776
[ 1020536ms] [LOG] [Fast Refresh] done in 6ms @ http://localhost:3000/_next/static/chunks/0brk_next_dist_0dm07mh._.js:776
[ 1020603ms] [LOG] [Fast Refresh] done in 6ms @ http://localhost:3000/_next/static/chunks/0brk_next_dist_0dm07mh._.js:776
[ 1020828ms] [LOG] [Fast Refresh] done in 6ms @ http://localhost:3000/_next/static/chunks/0brk_next_dist_0dm07mh._.js:776
[ 1020922ms] [LOG] [Fast Refresh] done in 6ms @ http://localhost:3000/_next/static/chunks/0brk_next_dist_0dm07mh._.js:776
[ 1020983ms] [LOG] [Fast Refresh] done in 6ms @ http://localhost:3000/_next/static/chunks/0brk_next_dist_0dm07mh._.js:776
[ 1021044ms] [LOG] [Fast Refresh] done in 6ms @ http://localhost:3000/_next/static/chunks/0brk_next_dist_0dm07mh._.js:776
[ 1021105ms] [LOG] [Fast Refresh] done in 6ms @ http://localhost:3000/_next/static/chunks/0brk_next_dist_0dm07mh._.js:776
[ 1021166ms] [LOG] [Fast Refresh] done in 6ms @ http://localhost:3000/_next/static/chunks/0brk_next_dist_0dm07mh._.js:776
[ 1021228ms] [LOG] [Fast Refresh] done in 6ms @ http://localhost:3000/_next/static/chunks/0brk_next_dist_0dm07mh._.js:776
[ 1021275ms] [LOG] [Fast Refresh] done in 6ms @ http://localhost:3000/_next/static/chunks/0brk_next_dist_0dm07mh._.js:776
[ 1021337ms] [LOG] [Fast Refresh] done in 6ms @ http://localhost:3000/_next/static/chunks/0brk_next_dist_0dm07mh._.js:776
[ 1021399ms] [LOG] [Fast Refresh] done in 6ms @ http://localhost:3000/_next/static/chunks/0brk_next_dist_0dm07mh._.js:776
[ 1021462ms] [LOG] [Fast Refresh] done in 6ms @ http://localhost:3000/_next/static/chunks/0brk_next_dist_0dm07mh._.js:776
[ 1021523ms] [LOG] [Fast Refresh] done in 6ms @ http://localhost:3000/_next/static/chunks/0brk_next_dist_0dm07mh._.js:776
[ 1021586ms] [LOG] [Fast Refresh] done in 6ms @ http://localhost:3000/_next/static/chunks/0brk_next_dist_0dm07mh._.js:776
[ 1021660ms] [LOG] [Fast Refresh] done in 6ms @ http://localhost:3000/_next/static/chunks/0brk_next_dist_0dm07mh._.js:776
[ 1021726ms] [LOG] [Fast Refresh] done in 6ms @ http://localhost:3000/_next/static/chunks/0brk_next_dist_0dm07mh._.js:776
[ 1021809ms] [LOG] [Fast Refresh] done in 6ms @ http://localhost:3000/_next/static/chunks/0brk_next_dist_0dm07mh._.js:776
[ 1021907ms] [LOG] [Fast Refresh] done in 6ms @ http://localhost:3000/_next/static/chunks/0brk_next_dist_0dm07mh._.js:776
[ 1021968ms] [LOG] [Fast Refresh] done in 6ms @ http://localhost:3000/_next/static/chunks/0brk_next_dist_0dm07mh._.js:776
[ 1022029ms] [LOG] [Fast Refresh] done in 6ms @ http://localhost:3000/_next/static/chunks/0brk_next_dist_0dm07mh._.js:776
[ 1022091ms] [LOG] [Fast Refresh] done in 6ms @ http://localhost:3000/_next/static/chunks/0brk_next_dist_0dm07mh._.js:776
[ 1022154ms] [LOG] [Fast Refresh] done in 6ms @ http://localhost:3000/_next/static/chunks/0brk_next_dist_0dm07mh._.js:776
[ 1022214ms] [LOG] [Fast Refresh] done in 6ms @ http://localhost:3000/_next/static/chunks/0brk_next_dist_0dm07mh._.js:776
[ 1022268ms] [LOG] [Fast Refresh] done in 6ms @ http://localhost:3000/_next/static/chunks/0brk_next_dist_0dm07mh._.js:776
[ 1022330ms] [LOG] [Fast Refresh] done in 6ms @ http://localhost:3000/_next/static/chunks/0brk_next_dist_0dm07mh._.js:776
[ 1022391ms] [LOG] [Fast Refresh] done in 6ms @ http://localhost:3000/_next/static/chunks/0brk_next_dist_0dm07mh._.js:776
[ 1022451ms] [LOG] [Fast Refresh] done in 6ms @ http://localhost:3000/_next/static/chunks/0brk_next_dist_0dm07mh._.js:776
[ 1022513ms] [LOG] [Fast Refresh] done in 6ms @ http://localhost:3000/_next/static/chunks/0brk_next_dist_0dm07mh._.js:776
[ 1022575ms] [LOG] [Fast Refresh] done in 6ms @ http://localhost:3000/_next/static/chunks/0brk_next_dist_0dm07mh._.js:776
[ 1022640ms] [LOG] [Fast Refresh] done in 6ms @ http://localhost:3000/_next/static/chunks/0brk_next_dist_0dm07mh._.js:776
[ 1022742ms] [LOG] [Fast Refresh] done in 6ms @ http://localhost:3000/_next/static/chunks/0brk_next_dist_0dm07mh._.js:776
[ 1023657ms] [LOG] [Fast Refresh] done in 6ms @ http://localhost:3000/_next/static/chunks/0brk_next_dist_0dm07mh._.js:776
[ 1024006ms] [LOG] [Fast Refresh] done in 6ms @ http://localhost:3000/_next/static/chunks/0brk_next_dist_0dm07mh._.js:776
[ 1024200ms] [LOG] [Fast Refresh] done in 6ms @ http://localhost:3000/_next/static/chunks/0brk_next_dist_0dm07mh._.js:776
[ 1024316ms] [LOG] [Fast Refresh] done in 6ms @ http://localhost:3000/_next/static/chunks/0brk_next_dist_0dm07mh._.js:776
[ 1024391ms] [LOG] [Fast Refresh] done in 6ms @ http://localhost:3000/_next/static/chunks/0brk_next_dist_0dm07mh._.js:776
[ 1024479ms] [LOG] [Fast Refresh] done in 6ms @ http://localhost:3000/_next/static/chunks/0brk_next_dist_0dm07mh._.js:776
[ 1024747ms] [LOG] [Fast Refresh] done in 6ms @ http://localhost:3000/_next/static/chunks/0brk_next_dist_0dm07mh._.js:776
[ 1024843ms] [LOG] [Fast Refresh] done in 6ms @ http://localhost:3000/_next/static/chunks/0brk_next_dist_0dm07mh._.js:776
[ 1024956ms] [LOG] [Fast Refresh] done in 6ms @ http://localhost:3000/_next/static/chunks/0brk_next_dist_0dm07mh._.js:776
[ 1025140ms] [LOG] [Fast Refresh] done in 6ms @ http://localhost:3000/_next/static/chunks/0brk_next_dist_0dm07mh._.js:776
[ 1025212ms] [LOG] [Fast Refresh] done in 6ms @ http://localhost:3000/_next/static/chunks/0brk_next_dist_0dm07mh._.js:776
[ 1025282ms] [LOG] [Fast Refresh] done in 6ms @ http://localhost:3000/_next/static/chunks/0brk_next_dist_0dm07mh._.js:776
[ 1025351ms] [LOG] [Fast Refresh] done in 6ms @ http://localhost:3000/_next/static/chunks/0brk_next_dist_0dm07mh._.js:776
[ 1025413ms] [LOG] [Fast Refresh] done in 6ms @ http://localhost:3000/_next/static/chunks/0brk_next_dist_0dm07mh._.js:776
[ 1025477ms] [LOG] [Fast Refresh] done in 6ms @ http://localhost:3000/_next/static/chunks/0brk_next_dist_0dm07mh._.js:776
[ 1025538ms] [LOG] [Fast Refresh] done in 6ms @ http://localhost:3000/_next/static/chunks/0brk_next_dist_0dm07mh._.js:776
[ 1025601ms] [LOG] [Fast Refresh] done in 6ms @ http://localhost:3000/_next/static/chunks/0brk_next_dist_0dm07mh._.js:776
[ 1025662ms] [LOG] [Fast Refresh] done in 6ms @ http://localhost:3000/_next/static/chunks/0brk_next_dist_0dm07mh._.js:776
[ 1025715ms] [LOG] [Fast Refresh] done in 6ms @ http://localhost:3000/_next/static/chunks/0brk_next_dist_0dm07mh._.js:776
[ 1025781ms] [LOG] [Fast Refresh] done in 6ms @ http://localhost:3000/_next/static/chunks/0brk_next_dist_0dm07mh._.js:776
[ 1025842ms] [LOG] [Fast Refresh] done in 6ms @ http://localhost:3000/_next/static/chunks/0brk_next_dist_0dm07mh._.js:776
[ 1025905ms] [LOG] [Fast Refresh] done in 6ms @ http://localhost:3000/_next/static/chunks/0brk_next_dist_0dm07mh._.js:776
[ 1025967ms] [LOG] [Fast Refresh] done in 6ms @ http://localhost:3000/_next/static/chunks/0brk_next_dist_0dm07mh._.js:776
[ 1026054ms] [LOG] [Fast Refresh] done in 6ms @ http://localhost:3000/_next/static/chunks/0brk_next_dist_0dm07mh._.js:776
[ 1026130ms] [LOG] [Fast Refresh] done in 6ms @ http://localhost:3000/_next/static/chunks/0brk_next_dist_0dm07mh._.js:776
[ 1026205ms] [LOG] [Fast Refresh] done in 6ms @ http://localhost:3000/_next/static/chunks/0brk_next_dist_0dm07mh._.js:776
[ 1026264ms] [LOG] [Fast Refresh] done in 6ms @ http://localhost:3000/_next/static/chunks/0brk_next_dist_0dm07mh._.js:776
[ 1026326ms] [LOG] [Fast Refresh] done in 6ms @ http://localhost:3000/_next/static/chunks/0brk_next_dist_0dm07mh._.js:776
[ 1026374ms] [LOG] [Fast Refresh] done in 6ms @ http://localhost:3000/_next/static/chunks/0brk_next_dist_0dm07mh._.js:776
[ 1026437ms] [LOG] [Fast Refresh] done in 6ms @ http://localhost:3000/_next/static/chunks/0brk_next_dist_0dm07mh._.js:776
[ 1026517ms] [LOG] [Fast Refresh] done in 6ms @ http://localhost:3000/_next/static/chunks/0brk_next_dist_0dm07mh._.js:776
[ 1026585ms] [LOG] [Fast Refresh] done in 6ms @ http://localhost:3000/_next/static/chunks/0brk_next_dist_0dm07mh._.js:776
[ 1026654ms] [LOG] [Fast Refresh] done in 6ms @ http://localhost:3000/_next/static/chunks/0brk_next_dist_0dm07mh._.js:776
[ 1026715ms] [LOG] [Fast Refresh] done in 6ms @ http://localhost:3000/_next/static/chunks/0brk_next_dist_0dm07mh._.js:776
[ 1026778ms] [LOG] [Fast Refresh] done in 6ms @ http://localhost:3000/_next/static/chunks/0brk_next_dist_0dm07mh._.js:776
[ 1026840ms] [LOG] [Fast Refresh] done in 6ms @ http://localhost:3000/_next/static/chunks/0brk_next_dist_0dm07mh._.js:776
[ 1026915ms] [LOG] [Fast Refresh] done in 6ms @ http://localhost:3000/_next/static/chunks/0brk_next_dist_0dm07mh._.js:776
[ 1026978ms] [LOG] [Fast Refresh] done in 6ms @ http://localhost:3000/_next/static/chunks/0brk_next_dist_0dm07mh._.js:776
[ 1027040ms] [LOG] [Fast Refresh] done in 6ms @ http://localhost:3000/_next/static/chunks/0brk_next_dist_0dm07mh._.js:776
[ 1027208ms] [LOG] [Fast Refresh] done in 6ms @ http://localhost:3000/_next/static/chunks/0brk_next_dist_0dm07mh._.js:776
[ 1027347ms] [LOG] [Fast Refresh] done in 6ms @ http://localhost:3000/_next/static/chunks/0brk_next_dist_0dm07mh._.js:776
[ 1027482ms] [LOG] [Fast Refresh] done in 6ms @ http://localhost:3000/_next/static/chunks/0brk_next_dist_0dm07mh._.js:776
[ 1027663ms] [LOG] [Fast Refresh] done in 6ms @ http://localhost:3000/_next/static/chunks/0brk_next_dist_0dm07mh._.js:776
[ 1028015ms] [LOG] [Fast Refresh] done in 6ms @ http://localhost:3000/_next/static/chunks/0brk_next_dist_0dm07mh._.js:776
[ 1028075ms] [LOG] [Fast Refresh] done in 6ms @ http://localhost:3000/_next/static/chunks/0brk_next_dist_0dm07mh._.js:776
[ 1028136ms] [LOG] [Fast Refresh] done in 6ms @ http://localhost:3000/_next/static/chunks/0brk_next_dist_0dm07mh._.js:776
[ 1028199ms] [LOG] [Fast Refresh] done in 6ms @ http://localhost:3000/_next/static/chunks/0brk_next_dist_0dm07mh._.js:776
[ 1028248ms] [LOG] [Fast Refresh] done in 6ms @ http://localhost:3000/_next/static/chunks/0brk_next_dist_0dm07mh._.js:776
[ 1028296ms] [LOG] [Fast Refresh] done in 6ms @ http://localhost:3000/_next/static/chunks/0brk_next_dist_0dm07mh._.js:776
[ 1028357ms] [LOG] [Fast Refresh] done in 6ms @ http://localhost:3000/_next/static/chunks/0brk_next_dist_0dm07mh._.js:776
[ 1028418ms] [LOG] [Fast Refresh] done in 6ms @ http://localhost:3000/_next/static/chunks/0brk_next_dist_0dm07mh._.js:776
[ 1028482ms] [LOG] [Fast Refresh] done in 6ms @ http://localhost:3000/_next/static/chunks/0brk_next_dist_0dm07mh._.js:776
[ 1028548ms] [LOG] [Fast Refresh] done in 6ms @ http://localhost:3000/_next/static/chunks/0brk_next_dist_0dm07mh._.js:776
[ 1028611ms] [LOG] [Fast Refresh] done in 6ms @ http://localhost:3000/_next/static/chunks/0brk_next_dist_0dm07mh._.js:776
[ 1028672ms] [LOG] [Fast Refresh] done in 6ms @ http://localhost:3000/_next/static/chunks/0brk_next_dist_0dm07mh._.js:776
[ 1028719ms] [LOG] [Fast Refresh] done in 6ms @ http://localhost:3000/_next/static/chunks/0brk_next_dist_0dm07mh._.js:776
[ 1028782ms] [LOG] [Fast Refresh] done in 6ms @ http://localhost:3000/_next/static/chunks/0brk_next_dist_0dm07mh._.js:776
[ 1028844ms] [LOG] [Fast Refresh] done in 6ms @ http://localhost:3000/_next/static/chunks/0brk_next_dist_0dm07mh._.js:776
[ 1028906ms] [LOG] [Fast Refresh] done in 6ms @ http://localhost:3000/_next/static/chunks/0brk_next_dist_0dm07mh._.js:776
[ 1028956ms] [LOG] [Fast Refresh] done in 6ms @ http://localhost:3000/_next/static/chunks/0brk_next_dist_0dm07mh._.js:776
[ 1029018ms] [LOG] [Fast Refresh] done in 6ms @ http://localhost:3000/_next/static/chunks/0brk_next_dist_0dm07mh._.js:776
[ 1029081ms] [LOG] [Fast Refresh] done in 6ms @ http://localhost:3000/_next/static/chunks/0brk_next_dist_0dm07mh._.js:776
[ 1029142ms] [LOG] [Fast Refresh] done in 6ms @ http://localhost:3000/_next/static/chunks/0brk_next_dist_0dm07mh._.js:776
[ 1029200ms] [LOG] [Fast Refresh] done in 6ms @ http://localhost:3000/_next/static/chunks/0brk_next_dist_0dm07mh._.js:776
[ 1029261ms] [LOG] [Fast Refresh] done in 6ms @ http://localhost:3000/_next/static/chunks/0brk_next_dist_0dm07mh._.js:776
[ 1029323ms] [LOG] [Fast Refresh] done in 6ms @ http://localhost:3000/_next/static/chunks/0brk_next_dist_0dm07mh._.js:776
[ 1029384ms] [LOG] [Fast Refresh] done in 6ms @ http://localhost:3000/_next/static/chunks/0brk_next_dist_0dm07mh._.js:776
[ 1029446ms] [LOG] [Fast Refresh] done in 6ms @ http://localhost:3000/_next/static/chunks/0brk_next_dist_0dm07mh._.js:776
[ 1029509ms] [LOG] [Fast Refresh] done in 6ms @ http://localhost:3000/_next/static/chunks/0brk_next_dist_0dm07mh._.js:776
[ 1029570ms] [LOG] [Fast Refresh] done in 6ms @ http://localhost:3000/_next/static/chunks/0brk_next_dist_0dm07mh._.js:776
[ 1029633ms] [LOG] [Fast Refresh] done in 6ms @ http://localhost:3000/_next/static/chunks/0brk_next_dist_0dm07mh._.js:776
[ 1029692ms] [LOG] [Fast Refresh] done in 6ms @ http://localhost:3000/_next/static/chunks/0brk_next_dist_0dm07mh._.js:776
[ 1029739ms] [LOG] [Fast Refresh] done in 6ms @ http://localhost:3000/_next/static/chunks/0brk_next_dist_0dm07mh._.js:776
[ 1029791ms] [LOG] [Fast Refresh] done in 6ms @ http://localhost:3000/_next/static/chunks/0brk_next_dist_0dm07mh._.js:776
[ 1029851ms] [LOG] [Fast Refresh] done in 6ms @ http://localhost:3000/_next/static/chunks/0brk_next_dist_0dm07mh._.js:776
[ 1029913ms] [LOG] [Fast Refresh] done in 6ms @ http://localhost:3000/_next/static/chunks/0brk_next_dist_0dm07mh._.js:776
[ 1029975ms] [LOG] [Fast Refresh] done in 6ms @ http://localhost:3000/_next/static/chunks/0brk_next_dist_0dm07mh._.js:776
[ 1030037ms] [LOG] [Fast Refresh] done in 6ms @ http://localhost:3000/_next/static/chunks/0brk_next_dist_0dm07mh._.js:776
[ 1030088ms] [LOG] [Fast Refresh] done in 6ms @ http://localhost:3000/_next/static/chunks/0brk_next_dist_0dm07mh._.js:776
[ 1030151ms] [LOG] [Fast Refresh] done in 6ms @ http://localhost:3000/_next/static/chunks/0brk_next_dist_0dm07mh._.js:776
[ 1030214ms] [LOG] [Fast Refresh] done in 6ms @ http://localhost:3000/_next/static/chunks/0brk_next_dist_0dm07mh._.js:776
[ 1030263ms] [LOG] [Fast Refresh] done in 6ms @ http://localhost:3000/_next/static/chunks/0brk_next_dist_0dm07mh._.js:776
[ 1030329ms] [LOG] [Fast Refresh] done in 6ms @ http://localhost:3000/_next/static/chunks/0brk_next_dist_0dm07mh._.js:776
[ 1030390ms] [LOG] [Fast Refresh] done in 6ms @ http://localhost:3000/_next/static/chunks/0brk_next_dist_0dm07mh._.js:776
[ 1030450ms] [LOG] [Fast Refresh] done in 6ms @ http://localhost:3000/_next/static/chunks/0brk_next_dist_0dm07mh._.js:776
[ 1030499ms] [LOG] [Fast Refresh] done in 6ms @ http://localhost:3000/_next/static/chunks/0brk_next_dist_0dm07mh._.js:776
[ 1030548ms] [LOG] [Fast Refresh] done in 6ms @ http://localhost:3000/_next/static/chunks/0brk_next_dist_0dm07mh._.js:776
[ 1030609ms] [LOG] [Fast Refresh] done in 6ms @ http://localhost:3000/_next/static/chunks/0brk_next_dist_0dm07mh._.js:776
[ 1030668ms] [LOG] [Fast Refresh] done in 6ms @ http://localhost:3000/_next/static/chunks/0brk_next_dist_0dm07mh._.js:776
[ 1030717ms] [LOG] [Fast Refresh] done in 6ms @ http://localhost:3000/_next/static/chunks/0brk_next_dist_0dm07mh._.js:776
[ 1030779ms] [LOG] [Fast Refresh] done in 6ms @ http://localhost:3000/_next/static/chunks/0brk_next_dist_0dm07mh._.js:776
[ 1030828ms] [LOG] [Fast Refresh] done in 6ms @ http://localhost:3000/_next/static/chunks/0brk_next_dist_0dm07mh._.js:776
[ 1030884ms] [LOG] [Fast Refresh] done in 6ms @ http://localhost:3000/_next/static/chunks/0brk_next_dist_0dm07mh._.js:776
[ 1030946ms] [LOG] [Fast Refresh] done in 6ms @ http://localhost:3000/_next/static/chunks/0brk_next_dist_0dm07mh._.js:776
[ 1031006ms] [LOG] [Fast Refresh] done in 6ms @ http://localhost:3000/_next/static/chunks/0brk_next_dist_0dm07mh._.js:776
[ 1031067ms] [LOG] [Fast Refresh] done in 6ms @ http://localhost:3000/_next/static/chunks/0brk_next_dist_0dm07mh._.js:776
[ 1031129ms] [LOG] [Fast Refresh] done in 6ms @ http://localhost:3000/_next/static/chunks/0brk_next_dist_0dm07mh._.js:776
[ 1031178ms] [LOG] [Fast Refresh] done in 6ms @ http://localhost:3000/_next/static/chunks/0brk_next_dist_0dm07mh._.js:776
[ 1031236ms] [LOG] [Fast Refresh] done in 6ms @ http://localhost:3000/_next/static/chunks/0brk_next_dist_0dm07mh._.js:776
[ 1031299ms] [LOG] [Fast Refresh] done in 6ms @ http://localhost:3000/_next/static/chunks/0brk_next_dist_0dm07mh._.js:776
[ 1031362ms] [LOG] [Fast Refresh] done in 6ms @ http://localhost:3000/_next/static/chunks/0brk_next_dist_0dm07mh._.js:776
[ 1031438ms] [LOG] [Fast Refresh] done in 6ms @ http://localhost:3000/_next/static/chunks/0brk_next_dist_0dm07mh._.js:776
[ 1031499ms] [LOG] [Fast Refresh] done in 6ms @ http://localhost:3000/_next/static/chunks/0brk_next_dist_0dm07mh._.js:776
[ 1031546ms] [LOG] [Fast Refresh] done in 6ms @ http://localhost:3000/_next/static/chunks/0brk_next_dist_0dm07mh._.js:776
[ 1031607ms] [LOG] [Fast Refresh] done in 6ms @ http://localhost:3000/_next/static/chunks/0brk_next_dist_0dm07mh._.js:776
[ 1031669ms] [LOG] [Fast Refresh] done in 6ms @ http://localhost:3000/_next/static/chunks/0brk_next_dist_0dm07mh._.js:776
[ 1031730ms] [LOG] [Fast Refresh] done in 6ms @ http://localhost:3000/_next/static/chunks/0brk_next_dist_0dm07mh._.js:776
[ 1031785ms] [LOG] [Fast Refresh] done in 6ms @ http://localhost:3000/_next/static/chunks/0brk_next_dist_0dm07mh._.js:776
[ 1031848ms] [LOG] [Fast Refresh] done in 6ms @ http://localhost:3000/_next/static/chunks/0brk_next_dist_0dm07mh._.js:776
[ 1031907ms] [LOG] [Fast Refresh] done in 6ms @ http://localhost:3000/_next/static/chunks/0brk_next_dist_0dm07mh._.js:776
[ 1031955ms] [LOG] [Fast Refresh] done in 6ms @ http://localhost:3000/_next/static/chunks/0brk_next_dist_0dm07mh._.js:776
[ 1032017ms] [LOG] [Fast Refresh] done in 6ms @ http://localhost:3000/_next/static/chunks/0brk_next_dist_0dm07mh._.js:776
[ 1032069ms] [LOG] [Fast Refresh] done in 6ms @ http://localhost:3000/_next/static/chunks/0brk_next_dist_0dm07mh._.js:776
[ 1032131ms] [LOG] [Fast Refresh] done in 6ms @ http://localhost:3000/_next/static/chunks/0brk_next_dist_0dm07mh._.js:776
[ 1032192ms] [LOG] [Fast Refresh] done in 6ms @ http://localhost:3000/_next/static/chunks/0brk_next_dist_0dm07mh._.js:776
[ 1032252ms] [LOG] [Fast Refresh] done in 6ms @ http://localhost:3000/_next/static/chunks/0brk_next_dist_0dm07mh._.js:776
[ 1032314ms] [LOG] [Fast Refresh] done in 6ms @ http://localhost:3000/_next/static/chunks/0brk_next_dist_0dm07mh._.js:776
[ 1032385ms] [LOG] [Fast Refresh] done in 6ms @ http://localhost:3000/_next/static/chunks/0brk_next_dist_0dm07mh._.js:776
[ 1032479ms] [LOG] [Fast Refresh] done in 6ms @ http://localhost:3000/_next/static/chunks/0brk_next_dist_0dm07mh._.js:776
[ 1032796ms] [LOG] [Fast Refresh] done in 6ms @ http://localhost:3000/_next/static/chunks/0brk_next_dist_0dm07mh._.js:776
[ 1033251ms] [LOG] [Fast Refresh] done in 6ms @ http://localhost:3000/_next/static/chunks/0brk_next_dist_0dm07mh._.js:776
[ 1033367ms] [LOG] [Fast Refresh] done in 6ms @ http://localhost:3000/_next/static/chunks/0brk_next_dist_0dm07mh._.js:776
[ 1033430ms] [LOG] [Fast Refresh] done in 6ms @ http://localhost:3000/_next/static/chunks/0brk_next_dist_0dm07mh._.js:776
[ 1033492ms] [LOG] [Fast Refresh] done in 6ms @ http://localhost:3000/_next/static/chunks/0brk_next_dist_0dm07mh._.js:776
[ 1033547ms] [LOG] [Fast Refresh] done in 6ms @ http://localhost:3000/_next/static/chunks/0brk_next_dist_0dm07mh._.js:776
[ 1033608ms] [LOG] [Fast Refresh] done in 6ms @ http://localhost:3000/_next/static/chunks/0brk_next_dist_0dm07mh._.js:776
[ 1033664ms] [LOG] [Fast Refresh] done in 6ms @ http://localhost:3000/_next/static/chunks/0brk_next_dist_0dm07mh._.js:776
[ 1033726ms] [LOG] [Fast Refresh] done in 6ms @ http://localhost:3000/_next/static/chunks/0brk_next_dist_0dm07mh._.js:776
[ 1033778ms] [LOG] [Fast Refresh] done in 6ms @ http://localhost:3000/_next/static/chunks/0brk_next_dist_0dm07mh._.js:776
[ 1033840ms] [LOG] [Fast Refresh] done in 6ms @ http://localhost:3000/_next/static/chunks/0brk_next_dist_0dm07mh._.js:776
[ 1033899ms] [LOG] [Fast Refresh] done in 6ms @ http://localhost:3000/_next/static/chunks/0brk_next_dist_0dm07mh._.js:776
[ 1033961ms] [LOG] [Fast Refresh] done in 6ms @ http://localhost:3000/_next/static/chunks/0brk_next_dist_0dm07mh._.js:776
[ 1034019ms] [LOG] [Fast Refresh] done in 6ms @ http://localhost:3000/_next/static/chunks/0brk_next_dist_0dm07mh._.js:776
[ 1034070ms] [LOG] [Fast Refresh] done in 6ms @ http://localhost:3000/_next/static/chunks/0brk_next_dist_0dm07mh._.js:776
[ 1034132ms] [LOG] [Fast Refresh] done in 6ms @ http://localhost:3000/_next/static/chunks/0brk_next_dist_0dm07mh._.js:776
[ 1034186ms] [LOG] [Fast Refresh] done in 6ms @ http://localhost:3000/_next/static/chunks/0brk_next_dist_0dm07mh._.js:776
[ 1034264ms] [LOG] [Fast Refresh] done in 6ms @ http://localhost:3000/_next/static/chunks/0brk_next_dist_0dm07mh._.js:776
[ 1034319ms] [LOG] [Fast Refresh] done in 6ms @ http://localhost:3000/_next/static/chunks/0brk_next_dist_0dm07mh._.js:776
[ 1034384ms] [LOG] [Fast Refresh] done in 6ms @ http://localhost:3000/_next/static/chunks/0brk_next_dist_0dm07mh._.js:776
[ 1034447ms] [LOG] [Fast Refresh] done in 6ms @ http://localhost:3000/_next/static/chunks/0brk_next_dist_0dm07mh._.js:776
[ 1034528ms] [LOG] [Fast Refresh] done in 6ms @ http://localhost:3000/_next/static/chunks/0brk_next_dist_0dm07mh._.js:776
[ 1034604ms] [LOG] [Fast Refresh] done in 6ms @ http://localhost:3000/_next/static/chunks/0brk_next_dist_0dm07mh._.js:776
[ 1034669ms] [LOG] [Fast Refresh] done in 6ms @ http://localhost:3000/_next/static/chunks/0brk_next_dist_0dm07mh._.js:776
[ 1034722ms] [LOG] [Fast Refresh] done in 6ms @ http://localhost:3000/_next/static/chunks/0brk_next_dist_0dm07mh._.js:776
[ 1034781ms] [LOG] [Fast Refresh] done in 6ms @ http://localhost:3000/_next/static/chunks/0brk_next_dist_0dm07mh._.js:776
[ 1034844ms] [LOG] [Fast Refresh] done in 6ms @ http://localhost:3000/_next/static/chunks/0brk_next_dist_0dm07mh._.js:776
[ 1034904ms] [LOG] [Fast Refresh] done in 6ms @ http://localhost:3000/_next/static/chunks/0brk_next_dist_0dm07mh._.js:776
[ 1034965ms] [LOG] [Fast Refresh] done in 6ms @ http://localhost:3000/_next/static/chunks/0brk_next_dist_0dm07mh._.js:776
[ 1035028ms] [LOG] [Fast Refresh] done in 6ms @ http://localhost:3000/_next/static/chunks/0brk_next_dist_0dm07mh._.js:776
[ 1035092ms] [LOG] [Fast Refresh] done in 6ms @ http://localhost:3000/_next/static/chunks/0brk_next_dist_0dm07mh._.js:776
[ 1035157ms] [LOG] [Fast Refresh] done in 6ms @ http://localhost:3000/_next/static/chunks/0brk_next_dist_0dm07mh._.js:776
[ 1035220ms] [LOG] [Fast Refresh] done in 6ms @ http://localhost:3000/_next/static/chunks/0brk_next_dist_0dm07mh._.js:776
[ 1035282ms] [LOG] [Fast Refresh] done in 6ms @ http://localhost:3000/_next/static/chunks/0brk_next_dist_0dm07mh._.js:776
[ 1035348ms] [LOG] [Fast Refresh] done in 6ms @ http://localhost:3000/_next/static/chunks/0brk_next_dist_0dm07mh._.js:776
[ 1035411ms] [LOG] [Fast Refresh] done in 6ms @ http://localhost:3000/_next/static/chunks/0brk_next_dist_0dm07mh._.js:776
[ 1035474ms] [LOG] [Fast Refresh] done in 6ms @ http://localhost:3000/_next/static/chunks/0brk_next_dist_0dm07mh._.js:776
[ 1035553ms] [LOG] [Fast Refresh] done in 6ms @ http://localhost:3000/_next/static/chunks/0brk_next_dist_0dm07mh._.js:776
[ 1035663ms] [LOG] [Fast Refresh] done in 6ms @ http://localhost:3000/_next/static/chunks/0brk_next_dist_0dm07mh._.js:776
[ 1035720ms] [LOG] [Fast Refresh] done in 6ms @ http://localhost:3000/_next/static/chunks/0brk_next_dist_0dm07mh._.js:776
[ 1035783ms] [LOG] [Fast Refresh] done in 6ms @ http://localhost:3000/_next/static/chunks/0brk_next_dist_0dm07mh._.js:776
[ 1035846ms] [LOG] [Fast Refresh] done in 6ms @ http://localhost:3000/_next/static/chunks/0brk_next_dist_0dm07mh._.js:776
[ 1035908ms] [LOG] [Fast Refresh] done in 6ms @ http://localhost:3000/_next/static/chunks/0brk_next_dist_0dm07mh._.js:776
[ 1035968ms] [LOG] [Fast Refresh] done in 6ms @ http://localhost:3000/_next/static/chunks/0brk_next_dist_0dm07mh._.js:776
[ 1036032ms] [LOG] [Fast Refresh] done in 6ms @ http://localhost:3000/_next/static/chunks/0brk_next_dist_0dm07mh._.js:776
[ 1036085ms] [LOG] [Fast Refresh] done in 6ms @ http://localhost:3000/_next/static/chunks/0brk_next_dist_0dm07mh._.js:776
[ 1036148ms] [LOG] [Fast Refresh] done in 6ms @ http://localhost:3000/_next/static/chunks/0brk_next_dist_0dm07mh._.js:776
[ 1036210ms] [LOG] [Fast Refresh] done in 6ms @ http://localhost:3000/_next/static/chunks/0brk_next_dist_0dm07mh._.js:776
[ 1036275ms] [LOG] [Fast Refresh] done in 6ms @ http://localhost:3000/_next/static/chunks/0brk_next_dist_0dm07mh._.js:776
[ 1036335ms] [LOG] [Fast Refresh] done in 6ms @ http://localhost:3000/_next/static/chunks/0brk_next_dist_0dm07mh._.js:776
[ 1036398ms] [LOG] [Fast Refresh] done in 6ms @ http://localhost:3000/_next/static/chunks/0brk_next_dist_0dm07mh._.js:776
[ 1036452ms] [LOG] [Fast Refresh] done in 6ms @ http://localhost:3000/_next/static/chunks/0brk_next_dist_0dm07mh._.js:776
[ 1036502ms] [LOG] [Fast Refresh] done in 6ms @ http://localhost:3000/_next/static/chunks/0brk_next_dist_0dm07mh._.js:776
[ 1036554ms] [LOG] [Fast Refresh] done in 6ms @ http://localhost:3000/_next/static/chunks/0brk_next_dist_0dm07mh._.js:776
[ 1036603ms] [LOG] [Fast Refresh] done in 6ms @ http://localhost:3000/_next/static/chunks/0brk_next_dist_0dm07mh._.js:776
[ 1036661ms] [LOG] [Fast Refresh] done in 6ms @ http://localhost:3000/_next/static/chunks/0brk_next_dist_0dm07mh._.js:776
[ 1036702ms] [LOG] [Fast Refresh] done in 6ms @ http://localhost:3000/_next/static/chunks/0brk_next_dist_0dm07mh._.js:776
[ 1036763ms] [LOG] [Fast Refresh] done in 6ms @ http://localhost:3000/_next/static/chunks/0brk_next_dist_0dm07mh._.js:776
[ 1036825ms] [LOG] [Fast Refresh] done in 6ms @ http://localhost:3000/_next/static/chunks/0brk_next_dist_0dm07mh._.js:776
[ 1036885ms] [LOG] [Fast Refresh] done in 6ms @ http://localhost:3000/_next/static/chunks/0brk_next_dist_0dm07mh._.js:776
[ 1036948ms] [LOG] [Fast Refresh] done in 6ms @ http://localhost:3000/_next/static/chunks/0brk_next_dist_0dm07mh._.js:776
[ 1036995ms] [LOG] [Fast Refresh] done in 6ms @ http://localhost:3000/_next/static/chunks/0brk_next_dist_0dm07mh._.js:776
[ 1037215ms] [LOG] [Fast Refresh] rebuilding @ http://localhost:3000/_next/static/chunks/0brk_next_dist_0dm07mh._.js:776
[ 1037481ms] [LOG] [Fast Refresh] done in 381ms @ http://localhost:3000/_next/static/chunks/0brk_next_dist_0dm07mh._.js:776
[ 1039588ms] [LOG] [Fast Refresh] rebuilding @ http://localhost:3000/_next/static/chunks/0brk_next_dist_0dm07mh._.js:776
[ 1039605ms] [LOG] [Fast Refresh] done in 127ms @ http://localhost:3000/_next/static/chunks/0brk_next_dist_0dm07mh._.js:776
