[debug] [2026-09-28T11:50:38.303Z] [Firebase Plugin] Activating Firebase extension.
[debug] [2026-09-28T11:51:01.144Z] [Firebase Plugin] requireAuthWrapper
[debug] [2026-09-28T11:51:01.146Z] > command requires scopes: ["email","openid","https://www.googleapis.com/auth/cloudplatformprojects.readonly","https://www.googleapis.com/auth/firebase","https://www.googleapis.com/auth/cloud-platform"]
[debug] [2026-09-28T11:51:01.146Z] > authorizing via signed-in user (ian@byteorigami.com)
[debug] [2026-09-28T11:51:01.151Z] Checked if tokens are valid: false, expires at: 1786820708533
[debug] [2026-09-28T11:51:01.151Z] Checked if tokens are valid: false, expires at: 1786820708533
[debug] [2026-09-28T11:51:01.151Z] > refreshing access token with scopes: []
[debug] [2026-09-28T11:51:01.153Z] >>> [apiv2][query] POST https://www.googleapis.com/oauth2/v3/token [none]
[debug] [2026-09-28T11:51:01.154Z] >>> [apiv2][body] POST https://www.googleapis.com/oauth2/v3/token [omitted]
[debug] [2026-09-28T11:51:01.165Z] [Firebase Plugin] VSCode notification server listening on port 40001
[info] [Firebase Plugin] Starting SQL Connect toolkit (version 3.4.16) on port 50001
[debug] [2026-09-28T11:51:02.030Z] 'fdc build' failed with error: Unable to build your SQL Connect schema and connectors (exit code 1): E0928 08:51:02.023875   11624 cmd.go:43] Error loading data connect config: could not find dataconnect.yaml in `c:\Users\ianma\workspace\notes-app\dataconnect`
 {"metadata":{"emulator":{"name":"dataconnect"},"message":"'fdc build' failed with error: Unable to build your SQL Connect schema and connectors (exit code 1): E0928 08:51:02.023875   11624 cmd.go:43] Error loading data connect config: could not find dataconnect.yaml in `c:\\Users\\ianma\\workspace\\notes-app\\dataconnect`\n"}}
[debug] [2026-09-28T11:51:02.031Z] Ignoring unsupported arg: auto_download {"metadata":{"emulator":{"name":"dataconnect"},"message":"Ignoring unsupported arg: auto_download"}}
[debug] [2026-09-28T11:51:02.032Z] Ignoring unsupported arg: port {"metadata":{"emulator":{"name":"dataconnect"},"message":"Ignoring unsupported arg: port"}}
[debug] [2026-09-28T11:51:02.032Z] Starting SQL Connect Emulator with command {"binary":"C:\\Users\\ianma\\.cache\\firebase\\emulators\\dataconnect-emulator-3.4.16.exe","args":["--logtostderr","-v=2","dev","--listen=localhost:50001","--config_dir=c:\\Users\\ianma\\workspace\\notes-app\\dataconnect","--enable_output_schema_extensions=true","--enable_output_generated_sdk=true"],"optionalArgs":["listen","config_dir","enable_output_schema_extensions","enable_output_generated_sdk"],"joinArgs":true,"shell":false,"port":9399} {"metadata":{"emulator":{"name":"dataconnect"},"message":"Starting SQL Connect Emulator with command {\"binary\":\"C:\\\\Users\\\\ianma\\\\.cache\\\\firebase\\\\emulators\\\\dataconnect-emulator-3.4.16.exe\",\"args\":[\"--logtostderr\",\"-v=2\",\"dev\",\"--listen=localhost:50001\",\"--config_dir=c:\\\\Users\\\\ianma\\\\workspace\\\\notes-app\\\\dataconnect\",\"--enable_output_schema_extensions=true\",\"--enable_output_generated_sdk=true\"],\"optionalArgs\":[\"listen\",\"config_dir\",\"enable_output_schema_extensions\",\"enable_output_generated_sdk\"],\"joinArgs\":true,\"shell\":false,\"port\":9399}"}}
[info] i  dataconnect: SQL Connect Emulator logging to dataconnect-debug.log {"metadata":{"emulator":{"name":"dataconnect"},"message":"SQL Connect Emulator logging to \u001b[1mdataconnect-debug.log\u001b[22m"}}
[debug] [2026-09-28T11:51:02.100Z] E0928 08:51:02.093236   21436 dev.go:80] Failed to load initial config from "c:\\Users\\ianma\\workspace\\notes-app\\dataconnect": could not find dataconnect.yaml in `c:\Users\ianma\workspace\notes-app\dataconnect`
E0928 08:51:02.093977   21436 watch.go:116] watchAllDir unable to walk dir `c:\Users\ianma\workspace\notes-app\dataconnect`: GetFileAttributesEx c:\Users\ianma\workspace\notes-app\dataconnect: The system cannot find the file specified.
 {"metadata":{"emulator":{"name":"dataconnect"},"message":"E0928 08:51:02.093236   21436 dev.go:80] Failed to load initial config from \"c:\\\\Users\\\\ianma\\\\workspace\\\\notes-app\\\\dataconnect\": could not find dataconnect.yaml in `c:\\Users\\ianma\\workspace\\notes-app\\dataconnect`\nE0928 08:51:02.093977   21436 watch.go:116] watchAllDir unable to walk dir `c:\\Users\\ianma\\workspace\\notes-app\\dataconnect`: GetFileAttributesEx c:\\Users\\ianma\\workspace\\notes-app\\dataconnect: The system cannot find the file specified.\n"}}
[debug] [2026-09-28T11:51:02.124Z] I0928 08:51:02.118850   21436 dev.go:101] Listening on address (HTTP + gRPC): 127.0.0.1:50001
 {"metadata":{"emulator":{"name":"dataconnect"},"message":"I0928 08:51:02.118850   21436 dev.go:101] Listening on address (HTTP + gRPC): 127.0.0.1:50001\n"}}
[debug] [2026-09-28T11:51:02.248Z] <<< [apiv2][status] POST https://www.googleapis.com/oauth2/v3/token 400
[debug] [2026-09-28T11:51:02.249Z] <<< [apiv2][body] POST https://www.googleapis.com/oauth2/v3/token [omitted]
[error] Authentication Error: Your credentials are no longer valid. Please run firebase login --reauth

For CI servers and headless environments, generate a new token with firebase login:ci
[error] Authentication Error: Your credentials are no longer valid. Please run firebase login --reauth

For CI servers and headless environments, generate a new token with firebase login:ci
[error] [Firebase Plugin] requireAuth error: Authentication Error: Your credentials are no longer valid. Please run firebase login --reauth

For CI servers and headless environments, generate a new token with firebase login:ci
[error] [Firebase Plugin] error:  {}
[debug] [2026-09-28T11:51:12.094Z] E0928 08:51:12.094961   21436 watch.go:40] Failed to load config from "c:\\Users\\ianma\\workspace\\notes-app\\dataconnect": could not find dataconnect.yaml in `c:\Users\ianma\workspace\notes-app\dataconnect`
 {"metadata":{"emulator":{"name":"dataconnect"},"message":"E0928 08:51:12.094961   21436 watch.go:40] Failed to load config from \"c:\\\\Users\\\\ianma\\\\workspace\\\\notes-app\\\\dataconnect\": could not find dataconnect.yaml in `c:\\Users\\ianma\\workspace\\notes-app\\dataconnect`\n"}}
[debug] [2026-09-28T11:51:22.094Z] E0928 08:51:22.095049   21436 watch.go:40] Failed to load config from "c:\\Users\\ianma\\workspace\\notes-app\\dataconnect": could not find dataconnect.yaml in `c:\Users\ianma\workspace\notes-app\dataconnect`
 {"metadata":{"emulator":{"name":"dataconnect"},"message":"E0928 08:51:22.095049   21436 watch.go:40] Failed to load config from \"c:\\\\Users\\\\ianma\\\\workspace\\\\notes-app\\\\dataconnect\": could not find dataconnect.yaml in `c:\\Users\\ianma\\workspace\\notes-app\\dataconnect`\n"}}
[debug] [2026-09-28T11:51:32.095Z] E0928 08:51:32.095111   21436 watch.go:40] Failed to load config from "c:\\Users\\ianma\\workspace\\notes-app\\dataconnect": could not find dataconnect.yaml in `c:\Users\ianma\workspace\notes-app\dataconnect`
 {"metadata":{"emulator":{"name":"dataconnect"},"message":"E0928 08:51:32.095111   21436 watch.go:40] Failed to load config from \"c:\\\\Users\\\\ianma\\\\workspace\\\\notes-app\\\\dataconnect\": could not find dataconnect.yaml in `c:\\Users\\ianma\\workspace\\notes-app\\dataconnect`\n"}}
[debug] [2026-09-28T11:51:42.094Z] E0928 08:51:42.094791   21436 watch.go:40] Failed to load config from "c:\\Users\\ianma\\workspace\\notes-app\\dataconnect": could not find dataconnect.yaml in `c:\Users\ianma\workspace\notes-app\dataconnect`
 {"metadata":{"emulator":{"name":"dataconnect"},"message":"E0928 08:51:42.094791   21436 watch.go:40] Failed to load config from \"c:\\\\Users\\\\ianma\\\\workspace\\\\notes-app\\\\dataconnect\": could not find dataconnect.yaml in `c:\\Users\\ianma\\workspace\\notes-app\\dataconnect`\n"}}
[debug] [2026-09-28T11:51:52.095Z] E0928 08:51:52.095073   21436 watch.go:40] Failed to load config from "c:\\Users\\ianma\\workspace\\notes-app\\dataconnect": could not find dataconnect.yaml in `c:\Users\ianma\workspace\notes-app\dataconnect`
 {"metadata":{"emulator":{"name":"dataconnect"},"message":"E0928 08:51:52.095073   21436 watch.go:40] Failed to load config from \"c:\\\\Users\\\\ianma\\\\workspace\\\\notes-app\\\\dataconnect\": could not find dataconnect.yaml in `c:\\Users\\ianma\\workspace\\notes-app\\dataconnect`\n"}}
[debug] [2026-09-28T11:52:02.094Z] E0928 08:52:02.094810   21436 watch.go:116] watchAllDir unable to walk dir `c:\Users\ianma\workspace\notes-app\dataconnect`: GetFileAttributesEx c:\Users\ianma\workspace\notes-app\dataconnect: The system cannot find the file specified.
 {"metadata":{"emulator":{"name":"dataconnect"},"message":"E0928 08:52:02.094810   21436 watch.go:116] watchAllDir unable to walk dir `c:\\Users\\ianma\\workspace\\notes-app\\dataconnect`: GetFileAttributesEx c:\\Users\\ianma\\workspace\\notes-app\\dataconnect: The system cannot find the file specified.\n"}}
[debug] [2026-09-28T11:52:02.095Z] E0928 08:52:02.094810   21436 watch.go:40] Failed to load config from "c:\\Users\\ianma\\workspace\\notes-app\\dataconnect": could not find dataconnect.yaml in `c:\Users\ianma\workspace\notes-app\dataconnect`
 {"metadata":{"emulator":{"name":"dataconnect"},"message":"E0928 08:52:02.094810   21436 watch.go:40] Failed to load config from \"c:\\\\Users\\\\ianma\\\\workspace\\\\notes-app\\\\dataconnect\": could not find dataconnect.yaml in `c:\\Users\\ianma\\workspace\\notes-app\\dataconnect`\n"}}
[debug] [2026-09-28T11:52:12.094Z] E0928 08:52:12.095009   21436 watch.go:40] Failed to load config from "c:\\Users\\ianma\\workspace\\notes-app\\dataconnect": could not find dataconnect.yaml in `c:\Users\ianma\workspace\notes-app\dataconnect`
 {"metadata":{"emulator":{"name":"dataconnect"},"message":"E0928 08:52:12.095009   21436 watch.go:40] Failed to load config from \"c:\\\\Users\\\\ianma\\\\workspace\\\\notes-app\\\\dataconnect\": could not find dataconnect.yaml in `c:\\Users\\ianma\\workspace\\notes-app\\dataconnect`\n"}}
[debug] [2026-09-28T11:52:22.094Z] E0928 08:52:22.095041   21436 watch.go:40] Failed to load config from "c:\\Users\\ianma\\workspace\\notes-app\\dataconnect": could not find dataconnect.yaml in `c:\Users\ianma\workspace\notes-app\dataconnect`
 {"metadata":{"emulator":{"name":"dataconnect"},"message":"E0928 08:52:22.095041   21436 watch.go:40] Failed to load config from \"c:\\\\Users\\\\ianma\\\\workspace\\\\notes-app\\\\dataconnect\": could not find dataconnect.yaml in `c:\\Users\\ianma\\workspace\\notes-app\\dataconnect`\n"}}
[debug] [2026-09-28T11:52:32.094Z] E0928 08:52:32.095005   21436 watch.go:40] Failed to load config from "c:\\Users\\ianma\\workspace\\notes-app\\dataconnect": could not find dataconnect.yaml in `c:\Users\ianma\workspace\notes-app\dataconnect`
 {"metadata":{"emulator":{"name":"dataconnect"},"message":"E0928 08:52:32.095005   21436 watch.go:40] Failed to load config from \"c:\\\\Users\\\\ianma\\\\workspace\\\\notes-app\\\\dataconnect\": could not find dataconnect.yaml in `c:\\Users\\ianma\\workspace\\notes-app\\dataconnect`\n"}}
[debug] [2026-09-28T11:52:42.095Z] E0928 08:52:42.095482   21436 watch.go:40] Failed to load config from "c:\\Users\\ianma\\workspace\\notes-app\\dataconnect": could not find dataconnect.yaml in `c:\Users\ianma\workspace\notes-app\dataconnect`
 {"metadata":{"emulator":{"name":"dataconnect"},"message":"E0928 08:52:42.095482   21436 watch.go:40] Failed to load config from \"c:\\\\Users\\\\ianma\\\\workspace\\\\notes-app\\\\dataconnect\": could not find dataconnect.yaml in `c:\\Users\\ianma\\workspace\\notes-app\\dataconnect`\n"}}
[debug] [2026-09-28T11:52:52.094Z] E0928 08:52:52.094867   21436 watch.go:40] Failed to load config from "c:\\Users\\ianma\\workspace\\notes-app\\dataconnect": could not find dataconnect.yaml in `c:\Users\ianma\workspace\notes-app\dataconnect`
 {"metadata":{"emulator":{"name":"dataconnect"},"message":"E0928 08:52:52.094867   21436 watch.go:40] Failed to load config from \"c:\\\\Users\\\\ianma\\\\workspace\\\\notes-app\\\\dataconnect\": could not find dataconnect.yaml in `c:\\Users\\ianma\\workspace\\notes-app\\dataconnect`\n"}}
[debug] [2026-09-28T11:53:02.096Z] E0928 08:53:02.096432   21436 watch.go:40] Failed to load config from "c:\\Users\\ianma\\workspace\\notes-app\\dataconnect": could not find dataconnect.yaml in `c:\Users\ianma\workspace\notes-app\dataconnect`
E0928 08:53:02.095718   21436 watch.go:116] watchAllDir unable to walk dir `c:\Users\ianma\workspace\notes-app\dataconnect`: GetFileAttributesEx c:\Users\ianma\workspace\notes-app\dataconnect: The system cannot find the file specified.
 {"metadata":{"emulator":{"name":"dataconnect"},"message":"E0928 08:53:02.096432   21436 watch.go:40] Failed to load config from \"c:\\\\Users\\\\ianma\\\\workspace\\\\notes-app\\\\dataconnect\": could not find dataconnect.yaml in `c:\\Users\\ianma\\workspace\\notes-app\\dataconnect`\nE0928 08:53:02.095718   21436 watch.go:116] watchAllDir unable to walk dir `c:\\Users\\ianma\\workspace\\notes-app\\dataconnect`: GetFileAttributesEx c:\\Users\\ianma\\workspace\\notes-app\\dataconnect: The system cannot find the file specified.\n"}}
[debug] [2026-09-28T11:53:12.094Z] E0928 08:53:12.095200   21436 watch.go:40] Failed to load config from "c:\\Users\\ianma\\workspace\\notes-app\\dataconnect": could not find dataconnect.yaml in `c:\Users\ianma\workspace\notes-app\dataconnect`
 {"metadata":{"emulator":{"name":"dataconnect"},"message":"E0928 08:53:12.095200   21436 watch.go:40] Failed to load config from \"c:\\\\Users\\\\ianma\\\\workspace\\\\notes-app\\\\dataconnect\": could not find dataconnect.yaml in `c:\\Users\\ianma\\workspace\\notes-app\\dataconnect`\n"}}
[debug] [2026-09-28T11:53:22.094Z] E0928 08:53:22.094988   21436 watch.go:40] Failed to load config from "c:\\Users\\ianma\\workspace\\notes-app\\dataconnect": could not find dataconnect.yaml in `c:\Users\ianma\workspace\notes-app\dataconnect`
 {"metadata":{"emulator":{"name":"dataconnect"},"message":"E0928 08:53:22.094988   21436 watch.go:40] Failed to load config from \"c:\\\\Users\\\\ianma\\\\workspace\\\\notes-app\\\\dataconnect\": could not find dataconnect.yaml in `c:\\Users\\ianma\\workspace\\notes-app\\dataconnect`\n"}}
[debug] [2026-09-28T11:53:32.095Z] E0928 08:53:32.095180   21436 watch.go:40] Failed to load config from "c:\\Users\\ianma\\workspace\\notes-app\\dataconnect": could not find dataconnect.yaml in `c:\Users\ianma\workspace\notes-app\dataconnect`
 {"metadata":{"emulator":{"name":"dataconnect"},"message":"E0928 08:53:32.095180   21436 watch.go:40] Failed to load config from \"c:\\\\Users\\\\ianma\\\\workspace\\\\notes-app\\\\dataconnect\": could not find dataconnect.yaml in `c:\\Users\\ianma\\workspace\\notes-app\\dataconnect`\n"}}
[debug] [2026-09-28T11:53:42.095Z] E0928 08:53:42.095068   21436 watch.go:40] Failed to load config from "c:\\Users\\ianma\\workspace\\notes-app\\dataconnect": could not find dataconnect.yaml in `c:\Users\ianma\workspace\notes-app\dataconnect`
 {"metadata":{"emulator":{"name":"dataconnect"},"message":"E0928 08:53:42.095068   21436 watch.go:40] Failed to load config from \"c:\\\\Users\\\\ianma\\\\workspace\\\\notes-app\\\\dataconnect\": could not find dataconnect.yaml in `c:\\Users\\ianma\\workspace\\notes-app\\dataconnect`\n"}}
[debug] [2026-09-28T11:53:52.095Z] E0928 08:53:52.095298   21436 watch.go:40] Failed to load config from "c:\\Users\\ianma\\workspace\\notes-app\\dataconnect": could not find dataconnect.yaml in `c:\Users\ianma\workspace\notes-app\dataconnect`
 {"metadata":{"emulator":{"name":"dataconnect"},"message":"E0928 08:53:52.095298   21436 watch.go:40] Failed to load config from \"c:\\\\Users\\\\ianma\\\\workspace\\\\notes-app\\\\dataconnect\": could not find dataconnect.yaml in `c:\\Users\\ianma\\workspace\\notes-app\\dataconnect`\n"}}
[debug] [2026-09-28T11:54:02.094Z] E0928 08:54:02.094678   21436 watch.go:116] watchAllDir unable to walk dir `c:\Users\ianma\workspace\notes-app\dataconnect`: GetFileAttributesEx c:\Users\ianma\workspace\notes-app\dataconnect: The system cannot find the file specified.
E0928 08:54:02.094678   21436 watch.go:40] Failed to load config from "c:\\Users\\ianma\\workspace\\notes-app\\dataconnect": could not find dataconnect.yaml in `c:\Users\ianma\workspace\notes-app\dataconnect`
 {"metadata":{"emulator":{"name":"dataconnect"},"message":"E0928 08:54:02.094678   21436 watch.go:116] watchAllDir unable to walk dir `c:\\Users\\ianma\\workspace\\notes-app\\dataconnect`: GetFileAttributesEx c:\\Users\\ianma\\workspace\\notes-app\\dataconnect: The system cannot find the file specified.\nE0928 08:54:02.094678   21436 watch.go:40] Failed to load config from \"c:\\\\Users\\\\ianma\\\\workspace\\\\notes-app\\\\dataconnect\": could not find dataconnect.yaml in `c:\\Users\\ianma\\workspace\\notes-app\\dataconnect`\n"}}
[debug] [2026-09-28T11:54:12.094Z] E0928 08:54:12.094821   21436 watch.go:40] Failed to load config from "c:\\Users\\ianma\\workspace\\notes-app\\dataconnect": could not find dataconnect.yaml in `c:\Users\ianma\workspace\notes-app\dataconnect`
 {"metadata":{"emulator":{"name":"dataconnect"},"message":"E0928 08:54:12.094821   21436 watch.go:40] Failed to load config from \"c:\\\\Users\\\\ianma\\\\workspace\\\\notes-app\\\\dataconnect\": could not find dataconnect.yaml in `c:\\Users\\ianma\\workspace\\notes-app\\dataconnect`\n"}}
[debug] [2026-09-28T11:54:22.094Z] E0928 08:54:22.094847   21436 watch.go:40] Failed to load config from "c:\\Users\\ianma\\workspace\\notes-app\\dataconnect": could not find dataconnect.yaml in `c:\Users\ianma\workspace\notes-app\dataconnect`
 {"metadata":{"emulator":{"name":"dataconnect"},"message":"E0928 08:54:22.094847   21436 watch.go:40] Failed to load config from \"c:\\\\Users\\\\ianma\\\\workspace\\\\notes-app\\\\dataconnect\": could not find dataconnect.yaml in `c:\\Users\\ianma\\workspace\\notes-app\\dataconnect`\n"}}
[debug] [2026-09-28T11:54:32.095Z] E0928 08:54:32.094974   21436 watch.go:40] Failed to load config from "c:\\Users\\ianma\\workspace\\notes-app\\dataconnect": could not find dataconnect.yaml in `c:\Users\ianma\workspace\notes-app\dataconnect`
 {"metadata":{"emulator":{"name":"dataconnect"},"message":"E0928 08:54:32.094974   21436 watch.go:40] Failed to load config from \"c:\\\\Users\\\\ianma\\\\workspace\\\\notes-app\\\\dataconnect\": could not find dataconnect.yaml in `c:\\Users\\ianma\\workspace\\notes-app\\dataconnect`\n"}}
[debug] [2026-09-28T11:54:42.094Z] E0928 08:54:42.094680   21436 watch.go:40] Failed to load config from "c:\\Users\\ianma\\workspace\\notes-app\\dataconnect": could not find dataconnect.yaml in `c:\Users\ianma\workspace\notes-app\dataconnect`
 {"metadata":{"emulator":{"name":"dataconnect"},"message":"E0928 08:54:42.094680   21436 watch.go:40] Failed to load config from \"c:\\\\Users\\\\ianma\\\\workspace\\\\notes-app\\\\dataconnect\": could not find dataconnect.yaml in `c:\\Users\\ianma\\workspace\\notes-app\\dataconnect`\n"}}
[debug] [2026-09-28T11:54:52.095Z] E0928 08:54:52.095220   21436 watch.go:40] Failed to load config from "c:\\Users\\ianma\\workspace\\notes-app\\dataconnect": could not find dataconnect.yaml in `c:\Users\ianma\workspace\notes-app\dataconnect`
 {"metadata":{"emulator":{"name":"dataconnect"},"message":"E0928 08:54:52.095220   21436 watch.go:40] Failed to load config from \"c:\\\\Users\\\\ianma\\\\workspace\\\\notes-app\\\\dataconnect\": could not find dataconnect.yaml in `c:\\Users\\ianma\\workspace\\notes-app\\dataconnect`\n"}}
[debug] [2026-09-28T11:55:02.094Z] E0928 08:55:02.095101   21436 watch.go:116] watchAllDir unable to walk dir `c:\Users\ianma\workspace\notes-app\dataconnect`: GetFileAttributesEx c:\Users\ianma\workspace\notes-app\dataconnect: The system cannot find the file specified.
 {"metadata":{"emulator":{"name":"dataconnect"},"message":"E0928 08:55:02.095101   21436 watch.go:116] watchAllDir unable to walk dir `c:\\Users\\ianma\\workspace\\notes-app\\dataconnect`: GetFileAttributesEx c:\\Users\\ianma\\workspace\\notes-app\\dataconnect: The system cannot find the file specified.\n"}}
[debug] [2026-09-28T11:55:02.095Z] E0928 08:55:02.095101   21436 watch.go:40] Failed to load config from "c:\\Users\\ianma\\workspace\\notes-app\\dataconnect": could not find dataconnect.yaml in `c:\Users\ianma\workspace\notes-app\dataconnect`
 {"metadata":{"emulator":{"name":"dataconnect"},"message":"E0928 08:55:02.095101   21436 watch.go:40] Failed to load config from \"c:\\\\Users\\\\ianma\\\\workspace\\\\notes-app\\\\dataconnect\": could not find dataconnect.yaml in `c:\\Users\\ianma\\workspace\\notes-app\\dataconnect`\n"}}
[debug] [2026-09-28T11:55:12.095Z] E0928 08:55:12.095547   21436 watch.go:40] Failed to load config from "c:\\Users\\ianma\\workspace\\notes-app\\dataconnect": could not find dataconnect.yaml in `c:\Users\ianma\workspace\notes-app\dataconnect`
 {"metadata":{"emulator":{"name":"dataconnect"},"message":"E0928 08:55:12.095547   21436 watch.go:40] Failed to load config from \"c:\\\\Users\\\\ianma\\\\workspace\\\\notes-app\\\\dataconnect\": could not find dataconnect.yaml in `c:\\Users\\ianma\\workspace\\notes-app\\dataconnect`\n"}}
[debug] [2026-09-28T11:55:22.095Z] E0928 08:55:22.094843   21436 watch.go:40] Failed to load config from "c:\\Users\\ianma\\workspace\\notes-app\\dataconnect": could not find dataconnect.yaml in `c:\Users\ianma\workspace\notes-app\dataconnect`
 {"metadata":{"emulator":{"name":"dataconnect"},"message":"E0928 08:55:22.094843   21436 watch.go:40] Failed to load config from \"c:\\\\Users\\\\ianma\\\\workspace\\\\notes-app\\\\dataconnect\": could not find dataconnect.yaml in `c:\\Users\\ianma\\workspace\\notes-app\\dataconnect`\n"}}
[debug] [2026-09-28T11:55:32.095Z] E0928 08:55:32.095521   21436 watch.go:40] Failed to load config from "c:\\Users\\ianma\\workspace\\notes-app\\dataconnect": could not find dataconnect.yaml in `c:\Users\ianma\workspace\notes-app\dataconnect`
 {"metadata":{"emulator":{"name":"dataconnect"},"message":"E0928 08:55:32.095521   21436 watch.go:40] Failed to load config from \"c:\\\\Users\\\\ianma\\\\workspace\\\\notes-app\\\\dataconnect\": could not find dataconnect.yaml in `c:\\Users\\ianma\\workspace\\notes-app\\dataconnect`\n"}}
[debug] [2026-09-28T11:55:42.095Z] E0928 08:55:42.095294   21436 watch.go:40] Failed to load config from "c:\\Users\\ianma\\workspace\\notes-app\\dataconnect": could not find dataconnect.yaml in `c:\Users\ianma\workspace\notes-app\dataconnect`
 {"metadata":{"emulator":{"name":"dataconnect"},"message":"E0928 08:55:42.095294   21436 watch.go:40] Failed to load config from \"c:\\\\Users\\\\ianma\\\\workspace\\\\notes-app\\\\dataconnect\": could not find dataconnect.yaml in `c:\\Users\\ianma\\workspace\\notes-app\\dataconnect`\n"}}
[debug] [2026-09-28T11:55:52.094Z] E0928 08:55:52.095120   21436 watch.go:40] Failed to load config from "c:\\Users\\ianma\\workspace\\notes-app\\dataconnect": could not find dataconnect.yaml in `c:\Users\ianma\workspace\notes-app\dataconnect`
 {"metadata":{"emulator":{"name":"dataconnect"},"message":"E0928 08:55:52.095120   21436 watch.go:40] Failed to load config from \"c:\\\\Users\\\\ianma\\\\workspace\\\\notes-app\\\\dataconnect\": could not find dataconnect.yaml in `c:\\Users\\ianma\\workspace\\notes-app\\dataconnect`\n"}}
[debug] [2026-09-28T11:56:02.094Z] E0928 08:56:02.095042   21436 watch.go:116] watchAllDir unable to walk dir `c:\Users\ianma\workspace\notes-app\dataconnect`: GetFileAttributesEx c:\Users\ianma\workspace\notes-app\dataconnect: The system cannot find the file specified.
E0928 08:56:02.095042   21436 watch.go:40] Failed to load config from "c:\\Users\\ianma\\workspace\\notes-app\\dataconnect": could not find dataconnect.yaml in `c:\Users\ianma\workspace\notes-app\dataconnect`
 {"metadata":{"emulator":{"name":"dataconnect"},"message":"E0928 08:56:02.095042   21436 watch.go:116] watchAllDir unable to walk dir `c:\\Users\\ianma\\workspace\\notes-app\\dataconnect`: GetFileAttributesEx c:\\Users\\ianma\\workspace\\notes-app\\dataconnect: The system cannot find the file specified.\nE0928 08:56:02.095042   21436 watch.go:40] Failed to load config from \"c:\\\\Users\\\\ianma\\\\workspace\\\\notes-app\\\\dataconnect\": could not find dataconnect.yaml in `c:\\Users\\ianma\\workspace\\notes-app\\dataconnect`\n"}}
[debug] [2026-09-28T11:56:12.094Z] E0928 08:56:12.094778   21436 watch.go:40] Failed to load config from "c:\\Users\\ianma\\workspace\\notes-app\\dataconnect": could not find dataconnect.yaml in `c:\Users\ianma\workspace\notes-app\dataconnect`
 {"metadata":{"emulator":{"name":"dataconnect"},"message":"E0928 08:56:12.094778   21436 watch.go:40] Failed to load config from \"c:\\\\Users\\\\ianma\\\\workspace\\\\notes-app\\\\dataconnect\": could not find dataconnect.yaml in `c:\\Users\\ianma\\workspace\\notes-app\\dataconnect`\n"}}
[debug] [2026-09-28T11:56:22.094Z] E0928 08:56:22.094725   21436 watch.go:40] Failed to load config from "c:\\Users\\ianma\\workspace\\notes-app\\dataconnect": could not find dataconnect.yaml in `c:\Users\ianma\workspace\notes-app\dataconnect`
 {"metadata":{"emulator":{"name":"dataconnect"},"message":"E0928 08:56:22.094725   21436 watch.go:40] Failed to load config from \"c:\\\\Users\\\\ianma\\\\workspace\\\\notes-app\\\\dataconnect\": could not find dataconnect.yaml in `c:\\Users\\ianma\\workspace\\notes-app\\dataconnect`\n"}}
[debug] [2026-09-28T11:56:32.095Z] E0928 08:56:32.095088   21436 watch.go:40] Failed to load config from "c:\\Users\\ianma\\workspace\\notes-app\\dataconnect": could not find dataconnect.yaml in `c:\Users\ianma\workspace\notes-app\dataconnect`
 {"metadata":{"emulator":{"name":"dataconnect"},"message":"E0928 08:56:32.095088   21436 watch.go:40] Failed to load config from \"c:\\\\Users\\\\ianma\\\\workspace\\\\notes-app\\\\dataconnect\": could not find dataconnect.yaml in `c:\\Users\\ianma\\workspace\\notes-app\\dataconnect`\n"}}
[debug] [2026-09-28T11:56:42.094Z] E0928 08:56:42.095107   21436 watch.go:40] Failed to load config from "c:\\Users\\ianma\\workspace\\notes-app\\dataconnect": could not find dataconnect.yaml in `c:\Users\ianma\workspace\notes-app\dataconnect`
 {"metadata":{"emulator":{"name":"dataconnect"},"message":"E0928 08:56:42.095107   21436 watch.go:40] Failed to load config from \"c:\\\\Users\\\\ianma\\\\workspace\\\\notes-app\\\\dataconnect\": could not find dataconnect.yaml in `c:\\Users\\ianma\\workspace\\notes-app\\dataconnect`\n"}}
[debug] [2026-09-28T11:56:52.094Z] E0928 08:56:52.094790   21436 watch.go:40] Failed to load config from "c:\\Users\\ianma\\workspace\\notes-app\\dataconnect": could not find dataconnect.yaml in `c:\Users\ianma\workspace\notes-app\dataconnect`
 {"metadata":{"emulator":{"name":"dataconnect"},"message":"E0928 08:56:52.094790   21436 watch.go:40] Failed to load config from \"c:\\\\Users\\\\ianma\\\\workspace\\\\notes-app\\\\dataconnect\": could not find dataconnect.yaml in `c:\\Users\\ianma\\workspace\\notes-app\\dataconnect`\n"}}
[debug] [2026-09-28T11:57:02.095Z] E0928 08:57:02.094925   21436 watch.go:116] watchAllDir unable to walk dir `c:\Users\ianma\workspace\notes-app\dataconnect`: GetFileAttributesEx c:\Users\ianma\workspace\notes-app\dataconnect: The system cannot find the file specified.
E0928 08:57:02.094925   21436 watch.go:40] Failed to load config from "c:\\Users\\ianma\\workspace\\notes-app\\dataconnect": could not find dataconnect.yaml in `c:\Users\ianma\workspace\notes-app\dataconnect`
 {"metadata":{"emulator":{"name":"dataconnect"},"message":"E0928 08:57:02.094925   21436 watch.go:116] watchAllDir unable to walk dir `c:\\Users\\ianma\\workspace\\notes-app\\dataconnect`: GetFileAttributesEx c:\\Users\\ianma\\workspace\\notes-app\\dataconnect: The system cannot find the file specified.\nE0928 08:57:02.094925   21436 watch.go:40] Failed to load config from \"c:\\\\Users\\\\ianma\\\\workspace\\\\notes-app\\\\dataconnect\": could not find dataconnect.yaml in `c:\\Users\\ianma\\workspace\\notes-app\\dataconnect`\n"}}
[debug] [2026-09-28T11:57:12.094Z] E0928 08:57:12.095099   21436 watch.go:40] Failed to load config from "c:\\Users\\ianma\\workspace\\notes-app\\dataconnect": could not find dataconnect.yaml in `c:\Users\ianma\workspace\notes-app\dataconnect`
 {"metadata":{"emulator":{"name":"dataconnect"},"message":"E0928 08:57:12.095099   21436 watch.go:40] Failed to load config from \"c:\\\\Users\\\\ianma\\\\workspace\\\\notes-app\\\\dataconnect\": could not find dataconnect.yaml in `c:\\Users\\ianma\\workspace\\notes-app\\dataconnect`\n"}}
[debug] [2026-09-28T11:57:22.096Z] E0928 08:57:22.096564   21436 watch.go:40] Failed to load config from "c:\\Users\\ianma\\workspace\\notes-app\\dataconnect": could not find dataconnect.yaml in `c:\Users\ianma\workspace\notes-app\dataconnect`
 {"metadata":{"emulator":{"name":"dataconnect"},"message":"E0928 08:57:22.096564   21436 watch.go:40] Failed to load config from \"c:\\\\Users\\\\ianma\\\\workspace\\\\notes-app\\\\dataconnect\": could not find dataconnect.yaml in `c:\\Users\\ianma\\workspace\\notes-app\\dataconnect`\n"}}
[debug] [2026-09-28T11:57:32.094Z] E0928 08:57:32.094778   21436 watch.go:40] Failed to load config from "c:\\Users\\ianma\\workspace\\notes-app\\dataconnect": could not find dataconnect.yaml in `c:\Users\ianma\workspace\notes-app\dataconnect`
 {"metadata":{"emulator":{"name":"dataconnect"},"message":"E0928 08:57:32.094778   21436 watch.go:40] Failed to load config from \"c:\\\\Users\\\\ianma\\\\workspace\\\\notes-app\\\\dataconnect\": could not find dataconnect.yaml in `c:\\Users\\ianma\\workspace\\notes-app\\dataconnect`\n"}}
[debug] [2026-09-28T11:57:42.095Z] E0928 08:57:42.095598   21436 watch.go:40] Failed to load config from "c:\\Users\\ianma\\workspace\\notes-app\\dataconnect": could not find dataconnect.yaml in `c:\Users\ianma\workspace\notes-app\dataconnect`
 {"metadata":{"emulator":{"name":"dataconnect"},"message":"E0928 08:57:42.095598   21436 watch.go:40] Failed to load config from \"c:\\\\Users\\\\ianma\\\\workspace\\\\notes-app\\\\dataconnect\": could not find dataconnect.yaml in `c:\\Users\\ianma\\workspace\\notes-app\\dataconnect`\n"}}
[debug] [2026-09-28T11:57:52.095Z] E0928 08:57:52.095253   21436 watch.go:40] Failed to load config from "c:\\Users\\ianma\\workspace\\notes-app\\dataconnect": could not find dataconnect.yaml in `c:\Users\ianma\workspace\notes-app\dataconnect`
 {"metadata":{"emulator":{"name":"dataconnect"},"message":"E0928 08:57:52.095253   21436 watch.go:40] Failed to load config from \"c:\\\\Users\\\\ianma\\\\workspace\\\\notes-app\\\\dataconnect\": could not find dataconnect.yaml in `c:\\Users\\ianma\\workspace\\notes-app\\dataconnect`\n"}}
[debug] [2026-09-28T11:58:02.094Z] E0928 08:58:02.094757   21436 watch.go:116] watchAllDir unable to walk dir `c:\Users\ianma\workspace\notes-app\dataconnect`: GetFileAttributesEx c:\Users\ianma\workspace\notes-app\dataconnect: The system cannot find the file specified.
E0928 08:58:02.094757   21436 watch.go:40] Failed to load config from "c:\\Users\\ianma\\workspace\\notes-app\\dataconnect": could not find dataconnect.yaml in `c:\Users\ianma\workspace\notes-app\dataconnect`
 {"metadata":{"emulator":{"name":"dataconnect"},"message":"E0928 08:58:02.094757   21436 watch.go:116] watchAllDir unable to walk dir `c:\\Users\\ianma\\workspace\\notes-app\\dataconnect`: GetFileAttributesEx c:\\Users\\ianma\\workspace\\notes-app\\dataconnect: The system cannot find the file specified.\nE0928 08:58:02.094757   21436 watch.go:40] Failed to load config from \"c:\\\\Users\\\\ianma\\\\workspace\\\\notes-app\\\\dataconnect\": could not find dataconnect.yaml in `c:\\Users\\ianma\\workspace\\notes-app\\dataconnect`\n"}}
[debug] [2026-09-28T11:58:12.094Z] E0928 08:58:12.095121   21436 watch.go:40] Failed to load config from "c:\\Users\\ianma\\workspace\\notes-app\\dataconnect": could not find dataconnect.yaml in `c:\Users\ianma\workspace\notes-app\dataconnect`
 {"metadata":{"emulator":{"name":"dataconnect"},"message":"E0928 08:58:12.095121   21436 watch.go:40] Failed to load config from \"c:\\\\Users\\\\ianma\\\\workspace\\\\notes-app\\\\dataconnect\": could not find dataconnect.yaml in `c:\\Users\\ianma\\workspace\\notes-app\\dataconnect`\n"}}
[debug] [2026-09-28T11:58:22.094Z] E0928 08:58:22.094696   21436 watch.go:40] Failed to load config from "c:\\Users\\ianma\\workspace\\notes-app\\dataconnect": could not find dataconnect.yaml in `c:\Users\ianma\workspace\notes-app\dataconnect`
 {"metadata":{"emulator":{"name":"dataconnect"},"message":"E0928 08:58:22.094696   21436 watch.go:40] Failed to load config from \"c:\\\\Users\\\\ianma\\\\workspace\\\\notes-app\\\\dataconnect\": could not find dataconnect.yaml in `c:\\Users\\ianma\\workspace\\notes-app\\dataconnect`\n"}}
[debug] [2026-09-28T11:58:32.095Z] E0928 08:58:32.095219   21436 watch.go:40] Failed to load config from "c:\\Users\\ianma\\workspace\\notes-app\\dataconnect": could not find dataconnect.yaml in `c:\Users\ianma\workspace\notes-app\dataconnect`
 {"metadata":{"emulator":{"name":"dataconnect"},"message":"E0928 08:58:32.095219   21436 watch.go:40] Failed to load config from \"c:\\\\Users\\\\ianma\\\\workspace\\\\notes-app\\\\dataconnect\": could not find dataconnect.yaml in `c:\\Users\\ianma\\workspace\\notes-app\\dataconnect`\n"}}
[debug] [2026-09-28T11:58:42.095Z] E0928 08:58:42.095771   21436 watch.go:40] Failed to load config from "c:\\Users\\ianma\\workspace\\notes-app\\dataconnect": could not find dataconnect.yaml in `c:\Users\ianma\workspace\notes-app\dataconnect`
 {"metadata":{"emulator":{"name":"dataconnect"},"message":"E0928 08:58:42.095771   21436 watch.go:40] Failed to load config from \"c:\\\\Users\\\\ianma\\\\workspace\\\\notes-app\\\\dataconnect\": could not find dataconnect.yaml in `c:\\Users\\ianma\\workspace\\notes-app\\dataconnect`\n"}}
[debug] [2026-09-28T11:58:52.095Z] E0928 08:58:52.095092   21436 watch.go:40] Failed to load config from "c:\\Users\\ianma\\workspace\\notes-app\\dataconnect": could not find dataconnect.yaml in `c:\Users\ianma\workspace\notes-app\dataconnect`
 {"metadata":{"emulator":{"name":"dataconnect"},"message":"E0928 08:58:52.095092   21436 watch.go:40] Failed to load config from \"c:\\\\Users\\\\ianma\\\\workspace\\\\notes-app\\\\dataconnect\": could not find dataconnect.yaml in `c:\\Users\\ianma\\workspace\\notes-app\\dataconnect`\n"}}
[debug] [2026-09-28T11:59:02.094Z] E0928 08:59:02.094669   21436 watch.go:116] watchAllDir unable to walk dir `c:\Users\ianma\workspace\notes-app\dataconnect`: GetFileAttributesEx c:\Users\ianma\workspace\notes-app\dataconnect: The system cannot find the file specified.
E0928 08:59:02.094669   21436 watch.go:40] Failed to load config from "c:\\Users\\ianma\\workspace\\notes-app\\dataconnect": could not find dataconnect.yaml in `c:\Users\ianma\workspace\notes-app\dataconnect`
 {"metadata":{"emulator":{"name":"dataconnect"},"message":"E0928 08:59:02.094669   21436 watch.go:116] watchAllDir unable to walk dir `c:\\Users\\ianma\\workspace\\notes-app\\dataconnect`: GetFileAttributesEx c:\\Users\\ianma\\workspace\\notes-app\\dataconnect: The system cannot find the file specified.\nE0928 08:59:02.094669   21436 watch.go:40] Failed to load config from \"c:\\\\Users\\\\ianma\\\\workspace\\\\notes-app\\\\dataconnect\": could not find dataconnect.yaml in `c:\\Users\\ianma\\workspace\\notes-app\\dataconnect`\n"}}
[debug] [2026-09-28T11:59:12.094Z] E0928 08:59:12.094838   21436 watch.go:40] Failed to load config from "c:\\Users\\ianma\\workspace\\notes-app\\dataconnect": could not find dataconnect.yaml in `c:\Users\ianma\workspace\notes-app\dataconnect`
 {"metadata":{"emulator":{"name":"dataconnect"},"message":"E0928 08:59:12.094838   21436 watch.go:40] Failed to load config from \"c:\\\\Users\\\\ianma\\\\workspace\\\\notes-app\\\\dataconnect\": could not find dataconnect.yaml in `c:\\Users\\ianma\\workspace\\notes-app\\dataconnect`\n"}}
[debug] [2026-09-28T11:59:22.094Z] E0928 08:59:22.094954   21436 watch.go:40] Failed to load config from "c:\\Users\\ianma\\workspace\\notes-app\\dataconnect": could not find dataconnect.yaml in `c:\Users\ianma\workspace\notes-app\dataconnect`
 {"metadata":{"emulator":{"name":"dataconnect"},"message":"E0928 08:59:22.094954   21436 watch.go:40] Failed to load config from \"c:\\\\Users\\\\ianma\\\\workspace\\\\notes-app\\\\dataconnect\": could not find dataconnect.yaml in `c:\\Users\\ianma\\workspace\\notes-app\\dataconnect`\n"}}
[debug] [2026-09-28T11:59:32.095Z] E0928 08:59:32.095122   21436 watch.go:40] Failed to load config from "c:\\Users\\ianma\\workspace\\notes-app\\dataconnect": could not find dataconnect.yaml in `c:\Users\ianma\workspace\notes-app\dataconnect`
 {"metadata":{"emulator":{"name":"dataconnect"},"message":"E0928 08:59:32.095122   21436 watch.go:40] Failed to load config from \"c:\\\\Users\\\\ianma\\\\workspace\\\\notes-app\\\\dataconnect\": could not find dataconnect.yaml in `c:\\Users\\ianma\\workspace\\notes-app\\dataconnect`\n"}}
[debug] [2026-09-28T11:59:42.095Z] E0928 08:59:42.095254   21436 watch.go:40] Failed to load config from "c:\\Users\\ianma\\workspace\\notes-app\\dataconnect": could not find dataconnect.yaml in `c:\Users\ianma\workspace\notes-app\dataconnect`
 {"metadata":{"emulator":{"name":"dataconnect"},"message":"E0928 08:59:42.095254   21436 watch.go:40] Failed to load config from \"c:\\\\Users\\\\ianma\\\\workspace\\\\notes-app\\\\dataconnect\": could not find dataconnect.yaml in `c:\\Users\\ianma\\workspace\\notes-app\\dataconnect`\n"}}
[debug] [2026-09-28T11:59:52.094Z] E0928 08:59:52.094793   21436 watch.go:40] Failed to load config from "c:\\Users\\ianma\\workspace\\notes-app\\dataconnect": could not find dataconnect.yaml in `c:\Users\ianma\workspace\notes-app\dataconnect`
 {"metadata":{"emulator":{"name":"dataconnect"},"message":"E0928 08:59:52.094793   21436 watch.go:40] Failed to load config from \"c:\\\\Users\\\\ianma\\\\workspace\\\\notes-app\\\\dataconnect\": could not find dataconnect.yaml in `c:\\Users\\ianma\\workspace\\notes-app\\dataconnect`\n"}}
[debug] [2026-09-28T12:00:02.094Z] E0928 09:00:02.094900   21436 watch.go:116] watchAllDir unable to walk dir `c:\Users\ianma\workspace\notes-app\dataconnect`: GetFileAttributesEx c:\Users\ianma\workspace\notes-app\dataconnect: The system cannot find the file specified.
E0928 09:00:02.094900   21436 watch.go:40] Failed to load config from "c:\\Users\\ianma\\workspace\\notes-app\\dataconnect": could not find dataconnect.yaml in `c:\Users\ianma\workspace\notes-app\dataconnect`
 {"metadata":{"emulator":{"name":"dataconnect"},"message":"E0928 09:00:02.094900   21436 watch.go:116] watchAllDir unable to walk dir `c:\\Users\\ianma\\workspace\\notes-app\\dataconnect`: GetFileAttributesEx c:\\Users\\ianma\\workspace\\notes-app\\dataconnect: The system cannot find the file specified.\nE0928 09:00:02.094900   21436 watch.go:40] Failed to load config from \"c:\\\\Users\\\\ianma\\\\workspace\\\\notes-app\\\\dataconnect\": could not find dataconnect.yaml in `c:\\Users\\ianma\\workspace\\notes-app\\dataconnect`\n"}}
[debug] [2026-09-28T12:00:12.094Z] E0928 09:00:12.094696   21436 watch.go:40] Failed to load config from "c:\\Users\\ianma\\workspace\\notes-app\\dataconnect": could not find dataconnect.yaml in `c:\Users\ianma\workspace\notes-app\dataconnect`
 {"metadata":{"emulator":{"name":"dataconnect"},"message":"E0928 09:00:12.094696   21436 watch.go:40] Failed to load config from \"c:\\\\Users\\\\ianma\\\\workspace\\\\notes-app\\\\dataconnect\": could not find dataconnect.yaml in `c:\\Users\\ianma\\workspace\\notes-app\\dataconnect`\n"}}
[debug] [2026-09-28T12:00:22.094Z] E0928 09:00:22.094879   21436 watch.go:40] Failed to load config from "c:\\Users\\ianma\\workspace\\notes-app\\dataconnect": could not find dataconnect.yaml in `c:\Users\ianma\workspace\notes-app\dataconnect`
 {"metadata":{"emulator":{"name":"dataconnect"},"message":"E0928 09:00:22.094879   21436 watch.go:40] Failed to load config from \"c:\\\\Users\\\\ianma\\\\workspace\\\\notes-app\\\\dataconnect\": could not find dataconnect.yaml in `c:\\Users\\ianma\\workspace\\notes-app\\dataconnect`\n"}}
[debug] [2026-09-28T12:00:32.094Z] E0928 09:00:32.094709   21436 watch.go:40] Failed to load config from "c:\\Users\\ianma\\workspace\\notes-app\\dataconnect": could not find dataconnect.yaml in `c:\Users\ianma\workspace\notes-app\dataconnect`
 {"metadata":{"emulator":{"name":"dataconnect"},"message":"E0928 09:00:32.094709   21436 watch.go:40] Failed to load config from \"c:\\\\Users\\\\ianma\\\\workspace\\\\notes-app\\\\dataconnect\": could not find dataconnect.yaml in `c:\\Users\\ianma\\workspace\\notes-app\\dataconnect`\n"}}
[debug] [2026-09-28T12:00:42.097Z] E0928 09:00:42.097643   21436 watch.go:40] Failed to load config from "c:\\Users\\ianma\\workspace\\notes-app\\dataconnect": could not find dataconnect.yaml in `c:\Users\ianma\workspace\notes-app\dataconnect`
 {"metadata":{"emulator":{"name":"dataconnect"},"message":"E0928 09:00:42.097643   21436 watch.go:40] Failed to load config from \"c:\\\\Users\\\\ianma\\\\workspace\\\\notes-app\\\\dataconnect\": could not find dataconnect.yaml in `c:\\Users\\ianma\\workspace\\notes-app\\dataconnect`\n"}}
[debug] [2026-09-28T12:00:52.095Z] E0928 09:00:52.095157   21436 watch.go:40] Failed to load config from "c:\\Users\\ianma\\workspace\\notes-app\\dataconnect": could not find dataconnect.yaml in `c:\Users\ianma\workspace\notes-app\dataconnect`
 {"metadata":{"emulator":{"name":"dataconnect"},"message":"E0928 09:00:52.095157   21436 watch.go:40] Failed to load config from \"c:\\\\Users\\\\ianma\\\\workspace\\\\notes-app\\\\dataconnect\": could not find dataconnect.yaml in `c:\\Users\\ianma\\workspace\\notes-app\\dataconnect`\n"}}
[debug] [2026-09-28T12:01:02.094Z] E0928 09:01:02.095007   21436 watch.go:116] watchAllDir unable to walk dir `c:\Users\ianma\workspace\notes-app\dataconnect`: GetFileAttributesEx c:\Users\ianma\workspace\notes-app\dataconnect: The system cannot find the file specified.
 {"metadata":{"emulator":{"name":"dataconnect"},"message":"E0928 09:01:02.095007   21436 watch.go:116] watchAllDir unable to walk dir `c:\\Users\\ianma\\workspace\\notes-app\\dataconnect`: GetFileAttributesEx c:\\Users\\ianma\\workspace\\notes-app\\dataconnect: The system cannot find the file specified.\n"}}
[debug] [2026-09-28T12:01:02.095Z] E0928 09:01:02.095007   21436 watch.go:40] Failed to load config from "c:\\Users\\ianma\\workspace\\notes-app\\dataconnect": could not find dataconnect.yaml in `c:\Users\ianma\workspace\notes-app\dataconnect`
 {"metadata":{"emulator":{"name":"dataconnect"},"message":"E0928 09:01:02.095007   21436 watch.go:40] Failed to load config from \"c:\\\\Users\\\\ianma\\\\workspace\\\\notes-app\\\\dataconnect\": could not find dataconnect.yaml in `c:\\Users\\ianma\\workspace\\notes-app\\dataconnect`\n"}}
[debug] [2026-09-28T12:01:12.095Z] E0928 09:01:12.094953   21436 watch.go:40] Failed to load config from "c:\\Users\\ianma\\workspace\\notes-app\\dataconnect": could not find dataconnect.yaml in `c:\Users\ianma\workspace\notes-app\dataconnect`
 {"metadata":{"emulator":{"name":"dataconnect"},"message":"E0928 09:01:12.094953   21436 watch.go:40] Failed to load config from \"c:\\\\Users\\\\ianma\\\\workspace\\\\notes-app\\\\dataconnect\": could not find dataconnect.yaml in `c:\\Users\\ianma\\workspace\\notes-app\\dataconnect`\n"}}
[debug] [2026-09-28T12:01:22.096Z] E0928 09:01:22.095238   21436 watch.go:40] Failed to load config from "c:\\Users\\ianma\\workspace\\notes-app\\dataconnect": could not find dataconnect.yaml in `c:\Users\ianma\workspace\notes-app\dataconnect`
 {"metadata":{"emulator":{"name":"dataconnect"},"message":"E0928 09:01:22.095238   21436 watch.go:40] Failed to load config from \"c:\\\\Users\\\\ianma\\\\workspace\\\\notes-app\\\\dataconnect\": could not find dataconnect.yaml in `c:\\Users\\ianma\\workspace\\notes-app\\dataconnect`\n"}}
[debug] [2026-09-28T12:01:32.096Z] E0928 09:01:32.096134   21436 watch.go:40] Failed to load config from "c:\\Users\\ianma\\workspace\\notes-app\\dataconnect": could not find dataconnect.yaml in `c:\Users\ianma\workspace\notes-app\dataconnect`
 {"metadata":{"emulator":{"name":"dataconnect"},"message":"E0928 09:01:32.096134   21436 watch.go:40] Failed to load config from \"c:\\\\Users\\\\ianma\\\\workspace\\\\notes-app\\\\dataconnect\": could not find dataconnect.yaml in `c:\\Users\\ianma\\workspace\\notes-app\\dataconnect`\n"}}
[debug] [2026-09-28T12:01:42.095Z] E0928 09:01:42.094923   21436 watch.go:40] Failed to load config from "c:\\Users\\ianma\\workspace\\notes-app\\dataconnect": could not find dataconnect.yaml in `c:\Users\ianma\workspace\notes-app\dataconnect`
 {"metadata":{"emulator":{"name":"dataconnect"},"message":"E0928 09:01:42.094923   21436 watch.go:40] Failed to load config from \"c:\\\\Users\\\\ianma\\\\workspace\\\\notes-app\\\\dataconnect\": could not find dataconnect.yaml in `c:\\Users\\ianma\\workspace\\notes-app\\dataconnect`\n"}}
[debug] [2026-09-28T12:01:52.095Z] E0928 09:01:52.095211   21436 watch.go:40] Failed to load config from "c:\\Users\\ianma\\workspace\\notes-app\\dataconnect": could not find dataconnect.yaml in `c:\Users\ianma\workspace\notes-app\dataconnect`
 {"metadata":{"emulator":{"name":"dataconnect"},"message":"E0928 09:01:52.095211   21436 watch.go:40] Failed to load config from \"c:\\\\Users\\\\ianma\\\\workspace\\\\notes-app\\\\dataconnect\": could not find dataconnect.yaml in `c:\\Users\\ianma\\workspace\\notes-app\\dataconnect`\n"}}
[debug] [2026-09-28T12:02:02.095Z] E0928 09:02:02.094825   21436 watch.go:116] watchAllDir unable to walk dir `c:\Users\ianma\workspace\notes-app\dataconnect`: GetFileAttributesEx c:\Users\ianma\workspace\notes-app\dataconnect: The system cannot find the file specified.
E0928 09:02:02.094825   21436 watch.go:40] Failed to load config from "c:\\Users\\ianma\\workspace\\notes-app\\dataconnect": could not find dataconnect.yaml in `c:\Users\ianma\workspace\notes-app\dataconnect`
 {"metadata":{"emulator":{"name":"dataconnect"},"message":"E0928 09:02:02.094825   21436 watch.go:116] watchAllDir unable to walk dir `c:\\Users\\ianma\\workspace\\notes-app\\dataconnect`: GetFileAttributesEx c:\\Users\\ianma\\workspace\\notes-app\\dataconnect: The system cannot find the file specified.\nE0928 09:02:02.094825   21436 watch.go:40] Failed to load config from \"c:\\\\Users\\\\ianma\\\\workspace\\\\notes-app\\\\dataconnect\": could not find dataconnect.yaml in `c:\\Users\\ianma\\workspace\\notes-app\\dataconnect`\n"}}
[debug] [2026-09-28T12:02:12.096Z] E0928 09:02:12.095618   21436 watch.go:40] Failed to load config from "c:\\Users\\ianma\\workspace\\notes-app\\dataconnect": could not find dataconnect.yaml in `c:\Users\ianma\workspace\notes-app\dataconnect`
 {"metadata":{"emulator":{"name":"dataconnect"},"message":"E0928 09:02:12.095618   21436 watch.go:40] Failed to load config from \"c:\\\\Users\\\\ianma\\\\workspace\\\\notes-app\\\\dataconnect\": could not find dataconnect.yaml in `c:\\Users\\ianma\\workspace\\notes-app\\dataconnect`\n"}}
[debug] [2026-09-28T12:02:22.096Z] E0928 09:02:22.095475   21436 watch.go:40] Failed to load config from "c:\\Users\\ianma\\workspace\\notes-app\\dataconnect": could not find dataconnect.yaml in `c:\Users\ianma\workspace\notes-app\dataconnect`
 {"metadata":{"emulator":{"name":"dataconnect"},"message":"E0928 09:02:22.095475   21436 watch.go:40] Failed to load config from \"c:\\\\Users\\\\ianma\\\\workspace\\\\notes-app\\\\dataconnect\": could not find dataconnect.yaml in `c:\\Users\\ianma\\workspace\\notes-app\\dataconnect`\n"}}
[debug] [2026-09-28T12:02:32.096Z] E0928 09:02:32.095514   21436 watch.go:40] Failed to load config from "c:\\Users\\ianma\\workspace\\notes-app\\dataconnect": could not find dataconnect.yaml in `c:\Users\ianma\workspace\notes-app\dataconnect`
 {"metadata":{"emulator":{"name":"dataconnect"},"message":"E0928 09:02:32.095514   21436 watch.go:40] Failed to load config from \"c:\\\\Users\\\\ianma\\\\workspace\\\\notes-app\\\\dataconnect\": could not find dataconnect.yaml in `c:\\Users\\ianma\\workspace\\notes-app\\dataconnect`\n"}}
[debug] [2026-09-28T12:02:42.095Z] E0928 09:02:42.095398   21436 watch.go:40] Failed to load config from "c:\\Users\\ianma\\workspace\\notes-app\\dataconnect": could not find dataconnect.yaml in `c:\Users\ianma\workspace\notes-app\dataconnect`
 {"metadata":{"emulator":{"name":"dataconnect"},"message":"E0928 09:02:42.095398   21436 watch.go:40] Failed to load config from \"c:\\\\Users\\\\ianma\\\\workspace\\\\notes-app\\\\dataconnect\": could not find dataconnect.yaml in `c:\\Users\\ianma\\workspace\\notes-app\\dataconnect`\n"}}
[debug] [2026-09-28T12:02:52.095Z] E0928 09:02:52.095342   21436 watch.go:40] Failed to load config from "c:\\Users\\ianma\\workspace\\notes-app\\dataconnect": could not find dataconnect.yaml in `c:\Users\ianma\workspace\notes-app\dataconnect`
 {"metadata":{"emulator":{"name":"dataconnect"},"message":"E0928 09:02:52.095342   21436 watch.go:40] Failed to load config from \"c:\\\\Users\\\\ianma\\\\workspace\\\\notes-app\\\\dataconnect\": could not find dataconnect.yaml in `c:\\Users\\ianma\\workspace\\notes-app\\dataconnect`\n"}}
[debug] [2026-09-28T12:03:02.095Z] E0928 09:03:02.094895   21436 watch.go:116] watchAllDir unable to walk dir `c:\Users\ianma\workspace\notes-app\dataconnect`: GetFileAttributesEx c:\Users\ianma\workspace\notes-app\dataconnect: The system cannot find the file specified.
 {"metadata":{"emulator":{"name":"dataconnect"},"message":"E0928 09:03:02.094895   21436 watch.go:116] watchAllDir unable to walk dir `c:\\Users\\ianma\\workspace\\notes-app\\dataconnect`: GetFileAttributesEx c:\\Users\\ianma\\workspace\\notes-app\\dataconnect: The system cannot find the file specified.\n"}}
[debug] [2026-09-28T12:03:02.095Z] E0928 09:03:02.094895   21436 watch.go:40] Failed to load config from "c:\\Users\\ianma\\workspace\\notes-app\\dataconnect": could not find dataconnect.yaml in `c:\Users\ianma\workspace\notes-app\dataconnect`
 {"metadata":{"emulator":{"name":"dataconnect"},"message":"E0928 09:03:02.094895   21436 watch.go:40] Failed to load config from \"c:\\\\Users\\\\ianma\\\\workspace\\\\notes-app\\\\dataconnect\": could not find dataconnect.yaml in `c:\\Users\\ianma\\workspace\\notes-app\\dataconnect`\n"}}
[debug] [2026-09-28T12:03:12.095Z] E0928 09:03:12.095165   21436 watch.go:40] Failed to load config from "c:\\Users\\ianma\\workspace\\notes-app\\dataconnect": could not find dataconnect.yaml in `c:\Users\ianma\workspace\notes-app\dataconnect`
 {"metadata":{"emulator":{"name":"dataconnect"},"message":"E0928 09:03:12.095165   21436 watch.go:40] Failed to load config from \"c:\\\\Users\\\\ianma\\\\workspace\\\\notes-app\\\\dataconnect\": could not find dataconnect.yaml in `c:\\Users\\ianma\\workspace\\notes-app\\dataconnect`\n"}}
[debug] [2026-09-28T12:03:22.095Z] E0928 09:03:22.094916   21436 watch.go:40] Failed to load config from "c:\\Users\\ianma\\workspace\\notes-app\\dataconnect": could not find dataconnect.yaml in `c:\Users\ianma\workspace\notes-app\dataconnect`
 {"metadata":{"emulator":{"name":"dataconnect"},"message":"E0928 09:03:22.094916   21436 watch.go:40] Failed to load config from \"c:\\\\Users\\\\ianma\\\\workspace\\\\notes-app\\\\dataconnect\": could not find dataconnect.yaml in `c:\\Users\\ianma\\workspace\\notes-app\\dataconnect`\n"}}
[debug] [2026-09-28T12:03:32.095Z] E0928 09:03:32.095126   21436 watch.go:40] Failed to load config from "c:\\Users\\ianma\\workspace\\notes-app\\dataconnect": could not find dataconnect.yaml in `c:\Users\ianma\workspace\notes-app\dataconnect`
 {"metadata":{"emulator":{"name":"dataconnect"},"message":"E0928 09:03:32.095126   21436 watch.go:40] Failed to load config from \"c:\\\\Users\\\\ianma\\\\workspace\\\\notes-app\\\\dataconnect\": could not find dataconnect.yaml in `c:\\Users\\ianma\\workspace\\notes-app\\dataconnect`\n"}}
[debug] [2026-09-28T12:03:42.096Z] E0928 09:03:42.096069   21436 watch.go:40] Failed to load config from "c:\\Users\\ianma\\workspace\\notes-app\\dataconnect": could not find dataconnect.yaml in `c:\Users\ianma\workspace\notes-app\dataconnect`
 {"metadata":{"emulator":{"name":"dataconnect"},"message":"E0928 09:03:42.096069   21436 watch.go:40] Failed to load config from \"c:\\\\Users\\\\ianma\\\\workspace\\\\notes-app\\\\dataconnect\": could not find dataconnect.yaml in `c:\\Users\\ianma\\workspace\\notes-app\\dataconnect`\n"}}
[debug] [2026-09-28T12:03:52.095Z] E0928 09:03:52.095035   21436 watch.go:40] Failed to load config from "c:\\Users\\ianma\\workspace\\notes-app\\dataconnect": could not find dataconnect.yaml in `c:\Users\ianma\workspace\notes-app\dataconnect`
 {"metadata":{"emulator":{"name":"dataconnect"},"message":"E0928 09:03:52.095035   21436 watch.go:40] Failed to load config from \"c:\\\\Users\\\\ianma\\\\workspace\\\\notes-app\\\\dataconnect\": could not find dataconnect.yaml in `c:\\Users\\ianma\\workspace\\notes-app\\dataconnect`\n"}}
[debug] [2026-09-28T12:04:02.094Z] E0928 09:04:02.095039   21436 watch.go:116] watchAllDir unable to walk dir `c:\Users\ianma\workspace\notes-app\dataconnect`: GetFileAttributesEx c:\Users\ianma\workspace\notes-app\dataconnect: The system cannot find the file specified.
 {"metadata":{"emulator":{"name":"dataconnect"},"message":"E0928 09:04:02.095039   21436 watch.go:116] watchAllDir unable to walk dir `c:\\Users\\ianma\\workspace\\notes-app\\dataconnect`: GetFileAttributesEx c:\\Users\\ianma\\workspace\\notes-app\\dataconnect: The system cannot find the file specified.\n"}}
[debug] [2026-09-28T12:04:02.095Z] E0928 09:04:02.095039   21436 watch.go:40] Failed to load config from "c:\\Users\\ianma\\workspace\\notes-app\\dataconnect": could not find dataconnect.yaml in `c:\Users\ianma\workspace\notes-app\dataconnect`
 {"metadata":{"emulator":{"name":"dataconnect"},"message":"E0928 09:04:02.095039   21436 watch.go:40] Failed to load config from \"c:\\\\Users\\\\ianma\\\\workspace\\\\notes-app\\\\dataconnect\": could not find dataconnect.yaml in `c:\\Users\\ianma\\workspace\\notes-app\\dataconnect`\n"}}
[debug] [2026-09-28T12:04:12.094Z] E0928 09:04:12.094784   21436 watch.go:40] Failed to load config from "c:\\Users\\ianma\\workspace\\notes-app\\dataconnect": could not find dataconnect.yaml in `c:\Users\ianma\workspace\notes-app\dataconnect`
 {"metadata":{"emulator":{"name":"dataconnect"},"message":"E0928 09:04:12.094784   21436 watch.go:40] Failed to load config from \"c:\\\\Users\\\\ianma\\\\workspace\\\\notes-app\\\\dataconnect\": could not find dataconnect.yaml in `c:\\Users\\ianma\\workspace\\notes-app\\dataconnect`\n"}}
[debug] [2026-09-28T12:04:22.094Z] E0928 09:04:22.094981   21436 watch.go:40] Failed to load config from "c:\\Users\\ianma\\workspace\\notes-app\\dataconnect": could not find dataconnect.yaml in `c:\Users\ianma\workspace\notes-app\dataconnect`
 {"metadata":{"emulator":{"name":"dataconnect"},"message":"E0928 09:04:22.094981   21436 watch.go:40] Failed to load config from \"c:\\\\Users\\\\ianma\\\\workspace\\\\notes-app\\\\dataconnect\": could not find dataconnect.yaml in `c:\\Users\\ianma\\workspace\\notes-app\\dataconnect`\n"}}
[debug] [2026-09-28T12:04:32.096Z] E0928 09:04:32.095941   21436 watch.go:40] Failed to load config from "c:\\Users\\ianma\\workspace\\notes-app\\dataconnect": could not find dataconnect.yaml in `c:\Users\ianma\workspace\notes-app\dataconnect`
 {"metadata":{"emulator":{"name":"dataconnect"},"message":"E0928 09:04:32.095941   21436 watch.go:40] Failed to load config from \"c:\\\\Users\\\\ianma\\\\workspace\\\\notes-app\\\\dataconnect\": could not find dataconnect.yaml in `c:\\Users\\ianma\\workspace\\notes-app\\dataconnect`\n"}}
[debug] [2026-09-28T12:04:42.095Z] E0928 09:04:42.094908   21436 watch.go:40] Failed to load config from "c:\\Users\\ianma\\workspace\\notes-app\\dataconnect": could not find dataconnect.yaml in `c:\Users\ianma\workspace\notes-app\dataconnect`
 {"metadata":{"emulator":{"name":"dataconnect"},"message":"E0928 09:04:42.094908   21436 watch.go:40] Failed to load config from \"c:\\\\Users\\\\ianma\\\\workspace\\\\notes-app\\\\dataconnect\": could not find dataconnect.yaml in `c:\\Users\\ianma\\workspace\\notes-app\\dataconnect`\n"}}
[debug] [2026-09-28T12:04:52.095Z] E0928 09:04:52.094683   21436 watch.go:40] Failed to load config from "c:\\Users\\ianma\\workspace\\notes-app\\dataconnect": could not find dataconnect.yaml in `c:\Users\ianma\workspace\notes-app\dataconnect`
 {"metadata":{"emulator":{"name":"dataconnect"},"message":"E0928 09:04:52.094683   21436 watch.go:40] Failed to load config from \"c:\\\\Users\\\\ianma\\\\workspace\\\\notes-app\\\\dataconnect\": could not find dataconnect.yaml in `c:\\Users\\ianma\\workspace\\notes-app\\dataconnect`\n"}}
[debug] [2026-09-28T12:05:02.095Z] E0928 09:05:02.094923   21436 watch.go:116] watchAllDir unable to walk dir `c:\Users\ianma\workspace\notes-app\dataconnect`: GetFileAttributesEx c:\Users\ianma\workspace\notes-app\dataconnect: The system cannot find the file specified.
 {"metadata":{"emulator":{"name":"dataconnect"},"message":"E0928 09:05:02.094923   21436 watch.go:116] watchAllDir unable to walk dir `c:\\Users\\ianma\\workspace\\notes-app\\dataconnect`: GetFileAttributesEx c:\\Users\\ianma\\workspace\\notes-app\\dataconnect: The system cannot find the file specified.\n"}}
[debug] [2026-09-28T12:05:02.095Z] E0928 09:05:02.094923   21436 watch.go:40] Failed to load config from "c:\\Users\\ianma\\workspace\\notes-app\\dataconnect": could not find dataconnect.yaml in `c:\Users\ianma\workspace\notes-app\dataconnect`
 {"metadata":{"emulator":{"name":"dataconnect"},"message":"E0928 09:05:02.094923   21436 watch.go:40] Failed to load config from \"c:\\\\Users\\\\ianma\\\\workspace\\\\notes-app\\\\dataconnect\": could not find dataconnect.yaml in `c:\\Users\\ianma\\workspace\\notes-app\\dataconnect`\n"}}
[debug] [2026-09-28T12:05:12.095Z] E0928 09:05:12.094919   21436 watch.go:40] Failed to load config from "c:\\Users\\ianma\\workspace\\notes-app\\dataconnect": could not find dataconnect.yaml in `c:\Users\ianma\workspace\notes-app\dataconnect`
 {"metadata":{"emulator":{"name":"dataconnect"},"message":"E0928 09:05:12.094919   21436 watch.go:40] Failed to load config from \"c:\\\\Users\\\\ianma\\\\workspace\\\\notes-app\\\\dataconnect\": could not find dataconnect.yaml in `c:\\Users\\ianma\\workspace\\notes-app\\dataconnect`\n"}}
[debug] [2026-09-28T12:05:22.095Z] E0928 09:05:22.094980   21436 watch.go:40] Failed to load config from "c:\\Users\\ianma\\workspace\\notes-app\\dataconnect": could not find dataconnect.yaml in `c:\Users\ianma\workspace\notes-app\dataconnect`
 {"metadata":{"emulator":{"name":"dataconnect"},"message":"E0928 09:05:22.094980   21436 watch.go:40] Failed to load config from \"c:\\\\Users\\\\ianma\\\\workspace\\\\notes-app\\\\dataconnect\": could not find dataconnect.yaml in `c:\\Users\\ianma\\workspace\\notes-app\\dataconnect`\n"}}
[debug] [2026-09-28T12:05:32.094Z] E0928 09:05:32.095087   21436 watch.go:40] Failed to load config from "c:\\Users\\ianma\\workspace\\notes-app\\dataconnect": could not find dataconnect.yaml in `c:\Users\ianma\workspace\notes-app\dataconnect`
 {"metadata":{"emulator":{"name":"dataconnect"},"message":"E0928 09:05:32.095087   21436 watch.go:40] Failed to load config from \"c:\\\\Users\\\\ianma\\\\workspace\\\\notes-app\\\\dataconnect\": could not find dataconnect.yaml in `c:\\Users\\ianma\\workspace\\notes-app\\dataconnect`\n"}}
[debug] [2026-09-28T12:05:42.094Z] E0928 09:05:42.095014   21436 watch.go:40] Failed to load config from "c:\\Users\\ianma\\workspace\\notes-app\\dataconnect": could not find dataconnect.yaml in `c:\Users\ianma\workspace\notes-app\dataconnect`
 {"metadata":{"emulator":{"name":"dataconnect"},"message":"E0928 09:05:42.095014   21436 watch.go:40] Failed to load config from \"c:\\\\Users\\\\ianma\\\\workspace\\\\notes-app\\\\dataconnect\": could not find dataconnect.yaml in `c:\\Users\\ianma\\workspace\\notes-app\\dataconnect`\n"}}
[debug] [2026-09-28T12:05:52.095Z] E0928 09:05:52.095134   21436 watch.go:40] Failed to load config from "c:\\Users\\ianma\\workspace\\notes-app\\dataconnect": could not find dataconnect.yaml in `c:\Users\ianma\workspace\notes-app\dataconnect`
 {"metadata":{"emulator":{"name":"dataconnect"},"message":"E0928 09:05:52.095134   21436 watch.go:40] Failed to load config from \"c:\\\\Users\\\\ianma\\\\workspace\\\\notes-app\\\\dataconnect\": could not find dataconnect.yaml in `c:\\Users\\ianma\\workspace\\notes-app\\dataconnect`\n"}}
[debug] [2026-09-28T12:06:02.094Z] E0928 09:06:02.095023   21436 watch.go:116] watchAllDir unable to walk dir `c:\Users\ianma\workspace\notes-app\dataconnect`: GetFileAttributesEx c:\Users\ianma\workspace\notes-app\dataconnect: The system cannot find the file specified.
 {"metadata":{"emulator":{"name":"dataconnect"},"message":"E0928 09:06:02.095023   21436 watch.go:116] watchAllDir unable to walk dir `c:\\Users\\ianma\\workspace\\notes-app\\dataconnect`: GetFileAttributesEx c:\\Users\\ianma\\workspace\\notes-app\\dataconnect: The system cannot find the file specified.\n"}}
[debug] [2026-09-28T12:06:02.095Z] E0928 09:06:02.095023   21436 watch.go:40] Failed to load config from "c:\\Users\\ianma\\workspace\\notes-app\\dataconnect": could not find dataconnect.yaml in `c:\Users\ianma\workspace\notes-app\dataconnect`
 {"metadata":{"emulator":{"name":"dataconnect"},"message":"E0928 09:06:02.095023   21436 watch.go:40] Failed to load config from \"c:\\\\Users\\\\ianma\\\\workspace\\\\notes-app\\\\dataconnect\": could not find dataconnect.yaml in `c:\\Users\\ianma\\workspace\\notes-app\\dataconnect`\n"}}
[debug] [2026-09-28T12:06:12.095Z] E0928 09:06:12.095287   21436 watch.go:40] Failed to load config from "c:\\Users\\ianma\\workspace\\notes-app\\dataconnect": could not find dataconnect.yaml in `c:\Users\ianma\workspace\notes-app\dataconnect`
 {"metadata":{"emulator":{"name":"dataconnect"},"message":"E0928 09:06:12.095287   21436 watch.go:40] Failed to load config from \"c:\\\\Users\\\\ianma\\\\workspace\\\\notes-app\\\\dataconnect\": could not find dataconnect.yaml in `c:\\Users\\ianma\\workspace\\notes-app\\dataconnect`\n"}}
[debug] [2026-09-28T12:06:22.094Z] E0928 09:06:22.094748   21436 watch.go:40] Failed to load config from "c:\\Users\\ianma\\workspace\\notes-app\\dataconnect": could not find dataconnect.yaml in `c:\Users\ianma\workspace\notes-app\dataconnect`
 {"metadata":{"emulator":{"name":"dataconnect"},"message":"E0928 09:06:22.094748   21436 watch.go:40] Failed to load config from \"c:\\\\Users\\\\ianma\\\\workspace\\\\notes-app\\\\dataconnect\": could not find dataconnect.yaml in `c:\\Users\\ianma\\workspace\\notes-app\\dataconnect`\n"}}
[debug] [2026-09-28T12:06:32.094Z] E0928 09:06:32.095097   21436 watch.go:40] Failed to load config from "c:\\Users\\ianma\\workspace\\notes-app\\dataconnect": could not find dataconnect.yaml in `c:\Users\ianma\workspace\notes-app\dataconnect`
 {"metadata":{"emulator":{"name":"dataconnect"},"message":"E0928 09:06:32.095097   21436 watch.go:40] Failed to load config from \"c:\\\\Users\\\\ianma\\\\workspace\\\\notes-app\\\\dataconnect\": could not find dataconnect.yaml in `c:\\Users\\ianma\\workspace\\notes-app\\dataconnect`\n"}}
[debug] [2026-09-28T12:06:42.094Z] E0928 09:06:42.094550   21436 watch.go:40] Failed to load config from "c:\\Users\\ianma\\workspace\\notes-app\\dataconnect": could not find dataconnect.yaml in `c:\Users\ianma\workspace\notes-app\dataconnect`
 {"metadata":{"emulator":{"name":"dataconnect"},"message":"E0928 09:06:42.094550   21436 watch.go:40] Failed to load config from \"c:\\\\Users\\\\ianma\\\\workspace\\\\notes-app\\\\dataconnect\": could not find dataconnect.yaml in `c:\\Users\\ianma\\workspace\\notes-app\\dataconnect`\n"}}
[debug] [2026-09-28T12:06:52.094Z] E0928 09:06:52.094898   21436 watch.go:40] Failed to load config from "c:\\Users\\ianma\\workspace\\notes-app\\dataconnect": could not find dataconnect.yaml in `c:\Users\ianma\workspace\notes-app\dataconnect`
 {"metadata":{"emulator":{"name":"dataconnect"},"message":"E0928 09:06:52.094898   21436 watch.go:40] Failed to load config from \"c:\\\\Users\\\\ianma\\\\workspace\\\\notes-app\\\\dataconnect\": could not find dataconnect.yaml in `c:\\Users\\ianma\\workspace\\notes-app\\dataconnect`\n"}}
[debug] [2026-09-28T12:07:02.094Z] E0928 09:07:02.094668   21436 watch.go:116] watchAllDir unable to walk dir `c:\Users\ianma\workspace\notes-app\dataconnect`: GetFileAttributesEx c:\Users\ianma\workspace\notes-app\dataconnect: The system cannot find the file specified.
 {"metadata":{"emulator":{"name":"dataconnect"},"message":"E0928 09:07:02.094668   21436 watch.go:116] watchAllDir unable to walk dir `c:\\Users\\ianma\\workspace\\notes-app\\dataconnect`: GetFileAttributesEx c:\\Users\\ianma\\workspace\\notes-app\\dataconnect: The system cannot find the file specified.\n"}}
[debug] [2026-09-28T12:07:02.094Z] E0928 09:07:02.094668   21436 watch.go:40] Failed to load config from "c:\\Users\\ianma\\workspace\\notes-app\\dataconnect": could not find dataconnect.yaml in `c:\Users\ianma\workspace\notes-app\dataconnect`
 {"metadata":{"emulator":{"name":"dataconnect"},"message":"E0928 09:07:02.094668   21436 watch.go:40] Failed to load config from \"c:\\\\Users\\\\ianma\\\\workspace\\\\notes-app\\\\dataconnect\": could not find dataconnect.yaml in `c:\\Users\\ianma\\workspace\\notes-app\\dataconnect`\n"}}
[debug] [2026-09-28T12:07:12.095Z] E0928 09:07:12.095326   21436 watch.go:40] Failed to load config from "c:\\Users\\ianma\\workspace\\notes-app\\dataconnect": could not find dataconnect.yaml in `c:\Users\ianma\workspace\notes-app\dataconnect`
 {"metadata":{"emulator":{"name":"dataconnect"},"message":"E0928 09:07:12.095326   21436 watch.go:40] Failed to load config from \"c:\\\\Users\\\\ianma\\\\workspace\\\\notes-app\\\\dataconnect\": could not find dataconnect.yaml in `c:\\Users\\ianma\\workspace\\notes-app\\dataconnect`\n"}}
[debug] [2026-09-28T12:07:22.094Z] E0928 09:07:22.094677   21436 watch.go:40] Failed to load config from "c:\\Users\\ianma\\workspace\\notes-app\\dataconnect": could not find dataconnect.yaml in `c:\Users\ianma\workspace\notes-app\dataconnect`
 {"metadata":{"emulator":{"name":"dataconnect"},"message":"E0928 09:07:22.094677   21436 watch.go:40] Failed to load config from \"c:\\\\Users\\\\ianma\\\\workspace\\\\notes-app\\\\dataconnect\": could not find dataconnect.yaml in `c:\\Users\\ianma\\workspace\\notes-app\\dataconnect`\n"}}
[debug] [2026-09-28T12:07:32.094Z] E0928 09:07:32.095036   21436 watch.go:40] Failed to load config from "c:\\Users\\ianma\\workspace\\notes-app\\dataconnect": could not find dataconnect.yaml in `c:\Users\ianma\workspace\notes-app\dataconnect`
 {"metadata":{"emulator":{"name":"dataconnect"},"message":"E0928 09:07:32.095036   21436 watch.go:40] Failed to load config from \"c:\\\\Users\\\\ianma\\\\workspace\\\\notes-app\\\\dataconnect\": could not find dataconnect.yaml in `c:\\Users\\ianma\\workspace\\notes-app\\dataconnect`\n"}}
[debug] [2026-09-28T12:07:42.095Z] E0928 09:07:42.095625   21436 watch.go:40] Failed to load config from "c:\\Users\\ianma\\workspace\\notes-app\\dataconnect": could not find dataconnect.yaml in `c:\Users\ianma\workspace\notes-app\dataconnect`
 {"metadata":{"emulator":{"name":"dataconnect"},"message":"E0928 09:07:42.095625   21436 watch.go:40] Failed to load config from \"c:\\\\Users\\\\ianma\\\\workspace\\\\notes-app\\\\dataconnect\": could not find dataconnect.yaml in `c:\\Users\\ianma\\workspace\\notes-app\\dataconnect`\n"}}
[debug] [2026-09-28T12:07:52.096Z] E0928 09:07:52.095526   21436 watch.go:40] Failed to load config from "c:\\Users\\ianma\\workspace\\notes-app\\dataconnect": could not find dataconnect.yaml in `c:\Users\ianma\workspace\notes-app\dataconnect`
 {"metadata":{"emulator":{"name":"dataconnect"},"message":"E0928 09:07:52.095526   21436 watch.go:40] Failed to load config from \"c:\\\\Users\\\\ianma\\\\workspace\\\\notes-app\\\\dataconnect\": could not find dataconnect.yaml in `c:\\Users\\ianma\\workspace\\notes-app\\dataconnect`\n"}}
[debug] [2026-09-28T12:08:02.094Z] E0928 09:08:02.094865   21436 watch.go:116] watchAllDir unable to walk dir `c:\Users\ianma\workspace\notes-app\dataconnect`: GetFileAttributesEx c:\Users\ianma\workspace\notes-app\dataconnect: The system cannot find the file specified.
E0928 09:08:02.094865   21436 watch.go:40] Failed to load config from "c:\\Users\\ianma\\workspace\\notes-app\\dataconnect": could not find dataconnect.yaml in `c:\Users\ianma\workspace\notes-app\dataconnect`
 {"metadata":{"emulator":{"name":"dataconnect"},"message":"E0928 09:08:02.094865   21436 watch.go:116] watchAllDir unable to walk dir `c:\\Users\\ianma\\workspace\\notes-app\\dataconnect`: GetFileAttributesEx c:\\Users\\ianma\\workspace\\notes-app\\dataconnect: The system cannot find the file specified.\nE0928 09:08:02.094865   21436 watch.go:40] Failed to load config from \"c:\\\\Users\\\\ianma\\\\workspace\\\\notes-app\\\\dataconnect\": could not find dataconnect.yaml in `c:\\Users\\ianma\\workspace\\notes-app\\dataconnect`\n"}}
[debug] [2026-09-28T12:08:12.095Z] E0928 09:08:12.095075   21436 watch.go:40] Failed to load config from "c:\\Users\\ianma\\workspace\\notes-app\\dataconnect": could not find dataconnect.yaml in `c:\Users\ianma\workspace\notes-app\dataconnect`
 {"metadata":{"emulator":{"name":"dataconnect"},"message":"E0928 09:08:12.095075   21436 watch.go:40] Failed to load config from \"c:\\\\Users\\\\ianma\\\\workspace\\\\notes-app\\\\dataconnect\": could not find dataconnect.yaml in `c:\\Users\\ianma\\workspace\\notes-app\\dataconnect`\n"}}
[debug] [2026-09-28T12:08:22.095Z] E0928 09:08:22.095158   21436 watch.go:40] Failed to load config from "c:\\Users\\ianma\\workspace\\notes-app\\dataconnect": could not find dataconnect.yaml in `c:\Users\ianma\workspace\notes-app\dataconnect`
 {"metadata":{"emulator":{"name":"dataconnect"},"message":"E0928 09:08:22.095158   21436 watch.go:40] Failed to load config from \"c:\\\\Users\\\\ianma\\\\workspace\\\\notes-app\\\\dataconnect\": could not find dataconnect.yaml in `c:\\Users\\ianma\\workspace\\notes-app\\dataconnect`\n"}}
[debug] [2026-09-28T12:08:32.094Z] E0928 09:08:32.095004   21436 watch.go:40] Failed to load config from "c:\\Users\\ianma\\workspace\\notes-app\\dataconnect": could not find dataconnect.yaml in `c:\Users\ianma\workspace\notes-app\dataconnect`
 {"metadata":{"emulator":{"name":"dataconnect"},"message":"E0928 09:08:32.095004   21436 watch.go:40] Failed to load config from \"c:\\\\Users\\\\ianma\\\\workspace\\\\notes-app\\\\dataconnect\": could not find dataconnect.yaml in `c:\\Users\\ianma\\workspace\\notes-app\\dataconnect`\n"}}
[debug] [2026-09-28T12:08:42.094Z] E0928 09:08:42.094789   21436 watch.go:40] Failed to load config from "c:\\Users\\ianma\\workspace\\notes-app\\dataconnect": could not find dataconnect.yaml in `c:\Users\ianma\workspace\notes-app\dataconnect`
 {"metadata":{"emulator":{"name":"dataconnect"},"message":"E0928 09:08:42.094789   21436 watch.go:40] Failed to load config from \"c:\\\\Users\\\\ianma\\\\workspace\\\\notes-app\\\\dataconnect\": could not find dataconnect.yaml in `c:\\Users\\ianma\\workspace\\notes-app\\dataconnect`\n"}}
[debug] [2026-09-28T12:08:52.094Z] E0928 09:08:52.095105   21436 watch.go:40] Failed to load config from "c:\\Users\\ianma\\workspace\\notes-app\\dataconnect": could not find dataconnect.yaml in `c:\Users\ianma\workspace\notes-app\dataconnect`
 {"metadata":{"emulator":{"name":"dataconnect"},"message":"E0928 09:08:52.095105   21436 watch.go:40] Failed to load config from \"c:\\\\Users\\\\ianma\\\\workspace\\\\notes-app\\\\dataconnect\": could not find dataconnect.yaml in `c:\\Users\\ianma\\workspace\\notes-app\\dataconnect`\n"}}
[debug] [2026-09-28T12:09:02.094Z] E0928 09:09:02.095013   21436 watch.go:116] watchAllDir unable to walk dir `c:\Users\ianma\workspace\notes-app\dataconnect`: GetFileAttributesEx c:\Users\ianma\workspace\notes-app\dataconnect: The system cannot find the file specified.
 {"metadata":{"emulator":{"name":"dataconnect"},"message":"E0928 09:09:02.095013   21436 watch.go:116] watchAllDir unable to walk dir `c:\\Users\\ianma\\workspace\\notes-app\\dataconnect`: GetFileAttributesEx c:\\Users\\ianma\\workspace\\notes-app\\dataconnect: The system cannot find the file specified.\n"}}
[debug] [2026-09-28T12:09:02.095Z] E0928 09:09:02.095013   21436 watch.go:40] Failed to load config from "c:\\Users\\ianma\\workspace\\notes-app\\dataconnect": could not find dataconnect.yaml in `c:\Users\ianma\workspace\notes-app\dataconnect`
 {"metadata":{"emulator":{"name":"dataconnect"},"message":"E0928 09:09:02.095013   21436 watch.go:40] Failed to load config from \"c:\\\\Users\\\\ianma\\\\workspace\\\\notes-app\\\\dataconnect\": could not find dataconnect.yaml in `c:\\Users\\ianma\\workspace\\notes-app\\dataconnect`\n"}}
[debug] [2026-09-28T12:09:12.094Z] E0928 09:09:12.095004   21436 watch.go:40] Failed to load config from "c:\\Users\\ianma\\workspace\\notes-app\\dataconnect": could not find dataconnect.yaml in `c:\Users\ianma\workspace\notes-app\dataconnect`
 {"metadata":{"emulator":{"name":"dataconnect"},"message":"E0928 09:09:12.095004   21436 watch.go:40] Failed to load config from \"c:\\\\Users\\\\ianma\\\\workspace\\\\notes-app\\\\dataconnect\": could not find dataconnect.yaml in `c:\\Users\\ianma\\workspace\\notes-app\\dataconnect`\n"}}
[debug] [2026-09-28T12:09:22.094Z] E0928 09:09:22.094906   21436 watch.go:40] Failed to load config from "c:\\Users\\ianma\\workspace\\notes-app\\dataconnect": could not find dataconnect.yaml in `c:\Users\ianma\workspace\notes-app\dataconnect`
 {"metadata":{"emulator":{"name":"dataconnect"},"message":"E0928 09:09:22.094906   21436 watch.go:40] Failed to load config from \"c:\\\\Users\\\\ianma\\\\workspace\\\\notes-app\\\\dataconnect\": could not find dataconnect.yaml in `c:\\Users\\ianma\\workspace\\notes-app\\dataconnect`\n"}}
[debug] [2026-09-28T12:09:32.095Z] E0928 09:09:32.094810   21436 watch.go:40] Failed to load config from "c:\\Users\\ianma\\workspace\\notes-app\\dataconnect": could not find dataconnect.yaml in `c:\Users\ianma\workspace\notes-app\dataconnect`
 {"metadata":{"emulator":{"name":"dataconnect"},"message":"E0928 09:09:32.094810   21436 watch.go:40] Failed to load config from \"c:\\\\Users\\\\ianma\\\\workspace\\\\notes-app\\\\dataconnect\": could not find dataconnect.yaml in `c:\\Users\\ianma\\workspace\\notes-app\\dataconnect`\n"}}
[debug] [2026-09-28T12:09:42.095Z] E0928 09:09:42.095113   21436 watch.go:40] Failed to load config from "c:\\Users\\ianma\\workspace\\notes-app\\dataconnect": could not find dataconnect.yaml in `c:\Users\ianma\workspace\notes-app\dataconnect`
 {"metadata":{"emulator":{"name":"dataconnect"},"message":"E0928 09:09:42.095113   21436 watch.go:40] Failed to load config from \"c:\\\\Users\\\\ianma\\\\workspace\\\\notes-app\\\\dataconnect\": could not find dataconnect.yaml in `c:\\Users\\ianma\\workspace\\notes-app\\dataconnect`\n"}}
[debug] [2026-09-28T12:09:52.095Z] E0928 09:09:52.094848   21436 watch.go:40] Failed to load config from "c:\\Users\\ianma\\workspace\\notes-app\\dataconnect": could not find dataconnect.yaml in `c:\Users\ianma\workspace\notes-app\dataconnect`
 {"metadata":{"emulator":{"name":"dataconnect"},"message":"E0928 09:09:52.094848   21436 watch.go:40] Failed to load config from \"c:\\\\Users\\\\ianma\\\\workspace\\\\notes-app\\\\dataconnect\": could not find dataconnect.yaml in `c:\\Users\\ianma\\workspace\\notes-app\\dataconnect`\n"}}
[debug] [2026-09-28T12:10:02.095Z] E0928 09:10:02.094997   21436 watch.go:116] watchAllDir unable to walk dir `c:\Users\ianma\workspace\notes-app\dataconnect`: GetFileAttributesEx c:\Users\ianma\workspace\notes-app\dataconnect: The system cannot find the file specified.
E0928 09:10:02.095501   21436 watch.go:40] Failed to load config from "c:\\Users\\ianma\\workspace\\notes-app\\dataconnect": could not find dataconnect.yaml in `c:\Users\ianma\workspace\notes-app\dataconnect`
 {"metadata":{"emulator":{"name":"dataconnect"},"message":"E0928 09:10:02.094997   21436 watch.go:116] watchAllDir unable to walk dir `c:\\Users\\ianma\\workspace\\notes-app\\dataconnect`: GetFileAttributesEx c:\\Users\\ianma\\workspace\\notes-app\\dataconnect: The system cannot find the file specified.\nE0928 09:10:02.095501   21436 watch.go:40] Failed to load config from \"c:\\\\Users\\\\ianma\\\\workspace\\\\notes-app\\\\dataconnect\": could not find dataconnect.yaml in `c:\\Users\\ianma\\workspace\\notes-app\\dataconnect`\n"}}
[debug] [2026-09-28T12:10:12.095Z] E0928 09:10:12.094760   21436 watch.go:40] Failed to load config from "c:\\Users\\ianma\\workspace\\notes-app\\dataconnect": could not find dataconnect.yaml in `c:\Users\ianma\workspace\notes-app\dataconnect`
 {"metadata":{"emulator":{"name":"dataconnect"},"message":"E0928 09:10:12.094760   21436 watch.go:40] Failed to load config from \"c:\\\\Users\\\\ianma\\\\workspace\\\\notes-app\\\\dataconnect\": could not find dataconnect.yaml in `c:\\Users\\ianma\\workspace\\notes-app\\dataconnect`\n"}}
[debug] [2026-09-28T12:10:22.095Z] E0928 09:10:22.094997   21436 watch.go:40] Failed to load config from "c:\\Users\\ianma\\workspace\\notes-app\\dataconnect": could not find dataconnect.yaml in `c:\Users\ianma\workspace\notes-app\dataconnect`
 {"metadata":{"emulator":{"name":"dataconnect"},"message":"E0928 09:10:22.094997   21436 watch.go:40] Failed to load config from \"c:\\\\Users\\\\ianma\\\\workspace\\\\notes-app\\\\dataconnect\": could not find dataconnect.yaml in `c:\\Users\\ianma\\workspace\\notes-app\\dataconnect`\n"}}
[debug] [2026-09-28T12:10:32.094Z] E0928 09:10:32.094621   21436 watch.go:40] Failed to load config from "c:\\Users\\ianma\\workspace\\notes-app\\dataconnect": could not find dataconnect.yaml in `c:\Users\ianma\workspace\notes-app\dataconnect`
 {"metadata":{"emulator":{"name":"dataconnect"},"message":"E0928 09:10:32.094621   21436 watch.go:40] Failed to load config from \"c:\\\\Users\\\\ianma\\\\workspace\\\\notes-app\\\\dataconnect\": could not find dataconnect.yaml in `c:\\Users\\ianma\\workspace\\notes-app\\dataconnect`\n"}}
[debug] [2026-09-28T12:10:42.094Z] E0928 09:10:42.094598   21436 watch.go:40] Failed to load config from "c:\\Users\\ianma\\workspace\\notes-app\\dataconnect": could not find dataconnect.yaml in `c:\Users\ianma\workspace\notes-app\dataconnect`
 {"metadata":{"emulator":{"name":"dataconnect"},"message":"E0928 09:10:42.094598   21436 watch.go:40] Failed to load config from \"c:\\\\Users\\\\ianma\\\\workspace\\\\notes-app\\\\dataconnect\": could not find dataconnect.yaml in `c:\\Users\\ianma\\workspace\\notes-app\\dataconnect`\n"}}
[debug] [2026-09-28T12:10:52.094Z] E0928 09:10:52.094837   21436 watch.go:40] Failed to load config from "c:\\Users\\ianma\\workspace\\notes-app\\dataconnect": could not find dataconnect.yaml in `c:\Users\ianma\workspace\notes-app\dataconnect`
 {"metadata":{"emulator":{"name":"dataconnect"},"message":"E0928 09:10:52.094837   21436 watch.go:40] Failed to load config from \"c:\\\\Users\\\\ianma\\\\workspace\\\\notes-app\\\\dataconnect\": could not find dataconnect.yaml in `c:\\Users\\ianma\\workspace\\notes-app\\dataconnect`\n"}}
[debug] [2026-09-28T12:11:02.094Z] E0928 09:11:02.094618   21436 watch.go:116] watchAllDir unable to walk dir `c:\Users\ianma\workspace\notes-app\dataconnect`: GetFileAttributesEx c:\Users\ianma\workspace\notes-app\dataconnect: The system cannot find the file specified.
 {"metadata":{"emulator":{"name":"dataconnect"},"message":"E0928 09:11:02.094618   21436 watch.go:116] watchAllDir unable to walk dir `c:\\Users\\ianma\\workspace\\notes-app\\dataconnect`: GetFileAttributesEx c:\\Users\\ianma\\workspace\\notes-app\\dataconnect: The system cannot find the file specified.\n"}}
[debug] [2026-09-28T12:11:02.095Z] E0928 09:11:02.094618   21436 watch.go:40] Failed to load config from "c:\\Users\\ianma\\workspace\\notes-app\\dataconnect": could not find dataconnect.yaml in `c:\Users\ianma\workspace\notes-app\dataconnect`
 {"metadata":{"emulator":{"name":"dataconnect"},"message":"E0928 09:11:02.094618   21436 watch.go:40] Failed to load config from \"c:\\\\Users\\\\ianma\\\\workspace\\\\notes-app\\\\dataconnect\": could not find dataconnect.yaml in `c:\\Users\\ianma\\workspace\\notes-app\\dataconnect`\n"}}
[debug] [2026-09-28T12:11:12.094Z] E0928 09:11:12.094778   21436 watch.go:40] Failed to load config from "c:\\Users\\ianma\\workspace\\notes-app\\dataconnect": could not find dataconnect.yaml in `c:\Users\ianma\workspace\notes-app\dataconnect`
 {"metadata":{"emulator":{"name":"dataconnect"},"message":"E0928 09:11:12.094778   21436 watch.go:40] Failed to load config from \"c:\\\\Users\\\\ianma\\\\workspace\\\\notes-app\\\\dataconnect\": could not find dataconnect.yaml in `c:\\Users\\ianma\\workspace\\notes-app\\dataconnect`\n"}}
[debug] [2026-09-28T12:11:22.094Z] E0928 09:11:22.094976   21436 watch.go:40] Failed to load config from "c:\\Users\\ianma\\workspace\\notes-app\\dataconnect": could not find dataconnect.yaml in `c:\Users\ianma\workspace\notes-app\dataconnect`
 {"metadata":{"emulator":{"name":"dataconnect"},"message":"E0928 09:11:22.094976   21436 watch.go:40] Failed to load config from \"c:\\\\Users\\\\ianma\\\\workspace\\\\notes-app\\\\dataconnect\": could not find dataconnect.yaml in `c:\\Users\\ianma\\workspace\\notes-app\\dataconnect`\n"}}
[debug] [2026-09-28T12:11:32.095Z] E0928 09:11:32.094847   21436 watch.go:40] Failed to load config from "c:\\Users\\ianma\\workspace\\notes-app\\dataconnect": could not find dataconnect.yaml in `c:\Users\ianma\workspace\notes-app\dataconnect`
 {"metadata":{"emulator":{"name":"dataconnect"},"message":"E0928 09:11:32.094847   21436 watch.go:40] Failed to load config from \"c:\\\\Users\\\\ianma\\\\workspace\\\\notes-app\\\\dataconnect\": could not find dataconnect.yaml in `c:\\Users\\ianma\\workspace\\notes-app\\dataconnect`\n"}}
[debug] [2026-09-28T12:11:42.095Z] E0928 09:11:42.095057   21436 watch.go:40] Failed to load config from "c:\\Users\\ianma\\workspace\\notes-app\\dataconnect": could not find dataconnect.yaml in `c:\Users\ianma\workspace\notes-app\dataconnect`
 {"metadata":{"emulator":{"name":"dataconnect"},"message":"E0928 09:11:42.095057   21436 watch.go:40] Failed to load config from \"c:\\\\Users\\\\ianma\\\\workspace\\\\notes-app\\\\dataconnect\": could not find dataconnect.yaml in `c:\\Users\\ianma\\workspace\\notes-app\\dataconnect`\n"}}
[debug] [2026-09-28T12:11:52.095Z] E0928 09:11:52.095051   21436 watch.go:40] Failed to load config from "c:\\Users\\ianma\\workspace\\notes-app\\dataconnect": could not find dataconnect.yaml in `c:\Users\ianma\workspace\notes-app\dataconnect`
 {"metadata":{"emulator":{"name":"dataconnect"},"message":"E0928 09:11:52.095051   21436 watch.go:40] Failed to load config from \"c:\\\\Users\\\\ianma\\\\workspace\\\\notes-app\\\\dataconnect\": could not find dataconnect.yaml in `c:\\Users\\ianma\\workspace\\notes-app\\dataconnect`\n"}}
[debug] [2026-09-28T12:12:02.095Z] E0928 09:12:02.094867   21436 watch.go:116] watchAllDir unable to walk dir `c:\Users\ianma\workspace\notes-app\dataconnect`: GetFileAttributesEx c:\Users\ianma\workspace\notes-app\dataconnect: The system cannot find the file specified.
 {"metadata":{"emulator":{"name":"dataconnect"},"message":"E0928 09:12:02.094867   21436 watch.go:116] watchAllDir unable to walk dir `c:\\Users\\ianma\\workspace\\notes-app\\dataconnect`: GetFileAttributesEx c:\\Users\\ianma\\workspace\\notes-app\\dataconnect: The system cannot find the file specified.\n"}}
[debug] [2026-09-28T12:12:02.095Z] E0928 09:12:02.094867   21436 watch.go:40] Failed to load config from "c:\\Users\\ianma\\workspace\\notes-app\\dataconnect": could not find dataconnect.yaml in `c:\Users\ianma\workspace\notes-app\dataconnect`
 {"metadata":{"emulator":{"name":"dataconnect"},"message":"E0928 09:12:02.094867   21436 watch.go:40] Failed to load config from \"c:\\\\Users\\\\ianma\\\\workspace\\\\notes-app\\\\dataconnect\": could not find dataconnect.yaml in `c:\\Users\\ianma\\workspace\\notes-app\\dataconnect`\n"}}
[debug] [2026-09-28T12:12:12.095Z] E0928 09:12:12.094885   21436 watch.go:40] Failed to load config from "c:\\Users\\ianma\\workspace\\notes-app\\dataconnect": could not find dataconnect.yaml in `c:\Users\ianma\workspace\notes-app\dataconnect`
 {"metadata":{"emulator":{"name":"dataconnect"},"message":"E0928 09:12:12.094885   21436 watch.go:40] Failed to load config from \"c:\\\\Users\\\\ianma\\\\workspace\\\\notes-app\\\\dataconnect\": could not find dataconnect.yaml in `c:\\Users\\ianma\\workspace\\notes-app\\dataconnect`\n"}}
[debug] [2026-09-28T12:12:22.095Z] E0928 09:12:22.094851   21436 watch.go:40] Failed to load config from "c:\\Users\\ianma\\workspace\\notes-app\\dataconnect": could not find dataconnect.yaml in `c:\Users\ianma\workspace\notes-app\dataconnect`
 {"metadata":{"emulator":{"name":"dataconnect"},"message":"E0928 09:12:22.094851   21436 watch.go:40] Failed to load config from \"c:\\\\Users\\\\ianma\\\\workspace\\\\notes-app\\\\dataconnect\": could not find dataconnect.yaml in `c:\\Users\\ianma\\workspace\\notes-app\\dataconnect`\n"}}
[debug] [2026-09-28T12:12:32.094Z] E0928 09:12:32.094879   21436 watch.go:40] Failed to load config from "c:\\Users\\ianma\\workspace\\notes-app\\dataconnect": could not find dataconnect.yaml in `c:\Users\ianma\workspace\notes-app\dataconnect`
 {"metadata":{"emulator":{"name":"dataconnect"},"message":"E0928 09:12:32.094879   21436 watch.go:40] Failed to load config from \"c:\\\\Users\\\\ianma\\\\workspace\\\\notes-app\\\\dataconnect\": could not find dataconnect.yaml in `c:\\Users\\ianma\\workspace\\notes-app\\dataconnect`\n"}}
[debug] [2026-09-28T12:12:42.094Z] E0928 09:12:42.094852   21436 watch.go:40] Failed to load config from "c:\\Users\\ianma\\workspace\\notes-app\\dataconnect": could not find dataconnect.yaml in `c:\Users\ianma\workspace\notes-app\dataconnect`
 {"metadata":{"emulator":{"name":"dataconnect"},"message":"E0928 09:12:42.094852   21436 watch.go:40] Failed to load config from \"c:\\\\Users\\\\ianma\\\\workspace\\\\notes-app\\\\dataconnect\": could not find dataconnect.yaml in `c:\\Users\\ianma\\workspace\\notes-app\\dataconnect`\n"}}
[debug] [2026-09-28T12:12:52.094Z] E0928 09:12:52.095007   21436 watch.go:40] Failed to load config from "c:\\Users\\ianma\\workspace\\notes-app\\dataconnect": could not find dataconnect.yaml in `c:\Users\ianma\workspace\notes-app\dataconnect`
 {"metadata":{"emulator":{"name":"dataconnect"},"message":"E0928 09:12:52.095007   21436 watch.go:40] Failed to load config from \"c:\\\\Users\\\\ianma\\\\workspace\\\\notes-app\\\\dataconnect\": could not find dataconnect.yaml in `c:\\Users\\ianma\\workspace\\notes-app\\dataconnect`\n"}}
[debug] [2026-09-28T12:13:02.094Z] E0928 09:13:02.094689   21436 watch.go:116] watchAllDir unable to walk dir `c:\Users\ianma\workspace\notes-app\dataconnect`: GetFileAttributesEx c:\Users\ianma\workspace\notes-app\dataconnect: The system cannot find the file specified.
E0928 09:13:02.094689   21436 watch.go:40] Failed to load config from "c:\\Users\\ianma\\workspace\\notes-app\\dataconnect": could not find dataconnect.yaml in `c:\Users\ianma\workspace\notes-app\dataconnect`
 {"metadata":{"emulator":{"name":"dataconnect"},"message":"E0928 09:13:02.094689   21436 watch.go:116] watchAllDir unable to walk dir `c:\\Users\\ianma\\workspace\\notes-app\\dataconnect`: GetFileAttributesEx c:\\Users\\ianma\\workspace\\notes-app\\dataconnect: The system cannot find the file specified.\nE0928 09:13:02.094689   21436 watch.go:40] Failed to load config from \"c:\\\\Users\\\\ianma\\\\workspace\\\\notes-app\\\\dataconnect\": could not find dataconnect.yaml in `c:\\Users\\ianma\\workspace\\notes-app\\dataconnect`\n"}}
[debug] [2026-09-28T12:13:12.094Z] E0928 09:13:12.094897   21436 watch.go:40] Failed to load config from "c:\\Users\\ianma\\workspace\\notes-app\\dataconnect": could not find dataconnect.yaml in `c:\Users\ianma\workspace\notes-app\dataconnect`
 {"metadata":{"emulator":{"name":"dataconnect"},"message":"E0928 09:13:12.094897   21436 watch.go:40] Failed to load config from \"c:\\\\Users\\\\ianma\\\\workspace\\\\notes-app\\\\dataconnect\": could not find dataconnect.yaml in `c:\\Users\\ianma\\workspace\\notes-app\\dataconnect`\n"}}
[debug] [2026-09-28T12:13:22.094Z] E0928 09:13:22.094730   21436 watch.go:40] Failed to load config from "c:\\Users\\ianma\\workspace\\notes-app\\dataconnect": could not find dataconnect.yaml in `c:\Users\ianma\workspace\notes-app\dataconnect`
 {"metadata":{"emulator":{"name":"dataconnect"},"message":"E0928 09:13:22.094730   21436 watch.go:40] Failed to load config from \"c:\\\\Users\\\\ianma\\\\workspace\\\\notes-app\\\\dataconnect\": could not find dataconnect.yaml in `c:\\Users\\ianma\\workspace\\notes-app\\dataconnect`\n"}}
[debug] [2026-09-28T12:13:32.094Z] E0928 09:13:32.094689   21436 watch.go:40] Failed to load config from "c:\\Users\\ianma\\workspace\\notes-app\\dataconnect": could not find dataconnect.yaml in `c:\Users\ianma\workspace\notes-app\dataconnect`
 {"metadata":{"emulator":{"name":"dataconnect"},"message":"E0928 09:13:32.094689   21436 watch.go:40] Failed to load config from \"c:\\\\Users\\\\ianma\\\\workspace\\\\notes-app\\\\dataconnect\": could not find dataconnect.yaml in `c:\\Users\\ianma\\workspace\\notes-app\\dataconnect`\n"}}
[debug] [2026-09-28T12:13:42.095Z] E0928 09:13:42.095119   21436 watch.go:40] Failed to load config from "c:\\Users\\ianma\\workspace\\notes-app\\dataconnect": could not find dataconnect.yaml in `c:\Users\ianma\workspace\notes-app\dataconnect`
 {"metadata":{"emulator":{"name":"dataconnect"},"message":"E0928 09:13:42.095119   21436 watch.go:40] Failed to load config from \"c:\\\\Users\\\\ianma\\\\workspace\\\\notes-app\\\\dataconnect\": could not find dataconnect.yaml in `c:\\Users\\ianma\\workspace\\notes-app\\dataconnect`\n"}}
[debug] [2026-09-28T12:13:52.094Z] E0928 09:13:52.094916   21436 watch.go:40] Failed to load config from "c:\\Users\\ianma\\workspace\\notes-app\\dataconnect": could not find dataconnect.yaml in `c:\Users\ianma\workspace\notes-app\dataconnect`
 {"metadata":{"emulator":{"name":"dataconnect"},"message":"E0928 09:13:52.094916   21436 watch.go:40] Failed to load config from \"c:\\\\Users\\\\ianma\\\\workspace\\\\notes-app\\\\dataconnect\": could not find dataconnect.yaml in `c:\\Users\\ianma\\workspace\\notes-app\\dataconnect`\n"}}
[debug] [2026-09-28T12:14:02.095Z] E0928 09:14:02.095043   21436 watch.go:116] watchAllDir unable to walk dir `c:\Users\ianma\workspace\notes-app\dataconnect`: GetFileAttributesEx c:\Users\ianma\workspace\notes-app\dataconnect: The system cannot find the file specified.
 {"metadata":{"emulator":{"name":"dataconnect"},"message":"E0928 09:14:02.095043   21436 watch.go:116] watchAllDir unable to walk dir `c:\\Users\\ianma\\workspace\\notes-app\\dataconnect`: GetFileAttributesEx c:\\Users\\ianma\\workspace\\notes-app\\dataconnect: The system cannot find the file specified.\n"}}
[debug] [2026-09-28T12:14:02.096Z] E0928 09:14:02.095043   21436 watch.go:40] Failed to load config from "c:\\Users\\ianma\\workspace\\notes-app\\dataconnect": could not find dataconnect.yaml in `c:\Users\ianma\workspace\notes-app\dataconnect`
 {"metadata":{"emulator":{"name":"dataconnect"},"message":"E0928 09:14:02.095043   21436 watch.go:40] Failed to load config from \"c:\\\\Users\\\\ianma\\\\workspace\\\\notes-app\\\\dataconnect\": could not find dataconnect.yaml in `c:\\Users\\ianma\\workspace\\notes-app\\dataconnect`\n"}}
[debug] [2026-09-28T12:14:12.094Z] E0928 09:14:12.095055   21436 watch.go:40] Failed to load config from "c:\\Users\\ianma\\workspace\\notes-app\\dataconnect": could not find dataconnect.yaml in `c:\Users\ianma\workspace\notes-app\dataconnect`
 {"metadata":{"emulator":{"name":"dataconnect"},"message":"E0928 09:14:12.095055   21436 watch.go:40] Failed to load config from \"c:\\\\Users\\\\ianma\\\\workspace\\\\notes-app\\\\dataconnect\": could not find dataconnect.yaml in `c:\\Users\\ianma\\workspace\\notes-app\\dataconnect`\n"}}
[debug] [2026-09-28T12:14:22.095Z] E0928 09:14:22.095380   21436 watch.go:40] Failed to load config from "c:\\Users\\ianma\\workspace\\notes-app\\dataconnect": could not find dataconnect.yaml in `c:\Users\ianma\workspace\notes-app\dataconnect`
 {"metadata":{"emulator":{"name":"dataconnect"},"message":"E0928 09:14:22.095380   21436 watch.go:40] Failed to load config from \"c:\\\\Users\\\\ianma\\\\workspace\\\\notes-app\\\\dataconnect\": could not find dataconnect.yaml in `c:\\Users\\ianma\\workspace\\notes-app\\dataconnect`\n"}}
[debug] [2026-09-28T12:14:32.094Z] E0928 09:14:32.094892   21436 watch.go:40] Failed to load config from "c:\\Users\\ianma\\workspace\\notes-app\\dataconnect": could not find dataconnect.yaml in `c:\Users\ianma\workspace\notes-app\dataconnect`
 {"metadata":{"emulator":{"name":"dataconnect"},"message":"E0928 09:14:32.094892   21436 watch.go:40] Failed to load config from \"c:\\\\Users\\\\ianma\\\\workspace\\\\notes-app\\\\dataconnect\": could not find dataconnect.yaml in `c:\\Users\\ianma\\workspace\\notes-app\\dataconnect`\n"}}
[debug] [2026-09-28T12:14:42.094Z] E0928 09:14:42.094777   21436 watch.go:40] Failed to load config from "c:\\Users\\ianma\\workspace\\notes-app\\dataconnect": could not find dataconnect.yaml in `c:\Users\ianma\workspace\notes-app\dataconnect`
 {"metadata":{"emulator":{"name":"dataconnect"},"message":"E0928 09:14:42.094777   21436 watch.go:40] Failed to load config from \"c:\\\\Users\\\\ianma\\\\workspace\\\\notes-app\\\\dataconnect\": could not find dataconnect.yaml in `c:\\Users\\ianma\\workspace\\notes-app\\dataconnect`\n"}}
[debug] [2026-09-28T12:14:52.094Z] E0928 09:14:52.094738   21436 watch.go:40] Failed to load config from "c:\\Users\\ianma\\workspace\\notes-app\\dataconnect": could not find dataconnect.yaml in `c:\Users\ianma\workspace\notes-app\dataconnect`
 {"metadata":{"emulator":{"name":"dataconnect"},"message":"E0928 09:14:52.094738   21436 watch.go:40] Failed to load config from \"c:\\\\Users\\\\ianma\\\\workspace\\\\notes-app\\\\dataconnect\": could not find dataconnect.yaml in `c:\\Users\\ianma\\workspace\\notes-app\\dataconnect`\n"}}
[debug] [2026-09-28T12:15:02.094Z] E0928 09:15:02.094807   21436 watch.go:116] watchAllDir unable to walk dir `c:\Users\ianma\workspace\notes-app\dataconnect`: GetFileAttributesEx c:\Users\ianma\workspace\notes-app\dataconnect: The system cannot find the file specified.
E0928 09:15:02.094807   21436 watch.go:40] Failed to load config from "c:\\Users\\ianma\\workspace\\notes-app\\dataconnect": could not find dataconnect.yaml in `c:\Users\ianma\workspace\notes-app\dataconnect`
 {"metadata":{"emulator":{"name":"dataconnect"},"message":"E0928 09:15:02.094807   21436 watch.go:116] watchAllDir unable to walk dir `c:\\Users\\ianma\\workspace\\notes-app\\dataconnect`: GetFileAttributesEx c:\\Users\\ianma\\workspace\\notes-app\\dataconnect: The system cannot find the file specified.\nE0928 09:15:02.094807   21436 watch.go:40] Failed to load config from \"c:\\\\Users\\\\ianma\\\\workspace\\\\notes-app\\\\dataconnect\": could not find dataconnect.yaml in `c:\\Users\\ianma\\workspace\\notes-app\\dataconnect`\n"}}
[debug] [2026-09-28T12:15:12.095Z] E0928 09:15:12.094920   21436 watch.go:40] Failed to load config from "c:\\Users\\ianma\\workspace\\notes-app\\dataconnect": could not find dataconnect.yaml in `c:\Users\ianma\workspace\notes-app\dataconnect`
 {"metadata":{"emulator":{"name":"dataconnect"},"message":"E0928 09:15:12.094920   21436 watch.go:40] Failed to load config from \"c:\\\\Users\\\\ianma\\\\workspace\\\\notes-app\\\\dataconnect\": could not find dataconnect.yaml in `c:\\Users\\ianma\\workspace\\notes-app\\dataconnect`\n"}}
[debug] [2026-09-28T12:15:22.094Z] E0928 09:15:22.094871   21436 watch.go:40] Failed to load config from "c:\\Users\\ianma\\workspace\\notes-app\\dataconnect": could not find dataconnect.yaml in `c:\Users\ianma\workspace\notes-app\dataconnect`
 {"metadata":{"emulator":{"name":"dataconnect"},"message":"E0928 09:15:22.094871   21436 watch.go:40] Failed to load config from \"c:\\\\Users\\\\ianma\\\\workspace\\\\notes-app\\\\dataconnect\": could not find dataconnect.yaml in `c:\\Users\\ianma\\workspace\\notes-app\\dataconnect`\n"}}
[debug] [2026-09-28T12:15:32.094Z] E0928 09:15:32.094707   21436 watch.go:40] Failed to load config from "c:\\Users\\ianma\\workspace\\notes-app\\dataconnect": could not find dataconnect.yaml in `c:\Users\ianma\workspace\notes-app\dataconnect`
 {"metadata":{"emulator":{"name":"dataconnect"},"message":"E0928 09:15:32.094707   21436 watch.go:40] Failed to load config from \"c:\\\\Users\\\\ianma\\\\workspace\\\\notes-app\\\\dataconnect\": could not find dataconnect.yaml in `c:\\Users\\ianma\\workspace\\notes-app\\dataconnect`\n"}}
[debug] [2026-09-28T12:15:42.095Z] E0928 09:15:42.095050   21436 watch.go:40] Failed to load config from "c:\\Users\\ianma\\workspace\\notes-app\\dataconnect": could not find dataconnect.yaml in `c:\Users\ianma\workspace\notes-app\dataconnect`
 {"metadata":{"emulator":{"name":"dataconnect"},"message":"E0928 09:15:42.095050   21436 watch.go:40] Failed to load config from \"c:\\\\Users\\\\ianma\\\\workspace\\\\notes-app\\\\dataconnect\": could not find dataconnect.yaml in `c:\\Users\\ianma\\workspace\\notes-app\\dataconnect`\n"}}
[debug] [2026-09-28T12:15:52.095Z] E0928 09:15:52.095136   21436 watch.go:40] Failed to load config from "c:\\Users\\ianma\\workspace\\notes-app\\dataconnect": could not find dataconnect.yaml in `c:\Users\ianma\workspace\notes-app\dataconnect`
 {"metadata":{"emulator":{"name":"dataconnect"},"message":"E0928 09:15:52.095136   21436 watch.go:40] Failed to load config from \"c:\\\\Users\\\\ianma\\\\workspace\\\\notes-app\\\\dataconnect\": could not find dataconnect.yaml in `c:\\Users\\ianma\\workspace\\notes-app\\dataconnect`\n"}}
[debug] [2026-09-28T12:16:02.094Z] E0928 09:16:02.095079   21436 watch.go:116] watchAllDir unable to walk dir `c:\Users\ianma\workspace\notes-app\dataconnect`: GetFileAttributesEx c:\Users\ianma\workspace\notes-app\dataconnect: The system cannot find the file specified.
E0928 09:16:02.095079   21436 watch.go:40] Failed to load config from "c:\\Users\\ianma\\workspace\\notes-app\\dataconnect": could not find dataconnect.yaml in `c:\Users\ianma\workspace\notes-app\dataconnect`
 {"metadata":{"emulator":{"name":"dataconnect"},"message":"E0928 09:16:02.095079   21436 watch.go:116] watchAllDir unable to walk dir `c:\\Users\\ianma\\workspace\\notes-app\\dataconnect`: GetFileAttributesEx c:\\Users\\ianma\\workspace\\notes-app\\dataconnect: The system cannot find the file specified.\nE0928 09:16:02.095079   21436 watch.go:40] Failed to load config from \"c:\\\\Users\\\\ianma\\\\workspace\\\\notes-app\\\\dataconnect\": could not find dataconnect.yaml in `c:\\Users\\ianma\\workspace\\notes-app\\dataconnect`\n"}}
[debug] [2026-09-28T12:16:12.095Z] E0928 09:16:12.095068   21436 watch.go:40] Failed to load config from "c:\\Users\\ianma\\workspace\\notes-app\\dataconnect": could not find dataconnect.yaml in `c:\Users\ianma\workspace\notes-app\dataconnect`
 {"metadata":{"emulator":{"name":"dataconnect"},"message":"E0928 09:16:12.095068   21436 watch.go:40] Failed to load config from \"c:\\\\Users\\\\ianma\\\\workspace\\\\notes-app\\\\dataconnect\": could not find dataconnect.yaml in `c:\\Users\\ianma\\workspace\\notes-app\\dataconnect`\n"}}
[debug] [2026-09-28T12:16:22.096Z] E0928 09:16:22.095742   21436 watch.go:40] Failed to load config from "c:\\Users\\ianma\\workspace\\notes-app\\dataconnect": could not find dataconnect.yaml in `c:\Users\ianma\workspace\notes-app\dataconnect`
 {"metadata":{"emulator":{"name":"dataconnect"},"message":"E0928 09:16:22.095742   21436 watch.go:40] Failed to load config from \"c:\\\\Users\\\\ianma\\\\workspace\\\\notes-app\\\\dataconnect\": could not find dataconnect.yaml in `c:\\Users\\ianma\\workspace\\notes-app\\dataconnect`\n"}}
[debug] [2026-09-28T12:16:32.094Z] E0928 09:16:32.094942   21436 watch.go:40] Failed to load config from "c:\\Users\\ianma\\workspace\\notes-app\\dataconnect": could not find dataconnect.yaml in `c:\Users\ianma\workspace\notes-app\dataconnect`
 {"metadata":{"emulator":{"name":"dataconnect"},"message":"E0928 09:16:32.094942   21436 watch.go:40] Failed to load config from \"c:\\\\Users\\\\ianma\\\\workspace\\\\notes-app\\\\dataconnect\": could not find dataconnect.yaml in `c:\\Users\\ianma\\workspace\\notes-app\\dataconnect`\n"}}
[debug] [2026-09-28T12:16:42.095Z] E0928 09:16:42.095530   21436 watch.go:40] Failed to load config from "c:\\Users\\ianma\\workspace\\notes-app\\dataconnect": could not find dataconnect.yaml in `c:\Users\ianma\workspace\notes-app\dataconnect`
 {"metadata":{"emulator":{"name":"dataconnect"},"message":"E0928 09:16:42.095530   21436 watch.go:40] Failed to load config from \"c:\\\\Users\\\\ianma\\\\workspace\\\\notes-app\\\\dataconnect\": could not find dataconnect.yaml in `c:\\Users\\ianma\\workspace\\notes-app\\dataconnect`\n"}}
[debug] [2026-09-28T12:16:52.094Z] E0928 09:16:52.094967   21436 watch.go:40] Failed to load config from "c:\\Users\\ianma\\workspace\\notes-app\\dataconnect": could not find dataconnect.yaml in `c:\Users\ianma\workspace\notes-app\dataconnect`
 {"metadata":{"emulator":{"name":"dataconnect"},"message":"E0928 09:16:52.094967   21436 watch.go:40] Failed to load config from \"c:\\\\Users\\\\ianma\\\\workspace\\\\notes-app\\\\dataconnect\": could not find dataconnect.yaml in `c:\\Users\\ianma\\workspace\\notes-app\\dataconnect`\n"}}
[debug] [2026-09-28T12:17:02.094Z] E0928 09:17:02.094988   21436 watch.go:116] watchAllDir unable to walk dir `c:\Users\ianma\workspace\notes-app\dataconnect`: GetFileAttributesEx c:\Users\ianma\workspace\notes-app\dataconnect: The system cannot find the file specified.
E0928 09:17:02.094988   21436 watch.go:40] Failed to load config from "c:\\Users\\ianma\\workspace\\notes-app\\dataconnect": could not find dataconnect.yaml in `c:\Users\ianma\workspace\notes-app\dataconnect`
 {"metadata":{"emulator":{"name":"dataconnect"},"message":"E0928 09:17:02.094988   21436 watch.go:116] watchAllDir unable to walk dir `c:\\Users\\ianma\\workspace\\notes-app\\dataconnect`: GetFileAttributesEx c:\\Users\\ianma\\workspace\\notes-app\\dataconnect: The system cannot find the file specified.\nE0928 09:17:02.094988   21436 watch.go:40] Failed to load config from \"c:\\\\Users\\\\ianma\\\\workspace\\\\notes-app\\\\dataconnect\": could not find dataconnect.yaml in `c:\\Users\\ianma\\workspace\\notes-app\\dataconnect`\n"}}
[debug] [2026-09-28T12:17:12.094Z] E0928 09:17:12.094724   21436 watch.go:40] Failed to load config from "c:\\Users\\ianma\\workspace\\notes-app\\dataconnect": could not find dataconnect.yaml in `c:\Users\ianma\workspace\notes-app\dataconnect`
 {"metadata":{"emulator":{"name":"dataconnect"},"message":"E0928 09:17:12.094724   21436 watch.go:40] Failed to load config from \"c:\\\\Users\\\\ianma\\\\workspace\\\\notes-app\\\\dataconnect\": could not find dataconnect.yaml in `c:\\Users\\ianma\\workspace\\notes-app\\dataconnect`\n"}}
[debug] [2026-09-28T12:17:22.094Z] E0928 09:17:22.094762   21436 watch.go:40] Failed to load config from "c:\\Users\\ianma\\workspace\\notes-app\\dataconnect": could not find dataconnect.yaml in `c:\Users\ianma\workspace\notes-app\dataconnect`
 {"metadata":{"emulator":{"name":"dataconnect"},"message":"E0928 09:17:22.094762   21436 watch.go:40] Failed to load config from \"c:\\\\Users\\\\ianma\\\\workspace\\\\notes-app\\\\dataconnect\": could not find dataconnect.yaml in `c:\\Users\\ianma\\workspace\\notes-app\\dataconnect`\n"}}
[debug] [2026-09-28T12:17:32.095Z] E0928 09:17:32.094647   21436 watch.go:40] Failed to load config from "c:\\Users\\ianma\\workspace\\notes-app\\dataconnect": could not find dataconnect.yaml in `c:\Users\ianma\workspace\notes-app\dataconnect`
 {"metadata":{"emulator":{"name":"dataconnect"},"message":"E0928 09:17:32.094647   21436 watch.go:40] Failed to load config from \"c:\\\\Users\\\\ianma\\\\workspace\\\\notes-app\\\\dataconnect\": could not find dataconnect.yaml in `c:\\Users\\ianma\\workspace\\notes-app\\dataconnect`\n"}}
[debug] [2026-09-28T12:17:42.095Z] E0928 09:17:42.094884   21436 watch.go:40] Failed to load config from "c:\\Users\\ianma\\workspace\\notes-app\\dataconnect": could not find dataconnect.yaml in `c:\Users\ianma\workspace\notes-app\dataconnect`
 {"metadata":{"emulator":{"name":"dataconnect"},"message":"E0928 09:17:42.094884   21436 watch.go:40] Failed to load config from \"c:\\\\Users\\\\ianma\\\\workspace\\\\notes-app\\\\dataconnect\": could not find dataconnect.yaml in `c:\\Users\\ianma\\workspace\\notes-app\\dataconnect`\n"}}
[debug] [2026-09-28T12:17:52.095Z] E0928 09:17:52.094643   21436 watch.go:40] Failed to load config from "c:\\Users\\ianma\\workspace\\notes-app\\dataconnect": could not find dataconnect.yaml in `c:\Users\ianma\workspace\notes-app\dataconnect`
 {"metadata":{"emulator":{"name":"dataconnect"},"message":"E0928 09:17:52.094643   21436 watch.go:40] Failed to load config from \"c:\\\\Users\\\\ianma\\\\workspace\\\\notes-app\\\\dataconnect\": could not find dataconnect.yaml in `c:\\Users\\ianma\\workspace\\notes-app\\dataconnect`\n"}}
[debug] [2026-09-28T12:18:02.095Z] E0928 09:18:02.095026   21436 watch.go:116] watchAllDir unable to walk dir `c:\Users\ianma\workspace\notes-app\dataconnect`: GetFileAttributesEx c:\Users\ianma\workspace\notes-app\dataconnect: The system cannot find the file specified.
 {"metadata":{"emulator":{"name":"dataconnect"},"message":"E0928 09:18:02.095026   21436 watch.go:116] watchAllDir unable to walk dir `c:\\Users\\ianma\\workspace\\notes-app\\dataconnect`: GetFileAttributesEx c:\\Users\\ianma\\workspace\\notes-app\\dataconnect: The system cannot find the file specified.\n"}}
[debug] [2026-09-28T12:18:02.095Z] E0928 09:18:02.095026   21436 watch.go:40] Failed to load config from "c:\\Users\\ianma\\workspace\\notes-app\\dataconnect": could not find dataconnect.yaml in `c:\Users\ianma\workspace\notes-app\dataconnect`
 {"metadata":{"emulator":{"name":"dataconnect"},"message":"E0928 09:18:02.095026   21436 watch.go:40] Failed to load config from \"c:\\\\Users\\\\ianma\\\\workspace\\\\notes-app\\\\dataconnect\": could not find dataconnect.yaml in `c:\\Users\\ianma\\workspace\\notes-app\\dataconnect`\n"}}
[debug] [2026-09-28T12:18:12.095Z] E0928 09:18:12.095021   21436 watch.go:40] Failed to load config from "c:\\Users\\ianma\\workspace\\notes-app\\dataconnect": could not find dataconnect.yaml in `c:\Users\ianma\workspace\notes-app\dataconnect`
 {"metadata":{"emulator":{"name":"dataconnect"},"message":"E0928 09:18:12.095021   21436 watch.go:40] Failed to load config from \"c:\\\\Users\\\\ianma\\\\workspace\\\\notes-app\\\\dataconnect\": could not find dataconnect.yaml in `c:\\Users\\ianma\\workspace\\notes-app\\dataconnect`\n"}}
[debug] [2026-09-28T12:18:22.095Z] E0928 09:18:22.094944   21436 watch.go:40] Failed to load config from "c:\\Users\\ianma\\workspace\\notes-app\\dataconnect": could not find dataconnect.yaml in `c:\Users\ianma\workspace\notes-app\dataconnect`
 {"metadata":{"emulator":{"name":"dataconnect"},"message":"E0928 09:18:22.094944   21436 watch.go:40] Failed to load config from \"c:\\\\Users\\\\ianma\\\\workspace\\\\notes-app\\\\dataconnect\": could not find dataconnect.yaml in `c:\\Users\\ianma\\workspace\\notes-app\\dataconnect`\n"}}
[debug] [2026-09-28T12:18:32.095Z] E0928 09:18:32.095036   21436 watch.go:40] Failed to load config from "c:\\Users\\ianma\\workspace\\notes-app\\dataconnect": could not find dataconnect.yaml in `c:\Users\ianma\workspace\notes-app\dataconnect`
 {"metadata":{"emulator":{"name":"dataconnect"},"message":"E0928 09:18:32.095036   21436 watch.go:40] Failed to load config from \"c:\\\\Users\\\\ianma\\\\workspace\\\\notes-app\\\\dataconnect\": could not find dataconnect.yaml in `c:\\Users\\ianma\\workspace\\notes-app\\dataconnect`\n"}}
[debug] [2026-09-28T12:18:42.094Z] E0928 09:18:42.094972   21436 watch.go:40] Failed to load config from "c:\\Users\\ianma\\workspace\\notes-app\\dataconnect": could not find dataconnect.yaml in `c:\Users\ianma\workspace\notes-app\dataconnect`
 {"metadata":{"emulator":{"name":"dataconnect"},"message":"E0928 09:18:42.094972   21436 watch.go:40] Failed to load config from \"c:\\\\Users\\\\ianma\\\\workspace\\\\notes-app\\\\dataconnect\": could not find dataconnect.yaml in `c:\\Users\\ianma\\workspace\\notes-app\\dataconnect`\n"}}
[debug] [2026-09-28T12:18:52.094Z] E0928 09:18:52.094615   21436 watch.go:40] Failed to load config from "c:\\Users\\ianma\\workspace\\notes-app\\dataconnect": could not find dataconnect.yaml in `c:\Users\ianma\workspace\notes-app\dataconnect`
 {"metadata":{"emulator":{"name":"dataconnect"},"message":"E0928 09:18:52.094615   21436 watch.go:40] Failed to load config from \"c:\\\\Users\\\\ianma\\\\workspace\\\\notes-app\\\\dataconnect\": could not find dataconnect.yaml in `c:\\Users\\ianma\\workspace\\notes-app\\dataconnect`\n"}}
[debug] [2026-09-28T12:19:02.095Z] E0928 09:19:02.094996   21436 watch.go:116] watchAllDir unable to walk dir `c:\Users\ianma\workspace\notes-app\dataconnect`: GetFileAttributesEx c:\Users\ianma\workspace\notes-app\dataconnect: The system cannot find the file specified.
E0928 09:19:02.094996   21436 watch.go:40] Failed to load config from "c:\\Users\\ianma\\workspace\\notes-app\\dataconnect": could not find dataconnect.yaml in `c:\Users\ianma\workspace\notes-app\dataconnect`
 {"metadata":{"emulator":{"name":"dataconnect"},"message":"E0928 09:19:02.094996   21436 watch.go:116] watchAllDir unable to walk dir `c:\\Users\\ianma\\workspace\\notes-app\\dataconnect`: GetFileAttributesEx c:\\Users\\ianma\\workspace\\notes-app\\dataconnect: The system cannot find the file specified.\nE0928 09:19:02.094996   21436 watch.go:40] Failed to load config from \"c:\\\\Users\\\\ianma\\\\workspace\\\\notes-app\\\\dataconnect\": could not find dataconnect.yaml in `c:\\Users\\ianma\\workspace\\notes-app\\dataconnect`\n"}}
[debug] [2026-09-28T12:19:12.095Z] E0928 09:19:12.095096   21436 watch.go:40] Failed to load config from "c:\\Users\\ianma\\workspace\\notes-app\\dataconnect": could not find dataconnect.yaml in `c:\Users\ianma\workspace\notes-app\dataconnect`
 {"metadata":{"emulator":{"name":"dataconnect"},"message":"E0928 09:19:12.095096   21436 watch.go:40] Failed to load config from \"c:\\\\Users\\\\ianma\\\\workspace\\\\notes-app\\\\dataconnect\": could not find dataconnect.yaml in `c:\\Users\\ianma\\workspace\\notes-app\\dataconnect`\n"}}
[debug] [2026-09-28T12:19:22.094Z] E0928 09:19:22.094748   21436 watch.go:40] Failed to load config from "c:\\Users\\ianma\\workspace\\notes-app\\dataconnect": could not find dataconnect.yaml in `c:\Users\ianma\workspace\notes-app\dataconnect`
 {"metadata":{"emulator":{"name":"dataconnect"},"message":"E0928 09:19:22.094748   21436 watch.go:40] Failed to load config from \"c:\\\\Users\\\\ianma\\\\workspace\\\\notes-app\\\\dataconnect\": could not find dataconnect.yaml in `c:\\Users\\ianma\\workspace\\notes-app\\dataconnect`\n"}}
[debug] [2026-09-28T12:19:32.094Z] E0928 09:19:32.094918   21436 watch.go:40] Failed to load config from "c:\\Users\\ianma\\workspace\\notes-app\\dataconnect": could not find dataconnect.yaml in `c:\Users\ianma\workspace\notes-app\dataconnect`
 {"metadata":{"emulator":{"name":"dataconnect"},"message":"E0928 09:19:32.094918   21436 watch.go:40] Failed to load config from \"c:\\\\Users\\\\ianma\\\\workspace\\\\notes-app\\\\dataconnect\": could not find dataconnect.yaml in `c:\\Users\\ianma\\workspace\\notes-app\\dataconnect`\n"}}
[debug] [2026-09-28T12:19:42.094Z] E0928 09:19:42.094669   21436 watch.go:40] Failed to load config from "c:\\Users\\ianma\\workspace\\notes-app\\dataconnect": could not find dataconnect.yaml in `c:\Users\ianma\workspace\notes-app\dataconnect`
 {"metadata":{"emulator":{"name":"dataconnect"},"message":"E0928 09:19:42.094669   21436 watch.go:40] Failed to load config from \"c:\\\\Users\\\\ianma\\\\workspace\\\\notes-app\\\\dataconnect\": could not find dataconnect.yaml in `c:\\Users\\ianma\\workspace\\notes-app\\dataconnect`\n"}}
[debug] [2026-09-28T12:19:52.094Z] E0928 09:19:52.094690   21436 watch.go:40] Failed to load config from "c:\\Users\\ianma\\workspace\\notes-app\\dataconnect": could not find dataconnect.yaml in `c:\Users\ianma\workspace\notes-app\dataconnect`
 {"metadata":{"emulator":{"name":"dataconnect"},"message":"E0928 09:19:52.094690   21436 watch.go:40] Failed to load config from \"c:\\\\Users\\\\ianma\\\\workspace\\\\notes-app\\\\dataconnect\": could not find dataconnect.yaml in `c:\\Users\\ianma\\workspace\\notes-app\\dataconnect`\n"}}
[debug] [2026-09-28T12:20:02.094Z] E0928 09:20:02.095094   21436 watch.go:116] watchAllDir unable to walk dir `c:\Users\ianma\workspace\notes-app\dataconnect`: GetFileAttributesEx c:\Users\ianma\workspace\notes-app\dataconnect: The system cannot find the file specified.
 {"metadata":{"emulator":{"name":"dataconnect"},"message":"E0928 09:20:02.095094   21436 watch.go:116] watchAllDir unable to walk dir `c:\\Users\\ianma\\workspace\\notes-app\\dataconnect`: GetFileAttributesEx c:\\Users\\ianma\\workspace\\notes-app\\dataconnect: The system cannot find the file specified.\n"}}
[debug] [2026-09-28T12:20:02.095Z] E0928 09:20:02.095094   21436 watch.go:40] Failed to load config from "c:\\Users\\ianma\\workspace\\notes-app\\dataconnect": could not find dataconnect.yaml in `c:\Users\ianma\workspace\notes-app\dataconnect`
 {"metadata":{"emulator":{"name":"dataconnect"},"message":"E0928 09:20:02.095094   21436 watch.go:40] Failed to load config from \"c:\\\\Users\\\\ianma\\\\workspace\\\\notes-app\\\\dataconnect\": could not find dataconnect.yaml in `c:\\Users\\ianma\\workspace\\notes-app\\dataconnect`\n"}}
[debug] [2026-09-28T12:20:12.094Z] E0928 09:20:12.094978   21436 watch.go:40] Failed to load config from "c:\\Users\\ianma\\workspace\\notes-app\\dataconnect": could not find dataconnect.yaml in `c:\Users\ianma\workspace\notes-app\dataconnect`
 {"metadata":{"emulator":{"name":"dataconnect"},"message":"E0928 09:20:12.094978   21436 watch.go:40] Failed to load config from \"c:\\\\Users\\\\ianma\\\\workspace\\\\notes-app\\\\dataconnect\": could not find dataconnect.yaml in `c:\\Users\\ianma\\workspace\\notes-app\\dataconnect`\n"}}
[debug] [2026-09-28T12:20:22.094Z] E0928 09:20:22.094754   21436 watch.go:40] Failed to load config from "c:\\Users\\ianma\\workspace\\notes-app\\dataconnect": could not find dataconnect.yaml in `c:\Users\ianma\workspace\notes-app\dataconnect`
 {"metadata":{"emulator":{"name":"dataconnect"},"message":"E0928 09:20:22.094754   21436 watch.go:40] Failed to load config from \"c:\\\\Users\\\\ianma\\\\workspace\\\\notes-app\\\\dataconnect\": could not find dataconnect.yaml in `c:\\Users\\ianma\\workspace\\notes-app\\dataconnect`\n"}}
[debug] [2026-09-28T12:20:32.095Z] E0928 09:20:32.095324   21436 watch.go:40] Failed to load config from "c:\\Users\\ianma\\workspace\\notes-app\\dataconnect": could not find dataconnect.yaml in `c:\Users\ianma\workspace\notes-app\dataconnect`
 {"metadata":{"emulator":{"name":"dataconnect"},"message":"E0928 09:20:32.095324   21436 watch.go:40] Failed to load config from \"c:\\\\Users\\\\ianma\\\\workspace\\\\notes-app\\\\dataconnect\": could not find dataconnect.yaml in `c:\\Users\\ianma\\workspace\\notes-app\\dataconnect`\n"}}
[debug] [2026-09-28T12:20:42.094Z] E0928 09:20:42.094866   21436 watch.go:40] Failed to load config from "c:\\Users\\ianma\\workspace\\notes-app\\dataconnect": could not find dataconnect.yaml in `c:\Users\ianma\workspace\notes-app\dataconnect`
 {"metadata":{"emulator":{"name":"dataconnect"},"message":"E0928 09:20:42.094866   21436 watch.go:40] Failed to load config from \"c:\\\\Users\\\\ianma\\\\workspace\\\\notes-app\\\\dataconnect\": could not find dataconnect.yaml in `c:\\Users\\ianma\\workspace\\notes-app\\dataconnect`\n"}}
[debug] [2026-09-28T12:20:52.094Z] E0928 09:20:52.094989   21436 watch.go:40] Failed to load config from "c:\\Users\\ianma\\workspace\\notes-app\\dataconnect": could not find dataconnect.yaml in `c:\Users\ianma\workspace\notes-app\dataconnect`
 {"metadata":{"emulator":{"name":"dataconnect"},"message":"E0928 09:20:52.094989   21436 watch.go:40] Failed to load config from \"c:\\\\Users\\\\ianma\\\\workspace\\\\notes-app\\\\dataconnect\": could not find dataconnect.yaml in `c:\\Users\\ianma\\workspace\\notes-app\\dataconnect`\n"}}
[debug] [2026-09-28T12:21:02.094Z] E0928 09:21:02.094687   21436 watch.go:116] watchAllDir unable to walk dir `c:\Users\ianma\workspace\notes-app\dataconnect`: GetFileAttributesEx c:\Users\ianma\workspace\notes-app\dataconnect: The system cannot find the file specified.
E0928 09:21:02.094687   21436 watch.go:40] Failed to load config from "c:\\Users\\ianma\\workspace\\notes-app\\dataconnect": could not find dataconnect.yaml in `c:\Users\ianma\workspace\notes-app\dataconnect`
 {"metadata":{"emulator":{"name":"dataconnect"},"message":"E0928 09:21:02.094687   21436 watch.go:116] watchAllDir unable to walk dir `c:\\Users\\ianma\\workspace\\notes-app\\dataconnect`: GetFileAttributesEx c:\\Users\\ianma\\workspace\\notes-app\\dataconnect: The system cannot find the file specified.\nE0928 09:21:02.094687   21436 watch.go:40] Failed to load config from \"c:\\\\Users\\\\ianma\\\\workspace\\\\notes-app\\\\dataconnect\": could not find dataconnect.yaml in `c:\\Users\\ianma\\workspace\\notes-app\\dataconnect`\n"}}
[debug] [2026-09-28T12:21:12.094Z] E0928 09:21:12.094886   21436 watch.go:40] Failed to load config from "c:\\Users\\ianma\\workspace\\notes-app\\dataconnect": could not find dataconnect.yaml in `c:\Users\ianma\workspace\notes-app\dataconnect`
 {"metadata":{"emulator":{"name":"dataconnect"},"message":"E0928 09:21:12.094886   21436 watch.go:40] Failed to load config from \"c:\\\\Users\\\\ianma\\\\workspace\\\\notes-app\\\\dataconnect\": could not find dataconnect.yaml in `c:\\Users\\ianma\\workspace\\notes-app\\dataconnect`\n"}}
[debug] [2026-09-28T12:21:22.098Z] E0928 09:21:22.094631   21436 watch.go:40] Failed to load config from "c:\\Users\\ianma\\workspace\\notes-app\\dataconnect": could not find dataconnect.yaml in `c:\Users\ianma\workspace\notes-app\dataconnect`
 {"metadata":{"emulator":{"name":"dataconnect"},"message":"E0928 09:21:22.094631   21436 watch.go:40] Failed to load config from \"c:\\\\Users\\\\ianma\\\\workspace\\\\notes-app\\\\dataconnect\": could not find dataconnect.yaml in `c:\\Users\\ianma\\workspace\\notes-app\\dataconnect`\n"}}
[debug] [2026-09-28T12:21:32.095Z] E0928 09:21:32.095041   21436 watch.go:40] Failed to load config from "c:\\Users\\ianma\\workspace\\notes-app\\dataconnect": could not find dataconnect.yaml in `c:\Users\ianma\workspace\notes-app\dataconnect`
 {"metadata":{"emulator":{"name":"dataconnect"},"message":"E0928 09:21:32.095041   21436 watch.go:40] Failed to load config from \"c:\\\\Users\\\\ianma\\\\workspace\\\\notes-app\\\\dataconnect\": could not find dataconnect.yaml in `c:\\Users\\ianma\\workspace\\notes-app\\dataconnect`\n"}}
[debug] [2026-09-28T12:21:42.094Z] E0928 09:21:42.094604   21436 watch.go:40] Failed to load config from "c:\\Users\\ianma\\workspace\\notes-app\\dataconnect": could not find dataconnect.yaml in `c:\Users\ianma\workspace\notes-app\dataconnect`
 {"metadata":{"emulator":{"name":"dataconnect"},"message":"E0928 09:21:42.094604   21436 watch.go:40] Failed to load config from \"c:\\\\Users\\\\ianma\\\\workspace\\\\notes-app\\\\dataconnect\": could not find dataconnect.yaml in `c:\\Users\\ianma\\workspace\\notes-app\\dataconnect`\n"}}
[debug] [2026-09-28T12:21:52.094Z] E0928 09:21:52.094617   21436 watch.go:40] Failed to load config from "c:\\Users\\ianma\\workspace\\notes-app\\dataconnect": could not find dataconnect.yaml in `c:\Users\ianma\workspace\notes-app\dataconnect`
 {"metadata":{"emulator":{"name":"dataconnect"},"message":"E0928 09:21:52.094617   21436 watch.go:40] Failed to load config from \"c:\\\\Users\\\\ianma\\\\workspace\\\\notes-app\\\\dataconnect\": could not find dataconnect.yaml in `c:\\Users\\ianma\\workspace\\notes-app\\dataconnect`\n"}}
[debug] [2026-09-28T12:22:02.094Z] E0928 09:22:02.094695   21436 watch.go:116] watchAllDir unable to walk dir `c:\Users\ianma\workspace\notes-app\dataconnect`: GetFileAttributesEx c:\Users\ianma\workspace\notes-app\dataconnect: The system cannot find the file specified.
E0928 09:22:02.094695   21436 watch.go:40] Failed to load config from "c:\\Users\\ianma\\workspace\\notes-app\\dataconnect": could not find dataconnect.yaml in `c:\Users\ianma\workspace\notes-app\dataconnect`
 {"metadata":{"emulator":{"name":"dataconnect"},"message":"E0928 09:22:02.094695   21436 watch.go:116] watchAllDir unable to walk dir `c:\\Users\\ianma\\workspace\\notes-app\\dataconnect`: GetFileAttributesEx c:\\Users\\ianma\\workspace\\notes-app\\dataconnect: The system cannot find the file specified.\nE0928 09:22:02.094695   21436 watch.go:40] Failed to load config from \"c:\\\\Users\\\\ianma\\\\workspace\\\\notes-app\\\\dataconnect\": could not find dataconnect.yaml in `c:\\Users\\ianma\\workspace\\notes-app\\dataconnect`\n"}}
[debug] [2026-09-28T12:22:12.094Z] E0928 09:22:12.094656   21436 watch.go:40] Failed to load config from "c:\\Users\\ianma\\workspace\\notes-app\\dataconnect": could not find dataconnect.yaml in `c:\Users\ianma\workspace\notes-app\dataconnect`
 {"metadata":{"emulator":{"name":"dataconnect"},"message":"E0928 09:22:12.094656   21436 watch.go:40] Failed to load config from \"c:\\\\Users\\\\ianma\\\\workspace\\\\notes-app\\\\dataconnect\": could not find dataconnect.yaml in `c:\\Users\\ianma\\workspace\\notes-app\\dataconnect`\n"}}
[debug] [2026-09-28T12:22:22.094Z] E0928 09:22:22.094960   21436 watch.go:40] Failed to load config from "c:\\Users\\ianma\\workspace\\notes-app\\dataconnect": could not find dataconnect.yaml in `c:\Users\ianma\workspace\notes-app\dataconnect`
 {"metadata":{"emulator":{"name":"dataconnect"},"message":"E0928 09:22:22.094960   21436 watch.go:40] Failed to load config from \"c:\\\\Users\\\\ianma\\\\workspace\\\\notes-app\\\\dataconnect\": could not find dataconnect.yaml in `c:\\Users\\ianma\\workspace\\notes-app\\dataconnect`\n"}}
[debug] [2026-09-28T12:22:32.094Z] E0928 09:22:32.094643   21436 watch.go:40] Failed to load config from "c:\\Users\\ianma\\workspace\\notes-app\\dataconnect": could not find dataconnect.yaml in `c:\Users\ianma\workspace\notes-app\dataconnect`
 {"metadata":{"emulator":{"name":"dataconnect"},"message":"E0928 09:22:32.094643   21436 watch.go:40] Failed to load config from \"c:\\\\Users\\\\ianma\\\\workspace\\\\notes-app\\\\dataconnect\": could not find dataconnect.yaml in `c:\\Users\\ianma\\workspace\\notes-app\\dataconnect`\n"}}
[debug] [2026-09-28T12:22:42.095Z] E0928 09:22:42.095387   21436 watch.go:40] Failed to load config from "c:\\Users\\ianma\\workspace\\notes-app\\dataconnect": could not find dataconnect.yaml in `c:\Users\ianma\workspace\notes-app\dataconnect`
 {"metadata":{"emulator":{"name":"dataconnect"},"message":"E0928 09:22:42.095387   21436 watch.go:40] Failed to load config from \"c:\\\\Users\\\\ianma\\\\workspace\\\\notes-app\\\\dataconnect\": could not find dataconnect.yaml in `c:\\Users\\ianma\\workspace\\notes-app\\dataconnect`\n"}}
[debug] [2026-09-28T12:22:52.094Z] E0928 09:22:52.094896   21436 watch.go:40] Failed to load config from "c:\\Users\\ianma\\workspace\\notes-app\\dataconnect": could not find dataconnect.yaml in `c:\Users\ianma\workspace\notes-app\dataconnect`
 {"metadata":{"emulator":{"name":"dataconnect"},"message":"E0928 09:22:52.094896   21436 watch.go:40] Failed to load config from \"c:\\\\Users\\\\ianma\\\\workspace\\\\notes-app\\\\dataconnect\": could not find dataconnect.yaml in `c:\\Users\\ianma\\workspace\\notes-app\\dataconnect`\n"}}
[debug] [2026-09-28T12:23:02.094Z] E0928 09:23:02.094789   21436 watch.go:116] watchAllDir unable to walk dir `c:\Users\ianma\workspace\notes-app\dataconnect`: GetFileAttributesEx c:\Users\ianma\workspace\notes-app\dataconnect: The system cannot find the file specified.
E0928 09:23:02.094789   21436 watch.go:40] Failed to load config from "c:\\Users\\ianma\\workspace\\notes-app\\dataconnect": could not find dataconnect.yaml in `c:\Users\ianma\workspace\notes-app\dataconnect`
 {"metadata":{"emulator":{"name":"dataconnect"},"message":"E0928 09:23:02.094789   21436 watch.go:116] watchAllDir unable to walk dir `c:\\Users\\ianma\\workspace\\notes-app\\dataconnect`: GetFileAttributesEx c:\\Users\\ianma\\workspace\\notes-app\\dataconnect: The system cannot find the file specified.\nE0928 09:23:02.094789   21436 watch.go:40] Failed to load config from \"c:\\\\Users\\\\ianma\\\\workspace\\\\notes-app\\\\dataconnect\": could not find dataconnect.yaml in `c:\\Users\\ianma\\workspace\\notes-app\\dataconnect`\n"}}
[debug] [2026-09-28T12:23:12.097Z] E0928 09:23:12.096214   21436 watch.go:40] Failed to load config from "c:\\Users\\ianma\\workspace\\notes-app\\dataconnect": could not find dataconnect.yaml in `c:\Users\ianma\workspace\notes-app\dataconnect`
 {"metadata":{"emulator":{"name":"dataconnect"},"message":"E0928 09:23:12.096214   21436 watch.go:40] Failed to load config from \"c:\\\\Users\\\\ianma\\\\workspace\\\\notes-app\\\\dataconnect\": could not find dataconnect.yaml in `c:\\Users\\ianma\\workspace\\notes-app\\dataconnect`\n"}}
[debug] [2026-09-28T12:23:22.095Z] E0928 09:23:22.095556   21436 watch.go:40] Failed to load config from "c:\\Users\\ianma\\workspace\\notes-app\\dataconnect": could not find dataconnect.yaml in `c:\Users\ianma\workspace\notes-app\dataconnect`
 {"metadata":{"emulator":{"name":"dataconnect"},"message":"E0928 09:23:22.095556   21436 watch.go:40] Failed to load config from \"c:\\\\Users\\\\ianma\\\\workspace\\\\notes-app\\\\dataconnect\": could not find dataconnect.yaml in `c:\\Users\\ianma\\workspace\\notes-app\\dataconnect`\n"}}
[debug] [2026-09-28T12:23:32.094Z] E0928 09:23:32.094747   21436 watch.go:40] Failed to load config from "c:\\Users\\ianma\\workspace\\notes-app\\dataconnect": could not find dataconnect.yaml in `c:\Users\ianma\workspace\notes-app\dataconnect`
 {"metadata":{"emulator":{"name":"dataconnect"},"message":"E0928 09:23:32.094747   21436 watch.go:40] Failed to load config from \"c:\\\\Users\\\\ianma\\\\workspace\\\\notes-app\\\\dataconnect\": could not find dataconnect.yaml in `c:\\Users\\ianma\\workspace\\notes-app\\dataconnect`\n"}}
[debug] [2026-09-28T12:23:42.094Z] E0928 09:23:42.094973   21436 watch.go:40] Failed to load config from "c:\\Users\\ianma\\workspace\\notes-app\\dataconnect": could not find dataconnect.yaml in `c:\Users\ianma\workspace\notes-app\dataconnect`
 {"metadata":{"emulator":{"name":"dataconnect"},"message":"E0928 09:23:42.094973   21436 watch.go:40] Failed to load config from \"c:\\\\Users\\\\ianma\\\\workspace\\\\notes-app\\\\dataconnect\": could not find dataconnect.yaml in `c:\\Users\\ianma\\workspace\\notes-app\\dataconnect`\n"}}
[debug] [2026-09-28T12:23:52.094Z] E0928 09:23:52.094665   21436 watch.go:40] Failed to load config from "c:\\Users\\ianma\\workspace\\notes-app\\dataconnect": could not find dataconnect.yaml in `c:\Users\ianma\workspace\notes-app\dataconnect`
 {"metadata":{"emulator":{"name":"dataconnect"},"message":"E0928 09:23:52.094665   21436 watch.go:40] Failed to load config from \"c:\\\\Users\\\\ianma\\\\workspace\\\\notes-app\\\\dataconnect\": could not find dataconnect.yaml in `c:\\Users\\ianma\\workspace\\notes-app\\dataconnect`\n"}}
[debug] [2026-09-28T12:24:02.094Z] E0928 09:24:02.095046   21436 watch.go:116] watchAllDir unable to walk dir `c:\Users\ianma\workspace\notes-app\dataconnect`: GetFileAttributesEx c:\Users\ianma\workspace\notes-app\dataconnect: The system cannot find the file specified.
E0928 09:24:02.095046   21436 watch.go:40] Failed to load config from "c:\\Users\\ianma\\workspace\\notes-app\\dataconnect": could not find dataconnect.yaml in `c:\Users\ianma\workspace\notes-app\dataconnect`
 {"metadata":{"emulator":{"name":"dataconnect"},"message":"E0928 09:24:02.095046   21436 watch.go:116] watchAllDir unable to walk dir `c:\\Users\\ianma\\workspace\\notes-app\\dataconnect`: GetFileAttributesEx c:\\Users\\ianma\\workspace\\notes-app\\dataconnect: The system cannot find the file specified.\nE0928 09:24:02.095046   21436 watch.go:40] Failed to load config from \"c:\\\\Users\\\\ianma\\\\workspace\\\\notes-app\\\\dataconnect\": could not find dataconnect.yaml in `c:\\Users\\ianma\\workspace\\notes-app\\dataconnect`\n"}}
[debug] [2026-09-28T12:24:12.094Z] E0928 09:24:12.094936   21436 watch.go:40] Failed to load config from "c:\\Users\\ianma\\workspace\\notes-app\\dataconnect": could not find dataconnect.yaml in `c:\Users\ianma\workspace\notes-app\dataconnect`
 {"metadata":{"emulator":{"name":"dataconnect"},"message":"E0928 09:24:12.094936   21436 watch.go:40] Failed to load config from \"c:\\\\Users\\\\ianma\\\\workspace\\\\notes-app\\\\dataconnect\": could not find dataconnect.yaml in `c:\\Users\\ianma\\workspace\\notes-app\\dataconnect`\n"}}
[debug] [2026-09-28T12:24:22.095Z] E0928 09:24:22.094883   21436 watch.go:40] Failed to load config from "c:\\Users\\ianma\\workspace\\notes-app\\dataconnect": could not find dataconnect.yaml in `c:\Users\ianma\workspace\notes-app\dataconnect`
 {"metadata":{"emulator":{"name":"dataconnect"},"message":"E0928 09:24:22.094883   21436 watch.go:40] Failed to load config from \"c:\\\\Users\\\\ianma\\\\workspace\\\\notes-app\\\\dataconnect\": could not find dataconnect.yaml in `c:\\Users\\ianma\\workspace\\notes-app\\dataconnect`\n"}}
[debug] [2026-09-28T12:24:32.171Z] E0928 09:24:32.095592   21436 watch.go:40] Failed to load config from "c:\\Users\\ianma\\workspace\\notes-app\\dataconnect": could not find dataconnect.yaml in `c:\Users\ianma\workspace\notes-app\dataconnect`
 {"metadata":{"emulator":{"name":"dataconnect"},"message":"E0928 09:24:32.095592   21436 watch.go:40] Failed to load config from \"c:\\\\Users\\\\ianma\\\\workspace\\\\notes-app\\\\dataconnect\": could not find dataconnect.yaml in `c:\\Users\\ianma\\workspace\\notes-app\\dataconnect`\n"}}
[debug] [2026-09-28T12:24:42.094Z] E0928 09:24:42.095057   21436 watch.go:40] Failed to load config from "c:\\Users\\ianma\\workspace\\notes-app\\dataconnect": could not find dataconnect.yaml in `c:\Users\ianma\workspace\notes-app\dataconnect`
 {"metadata":{"emulator":{"name":"dataconnect"},"message":"E0928 09:24:42.095057   21436 watch.go:40] Failed to load config from \"c:\\\\Users\\\\ianma\\\\workspace\\\\notes-app\\\\dataconnect\": could not find dataconnect.yaml in `c:\\Users\\ianma\\workspace\\notes-app\\dataconnect`\n"}}
[debug] [2026-09-28T12:24:52.094Z] E0928 09:24:52.095161   21436 watch.go:40] Failed to load config from "c:\\Users\\ianma\\workspace\\notes-app\\dataconnect": could not find dataconnect.yaml in `c:\Users\ianma\workspace\notes-app\dataconnect`
 {"metadata":{"emulator":{"name":"dataconnect"},"message":"E0928 09:24:52.095161   21436 watch.go:40] Failed to load config from \"c:\\\\Users\\\\ianma\\\\workspace\\\\notes-app\\\\dataconnect\": could not find dataconnect.yaml in `c:\\Users\\ianma\\workspace\\notes-app\\dataconnect`\n"}}
[debug] [2026-09-28T12:25:02.094Z] E0928 09:25:02.095017   21436 watch.go:116] watchAllDir unable to walk dir `c:\Users\ianma\workspace\notes-app\dataconnect`: GetFileAttributesEx c:\Users\ianma\workspace\notes-app\dataconnect: The system cannot find the file specified.
 {"metadata":{"emulator":{"name":"dataconnect"},"message":"E0928 09:25:02.095017   21436 watch.go:116] watchAllDir unable to walk dir `c:\\Users\\ianma\\workspace\\notes-app\\dataconnect`: GetFileAttributesEx c:\\Users\\ianma\\workspace\\notes-app\\dataconnect: The system cannot find the file specified.\n"}}
[debug] [2026-09-28T12:25:02.095Z] E0928 09:25:02.095017   21436 watch.go:40] Failed to load config from "c:\\Users\\ianma\\workspace\\notes-app\\dataconnect": could not find dataconnect.yaml in `c:\Users\ianma\workspace\notes-app\dataconnect`
 {"metadata":{"emulator":{"name":"dataconnect"},"message":"E0928 09:25:02.095017   21436 watch.go:40] Failed to load config from \"c:\\\\Users\\\\ianma\\\\workspace\\\\notes-app\\\\dataconnect\": could not find dataconnect.yaml in `c:\\Users\\ianma\\workspace\\notes-app\\dataconnect`\n"}}
[debug] [2026-09-28T12:25:12.094Z] E0928 09:25:12.094953   21436 watch.go:40] Failed to load config from "c:\\Users\\ianma\\workspace\\notes-app\\dataconnect": could not find dataconnect.yaml in `c:\Users\ianma\workspace\notes-app\dataconnect`
 {"metadata":{"emulator":{"name":"dataconnect"},"message":"E0928 09:25:12.094953   21436 watch.go:40] Failed to load config from \"c:\\\\Users\\\\ianma\\\\workspace\\\\notes-app\\\\dataconnect\": could not find dataconnect.yaml in `c:\\Users\\ianma\\workspace\\notes-app\\dataconnect`\n"}}
[debug] [2026-09-28T12:25:22.094Z] E0928 09:25:22.094864   21436 watch.go:40] Failed to load config from "c:\\Users\\ianma\\workspace\\notes-app\\dataconnect": could not find dataconnect.yaml in `c:\Users\ianma\workspace\notes-app\dataconnect`
 {"metadata":{"emulator":{"name":"dataconnect"},"message":"E0928 09:25:22.094864   21436 watch.go:40] Failed to load config from \"c:\\\\Users\\\\ianma\\\\workspace\\\\notes-app\\\\dataconnect\": could not find dataconnect.yaml in `c:\\Users\\ianma\\workspace\\notes-app\\dataconnect`\n"}}
[debug] [2026-09-28T12:25:32.094Z] E0928 09:25:32.094648   21436 watch.go:40] Failed to load config from "c:\\Users\\ianma\\workspace\\notes-app\\dataconnect": could not find dataconnect.yaml in `c:\Users\ianma\workspace\notes-app\dataconnect`
 {"metadata":{"emulator":{"name":"dataconnect"},"message":"E0928 09:25:32.094648   21436 watch.go:40] Failed to load config from \"c:\\\\Users\\\\ianma\\\\workspace\\\\notes-app\\\\dataconnect\": could not find dataconnect.yaml in `c:\\Users\\ianma\\workspace\\notes-app\\dataconnect`\n"}}
[debug] [2026-09-28T12:25:42.094Z] E0928 09:25:42.094974   21436 watch.go:40] Failed to load config from "c:\\Users\\ianma\\workspace\\notes-app\\dataconnect": could not find dataconnect.yaml in `c:\Users\ianma\workspace\notes-app\dataconnect`
 {"metadata":{"emulator":{"name":"dataconnect"},"message":"E0928 09:25:42.094974   21436 watch.go:40] Failed to load config from \"c:\\\\Users\\\\ianma\\\\workspace\\\\notes-app\\\\dataconnect\": could not find dataconnect.yaml in `c:\\Users\\ianma\\workspace\\notes-app\\dataconnect`\n"}}
[debug] [2026-09-28T12:25:52.095Z] E0928 09:25:52.095446   21436 watch.go:40] Failed to load config from "c:\\Users\\ianma\\workspace\\notes-app\\dataconnect": could not find dataconnect.yaml in `c:\Users\ianma\workspace\notes-app\dataconnect`
 {"metadata":{"emulator":{"name":"dataconnect"},"message":"E0928 09:25:52.095446   21436 watch.go:40] Failed to load config from \"c:\\\\Users\\\\ianma\\\\workspace\\\\notes-app\\\\dataconnect\": could not find dataconnect.yaml in `c:\\Users\\ianma\\workspace\\notes-app\\dataconnect`\n"}}
[debug] [2026-09-28T12:26:02.094Z] E0928 09:26:02.094641   21436 watch.go:116] watchAllDir unable to walk dir `c:\Users\ianma\workspace\notes-app\dataconnect`: GetFileAttributesEx c:\Users\ianma\workspace\notes-app\dataconnect: The system cannot find the file specified.
E0928 09:26:02.094641   21436 watch.go:40] Failed to load config from "c:\\Users\\ianma\\workspace\\notes-app\\dataconnect": could not find dataconnect.yaml in `c:\Users\ianma\workspace\notes-app\dataconnect`
 {"metadata":{"emulator":{"name":"dataconnect"},"message":"E0928 09:26:02.094641   21436 watch.go:116] watchAllDir unable to walk dir `c:\\Users\\ianma\\workspace\\notes-app\\dataconnect`: GetFileAttributesEx c:\\Users\\ianma\\workspace\\notes-app\\dataconnect: The system cannot find the file specified.\nE0928 09:26:02.094641   21436 watch.go:40] Failed to load config from \"c:\\\\Users\\\\ianma\\\\workspace\\\\notes-app\\\\dataconnect\": could not find dataconnect.yaml in `c:\\Users\\ianma\\workspace\\notes-app\\dataconnect`\n"}}
[debug] [2026-09-28T12:26:12.094Z] E0928 09:26:12.094701   21436 watch.go:40] Failed to load config from "c:\\Users\\ianma\\workspace\\notes-app\\dataconnect": could not find dataconnect.yaml in `c:\Users\ianma\workspace\notes-app\dataconnect`
 {"metadata":{"emulator":{"name":"dataconnect"},"message":"E0928 09:26:12.094701   21436 watch.go:40] Failed to load config from \"c:\\\\Users\\\\ianma\\\\workspace\\\\notes-app\\\\dataconnect\": could not find dataconnect.yaml in `c:\\Users\\ianma\\workspace\\notes-app\\dataconnect`\n"}}
[debug] [2026-09-28T12:26:22.105Z] E0928 09:26:22.094720   21436 watch.go:40] Failed to load config from "c:\\Users\\ianma\\workspace\\notes-app\\dataconnect": could not find dataconnect.yaml in `c:\Users\ianma\workspace\notes-app\dataconnect`
 {"metadata":{"emulator":{"name":"dataconnect"},"message":"E0928 09:26:22.094720   21436 watch.go:40] Failed to load config from \"c:\\\\Users\\\\ianma\\\\workspace\\\\notes-app\\\\dataconnect\": could not find dataconnect.yaml in `c:\\Users\\ianma\\workspace\\notes-app\\dataconnect`\n"}}
[debug] [2026-09-28T12:26:32.095Z] E0928 09:26:32.095098   21436 watch.go:40] Failed to load config from "c:\\Users\\ianma\\workspace\\notes-app\\dataconnect": could not find dataconnect.yaml in `c:\Users\ianma\workspace\notes-app\dataconnect`
 {"metadata":{"emulator":{"name":"dataconnect"},"message":"E0928 09:26:32.095098   21436 watch.go:40] Failed to load config from \"c:\\\\Users\\\\ianma\\\\workspace\\\\notes-app\\\\dataconnect\": could not find dataconnect.yaml in `c:\\Users\\ianma\\workspace\\notes-app\\dataconnect`\n"}}
[debug] [2026-09-28T12:26:42.099Z] E0928 09:26:42.098941   21436 watch.go:40] Failed to load config from "c:\\Users\\ianma\\workspace\\notes-app\\dataconnect": could not find dataconnect.yaml in `c:\Users\ianma\workspace\notes-app\dataconnect`
 {"metadata":{"emulator":{"name":"dataconnect"},"message":"E0928 09:26:42.098941   21436 watch.go:40] Failed to load config from \"c:\\\\Users\\\\ianma\\\\workspace\\\\notes-app\\\\dataconnect\": could not find dataconnect.yaml in `c:\\Users\\ianma\\workspace\\notes-app\\dataconnect`\n"}}
